Genre,Context,Question,Correct Answer
government,'',Premise: WHOLE LIFE POLICIES - Policies that provide insurance over the insured's entire life and the proceeds (face amount) are paid only upon death of the insured. Hypothesis: Whole life policies cover the entire life of the insured.,0
travel,'',Premise: The twenty mastic villages known collectively as mastihohoria were built by the Genoese in the 14 15th centuries. Hypothesis: Mastihohoria is a collection of twenty mastic villages built be the genoese.,0
slate,'',"Premise: Both were run by editors (Paul Williams, Jann Wenner) who saw rock stars as modern poets and voices of their generation. Hypothesis: Both were operated by editors who fancied rock stars as modern poets.",0
government,'',"Premise: HCFA published a Notice of Proposed Rulemaking on March 28, 1997 (62 Fed. Hypothesis: HCFA provided a notice about the rules on March 28, 1997.",0
government,'',"Premise: The second missing benefit includes gains in environmental quality, especially improved health benefits. Hypothesis: One of the missing benefits is associated with better health and an increase in environmental quality.",0
government,'',Premise: Michael B. Wachter of the University of Pennsylvania and his colleagues conclude that there is a wage and fringe benefit premium for the postal bargaining labor force of 29. Hypothesis: Wachter works for the University of Pennsylvania. ,0
telephone,'',"Premise: maybe adult literacy maybe you know composition writing maybe you know uh volunteering you know on a tutor line or though the even through the elementary schools for help with homework or the other part of me says is God i've had enough kids  do i really Hypothesis: maybe I could volunteer to help with adult literacy or homework help for elementary schools but on the other hand, I've already had children",0
slate,'',"Premise: I regretfully acknowledge that it may even make practical sense to have a few hired guns like Norquist, Downey, and Weber around--people of value only for their connections to power, not for any knowledge or talent. Hypothesis: It might be a good idea to have hired guns around.",0
telephone,'',Premise: and then i got into it and then back out of it and it it just seems like every couple of years i get back in there Hypothesis: I have been into it on and off in the past years.,0
travel,'',"Premise: The castle itself comprises an early 17th-century tower house, restored with Irish oak from the park which is held together without a single nail. Hypothesis: Early 17th-century tower house is within the castle, restored with Irish oak from the park, which is held together without a single nail.",0
telephone,'',Premise: and uh my daughter gets irate when i when i do that because you know she's a teenager Hypothesis: My daughter's a teenager and so she gets mad whenever I do that.,0
government,'',Premise: These rules implement section 106 of the Federal Crop Insurance Reform Act of 1994. Hypothesis: The Federal Crop insurance Reform Act was passed in 1994.,0
telephone,'',Premise: so i'll probably say you know it's like well we've been talking for five six minutes so okay Hypothesis: We started talking 5 or 6 minutes ago.,0
telephone,'',Premise: there's certain times of the year of course that uh that it probably wouldn't do very well because of the temperature and stuff but but uh the right time of year it works pretty good Hypothesis: It works pretty good at the right time of year.,0
slate,'',"Premise: And these are tough times for reviewers in general. Hypothesis: Reviewers, as a class, are struggling at the moment.",0
slate,'',"Premise: Much of Among Giants affords an agreeable blend of the gritty and the synthetic, and the two main actors are a treat. Hypothesis: The two actors acted well.",0
slate,'',Premise: Dole : We ought to agree that somebody else should do it. Hypothesis: Someone else needs to do it.,0
travel,'',Premise: The  rock  has a soft texture and can be bought in a variety of shapes. Hypothesis: The rock comes in various shapes.,0
telephone,'',Premise: i like the Moody Blues Hypothesis: I am very fond of the Moody Blues,0
telephone,'',"Premise: yeah yeah i think well i know it's true you see a lot of that you know rally behind the female she may lose but by golly we're going to make a statement here Hypothesis: If we rally behind a female candidate, she might lose, but we will make history.",0
telephone,'',Premise: and then you can add cocoa powder to it to make chocolate or after it's thickened i cook it for a good once it starts boiling i just i cook it for a good seven minutes Hypothesis: I add cocoa powder and boil it for seven minutes.,0
telephone,'',"Premise: yeah no i don't know if there's any any series that i pay attention to i try to watch Cheers once in a while Hypothesis: I don't like television much, I do like Cheers though.",0
slate,'',"Premise: But if Clinton consents, censure and community service can proceed. Hypothesis: The community service will proceed if Clinton allows it.",0
telephone,'',Premise: um-hum they have socialized socialized health care Hypothesis: They have socialized health care.,0
telephone,'',Premise: huh do you have your own kiln or do you do you Hypothesis: Do you have a kiln that's yours?,0
telephone,'',Premise: yeah i've always threatened to take lessons but i've never gotten around to it Hypothesis: I have never gotten around to taking lessons.,0
telephone,'',Premise: were sort of a double sign with a a big miles per hour and a little kilometers per hour type uh marking on the side Hypothesis: A sign displaying both mph and kph.,0
travel,'',"Premise: It was the heyday of the brilliant but lethal Spanish-Italian  lecherous Rodrigo, who became Pope Alexander VI, and treacherous son Cesare, who stopped at nothing to control and expand the papal lands. Hypothesis: Rodrigo was a vicious man who loved power.",0
slate,'',Premise: He argued that these governors shared the congressional Republican agenda enshrined in the 1994 Contract With America. Hypothesis: There exists a 1994 Contract With America,0
government,'',"Premise: A survey of surgeons working in an emergency department found that the most significant predictor of screening was the attending physicians' perception that their responsibilities included screening. Hypothesis: If a physician believes they are responsible for screening, it is more likely to happen.",0
fiction,'',"Premise: The end is near!  Then a shout went up, and Hanson jerked his eyes from the gears to focus on a group of rocs that were landing at the far end of the camp. Hypothesis: Hanson redirected his gaze from the gears to the group of rocs.",0
fiction,'',"Premise: No, John, I said, ""it isn't one of us.  Hypothesis: I told John it was not one of us.",0
government,'',"Premise: Working groups were established to coordinate training statewide, to focus on the establishment of a statewide website and to continue coordination and sharing in technology matters. Hypothesis: Groups were formed to coordinate training around the state.",0
fiction,'',"Premise: The Joint Venture which has so amply justified itself by success!"" It was drunk with acclamation. Hypothesis: The Joint Venture had justified itself by success.",0
telephone,'',Premise: you know they can't really defend themselves like somebody grown uh say my age you know yeah Hypothesis: They can't defend themselves because of their age.,0
fiction,'',Premise: Who? asked Tommy. Hypothesis: Tommy inquired about the identity of the person.,0
slate,'',"Premise: Rightly or wrongly, America is seen as globalization's prime mover and head cheerleader and will be blamed for its excesses until we start paying official attention to them. Hypothesis: America's role in the globalization movement is important whether we agree with it or not. ",0
fiction,'',Premise: He had to try something. Hypothesis: The man had to try and do something. ,0
slate,'',Premise: Cop  Bud White (Crowe) and Ed Exley (Pearce) almost mix it up (59 seconds) : Hypothesis: Bud White and Ed Exley almost mix it up.,0
fiction,'',"Premise: You claimed to be a repairman for such devices.""  Hanson bent to study it again, using a diamond lens one of the warlocks handed him. Hypothesis: Hanson leaned in to examine it again, through a diamond lens.",0
fiction,'',Premise: I don't know. Hypothesis: I am not sure.,0
telephone,'',Premise: so they don't deal much in cash anymore either Hypothesis: So they don't use cash a lot anymore.,0
telephone,'',"Premise: that's true um-hum well that's true the America's paying all this money to have other people give uh aid to other countries so they could be paying their own people and training their own people at the same time Hypothesis: That's true, America's paying to for other folks to provide international aid so they could train and pay their own citizens at the same time.",0
fiction,'',Premise: It's mighty lucky you did say it. Hypothesis: Its lucky that you said it.,0
fiction,'',"Premise: I feel, though, that I should like to point out to you once more the risks you are running, especially if you pursue the course you indicate. Hypothesis: I do not think that you understand the risks you are taking.",0
travel,'',"Premise: The route passes in sight of two uninhabited Es Vedr? , which hovers like an apparition on the horizon off to the west, and Espalmador, which is popular with yachtsmen for its white-sand beach. Hypothesis: The route pass is uninhabited.",0
telephone,'',Premise: and we decided we'd just go across the road to the office and see if we could rent anything Hypothesis: We went to the office to see if there was anything we could rent.,0
travel,'',"Premise: The cane plantations, increasingly in the hands of American tycoons, found a ready market in the US. Hypothesis: The US market was ready for the cane plantations.",0
travel,'',"Premise: Many had to leave their birthplaces, fleeing to Lesvos, Chios, and Samos, the Greek-ruled islands just offshore. Hypothesis: Many people had to leave their homes. ",0
telephone,'',Premise: right after the war Hypothesis: Just after the war ended.,0
government,'',"Premise: Once they know their Social Security benefits promised under current law, workers can calculate how much they can expect from employer-sponsored pension plans and how much they need to save on their own for retirement. Hypothesis: Social Security benefits are useful for the worker in securing their retirement and financial freedom when they reach seniority.",0
travel,'',Premise: At the west end is a detailed model of the whole temple complex. Hypothesis: The whole temple complex is rendered in miniature.,0
fiction,'',Premise: He felt the off-hand dagger's weight in the small of his back. Hypothesis: The knife was on his back.,0
telephone,'',Premise: um-hum what is your worst then Hypothesis: Then what is your worst?,0
government,'',"Premise: For example, NIPA excludes capital transfers, like estate tax receipts, which are recorded as revenue in the unified budget, and investment grants-in-aid to state and local governments, which the unified budget records as outlays. Hypothesis: NIPA excludes capital transfers.",0
travel,'',Premise: Catch up on the Indian avant-garde and the bohemian people of Caletta at the Academy of Fine Arts on the southeast corner of the Maidan. Hypothesis: In South-Eastern Maidan you will find the Academy of Fine Arts.,0
travel,'',"Premise: Under Ferdinand and Isabella, Spain underwent a dramatic transformation. Hypothesis: Ferdinand and Isabella caused stunning changes to take place in Spain.",0
travel,'',Premise: Buffet and a  la carte available. Hypothesis: It has a buffet.,0
government,'',Premise: (Cohen 1999) Although many observers would view this as an extreme step it could reduce costs and allow increased efficiencies. Hypothesis: Many observers view it an extreme step to lower costs and increase efficiencies. ,0
government,'',"Premise: NIPA had already recognized mineral exploration as investment, and in 1996, NIPA reclassified government purchases of plant and equipment as investment. Hypothesis: NIPA said mineral exploration is an investment.",0
slate,'',Premise: I am asserting my membership in the club of Old Geezers. Hypothesis: I am proclaiming that I am now a member of the club of Old Geezers.,0
fiction,'',Premise: Jon walked back to the town to the smithy. Hypothesis: Jon traveled back to the town.,0
fiction,'',Premise: I mustn't keep you. Hypothesis: I should not keep you.,0
fiction,'',"Premise: Yes, sir. Hypothesis: Certainly.",0
fiction,'',Premise: The younger girl ran screaming to her. Hypothesis: A young girl was screaming. ,0
travel,'',"Premise: They capitalized on the natural resources by using the salt to cure fish, which they exported to their home country. Hypothesis: They used salt to cure fish and sent it back home. ",0
slate,'',Premise: But of course the DSM is informed by social values. Hypothesis: Social values play a role in determining the content of the DSM.,0
slate,'',"Premise: The notable thing for me about the Left Behind series--beside the fact that few in the secular media have noticed that millions of Americans are busy reading books warning about the imminence of one-world government, mass death, and the return of the Messiah, is that all the Jewish characters are Christian. Hypothesis: All the Jewish characters in the Left Behind series are actually Christian.",0
slate,'',"Premise: The Journal put the point succinctly to  Is any publicity good publicity? Hypothesis: The Journal asked ""Is any publicity good publicity?""",0
travel,'',"Premise: Named after the city gentleman and infamous burglar, it is one of the best-known pubs in the city. Hypothesis: The well-known pub was named after a burglar.",0
slate,'',Premise: if the United States had used full conventional power. Hypothesis: If the United States had maximized their potential.,0
travel,'',"Premise: The tomb guardian will unlock the gate to the tunnel and give you a candle to explore the small circular catacomb, but for what little you can see, it is hardly worth the effort. Hypothesis: The tomb guardian has the ability to unlock the gate.",0
fiction,'',Premise: Jon saw him ride into the smoke. Hypothesis: He rode off into the smoke as Jon watched.,0
fiction,'',Premise: Don't remember.  Hypothesis: I can't remember.,0
slate,'',Premise: The political cleansing that did not happen through the impeachment process leaves Clinton with a great and serious burden. Hypothesis: Political cleansing did not happen.,0
travel,'',"Premise: It has long been influenced by their differing traits, and has assimilated their various customs and practices. Hypothesis: Their unique traits has created many customs and practices.",0
fiction,'',Premise: I turned a curve and I was just in time to see him ring the bell and get admitted to the house. Hypothesis: Just as I turned the curve I spotted him walking in to the house after ringing the bell for entrance.,0
telephone,'',"Premise: yeah i have too and i found it real interesting but Hypothesis: I have also, and it somewhat interested me. ",0
government,'',"Premise: However, co-requesters cannot approve additional co-requesters or restrict the timing of the release of the product after it is issued. Hypothesis: Co-requesters cannot approve more co-requesters.",0
government,'',Premise: (Hypothetical data for this example are given in table 2.2.) Hypothesis: The possible data is in table 2.2,0
travel,'',Premise: Several of its beaches are officially designated for nudism (known locally as naturisme) the most popular being Pointe Tarare and a functionary who is a Chevalier de la L??gion d'Honneur has been appointed to supervise all aspects of sunning in the buff. Hypothesis: There are a number of nude beaches.,0
fiction,'',"Premise: He leaned over Tommy, his face purple with excitement. Hypothesis: He hovered over Tommy, with a deep color in his face from the thrill.",0
travel,'',"Premise: The Sikhs reacted violently to persecution, and the Marathas spread to Orissa, after which, in the year 1739, Nadir Shah of Persia invaded and carried off the Peacock Throne (broken up after his assassination). Hypothesis: Persecution against the Sikhs was met with violent reactions.",0
government,'',Premise: I think it is important for everyone to understand the extent to which First-Class mail is already carrying a disproportionate share of the institutional cost or overhead burden of the postal system. Hypothesis: We need to understand they have a lot of burden on their shoulders.,0
slate,'',Premise: Weicker has yet to declare his intentions. Hypothesis: Weicker's intentions have not been declared yet.,0
telephone,'',Premise: huh-uh i don't even want to go anywhere yeah that's about it Hypothesis: There is nowhere I want to go.,0
travel,'',"Premise: Chennai, known until 1996 as Madras, is easy-going, pleasant, and remarkably uncrowded. Hypothesis: Chennai is a laid-back, quiet, and peaceful city.",0
fiction,'',"Premise: It is, as you see, highly magnified.  Hypothesis: It is highly enlarges as you can observe.",0
government,'',"Premise: While headquarters staffing is to be streamlined, the staffing levels at the ports are to be maintained or increased. Hypothesis: Staffing levels at the ports are maintained or increased as headquarters' staff is streamlined. ",0
telephone,'',Premise: yeah well i'm a hot weather person i'm i can take the heat but i don't like the cold Hypothesis: I can handle hot weather but I am not fond of the cold.  ,0
government,'',Premise: senior management oversight and approval ofRequired acquisition objectives and plans. Hypothesis: the referenced organization has a senior management division.,0
travel,'',"Premise: At the delta of the Rh??ne, where its two arms spill into the Medi?­ter?­ra?­nean, the Camargue has been reclaimed from the sea to form a national nature reserve. Hypothesis: The Camargue is a national nature reserve that has been reclaimed from the sea.",0
travel,'',Premise: An Indian traveler described the prosperous Bujang Valley settlement as  the seat of all felicities.   Hypothesis: A traveler said the settlement was prospering. ,0
government,'',Premise: A student visa overstayer is not going to be a high priority for pro bono assistance. Hypothesis: Overstaying a student visa will make pro bono assistance difficult.,0
fiction,'',Premise: HE KNOWS ABOUT THE MINES. Hypothesis: He is aware that the mines exist. ,0
government,'',"Premise: If necessary to meeting the restrictions imposed in the preceding sentence, the Administrator shall reduce, pro rata, the basic Phase II allowance allocations for each unit subject to the requirements of section 414. Hypothesis: Section 414 helps balance allowance allocations for units.",0
slate,'',Premise: Most of the Clinton women were in their 20s at the time of their Clinton encounter Hypothesis: The clinton women were in their 20's,0
government,'',"Premise: Legal Services Corp., 02-CV-3866, names as defendants the national Legal Services Corp., which distributes federal grants to providers, and Legal Services of New Jersey, which distributes state money. Hypothesis: Legal Services of New Jersey is one of the named defendants in the case.",0
government,'',Premise: Base year data will be actual receipt and outlay data for the last completed fiscal year Hypothesis: Base year data will be actual receipt and outlay data.,0
slate,'',Premise: Hughes has accomplished this in part by the unusual technique of double ghosting. Hypothesis: He was able to double ghost.,0
slate,'',Premise: I have a situation. Hypothesis: I am dealing with certain circumstances.,0
fiction,'',Premise: The door did not budge. Hypothesis: The door didn't move. ,0
telephone,'',Premise: wow who can afford that  my God i can't afford to miss a day let alone six Hypothesis: Who can afford to miss a day?,0
slate,'',"Premise: But when the cushion is spent in a year or two, or when the next recession arrives, the disintermediating voters will find themselves playing the roles of budget analysts and tax wonks. Hypothesis: The cushion will likely be spent in under two years.",0
travel,'',"Premise: There was no longer any  when you wanted some unbridled adult fun, Las Vegas was the place to be. Hypothesis: Las Vegas was the destination for pure fun for adults.",0
fiction,'',"Premise: In the moment of victory, Tuppence betrayed a somewhat unsportsmanlike triumph. Hypothesis: Tuppence was not very gracious when she won.",0
fiction,'',"Premise: In about a quarter of an hour the bell rang, and Tuppence repaired to the hall to show the visitor out. Hypothesis: The bell rang after about 15 minutes and Tuppence went to go walk the visitor out of the house. ",0
travel,'',"Premise: Along the eastern coastline are several fine beaches with perfect windsurfing conditions in their wide, shallow bays. Hypothesis: There are many fine beaches along the shallow bays.",0
slate,'',Premise: Any point you failed to win by rigging the questions and categories can be cleaned up in the executive summary (the pollster's spin) and the press release and news conference (the client's spin on the pollster's spin). Hypothesis: Any point you didn't get by fixing the questions can be added to the executive summary for the news conference to address.,0
slate,'',"Premise: Second, reducing the rate of HIV transmission is in any event not the only social goal worth  If it were, we'd outlaw sex entirely. Hypothesis: Reducing HIV is important, but there are also other worthy causes.",0
slate,'',"Premise: Blessed with preternatural gregariousness, good humor, and a love of attention, he's been tireless about pursuing both celebrity and the cause of popular history ever since. Hypothesis: He was very outgoing and extroverted, as well as nice to be around.",0
government,'',Premise: The Implementation of National and European Legislation Concerning Air Emissions from Large Combustion Plants in Germany Hypothesis: Germany has large combustion plants.,0
slate,'',Premise: So it was traumatic. Hypothesis: It was something that was traumatic. ,0
telephone,'',Premise: because i don't want to my mother was also a domineering type of personality because she had to take over the things that my dad fell short in Hypothesis: My mother was domineering since she filled in my father's shoes.,0
fiction,'',Premise: A spark of annoyance lit Lincoln's eyes; the smallest hint of Natalia's Russian fire. Hypothesis: You could clearly see the irritation in Lincoln's eyes.,0
slate,'',"Premise: After three days of using the gel, my mouth has returned to its familiar self. Hypothesis: Within three days their mouth felt better after using the product.",0
telephone,'',Premise: oh really it wouldn't matter if we plant them when it was starting to get warmer Hypothesis: Warmer weather doesn't alter planting time.,0
government,'',Premise: The importer pays duties that are required by law Hypothesis: Imported goods have duties,0
government,'',"Premise: If the data from a series of tests performed with the same toxicant, toxicant concentrations, and test species, were analyzed with hypothesis tests, precision could only be assessed by a qualitative comparison of the NOEC-LOEC intervals, with the understanding that maximum precision would be attained if all tests yielded the same NOEC-LOEC interval. Hypothesis: They wanted to make sure they were getting the same results each time.",0
slate,'',"Premise: Progressives at last are noticing that the best argument for government activism is that it works. Hypothesis: Finally, progressives are noticing that the best argument for government activism is its success.",0
travel,'',Premise: Many Gothic and Renaissance buildings have been lovingly restored. Hypothesis: There are many Gothic and Renaissance buildings there.,0
telephone,'',Premise: and uh it that takes so much time away from your kids Hypothesis: That it depletes your availability from your children.,0
government,'',"Premise: With their fluent Vietnamese and Mandarin, they help Tran understand her family's eligibility for Medi-Cal and food stamps, assist the 70-year-old woman in finding a place to live and advise abused women how they can stay in the country while staying away from their husbands. Hypothesis: Tran was advised on opportunities for her family. ",0
travel,'',Premise: Castlerigg near Keswick is the best example. Hypothesis: A good example would be Keswick near Castlerigg.,0
government,'',"Premise: Agency officials stated that copies of both the initial and the final analysis were submitted to the Chief Counsel for Advocacy at the Small Business Administration as required by section 605(b). Hypothesis: Both initial and final analyses were submitted, according to agency officials.",0
slate,'',Premise: But overinterpretation or even misinterpretation are not the same as bias. Hypothesis: Overinterpretation and misinterpretation are not bias. ,0
travel,'',"Premise: Designed as a series of pleasure gardens in the Italianate style in 1865, with cascades, spectacular fountains, and rustic grottoes, an ongoing restoration hopes to bring them back to the original plan. Hypothesis: There is an ongoing restoration which hopes to restore the pleasure gardens to their original splendor.",0
fiction,'',Premise: Each one planting itself in the sides of Stark's neck. Hypothesis: Stark's neck was hit twice.,0
fiction,'',"Premise: After the second course I began to feel slightly at ease, although I couldn't help being disturbed by the way they just stared at me. Hypothesis: I felt nervous by the way they looked at me.",0
fiction,'',"Premise:  He caught a grip on himself, fighting the fantasies of his mind, and took another breath of air. Hypothesis: Getting a hold of himself, he took a gulf of air.",0
government,'',"Premise: GAO's recommendations are intended to improve the economy, efficiency, and effectiveness of an agency's operations and to improve the accountability of the federal government for the benefit of the American people. Hypothesis: The GAO works for the benefit of the American people and it's government agencies.",0
telephone,'',Premise: uh yeah they were uh they were very good i was impressed Hypothesis: They were impressive to me.,0
travel,'',"Premise: The mansions have been downgraded to consulates since the capital was transferred to Ankara in 1923, and modern shops and restaurants have sprung up. Hypothesis: In 1923 the capital was moved to the city of Ankara .",0
fiction,'',"Premise: This having come to his stepmother's ears, she taxed him with it on the afternoon before her death, and a quarrel ensued, part of which was overheard.  Hypothesis: A fight broke out between the stepmother and the man before her death.",0
fiction,'',"Premise: Hold hard, said Tommy. Hypothesis: Tommy said to hold on hard.",0
government,'',"Premise: This includes all testing, information review, and interviews related to data reliability. Hypothesis: All testing related to data reliability will be included.",0
telephone,'',Premise: oh that sounds interesting too Hypothesis: That sounds fascinating as well.,0
telephone,'',"Premise: but i think a lot of kids it's funny get the same kind of fears like there's somebody under the bed Hypothesis: I believe that many children think it's amusing, the similar uneasiness that there's someone beneath the bed.",0
government,'',"Premise: The author began with a set of hunches or hypotheses about what can go wrong in agency management, and what would be evidence supporting-or contradicting-these hypotheses. Hypothesis: The author had several theories about the ways in which agency management can go awry.",0
travel,'',Premise: A re-created street of colonial Macau is lined with traditional Chinese shops. Hypothesis: A historical re-enactment of colonial Macau is home to many traditional Chinese establishments.,0
slate,'',Premise: Even the lower limit of that differential compounds to a hefty sum over time. Hypothesis: The small number will go into a larger sum over time.,0
telephone,'',"Premise: oh no no they're not fired they there are they have one chance to then go in a program if you come back positive you have one chance to go in and go into they have a lot of uh rehabilitation both for alcohol and for drug use uh and they have uh a lot of uh they they have an agency where you can go for personal problems financial or whatever Hypothesis: If your drug test is positive, you are given a chance to go into a rehabilitation program.",0
telephone,'',"Premise: i don't know she said they go crazy Hypothesis: According to her, they lose their minds.",0
telephone,'',Premise: so i have to find a way to supplement that Hypothesis: I need a way to add something extra.,0
slate,'',Premise: His off-the-cuff style seems amateurish next to Inglis' polished mini-essays. Hypothesis: His style made him look like an amateur beside Inglis' work,0
fiction,'',Premise: That seems to make up for how he feels about what you did to the Voth. Hypothesis: He has feelings for what was done to the Voth. ,0
fiction,'',"Premise: Oh, I I haven't quite worked that out. Hypothesis: I haven't put that together yet.",0
travel,'',"Premise:   There's nothing like the trendy resort clothing available here, styled on the island by the designers of the Ad-Lib group. Hypothesis: The Ad-Lib group designs the trendy resort clothing here.",0
travel,'',"Premise: On the northern slopes of this rocky outcropping is the site of the ancient capital of the island, also called Thira, which dates from the third century b.c. (when the Aegean was under Ptolemaic rule). Hypothesis: The ancient capital of the island is called Thira, and dates back to the third century b.c.",0
travel,'',"Premise: In Roman times a temple to Jupiter stood here, followed in the fourth century by the first Christian church, Saint-Etienne. Hypothesis: Saint-Etienne, a Christian church, had a temple to Jupiter during Roman times.",0
travel,'',Premise: The cathedral in particular is impressive after dark. Hypothesis: The cathedral has a greater impressiveness during the night.,0
fiction,'',Premise: Waterloo. Hypothesis: In the Battle of Waterloo.,0
government,'',"Premise: SSA will consider the comments received by April 14, 1997, and will issue revised regulations if necessary. Hypothesis: The regulations will be revised as necessary after the SSA considers the comments received before April 14, 1997.",0
government,'',"Premise: 1 Now that each unit is fully staffed, the LSC Office of Program Performance and its state planning team contain over 260 years of experience in LSC-funded programs. Hypothesis: The LSC has over 260 years of experience with their staff.",0
travel,'',"Premise: The entrance is also home to several sculptures, including one of Carlyle, the gallery's founding father. Hypothesis: The entrance is also the home of several pieces of art including the Carlyle sculpture.",0
government,'',Premise: These adaptations are not uniformly valued. Hypothesis: Adaptions aren't always valued ,0
slate,'',Premise: The important thing is to realize that it's way past time to move it. Hypothesis: It has not been moved yet in the past.,0
government,'',"Premise: The good news, however, can be found in reports like this one. Hypothesis: This report has good news in it. ",0
fiction,'',"Premise: 'We can't find him, Benjamin,' Lincoln/Natalia said. Hypothesis: Lincoln/Natalia told Benjamin that it was impossible to find him.",0
slate,'',"Premise: Despite all the hoopla over a pro-choice advocate's confession that he had lied about the circumstances under which the procedure is generally used, only five lawmakers switched their votes from no to yes. Hypothesis: The pro-choice advocate's admission to lying about the circumstances of the procedure didn't seem to matter to most lawmakers.",0
travel,'',"Premise: In the Blue Mountain National Park and the John Crow National Park, which together cover 78,200 hectares (193, 200 acres), conservationists are attempting to halt the encroachment of local farmers and loggers. Hypothesis: Farmers and loggers are attempting to work on Blue Mountain National Park and John Crow National Park.",0
fiction,'',"Premise: Very little indeed, answered Tuppence, and was pleased to note that Whittington's uneasiness was augmented instead of allayed. Hypothesis: Tuppence's answer made Whittington grow even more uneasy.",0
travel,'',Premise: Their rights have been the source of conflicts in the central government. Hypothesis: Their rights have been an area of turmoil within the central government.,0
telephone,'',Premise: oh i've never itemized yet Hypothesis: I've never itemized before.,0
government,'',Premise: Improved products and services   Initiate actions and manage risks to develop new products and services within or outside the organization. Hypothesis: Improved products and services lead to actions and manage risks to develop new products and services with/without an organization,0
slate,'',"Premise: Howard Berman of California, an influential Democrat on the House International Relations Committee. Hypothesis: Howard Berman is a Democrat of the House.",0
government,'',Premise: We did it with the aid of consultants and other equal justice stakeholders. Hypothesis: The help from consultants and other stakeholders was useful in doing it.,0
fiction,'',Premise: He was standing in front of a grey backdrop- somewhere that could be anywhere. Hypothesis: He stood in front of a backdrop.,0
government,'',"Premise: In an effort to more thoroughly explore this topic, we expanded our discussions beyond the eight organizations that were the primary subjects of our study by requesting the Computer Security Institute to informally poll its most active members on this subject. Hypothesis: We are discussing this topic with more than just the original organizations.  ",0
fiction,'',"Premise:  ""So your girl writes that your little farewell activity didn't fare so well, eh?"" he chortled. Hypothesis: Your girl wrote that your farewell activity didn't go well.",0
slate,'',"Premise: The Standard , published a few days before Deng's death, covers similar territory. Hypothesis: The Standard covers similar territory.",0
slate,'',Premise: Blue says Blumenthal claimed Clinton had told him that Lewinsky had made unwanted sexual advances. Hypothesis: Clinton allegedly told Blumenthal that Lewinsky made unwanted sexual advances towards him. ,0
slate,'',"Premise: 3)  Dare you rise to the occasion, like Raskolnikov, and reject the petty rules that govern lesser men? Hypothesis: Would you rise up and reject any rules that come up",0
travel,'',"Premise: If you are keen to learn Israeli folk dancing, the Bicurei Ha'etim Cellar in Heftman Street will teach you. Hypothesis: There is a place in Heftman Street that teaches Israeli folk dancing.",0
slate,'',"Premise: Sue me, Royko wrote. Hypothesis: ""Sue me"" Royko wrote. ",0
government,'',Premise: eligible individuals and the rules that apply if a state does not substantially enforce the statutory requirements. Hypothesis: There are rules that would apply if a state does not enforce the statutory requirements.,0
slate,'',Premise: The Star reports that actress Jodie Foster is pregnant through artificial insemination. Hypothesis: It has been reported by The Star that actress Jodie Foster is pregnant through artificial insemination.,0
telephone,'',Premise: but we're taking our time we're going uh try to make our decision by July Hypothesis: We are in no rush to make a decision.,0
fiction,'',Premise: A small page-boy was waiting outside her own door when she returned to it. Hypothesis: When she came back to her door she found something waiting.,0
slate,'',Premise: Growth &amp Hypothesis: Expansion.,0
slate,'',Premise: We've got to think. Hypothesis: We need to think.,0
slate,'',"Premise: If he were someone who was an assistant, with an ailing mother to support, well, it would be impossible. Hypothesis: It would not be possible if he was an assistant with a sick mom. ",0
travel,'',"Premise: The first, reached from Luxor, is Esna, 54 km (33 miles) by road. Hypothesis: Esna is located 54km away from Luxor.",0
fiction,'',Premise: Perhaps San'doro's views had grown into him. Hypothesis: San'doro might have impacted him.,0
government,'',"Premise: All the steps of data reduction and coding are described, along with the basis for transformations in these steps. Hypothesis: The transformations between steps are explained.",0
government,'',"Premise: This number represents the most reliable, albeit conservative, estimate of cases closed in 1999 by LSC grantees. Hypothesis: This is an estimate of closed cases.",0
fiction,'',"Premise: Tommy realized perfectly that in his own wits lay the only chance of escape, and behind his casual manner he was racking his brains furiously. Hypothesis: Tommy was keeping a calm demeanor, though his mind was racing with thoughts of escaping.",0
telephone,'',Premise: it takes so much i mean it's like of course it does i mean by the times it transforms into Wave by mark off model and you put it in there and you want to correct those and then you know you're trying to make the the Wave smooth so you can approximately of course it's going to take a lot Hypothesis: It takes a lot.,0
telephone,'',Premise: so we're expecting our local economy to Hypothesis: What we expect of our local economy is,0
government,'',Premise: Programs in Michigan and the District of Columbia received one-year grant terms for 2002. Hypothesis: Programs in Michigan receive one-year grant terms. ,0
slate,'',"Premise: Porches and stoops, those symbols of a vibrant social life, stopped being used as gathering places for a rather practical reason--air conditioning. Hypothesis: Air conditioning is the primary reason for the demise of outdoor gathering.",0
travel,'',Premise: Opium-smoking continued openly in Hong Kong until 1946; in mainland China the Communist government abolished it when they came to power in 1949. Hypothesis: Opium was smoked in Hong Kong until 1946 and banned in 1949.,0
slate,'',"Premise: In the short term, U.S. consumers will benefit from cheap imports (as will U.S. multinationals that use parts made in East Asian factories). Hypothesis: U.S. consumers and factories in East Asia benefit from imports.",0
slate,'',"Premise: To keep the colors fresh, he dabbed the carcass with blood from a pail, then grabbed his paintbrushes to capture those lurid reds on canvas. Hypothesis: He lightly pressed blood from a pain onto the carcass.",0
government,'',"Premise: Other advantages the Postal Service could retain relate to such things as the payment of taxes, the need for a return on investment, the right of eminent domain, and immunity from parking tickets. Hypothesis: The right of eminent domain is an advantage of the Postal Service.",0
travel,'',"Premise: The Varanasi Hindu University has an Art Museum with a superb collection of 16th-century Mughal miniatures, considered superior to the national collection in Delhi. Hypothesis: There is an art museum with a superb collection of 16th-century Mughal miniatures that the Varanasi Hindu University.",0
slate,'',Premise: An overall increase in prices is only possible when there has been an overall increase in the amount of money in circulation. Hypothesis: Price hikes are only possible if there is more money in circulation.,0
travel,'',"Premise: All-inclusive packages and large resort hotels offer restaurants, sporting activities, entertainment, wide-screen sports channels in the bars, shopping, and a guaranteed suntan. Hypothesis: You can get an all-inclusive package.",0
slate,'',Premise: If you missed the two top stories in yesterday's USAT --the government's first post-deregulation attempt to preserve competitiveness among airlines and the emergence of a drug that can prevent breast cancer--they are on the NYT 's front today. Hypothesis: New York Times front page includes one story about the government's first post-deregulation attempt to preserve competitiveness among airlines. ,0
fiction,'',"Premise: Your man wouldn't have remained conscious after the first blow. Hypothesis: After the first blow, your man wouldn't have remained conscious.",0
slate,'',"Premise: Mr. Clinton rewards Mr. Knight for his fund raising, Mr. Gore lays the groundwork for his anticipated presidential bid four years from now, and the companies, by hiring Mr. Knight, get the administration's ear. Hypothesis: Mr. Clinton appreciated Mr. Knight for his fund raising.",0
government,'',"Premise: In order to ensure these Americans are not left out of the justice system, a strong federal role in supporting legal services is vital. Hypothesis: A federal role in supporting legal services is vital so that no Americans are left out",0
telephone,'',Premise: probably so yeah you can get a head start on it Hypothesis: You can get a head start on it.,0
slate,'',"Premise: If anything, ultimate fighting is safer and less cruel than America's blood sport. Hypothesis: There are things that are more dangerous that ultimate fighting. ",0
telephone,'',Premise: those little kids don't understand it Hypothesis: Those young children can't comprehend it. ,0
fiction,'',"Premise: Well, we've just got to get down to it, that's all. Hypothesis: All we have to do is get around to it.",0
government,'',"Premise: So far, however, the number of mail pieces lost to alternative bill-paying methods is too small to have any material impact on First-Class volume. Hypothesis: The amount of mail lost is too smal  to leave an impact on volume ",0
telephone,'',Premise: it it i think that is the biggest problem when you really not you don't don't really need the stuff but the nicer looking clothes are the more expensive nicely tailored clothes Hypothesis: It costs more for nicely tailored clothes that you don't need.,0
government,'',Premise: Case Study Evaluations. Hypothesis: Evaluations of Case Studies.,0
slate,'',Premise: Linda Tripp was indicted for illegally taping telephone conversations with Monica Lewinsky. Hypothesis: Monica Lewinsky was illegally taped by Linda Tripp.,0
government,'',"Premise: Thus, recent evidence suggests that by not including an estimate of reductions in short-term mortality due to changes in ambient ozone, both the Base and Alternative Estimates may underestimate the benefits of implementation of the Clear Skies Act. Hypothesis: Recent findings say that Base and Alternative estimates may not quite see all of the benefits of the Clear Skies Act.",0
telephone,'',"Premise: yep see we have cable here Hypothesis: Yes, we have cable here.",0
government,'',"Premise: The Balanced Scorecard Institute is a web clearinghouse for managers to exchange information, ideas, and lessons learned in building strategic management systems using the balanced scorecard approach. Hypothesis: Managers can exchange ideas and information about management systems on the Balanced Scorecard Institute website.",0
slate,'',"Premise: we were talking . Try to behave Hypothesis: We are having a conversation, please be respectful.",0
travel,'',Premise: Puppet Shows. Hypothesis: Productions using puppets,0
travel,'',"Premise: The sculpture on the dome (a personification of Commerce) and the river gods (including Anna Livia, set over the main door) are by Edward Smyth, who was also responsible for the statues on the GPO . Hypothesis: The dome has a sculpture on it.",0
government,'',Premise: PROGRAM ACCOUNT -The budget account into which an appropriation to cover the subsidy cost of a direct loan or loan guarantee program is made and from which such cost is disbursed to the financing account. Hypothesis: Program accounts are used to hold some appropriations.,0
telephone,'',"Premise: uh-huh so do you have to get a shade tolerant grass is that what you're Hypothesis: If i want to grow grass in the shade, do i need a special seed that will grow in the shade?",0
government,'',Premise: bGross national saving is held constant as a share of GDP at 18. Hypothesis: bGross national saving is held constant as a share of GDP.,0
travel,'',"Premise: Massive tidal waves swept over Crete, and other parts of the Mediterranean, smashing buildings and drowning many thousands of people. Hypothesis: Thousands of people drowned when tidal waves swept the island.",0
government,'',"Premise: For instance, mandatory account proposals are more likely to increase private saving because such a program would require households that do not currently save-such as many low-income individuals or families-to place some amount in an individual account. Hypothesis: Mandatory account proposals are likely to increase savings by forcing people to save.",0
slate,'',"Premise: This confluence of a bad tax, a $1 billion reserve, a botched opposition campaign, and voters willing to call a bluff resulted in the I-695 victory. Hypothesis: Bad tax and a $1 billion reserve lead to the I-695 victory.",0
fiction,'',Premise: She did not reply. Hypothesis: She didn't respond.,0
telephone,'',Premise: all right thanks bye bye Hypothesis: that's great see you later,0
travel,'',"Premise: On 4 5 May a mass of mud and rocks was swept down by Pelee's White River (Riviyre Blanche) over a factory, killing 25 people. Hypothesis: Mud and rocks were swept away by the river.",0
telephone,'',"Premise: and they have a bar also which is always crowded as can be  but it's it's an specially fine restaurant and when you consider they take no plastic or checks Hypothesis: They have a bar, which is always packed.",0
slate,'',"Premise: Even analysts who had argued for loosening the old standards, by which the market was clearly overvalued, now think it has maxed out for a while. Hypothesis: Some analysts wanted to make the old standards less restrictive for investors.",0
fiction,'',"Premise: Still, it would be interesting to know. 109 Poirot looked at me very earnestly, and again shook his head.  Hypothesis: Poirot looked at me and then shook his head.",0
telephone,'',"Premise: God i'm envious Hypothesis: Lord, I'm envious.",0
telephone,'',Premise: and they're fairly close to the water aren't they i mean they're right on the late Hypothesis: They're right on the waterfront aren't they.,0
slate,'',"Premise: Second tier, but nearly as promising, are Morales of Texas, Scott Harshbarger of Massachusetts, and Dennis Vacco of New York. Hypothesis: Vacco is from New York.",0
fiction,'',"Premise: Unless the mention of the Ritz was an accidental remark?"" Hypothesis: Was mentioning the Ritz accidental?",0
travel,'',"Premise: Straightened out for a while, Humayun came back in 1555 with his Persian army to recapture the Punjab, Delhi, and Agra, but the next year his opium habit caused his death (see page 64). Hypothesis: Straightened out for a bit, Humayun came back in 1555 with his army to recapture the provinces, but was stopped by an opium addiction.",0
travel,'',Premise: You can also view a Roman Nileometer carved in the rock which measured the height of the river and helped the ancient priests to time the announcement of the Nile flood that initiated a movement of workers from the fields to community projects such as temple building. Hypothesis: Ancient priests predicted floods with the Roman Nileometer.,0
slate,'',Premise: Maybe I am too. Hypothesis: It's possible that I am also.,0
telephone,'',Premise: you know some of the really the really emotional ones have you followed the Dallas elections on zoning Hypothesis: Dallas has been having elections on zoning; have you heard about this?,0
travel,'',"Premise: Mykonos has had a head start as far as diving is concerned because it was never banned here (after all, there are no ancient sites to protect). Hypothesis: Diving was banned in places other than Mykonos.",0
fiction,'',Premise: Recently I met a guy at a party over at San Barenakedino's.' Hypothesis: I met a guy at a party that I went to. ,0
slate,'',Premise: This one ended up being surprisingly easy! Hypothesis: This question was very easy to answer. ,0
telephone,'',Premise: i don't know what kind of a summer we're expecting this year i imagine it's going to be hot again Hypothesis: I guess this summer will be another warm one; we'll see.,0
telephone,'',Premise: and uh you know it's like they they consider that but it would be the same way here you know it's like if if you had to do it you know you have a big sign i'm sorry i don't get paid you know Hypothesis: I don't receive payment because it's the same way here.,0
telephone,'',Premise: in our town of five thousand we have one that is uh local FM AM station and their news is fed from CNN too uh it's more of uh Hypothesis: The local town's radio station relied on CNN for news.,0
government,'',Premise: We are also advocating enhanced reporting in connection with key federal performance and projection information. Hypothesis: We think reporting should be enhanced as it has a vital connection with projection statistics.,0
fiction,'',Premise: Her eyes flashed continually from one window to the other. Hypothesis: There were at least two windows that she could see.,0
telephone,'',Premise: they they are good Hypothesis: They're excellent.,0
government,'',"Premise: A member of the only student-run chapter of the American Civil Liberties Union in New York state, Zelon worked to resolve disputes between students and police officers to help protect the public's right to peaceful protest. Hypothesis: Zelon is the only student-run chapter of the American Civil Liberties Union in New York state.",0
telephone,'',Premise: is that what you ended up going into Hypothesis: So that must be what you chose to do?,0
fiction,'',"Premise: Very well ”but it's all extremely mysterious. We were running into Tadminster now, and Poirot directed the car to the ""Analytical Chemist."" Poirot hopped down briskly, and went inside.  Hypothesis: Poirot went into the Analytical Chemist.",0
travel,'',"Premise: This marvelous Victorian-Gothic building is famous for the fanciful stone carvings around the base of its pillars (one pillar, reputedly depicting the club members, shows monkeys playing billiards). Hypothesis: The fanciful stone carvings on the pillars' base are what made the Victorian-Gothic building famous.",0
slate,'',"Premise: First, we can acknowledge, and maybe even do something about, some of the disaffecting fallout from globalization, such as pollution and cultural dislocation. Hypothesis: We can acknowledge there is fallout from globalization.",0
slate,'',"Premise: As black as it is, Heathers has the same theme as the Ringwald/Cusack movies. Hypothesis: As dark as it is, Heather's has the samebtheme as Ringwald/Cusack movies ",0
telephone,'',Premise: someone else noticed it and i said well i guess that's true and it was somewhat melodio us in other words it wasn't just you know it was really funny Hypothesis: Someone else paid attention to it and it was really funny. ,0
fiction,'',"Premise: Only trouble was, they had infinite ammunition...we only had so many bullets. Hypothesis: They had a lot more bullets than we did.",0
slate,'',Premise: [I]n You're the Top Porter does not capitalize on the text's potential for realism. Hypothesis: The text has a potential for realism that is unrealized.,0
slate,'',"Premise: To some critics, the mystery isn't, as Harris suggests, how women throughout history have exploited their sexual power over men, but how pimps like him have come away with the profit. Hypothesis: Harris suggests that it's a mystery how women have exploited men with their sexual power.",0
slate,'',"Premise: In short, most of the whale is incompressible. Hypothesis: Whales cannot be compressed well.",0
travel,'',Premise: Near Jerusalem Hypothesis: It is close to Jerusalem.,0
telephone,'',Premise: you can get a hard copy of it and that's about it Hypothesis: Your only option is to get a hard copy.,0
travel,'',Premise: The main attraction of Kom Ombo is the vibrant color still found on the columns in the Hypostyle Hall. Hypothesis: Striking colors are still found on the columns of the Hypostyle Hall and is the main sight to see at Kom Ombo.,0
government,'',Premise: Kentucky officials say there is a virtual epidemic of abusive relationships in the state. Hypothesis: There is a lot of domestic abuse in Kentucky.,0
slate,'',Premise: They are the four sentences you always insert in plagiarized papers to throw the professor off track. Hypothesis: Professors can be thrown off track by four particular sentences in an otherwise plagiarized paper.,0
travel,'',Premise: Since his death it has been transformed into the Bob Marley Museum and carefully managed by the Marley family to protect the memory of his life. Hypothesis: The Bob Marley Museum was taken over by the Marley family after Bob died.,0
fiction,'',"Premise: Oh, I I haven't quite worked that out. Hypothesis: I am still processing the whole thing.",0
travel,'',"Premise: The fine weave and pattern are typical of a Scottish weaver's attention to detail. Hypothesis: Scottish weavers are known for their attention to detail, exemplified through the fine weave and pattern.",0
fiction,'',Premise:  He grimaced at his own doubts. Hypothesis: He grimaced at his doubts. ,0
travel,'',"Premise: The Chinese calendar was used to calculate the year of Japan's foundation by counting back the 1,260 years of the Chinese cosmological cycle. Hypothesis: Japan's foundation was determined by using the Chinese calendar.",0
slate,'',"Premise: oh, just about nothing. Hypothesis: Nearly nothing at all.",0
slate,'',"Premise: The pope, suggesting that Gen. Hypothesis: Gen is being suggested by the Pope. ",0
government,'',"Premise: Even though national saving remains relatively low by U.S. historical standards, economic growth in recent years has been high because more and better investments were made. Hypothesis: Americans are not saving much.",0
telephone,'',Premise: that's uh only way to do it Hypothesis: There is no other way to do it.,0
slate,'',"Premise: On various episodes he is a member, along with Bluebeard and the Grim Reaper, of the Jury of the Damned; he takes part in a snake-bludgeoning (in a scandal exposed by a Bob Woodward book); his enemies list is used for dastardly purposes; even his dog Checkers is said to be bound for hell. Hypothesis: Various episodes depict that he is a member.",0
slate,'',"Premise: You claw your way into a position to get your calls returned by actually breaking stories, but that reward is empty. Hypothesis: The reward for actually breaking stories is empty.",0
government,'',"Premise: 2.5 Financial audits are performed under the American Institute of Certified Public Accountants' (AICPA) generally accepted auditing standards for field work and reporting, as well as the related AICPA Statements on Auditing Standards (SASs) which interpret the standards and provide guidance on conducting such work. Hypothesis: The AICPA is the American Institute of Certified Public Accountants.",0
government,'',Premise: Professor Rogers began her career by clerking for The Honorable Thomas D. Lambros of the United States District Court for the Northern District of Ohio. Hypothesis: Professor Rogers started her career as a clerk.,0
fiction,'',Premise: The thing started to grow brighter. Hypothesis: It started to illuminate more and more.,0
travel,'',"Premise: They managed to control much of the country for nearly a century before the Muslim leader Saladin (Salah-ad-Din) defeated them in 1187. Hypothesis: They were defeated by Saladin, a Muslim leader, and lost control of the large part of the country they had. ",0
fiction,'',"Premise: Oh, yes, sir. Dorcas was looking very curiously at him and, to tell the truth, so was I.  Hypothesis: Dorcas and I were both intrigued by him.",0
government,'',"Premise: As a result, an estimated four out of five low-income people requiring legal help in our community do not receive it. Hypothesis: Most low-income people who need legal help in the community do not get it.",0
fiction,'',"Premise: Long ago--or away, or whatever--there was a world called Thar?? and another called Erath. Hypothesis: A long time ago there were two worlds called Thar and Erath.",0
government,'',"Premise: In research designs based on statistical inference, the criterion for establishing casuality is whether the findings are likely to have occurred by chance following appropriate comparisons to eliminate alternative interpretations. Hypothesis: Research designs may be based on statistical inference.",0
government,'',"Premise: Nonetheless, the rationality of service tiers remains. Hypothesis: Rationality of service tiers continues on.",0
travel,'',"Premise:  From Sant Francesc, take the road that leads southwest to Cap Berber?­a (the southernmost point in the Balearics). Hypothesis: You need to travel southwest from Sant Francesc to reach Cap Berbera",0
fiction,'',"Premise: He sat for a moment in silence. Hypothesis: Seated, he let silence surround him. ",0
travel,'',"Premise: North of Mytilini, stop at the village of Moria, where you will find the remains of a huge Roman aqueduct surrounded by grazing goats. Hypothesis: The village of Moria contains the ruins of a massive Roman aqueduct.",0
slate,'',"Premise: But of course, that's just another way of saying that liberal democracy--a value Huntington surely ranks above the alternatives morally--may never fit some peoples as naturally as it fits us. Hypothesis: Liberal democracy may not fit some people as good as it fits us.",0
telephone,'',Premise: he's not a starter Hypothesis: He does not open.,0
government,'',Premise: Corroborating evidence is independent evidence that supports information in the database. Hypothesis: Independent evidence that supports information in the database is called corroborating evidence.,0
travel,'',"Premise: A more unusual dish is azure, a kind of sweet porridge made with cereals, nuts, and fruit sprinkled with rosewater. Hypothesis: Azure is a common and delicious food made with cereals, nuts and fruit.",0
telephone,'',Premise: you did you see that Hypothesis: Did you see that?,0
slate,'',Premise: An article explains that Al Gore enlisted for the Vietnam War out of fealty to his father and distaste for draft  Gore deplored the inequity of the rich not having to serve. Hypothesis: Gore enlisted during Vietnam.,0
telephone,'',Premise: well that would be a help i wish they would do that here we have got so little landfill space left that we're going to run out before the end of this decade and it's really going to be Hypothesis: We're going to run out of land space soon.,0
telephone,'',Premise: have you read Tom Clancy Hypothesis: He wondered if he read Tom Clancy.,0
government,'',"Premise: Through the Web site, a total of 1,634 associates donated nearly $200,000 to Legal Aid in 2002. Hypothesis: 1,634 associates gave money to Legal Aid through their site.",0
slate,'',"Premise: To their good fortune, he's proving them right. Hypothesis: He is showing that they were correct.",0
government,'',Premise: The agencies requesting guidance on internal controls when implementing fast pay have also designed procedures to verify receipt and acceptance of goods ordered on an afterthefact sampling basis rather than on the basis of a 100percent postpayment verification as is traditionally done. Hypothesis: Verification of receipt and acceptance of goods and services is traditionally done using postpayment verification.,0
telephone,'',Premise: well so okay you need to get married and have kids and then when they're big enough you can have them go do the yard  and you can do what you want to do Hypothesis: When your kids grow up you have have them do the yardwork.,0
slate,'',Premise: The cover story details the disturbing behavior of the Littleton killers before last week's massacre. Hypothesis: The story has details about the killers' actions.,0
government,'',Premise: John Panzar has characterized street delivery as a bottleneck function because a single firm can deliver to a recipient at a lower total cost than multiple firms delivering to the same customer. Hypothesis: John Panzar believes in nationalizing all postal delivery services and couriers into a single entity for cost-saving purposes.,0
travel,'',Premise: Those Creole men and women you'll see dancing it properly have been moving their hips and knees that way since childhood. Hypothesis: Creole dances are learned from childhood.,0
slate,'',"Premise: Zoom-out vs. zoom- Ever since Roe , pro-life posters and pamphlets have depicted isolated fetuses. Hypothesis: Isolated fetuses have featured on pro-life pamphlets in the aftermath of Roe.",0
travel,'',"Premise: In the 19th century, when Kashmir was the most exotic hill-station of them all, the maharaja forbade the British to buy land there, so they then hit on the brilliant alternative of building luxuriously appointed houseboats moored on the lakes near Srinagar. Hypothesis: The maharaja allowed the British to build houseboats on the lakes.",0
government,'',"Premise: As Russell points out, some 400,000 legal aid cases go unassisted each year. Hypothesis: A lot of legal aid cases go unassisted each year.",0
travel,'',Premise: Outside the cathedral you will find a statue of John Knox with Bible in hand. Hypothesis: John Knox was someone who read the Bible.,0
government,'',"Premise: The FCC will publish a notice in the Federal Register when such approval is granted. Hypothesis: After approval is granted, the FCC will publish a notice in the Federal Register.",0
fiction,'',"Premise: If she didn't like her restaurant so much, the woman'd be high-up in Applied by now. Hypothesis: She liked her restaurant a lot.",0
fiction,'',Premise: How did this man know? Hypothesis: The man knew something.,0
telephone,'',Premise: yeah TI people yeah and so i just figured no it's just this area you know Hypothesis: It is just this area.,0
fiction,'',Premise: I did so. Hypothesis: I also did.,0
government,'',Premise: ENVIRONMENTAL PROTECTION AGENCY Hypothesis: Agency which is responsible for the protection of the environment.,0
government,'',Premise: We are also advocating enhanced reporting in connection with key federal performance and projection information. Hypothesis: Key federal performance and projection information are necessary as well as enhanced reporting.,0
slate,'',Premise: This man claims that he has been robbed en route and is stranded without money or his plane ticket in an airport somewhere in Europe or the Middle East. Hypothesis: He claimed he was robbed on the way and has no money or a plane ticket,0
fiction,'',Premise: Daniel took it upon himself to explain a few things. Hypothesis: Daniel explained what was happening.,0
travel,'',"Premise: The museum is open from 9am to 1pm and 2 to 5pm Monday to Friday (with audio-visual shows in the afternoon), and on Saturday mornings. Hypothesis: The museum is not open on Sunday, either in the morning or the afternoon.",0
travel,'',Premise: The church has an even more elaborate Baroque pulpit. Hypothesis: The church has a Barogue style pulpit,0
government,'',"Premise: Generally, if pH of scrubbing liquor falls below a range of 5.0 to 6.0, additional reagent is required to maintain the reactivity of the absorbent. Hypothesis:  if pH of scrubbing liquor falls below a range of 5.0 to 6.0, additional reagent is required",0
travel,'',"Premise: Paris and its immediate surroundings are a magnet for tourists, students, businessmen, artists, inventors ' in short, everyone except perhaps the farmer and fisherman, who may well come to the city to protest government policies. Hypothesis: Paris is a magnet for all sorts of different types of people.",0
slate,'',Premise: The media focused on Liggett's admissions of the obvious--that cigarettes are addictive and cause cancer and heart disease--and its agreement to pay the states a quarter of its (relatively small) pretax profits for the next 25 years. Hypothesis: The media reported on Lingett's admission that cigarettes cause cancer.,0
fiction,'',"Premise: But to you, who know the truth, I propose to read certain passages which will throw some light on the extraordinary mentality of this great man."" He opened the book, and turned the thin pages. Hypothesis: Certain passages within the thin-paged book will throw some light on the extraordinary mentality of this great man. ",0
government,'',"Premise: We saw a whole new model develop - a holistic approach to lawyering, one-stop shopping, she said.  Hypothesis: She discussed the convenience of holistic lawyering.",0
fiction,'',"Premise: What a lot of bottles! I exclaimed, as my eye travelled round the small room.  Hypothesis: ""What a lot if bottles!"" I exclaim. ",0
slate,'',Premise: Because the paper did not say that. Hypothesis: The paper did not explain that.,0
telephone,'',Premise: uh the one we thought would be the most timid uh turned out to be the one that stuck with it and was the first to learn Hypothesis: The one that was first to learn was the one we anticipated to be timid. ,0
travel,'',"Premise: You can find Manchester, Sheffield, and Cambridge in Jamaica, to name but three. Hypothesis: Cambridge, Manchester and Sheffield are all in Jamaica. ",0
government,'',"Premise: Additions to the 2002 Request for Proposal (RFP) include questions for applicants on staff diversity, recruitment and retention strategies and training, and the organization's strategic planning. Hypothesis: The request for proposal was in 2002.",0
slate,'',"Premise: The unintended side effect is radical, direct  In what other state do voters set the tax rates? Hypothesis: There is a radical side effect that was not intended.",0
fiction,'',"Premise: 120 ""You do not think I ought to go to the police?"" Hypothesis: Should I not go to the police?",0
government,'',Premise: Grantees statistically sample the cases closed in the previous year to determine if the sampled cases generally meet the requirements for reporting cases to LSC. Hypothesis: Grantees check out cases to see if they meet requirements.,0
slate,'',"Premise: The setting--wherever it might be--always seems authentic, not as if it were a Hollywood back lot. Hypothesis: They made sure the setting looked very convincing.",0
fiction,'',"Premise: Basically, to sell myself. Hypothesis: To sell myself, basically.",0
travel,'',Premise: From Cockpit Country to St. Ann's Bay Hypothesis: Journeying to St. Ann's Bay from Cockpit Country.,0
fiction,'',"Premise: But you might as well see for yourself if you don't believe me. The note, in Tuppence's well-known schoolboy writing, ran as follows: ""DEAR JULIUS, ""It's always better to have things in black and white. Hypothesis: If you don't believe me then maybe looking at this will convince you.",0
fiction,'',"Premise: For the first time I entertained the idea of taking my talents to that particular market… . Hypothesis: I had never considered doing it before, but I did now.",0
government,'',Premise: FDA suggests there may be an association between BSE and a form of human TSE known as new variant Creutzfeldt-Jakob disease. Hypothesis: The FDA believes there is a link that connects them to the disease.,0
telephone,'',Premise: and uh well if you if you got got him a power mower it'd probably take him a lot less time to do it but i enjoy doing it i feel good doing it uh i i feel a lot better doing it with a power mower with that with a  with a pull tractor on it so i don't have to push so hard Hypothesis: Buying him a power mower would probably help him finish the job sooner.,0
slate,'',"Premise: The key question may be not what Hillary knew but when she knew it. Hypothesis: According to current reports, the question is not if, but when did Hillary know about it.",0
government,'',"Premise: Specifically, suppose unconstrained competition were allowed but the Postal Service turned out to have sufficient market power in some product areas to allow other products to be priced at or near the level of incremental cost. Hypothesis: The Postal Service has a lot of market power.",0
fiction,'',"Premise: Poirot answered them categorically, almost mechanically.  Hypothesis: Poirot responded to them categorically, like a machine.",0
government,'',"Premise: 8 A stoichiometry of 1.03 is typical when the FGD process is producing gypsum by-product, while a stoichiometry of 1.05 is needed to produce waste suitable for a landfill. Hypothesis: A stoichiometry of 1.03 is typical when the FGD process is producing gypsum by-product",0
slate,'',"Premise: What's truly striking, though, is that Jobs has never really let this idea go. Hypothesis: Jobs clung to an idea.",0
travel,'',"Premise:  Most menu prices include taxes and a service charge, but it's customary to leave a tip if you were served satisfactorily. Hypothesis: Most customers will tip in addition to the tax on the menus.",0
fiction,'',Premise: Criminal discovered in last chapter.  Hypothesis: Criminal identified in the closing pages of the book.,0
travel,'',"Premise: The avenue on the left leads towards the pointed Divan Tower (Divan Kulesi), at the foot of which lie the Council Chamber and the Grand Vezir's Office. Hypothesis: The avenue goes towards the Divan Tower and the Grand Vezir's Office.  ",0
slate,'',Premise: But a list of who's better than other people in some aspect or another is not inevitable and does not make the economy any more prosperous or society any richer in other ways. Hypothesis: A list of people those believe better than others will not prosper the economy.,0
government,'',"Premise: The rule prohibits the sale of nicotine-containing cigarettes and smokeless tobacco to individuals under the age of 18; requires manufacturers, distributors, and retailers to comply with various conditions regarding the sale and distribution of these products; requires retailers to verify a purchaser's age by photographic identification; prohibits all free samples; limits the distribution of these products through vending machines and self-service displays by permitting such methods of sale only in facilities where access by individuals under 18 is prohibited; limits the advertising and labeling to which children and adolescents are exposed; prohibits promotional, non-tobacco items such as hats and tee shirts; prohibits sponsorship of Hypothesis: The rule will not allow for cigarettes that contain nicotine to be sold to anyone under 18 years of age. ",0
telephone,'',"Premise: have that well and it doesn't seem like very many people uh are really i mean there's a lot of people that are on death row but there's not very many people that actually um do get killed Hypothesis: There are a lot of people on death row, but not that many actually are executed.",0
government,'',"Premise: Indeed, recent economic research suggests that investment in information technology explains most of the acceleration in labor productivity growth-a major component of overall economic growth-since 1995. Hypothesis: The research says that the acceleration in labor productivity is due to the investment in information technology.",0
fiction,'',"Premise: You're crazed, Beresford. Hypothesis: You are demented, Beresford.",0
travel,'',"Premise: The more popular offerings include kuru fasulye (haricot beans in tomato sauce), patlecan kizartmas (aubergine fried in olive oil and garlic), and a range of salads. Hypothesis: Salads and dishes with aubergine in them are both available.",0
telephone,'',"Premise: and they're more independent and there's things to do then it's good for them to go to different i mean it he goes to a a mother's day out program now once a week both of my kids do Hypothesis: Since they are independent, they have more things to do.",0
travel,'',"Premise: Beautiful examples of enamelware, ceramics, and pottery are produced in great abundance, often following a Celtic theme. Hypothesis: A large number of Celtic-themed items is produced.",0
telephone,'',Premise: it'll be a nice little bit of money we're going to Hypothesis: We are going into a nice bit of money.,0
government,'',Premise: Based on field observations and some discussions with U.S. Hypothesis: It was based on field observations and discussions with the us. ,0
travel,'',"Premise: The next year, he built himself a palace, Iolani, which can still be toured in Honolulu. Hypothesis: There is a palace which can be toured in Honolulu.",0
travel,'',Premise: The order was founded by James VII (James II of England) and continues today. Hypothesis: The same order is still around after many years.,0
slate,'',"Premise: As legal scholar Randall Kennedy wrote in his book Race, Crime, and the Law , Even if race is only one of several factors behind a decision, tolerating it at all means tolerating it as potentially the decisive factor. Hypothesis: Race is one of several factors in some judicial decisions",0
fiction,'',"Premise: In the meantime we must send for a doctor, but before we do so, is there anything in this room that might be of value to us?"" Hastily, the three searched. Hypothesis: The three searched for valuable items before sending for a doctor.",0
fiction,'',"Premise: He sat a short distance from them, his eyes on Jon. Hypothesis: Looking at Jon, he sat a short distance from them.",0
government,'',Premise: ECONOMETRIC MODEL -An equation or a set of related equations used to analyze economic data through mathematical and statistical techniques. Hypothesis: Math is used to analyze economic data,0
slate,'',"Premise: The chart to which Reich refers was actually presented during Saxton's opening statement, hours before Reich testified, and did not look as Reich claims it did. Hypothesis: Reich refers to a chart that he misunderstood and said it said something different.",0
telephone,'',Premise: so i like music i like listening to music so i don't usually listen to KCBI and then there's another one called Journey that's somewhere in between the two of those it's in between ninety and ninety four Hypothesis: Journey is somewhere between ninety and ninety four.,0
travel,'',Premise: Inside are leather-bound regimental books with each serviceperson's name duly inscribed. Hypothesis: There are books that have each person's name.,0
government,'',"Premise: OMB issued the guidance in Memorandum M0010, dated April 25, 2000. Hypothesis: Memorandum M0010 was issued in 2000.",0
government,'',"Premise: Evaluating the intent of the six principles, we observed that they naturally fell into three distinct sets, which we refer to as critical success factors. Hypothesis: There are six principles and they can actually be naturally separated into more than two distinct sets.",0
travel,'',Premise: Paper goods. Hypothesis: Paper products.,0
telephone,'',Premise: uh-huh you can't do that in a skirt  poor thing Hypothesis: You cannot do that wearing a skirt.,0
government,'',"Premise: From 1998 through 2000, the federal government achieved surpluses, shifting from being a drain on net national saving to become a contributor to it. Hypothesis: Government surplus contributed to net national saving.",0
travel,'',"Premise: Today it is possible to buy cheap papyrus printed with gaudy Egyptian scenes in almost every souvenir shop in the country, but some of the most authentic are sold at The Pharaonic Village in Cairo where the papyrus is grown, processed, and hand-painted on site. Hypothesis: Papyrus can be bought in many shops in Egypt.",0
slate,'',Premise: The WP says that the Paula Jones trial judge has had an interesting prior run-in with Bill Clinton. Hypothesis: It has been claimed that the judge had an altercation with the man.,0
telephone,'',Premise: i'm not sure what the overnight low was Hypothesis: I don't know how cold it got last night.,0
slate,'',Premise: The first installment of the Star Wars Trilogy Special Edition opened in theaters everywhere. Hypothesis: Star Wars can be seen in theaters. ,0
government,'',Premise: Voluntariness of risks is evaluated. Hypothesis: The voluntary nature of risks is evaluated.,0
government,'',Premise: The importer pays duties that are required by law Hypothesis: Importer pays taxed that law requires,0
government,'',Premise: This site includes a list of all award winners and a searchable database of Government Executive articles. Hypothesis: All of the award winners are listed on the site.,0
travel,'',"Premise: Maps of hiking trails are available at the Government Publications Ceter, Low Block, Government Offices, 66 Queensway in Central. Hypothesis: Hiking trail maps can be obtained at the Government Publications Center.",0
government,'',"Premise: 32 Under the RSA proposal, a worker between the ages of 25 and 60 with family earnings of at least $5,000 could contribute up to $1,000 annually through either an employer-sponsored saving plan or a tax-deferred individual account. Hypothesis: Most workers could contribute up to $1,000 each year.",0
telephone,'',"Premise: yeah and then about every five years you have to dig them up and throw them away and start over again they don't last forever Hypothesis:  You have to dig them up every five years, throw them away and then start all over again. ",0
fiction,'',"Premise: Unless the mention of the Ritz was an accidental remark?"" Hypothesis: Was mentioning the Ritz accidental and careless?",0
travel,'',Premise: At the fulcrum is a coffee bar and cafe under a giant screen television flanked by CD listening stations. Hypothesis: There is a huge television screen above the coffee bar and cafe.,0
telephone,'',Premise: that your approach is is is right you can actually go out and sub it if even if you don't wanna get hands on you can even just sub it out the concrete and those kind of things and and that's kind of the plan i have so um uh everyone i talk to uh i've Hypothesis: You can sub it even if you do not want to get your hands on it.,0
government,'',Premise: eThe number of deletions was negligible. Hypothesis: Number of deletions was insignificant.,0
government,'',"Premise: The other bank pays the fund interest based upon tiered account levels, more typical of a large commercial account. Hypothesis: The fund collects interest much like a large commercial account.",0
telephone,'',Premise: it can't last seven years but it can last five IBM says let's throw it away Leading Edge will say we'll buy it from you Hypothesis: It is not going to be able to last seven years.,0
travel,'',"Premise: In April 1453 the Sultan's armies massed outside the city walls, outnumbering the Byzantines ten to one. Hypothesis: There were ten times as many of the Sultan's armies than Byzantines.",0
telephone,'',Premise: well i hear my kids are needing me again so i'll go see what they need  and we'll maybe talk to you again Hypothesis: I need to check and see what my kids need.,0
slate,'',Premise: Hatch : Muslims treat Moses as a great prophet. Hypothesis: Moses is considered a prophet to the Muslims.,0
fiction,'',Premise: Peel Edgerton. Hypothesis: Take off Edgerton.,0
slate,'',Premise: Students of human misery can savor its underlying sadness and futility. Hypothesis: Those who study human misery will savor the sadness and futility.,0
fiction,'',"Premise: Shortly after stepping out on the bridge, Jon felt the entire walkway narrow. Hypothesis: The walkway narrowed as Jon stepped out on the bridge.",0
slate,'',Premise: And that squatting he does--it's as uncomfortable as it looks. Hypothesis: Squatting look uncomfortable.,0
fiction,'',Premise: She's smiling but her eyes are closed. Hypothesis: Her eyes closed but she is smiling.,0
telephone,'',Premise: substitute my my yeah my kid'll do uh four or five hours this week for me no problem Hypothesis: My kid will be doing a few hours for me.,0
telephone,'',Premise: yeah i think i'll probably just have to go with one of those splint braces or something Hypothesis: I most likely need to use a splint brace. ,0
travel,'',"Premise: Not quite as large is the Papal Crose commemorating Pope John Paul II's visit in 1979, when more than one million people gathered to celebrate mass. Hypothesis: More than a million people gathered to celebrate mass when Pope John Paul II visited in 1979.",0
fiction,'',Premise: Tommy felt his ascendancy less sure than a moment before. Hypothesis: Tommy was getting less certain about his ascendancy.,0
telephone,'',Premise: uh well no i just know i know several single mothers who absolutely can't afford it they have to go with the a single uh what i mean a babysitter more more or less Hypothesis: They simply don't have the money to put into that sort of thing.,0
slate,'',Premise: The category of qualifying teen-agers and women could include all recipients of welfare or other public assistance (including daughters of recipients) who are competent to give informed consent to the implant procedure. Hypothesis: Women who are on welfare qualify for the implant procedure.,0
travel,'',Premise: The tree-lined avenue extends less than three blocks to the sea. Hypothesis: The sea isn't even three blocks away.,0
slate,'',"Premise: Critics call the subject of the film inherently intriguing but complain that it has been marred by the Burnsian sensibility, ... Hypothesis: Critics think that the film is intriguing.",0
travel,'',Premise: What seems to be a special bargain price for just  one week only  could turn out to be a year-round con. Hypothesis: Some weekly store sales turn out to be a year-round sale scams.,0
fiction,'',"Premise: Jon replaced Susan's cloak with a white robe and a head scarf, also quite dirty. Hypothesis: Jon replaced the cloak with a robe. ",0
telephone,'',Premise: there and they uh they in fact they had this was in uh the late twenties and they in fact used some of the equipment that had been left over and uh he turned them down it it's interesting that that most people don't realize how small the canal is have you ever been there Hypothesis: This was in 1928,1
fiction,'',Premise: Three more days went by in dreary inaction. Hypothesis: The days passed by slowly.,1
fiction,'',"Premise: Something broke inside her, something in her head. Hypothesis: Something broke inside her, both in her heart and her head",1
fiction,'',Premise: Hang it all! said Tommy indignantly. Hypothesis: Tommy didn't realize he was being indignant.,1
telephone,'',Premise: of course you could annex Cuba but they wouldn't like that a bit Hypothesis: Cubans would go up in arms if we tried to annex Cuba.,1
slate,'',"Premise: This points to a final press-friendly quality of McCain' brilliant flattery. Hypothesis: This leads to a final press-friendly quality of McCain' brilliant flattery, said the journalist.",1
government,'',"Premise: According to the Natural Resources Conservation Service, this single, voluntary program will provide flexible technical, financial, and educational assistance to farmers and ranchers who face serious threats to soil, water, and related natural resources on agricultural and other lands, including grazing lands, wetlands, forest lands, and wildlife habitats. Hypothesis: Farmers and ranchers must have all of their licenses and permits to qualify. ",1
fiction,'',"Premise: She was a very good mistress to me, sir. Hypothesis: She was perfect at her job. ",1
fiction,'',"Premise: Poor Dave, she said. Hypothesis: She felt bad for Dave, he died a terrible death.",1
telephone,'',Premise: they might be but not at not at the human factors level Hypothesis: Are they hiring?,1
slate,'',"Premise: If anything, ultimate fighting is safer and less cruel than America's blood sport. Hypothesis: America's blood sport is more commonly known as boxing. ",1
travel,'',"Premise: The most comfortable courses are in the cooler hill stations, notably Cameron Highlands and Fraser's Hill. Hypothesis: They built the stations where people could enjoy them year-round.",1
travel,'',"Premise: The same year, the University of Hawaii campus at Manoa became the site of the Center for Cultural and Technical Interchange Between East and West (popularly known as the East West Center), a unique and venerated resource for advanced Pacific Rim studies. Hypothesis: The Pacific Rim studies only take place when one enrolls in a graduate program.",1
travel,'',Premise: The Celts arrived in the wake of the Roman withdrawal at the end of the fourth century. Hypothesis: At the end of the fourth century was when baked goods flourished.,1
slate,'',Premise: Or to judge by the  Failing to nurse at night can lead to painful engorgement or even breast infection. Hypothesis: Mothers should nurse twice at night.,1
government,'',Premise: The primary screen must be integrated into the standard intake procedure of the emergency setting and must be the responsibility of the staff to administer to all patients. Hypothesis: Integration of primary screens will prevent patients from leaving early.,1
slate,'',Premise: If you missed the two top stories in yesterday's USAT --the government's first post-deregulation attempt to preserve competitiveness among airlines and the emergence of a drug that can prevent breast cancer--they are on the NYT 's front today. Hypothesis: These two story are causing an uproar among wide audiences.,1
travel,'',"Premise: Others are Zao (in Tohoku) and a number of resorts in Joshin-etsu Kogen National Park in the Japan Alps, where there are now splendid facilities thanks to the 1998 Winter Olympic Games in Nagano. Hypothesis: The resorts in the national park are the most exclusive in the country.",1
slate,'',"Premise: In the 1980s, and as late as 1994, a major Republican theme was a sort of taunting, nyah-nyah populism. Hypothesis: The Republicans changed their theme after 1995.",1
travel,'',"Premise: For a half millennium or more, Madrid idled as a provincial backwater, rarely noticed on the arid central plains of Castile, until Felipe II plucked it from his royal cap in 1561 and proclaimed it the capital of Spain. Hypothesis: After Madrid became the capital of Spain, there were massive economic advantages for the region.",1
fiction,'',"Premise: A politician connected with the home service of his parliamentary section's boss, with the mobile phone number 0-609-3459812, and known for his lack of sense of humor, did not take too well to a message from 'Admirer' - 'Wishes shovel best'. Hypothesis: Upon receiving the message he didn't like, he deleted it.",1
slate,'',"Premise: One wag, J., wrote in to ask, Is there a difference between pests and airlines? Hypothesis: J. thinks there is no difference between pests and airlines.",1
telephone,'',"Premise: it's the very same type of paint and everything Hypothesis: It's a different colour, but the same paint formula",1
travel,'',"Premise: In fact, the Flamingo would launch over two decades of strong mob presence in Las Vegas. Hypothesis: The Flamingo likes to host grand parties.",1
travel,'',Premise: They managed to control much of the country for nearly a century before the Muslim leader Saladin (Salah-ad-Din) defeated them in 1187. Hypothesis: Saladin was a ferocious leader. ,1
slate,'',Premise: Slate could have put someone with a reasonable grasp of elementary finance and a balanced viewpoint in charge of writing a tax piece. Hypothesis: Slate has incompetent people write their tax pieces.,1
telephone,'',Premise: i'll listen  and agree with what i think sounds right Hypothesis: I'll listen to the person talking about trains.,1
telephone,'',Premise: yes that i think that's true so that makes them feel definitely like outsiders but like getting back to the their government benefits they they do have a lot of uh tax benefits Hypothesis: They receive more tax benefits then anyone else. ,1
travel,'',Premise: Funchal's central area boasts the best variety of shops and local products on the island. Hypothesis: Funchal heavily imports hand-crafted goods because of how many they manage to sell every week.,1
travel,'',"Premise: Along with the latest technology, the prime minister's office has a superb Bossi marble fireplace, as well as a fine display of art and crafts. Hypothesis: The Bossi marble fireplace was designed in Italy.",1
government,'',Premise: This makes it incumbent on the government to create incentives to recruit new employees and retain older employees. Hypothesis: The government needs to think of incentives every 6 months or so. ,1
travel,'',"Premise: Search out the House of Dionysos and the House of the Trident with their simple floor patterns, and the House of Dolphins and the House of Masks for more elaborate examples, including Dionysos riding a panther, on the floor of the House of Masks. Hypothesis: The House of Dolphins has a painting of Dionysos riding a dolphin.",1
fiction,'',Premise: Diets for men in their prime Hypothesis: A diet for men made up completely of meat. ,1
slate,'',"Premise: But of course, that's just another way of saying that liberal democracy--a value Huntington surely ranks above the alternatives morally--may never fit some peoples as naturally as it fits us. Hypothesis: Liberal democracy fits us well because we are political figures.",1
slate,'',"Premise: Tommy Thompson of Wisconsin and Mayor Rudolph Giuliani of New York, the conservative vanguard on the issue, show no inclination to exploit research that says, in effect, Why care about day-care quality? Hypothesis: Thompson and Giuliani might care about day cares.",1
fiction,'',"Premise: One thing was worrying me dreadfully, but my heart gave a great throb of relief when I saw my ulster lying carelessly over the back of a chair. Hypothesis: The chair was tall and made of wood. ",1
travel,'',"Premise: The gardens are among the greatest in Europe, and take in a view of the Sugar Loaf Mountain as part of their design. Hypothesis: The gardens have more varieties of flowers than anywhere in Europe.",1
telephone,'',Premise: so you know well a lot of the stuff you hear coming from South Africa now and from West Africa that's considered world music because it's not particularly using certain types of folk styles Hypothesis: You would really like to hear the music from Africa in person.,1
slate,'',"Premise: What's needed, alongside an evacuation plan, is a realistic program to stabilize conditions for those left behind. Hypothesis: Evacuation is always the first line of response. ",1
government,'',Premise: A student visa overstayer is not going to be a high priority for pro bono assistance. Hypothesis: A student visa overstayer will not obtain pro bono assistance.,1
slate,'',"Premise: But recently, the speculation has subsided. Hypothesis: The speculation has been ignored recently.",1
government,'',"Premise: MC2000-2, was initially considered and recommended by the Commission under the market test rules. Hypothesis: MC2000-2 was recommended by the Finance Commission.",1
fiction,'',"Premise: I have to tell you, I tried to understand it. Hypothesis: I am upset that I can not understand it.",1
fiction,'',"Premise: ""If you people only knew how fatally easy it is to poison some one by mistake, you wouldn't joke about it.  Hypothesis: Many people have poisoned someone by mistake.",1
telephone,'',"Premise: oh my  uh-huh uh-huh Hypothesis: I expected that, to be honest. ",1
telephone,'',Premise: yeah that's up here in New England that's we call that backpacking which is the same thing which is you're you've got everything on your back you know an aluminum camp frame uh Hypothesis: Everyone in New England goes backpacking on the weekends.,1
government,'',Premise: There always will be a need for an attorney to do general law. Hypothesis: There will always be a very real need for lawyers and attorney's to practice law.,1
travel,'',"Premise: The commentary is chanted by a chorus of six to eight narrators (reminiscent of the chorus in Greek tragedy) who sit at the side of the stage, while musicians positioned at the back of the stage provide stark accompaniment with flute and drums. Hypothesis: The musicians sitting near the stage are the most important part of the show.",1
government,'',Premise: You will need-all of you will need-to be highly visible personally and professionally. Hypothesis: Everyone needs to maintain an open look to the public in order to attain trust.,1
government,'',"Premise: For instance, mandatory account proposals are more likely to increase private saving because such a program would require households that do not currently save-such as many low-income individuals or families-to place some amount in an individual account. Hypothesis: People who dont voluntarily save money are less likely to have bank accounts.",1
travel,'',"Premise: Although it ceased to be a political capital in 1707 (when Scotland joined with England to create the United Kingdom), Edinburgh was at the forefront of intellectual debate. Hypothesis: When Edinburgh ceased to be a political capital in the early 18th century, local political figures protested for a change in their infrastructure.",1
telephone,'',Premise: yeah because it like i i think i've seen those before but i don't remember what they look like Hypothesis: I think I've seen them outside before but it's been a long time so I'm not sure what they look like.,1
telephone,'',"Premise: uh-huh uh-huh uh-huh yeah well that's really neat Hypothesis: That's amazing, I've never seen anything like it.",1
fiction,'',Premise: 'I saw him get aboard myself. Hypothesis: I saw him get on the train.,1
slate,'',Premise: Some are reported as not having been wanted at all. Hypothesis: Some are reported as not having been wanted at all due to breakage.,1
telephone,'',"Premise: more than anything else in this day and age that's got to be a big factor in your decision's just the the cost of how much you're gonna pay Hypothesis: In your decisions age is a big factor, and I agree with you thoughts",1
travel,'',"Premise: Cave 31 tries to emulate the style of the great Hindu temple on a much smaller scale, but the artists here were working on much harder rock and so abandoned their effort. Hypothesis: Cave 31 ran into problems because it was made of harder rock and everyone was disappointed.",1
fiction,'',Premise: He's a bad lot.  Hypothesis: He has a wife,1
telephone,'',"Premise: well the first thing for me is i wonder i see a couple of different ways of talking about what privacy is um if privacy is something that disturbs your private state i mean an invasion of privacy is something that disturbs your private state that's one thing and if privacy is something that comes into your private state and extracts information from it in other words finds something out about you that's another and the first kind of invasion of the first type of privacy seems invaded to me in very much everyday in this country but in the second type at least overtly uh where someone comes in and uh finds out information about you that should be private uh does not seem uh um obviously everyday Hypothesis: All invasions of privacy should be severely punished, because it will teach the criminals that it is not worth doing.",1
government,'',Premise: ENVIRONMENTAL PROTECTION AGENCY Hypothesis: Agency which is responsible for the protection of the environment and the maintaining of national parks.,1
fiction,'',Premise: Lincoln glared. Hypothesis: The man was angry.,1
slate,'',"Premise: In my Crossfire days, I was patronized even by Sam Donaldson. Hypothesis: I had many many fans during my Crossfire days.",1
slate,'',Premise: There are other reasons that wrecks cause fan excitement--e.g. Hypothesis: Wrecks are a small reason for fan excitement. ,1
government,'',"Premise: OMB issued the guidance in Memorandum M0010, dated April 25, 2000. Hypothesis: Memorandum M0010 details fiscal checks.",1
government,'',"Premise: The National Association of State Information Resource Executives (NASIRE) represents state chief information officers (CIO) and information resource executives who share a mission to shape national information technology policy through collaborative partnerships, information sharing, and knowledge transfer. Hypothesis: The NA SIRE does a lot of work with charities.",1
slate,'',"Premise: I am not aware of any studies comparing the number of words an average person could expect to hear spoken in a typical day 500 years ago vs. the number that can be heard now, but the increase surely is vast. Hypothesis: It makes me upset that I've yet to see any study done on how many words the average person hears throughout the day.",1
government,'',Premise: Cases in Comparative Hypothesis: Cases can be part of a legal matter.,1
government,'',"Premise: For fiscal year 1996, Congress determined that the Commission should recover $126,400,000 in costs, an amount 8.6 percent higher than required in fiscal year 1995. Hypothesis: Commission will use the extra 8.6 percent to build more roads. ",1
slate,'',Premise: But the world is not run for the edification of tourists. Hypothesis: The tourists were not welcomed.,1
government,'',Premise: allow the efficiencies of a low-cost mailstream to be available to all who can use them. Hypothesis: Low-cost mailstreams are always efficient.,1
travel,'',"Premise: You will also see  hippie-made  jewellery on sale, especially at the market in Punta Arab?­. Hypothesis: The Punta Arab market sells hippie-made hoop earrings. ",1
telephone,'',Premise: yeah right right yeah i know i uh i remember my college days  and having to do that too Hypothesis: I didn't have to do that once I left college.,1
telephone,'',Premise: i spent a number of years in the service as an intelligence analyst Hypothesis: Being an intelligence analyst is hard work.,1
slate,'',"Premise: When we encounter the young woman again, she has taken a job as the live-in domestic at a huge and crumbling Roman townhouse belonging to an English loner named Jason Kinsky (David Thewlis). Hypothesis: The chances of finding jobs in the field of live-in domestics is low.",1
fiction,'',Premise: Are you ready to train before our ride? Jon asked Adrin. Hypothesis: Jon wanted Adrin to get better.,1
government,'',Premise: GAO's Web site (www.gao.gov) contains abstracts and full-text files ofcurrent reports and testimony and an expanding archive of older products. Hypothesis: The GAO's website is extremely slow and hard to navigate. ,1
government,'',Premise: Views from  Implementation Research in Education. Hypothesis: Education research is a must ,1
fiction,'',Premise: He touched it and felt his skin swelling and growing hot. Hypothesis: His skin was burning.,1
telephone,'',Premise: as long as you got congressmen and senators that are getting kickbacks kickbacks from these different companies that are getting awarded for the defense contracts that's never going to happen Hypothesis: All companies give money to congressmen and senators.,1
slate,'',Premise: Did the ancestors of the Indians really come from Asia over the Aleutian land bridge? Hypothesis: The Indians ancestors likely traveled in groups of 100 over the Aleutian land bridge. ,1
fiction,'',Premise: Egg cattle merry wedged marvelous Hypothesis: They were so excited.,1
slate,'',"Premise: The girls who wish to wear the scarf in Turkey say it represents Muslim female empowerment, and they consider themselves oppressed if it's forbidden. Hypothesis: Most of the women in Turkey would rather wear a scarf.",1
fiction,'',"Premise: I turned a curve and I was just in time to see him ring the bell and get admitted to the house. Hypothesis: I turned a curve and was just in time to see him ringing the big brass bell, echoing as he was admitted to the house.",1
telephone,'',Premise: because otherwise it's too it gets if you start them when it's cooler in the spring then it gets too hot in the summer Hypothesis: You should start them around June in order for them to not get too hot.,1
telephone,'',"Premise: yes it is kind it is family and it's fun it's a fun thing and kids enjoy that and Hypothesis: It involves the whole family playing games together, and the kids like that.",1
travel,'',"Premise: The Praya, the promenade in front of the ferry pier, is a good place to observe the many junks and fishing boats in the harbor. Hypothesis: The fishing boats make a big commotion in the harbor that can be heard from the Praya.",1
slate,'',Premise: Lewis brought to the campaign the same intensity he had trained upon redneck troopers and sheriffs. Hypothesis: Lewis was a strict and obsessed with details perfectionist.,1
travel,'',"Premise: They are built on the site of David's Tower, once the largest and most formidable structure in the castle. Hypothesis: There are columns on David's Tower.",1
government,'',"Premise: The increased investment has contributed to higher GDP growth in recent years, and the stronger economy should help in servicing the debt owed to foreigners. Hypothesis: Higher GDP growth in recent years has been contributed to increased investment, which made the people happy to have a great economy. ",1
telephone,'',Premise: just look what we did to Iraq Hypothesis: Iraq was an unavoidable situation,1
government,'',Premise: Case Study Evaluations. Hypothesis: Independent case study evaluations.,1
fiction,'',Premise: At eight in the morning. Hypothesis: The prayer will take place at eight.,1
telephone,'',Premise: i guess it's just you know and when i think about that lady this this particular lady who wrote me a check for twelve dollars and it bounced and i sent it through you know sent it through the check through the bank once and she incurred at least a fifteen dollar fee Hypothesis: She didn't realize when she wrote the check that she didn't have enough money in it.,1
telephone,'',Premise: hi Cynthia what did you wear to work today Hypothesis: Did you wear pants to work today?,1
government,'',"Premise: Many are based on industry-recognized models such as the Constructive Cost Model (COCOMO), PRICE, Putnam, and Jensen. Hypothesis: COCOMO is the most popular industry-recognised model.",1
fiction,'',"Premise: After the second course I began to feel slightly at ease, although I couldn't help being disturbed by the way they just stared at me. Hypothesis: I felt nervous that they were going to poison me.",1
telephone,'',"Premise: um something that i i think that i've noticed that i i have a friend i think if you're going into like uh law or medicine a very particular very specific field even even engineering you can get you can meet a lot of the requirements at a public um institution Hypothesis: Law,medicine or engineering students get better jobs.",1
slate,'',"Premise: Rather, kids today are not only little bundles of joy but also are perhaps the ultimate symbols of worldly success and status. Hypothesis: While kids today are symbols of success and status, and their parents are too. ",1
travel,'',"Premise: This was built 15 years earlier by Jahangir's wife, Nur Jahan, for her father, who served as Mughal Prime Minister. Hypothesis: Nur Jahan's father was the Prime Minister of Mughal for 20 years. ",1
government,'',"Premise: The other bank pays the fund interest based upon tiered account levels, more typical of a large commercial account. Hypothesis: The fund account has five different tiers.",1
fiction,'',Premise: The man had probably heard him urinating or maybe even noticed the change of his breath as he awoke. Hypothesis: The man heard his urine hitting toilet water as his breath changed.,1
telephone,'',"Premise: and i use a one of those black soaker hoses that actually oozes water every where so i lace it up and down there a couple of times and i only have to water about two hours a week Hypothesis: I only have to water about two hours a week, except on rainy weeks.",1
fiction,'',Premise: Why blame her because she had been true to her creed?  Hypothesis: The woman blamed herself as well.,1
travel,'',"Premise: In the market proper, spices and grain are piled up in multi-colored mountains; merchants chant as they measure out separate lots of five kilos three, three, three, four, four, four, and five, five, five.  Hypothesis: Tourists can buy saffron at this market more inexpensively than they can in the west.",1
travel,'',"Premise: Sainte-Anne itself has a long, broad beach used not only by fishermen in vividly painted boats, but also by families with small children. Hypothesis: The families attending the beach of Sainte-Anne commonly purchase seafood meals from the fishermen as they return with their catch.",1
travel,'',"Premise: More reserved and remote but a better administrator and financier than his uncle, Charles Brooke imposed on his men his own austere, efficient style of life. Hypothesis: Charles Brooke's men did not take well to the austerity resulting from his leadership style.",1
travel,'',"Premise: Keep young skins safe by covering them with sunblock or a T-shirt, even when in the water. Hypothesis: The sun is usually intense there, causing sunburn easily.",1
telephone,'',Premise: is there still that type of music available Hypothesis: I would love to listen to more of it.,1
slate,'',Premise: You wonder whether he could win a general election coming out of the right lane of the Democratic Party. Hypothesis: He might run in a general election while he is a conservative Democrat.,1
slate,'',"Premise: How long, Thaler and Siegel ask, will it take most investors to get wise to the fact that the equity premium is just too damned high? Hypothesis: Thaler and Siegel look disdainfully upon investors. ",1
government,'',"Premise: Hamon said the proposed bill has attracted a number of co-sponsors, and Legal Aid backers are hoping to get it passed in the upcoming legislative session. Hypothesis: The proposed bill would make Legal Aid accessible to more people.",1
travel,'',"Premise: Some experts say there's a greater chance of a making a catch in the cooler days of spring and autumn, and in the hours after sunset. Hypothesis: Warm days are the worst for making catches.",1
government,'',"Premise: Even if the entire unified surplus were saved, GDP per capita would fall somewhat short of the U.S. historical average of doubling every 35 years. Hypothesis: GDP would still be above 50,000 even given the conditions.",1
travel,'',"Premise: There followed the Balkan Wars, in which Turkey lost western Thrace and Macedonia, then World War I, into which Turkey entered on Germany's side. Hypothesis: Turkey entered World War I in order to regain territory lost during the Balkan Wars.",1
telephone,'',Premise: but like they always say you know got a good profit sharing plan just no profit Hypothesis: This profit sharing plan sounds like a scam.,1
travel,'',"Premise: His ruthless campaigns resulted in more than 600,000 Irish dead or deported. Hypothesis: 500,000 Irish died and 100,000 were deported due to his ruthless campaigns.",1
fiction,'',"Premise: Ah, yes, actually, two weeks ago we had a very similar situation, the captain alertly added and quickly changed the subject, 'What's important now is that you get ready for about 2 minutes in the state of weightlessness, and not some Slovakian satellite from two weeks ago. Hypothesis: The captain of the ship didn't want to bring up the destruction of the Slovakian satellite that happened two weeks prior. ",1
fiction,'',"Premise: I guess history repeats itself, Jane. Hypothesis: I truly think the prior situation shows history repeats itself.",1
travel,'',"Premise: The renowned Theban queen Nefertari, wife of Ramses II, has the most ornate tomb (number 66) but it is not always accessible. Hypothesis: Though it's not always accessible, the most ornate tomb (number 66) is of the renowned Theban queen Nefertari nestled between much simpler ones.",1
telephone,'',Premise: and have been back and every now and then some news filters in that they went to see some of the old things and of course the savings and loan program um that was that you know that that just continued to grow in fact after my group i mean we were just a very small specialized group too to get that going and spread and then of course Peace Corps bowed out of that because that's uh uh something that nationalized very quickly and the same with the coops Hypothesis: I am glad that I get daily news updates about the Peace Corps.,1
telephone,'',Premise: it it like strange that it you're right in the middle of the mountains and it's so brown and dry but boy you just didn't feel Hypothesis: you are in the right part of the mountains.,1
slate,'',"Premise: Two economists at Virginia Commonwealth University--yes, here are the economists again, but this time making a more plausible argument--studied millions of auto-accident claims filed between 1989 and 1993. Hypothesis: The researchers contacted insurers for the data from 1989 and 1993.",1
slate,'',"Premise: Britons, however, trumpet their poet laureate as worthy of the ranks of Blake, Keats, Hardy and Auden (the Times of London). Hypothesis: Britons are the proudest nation in the continent of europe.",1
telephone,'',Premise: oh you went to the dollar movie yeah yeah they show up at the dollar movie right after they get come out you know they're usually not not that great or didn't do that great anyway let me see let me see another movie i watched uh i want to see is uh that new one uh Hypothesis: they play at the dollar movie theater because expensive theaters won't make any money on them,1
slate,'',"Premise: On Fox News Sunday , host Tony Snow touted a poll showing that 60 percent of Americans think the allegations represent a pattern of behavior. Hypothesis: Tony Snow has been the host on Fox News Sunday for four years.",1
slate,'',Premise: And these are tough times for reviewers in general. Hypothesis: Specialist reviewers or reviewers with seniority are having an easier time of it.,1
slate,'',"Premise: Most pundits side with bushy-headed George Stephanopoulos ( This Week ), arguing that only air strikes would be politically palatable. Hypothesis: Pundits disagree with George Orwell as they don't support his writing of ""1984"". ",1
government,'',Premise: evaluation questions. Hypothesis: There are evaluation questions on the topic.,1
fiction,'',Premise: He's a bad lot.  Hypothesis: He's a dishonest person,1
government,'',Premise: The final aim of screening must be improved outcomes through referral and counseling. Hypothesis: Screening needs to make sure all alcoholics get into treatment.,1
fiction,'',Premise: 'Best we could hope for.' Hypothesis: This is a great deal.,1
travel,'',"Premise: This historically renowned freshwater lake, known both as the Sea of Galilee and Lake Kinneret (meaning a harp, after its shape), is just 58 km (36 miles) in circumference. Hypothesis: The Sea of Galilee has also been known as Lake Kinneret for hundreds of years.",1
government,'',"Premise: She will step down from the court in December 2002. Hypothesis: She's going to step down from the court in the winter of 2002, after all those years.",1
government,'',"Premise: The good news, however, can be found in reports like this one. Hypothesis: The good news is that the puppy's life was able to be saved. ",1
fiction,'',"Premise: Look here, you've no business to come asking for me in this way. Hypothesis: This is the second time that you've tried this.",1
telephone,'',Premise: it it i think that is the biggest problem when you really not you don't don't really need the stuff but the nicer looking clothes are the more expensive nicely tailored clothes Hypothesis: It costs more for suits that you can not wash yourself.,1
telephone,'',Premise: yeah well are you you with TI Hypothesis: TI is the tourism international society.,1
fiction,'',Premise: Overlapping the others? Hypothesis: Overlapping the other photos?,1
telephone,'',Premise: yeah yeah uh-huh yeah we we saw that one uh we find that uh that uh if you can get into those dollar movies you know they're uh they're a dollar and a half what is it dollar and a quarter dollar and a half now Hypothesis: You can get it at the dollar movies.,1
telephone,'',Premise: all right thanks bye bye Hypothesis: thanks for helping me with work,1
telephone,'',Premise: in each square Hypothesis: On the inside of every square except the corners.,1
fiction,'',"Premise: Still Bork waited, staring upwards. Hypothesis: Bork was waiting for the return of his wife, who had been lost.",1
telephone,'',Premise: oh i enjoyed it i mean it was just more for my money Hypothesis: It was worth the money for the time.,1
telephone,'',"Premise: yeah i was in Peru Peru but um i there weren't as i recall or at least i wasn't aware of that many Americans there except for a very heavy concentration of Peace Corps volunteers this was when the Peace Corps first are started and it was one of the big targets Hypothesis: I was an outsider looking in, a foreigner peering through a window.",1
fiction,'',"Premise: Even after having just seen Adrin's skill with his rapier, Ca'daan had not seen a man move so sure and so naturally with such devastating results. Hypothesis: Adrin was the most talented man with a rapier on the planet.",1
travel,'',Premise: In few other modern cities are you likely to see such a variety of costumes. Hypothesis: This city has the largest variety of costumes .,1
government,'',Premise: Introduction Hypothesis: The introduction generally proceeds the conclusion.,1
fiction,'',Premise: The draft treaty was Tommy's bait. Hypothesis: Tommy took the bait of the treaty.,1
fiction,'',Premise: 'Not part of your biography. Hypothesis: What is being shown is not part of my biography.,1
government,'',"Premise: Two, most other productive operations are easier to study and understand, since few firms have 40,000 locations and a large proportion of their workforce working outdoors. Hypothesis: The productivity of the operations is directly related to the workforce that's based outdoors.",1
fiction,'',"Premise: San'doro didn't make it sound hypothetical, thought Jon. Hypothesis: San'doro didn't sound like he was still thinking about that, thought Jon.",1
telephone,'',Premise: what does um is Robby Robin Williams does he have a funny part in the movie or is Hypothesis: How much screen time does Robin Williams get in the movie?,1
slate,'',"Premise: The Standard , published a few days before Deng's death, covers similar territory. Hypothesis: The Washington Post covers similar territory.",1
slate,'',"Premise: The notable thing for me about the Left Behind series--beside the fact that few in the secular media have noticed that millions of Americans are busy reading books warning about the imminence of one-world government, mass death, and the return of the Messiah, is that all the Jewish characters are Christian. Hypothesis: The Left Behind series is about people converting to Christianity.",1
slate,'',Premise: He's too cautious. Hypothesis: He is cautious due to a lack of confidence.,1
fiction,'',"Premise: No, I don't know.  Hypothesis: I don't know what she said, no.",1
fiction,'',Premise: I watched her hips shift in and out of the sides of her wrap. Hypothesis: The wrap fell down to the floor.,1
government,'',Premise: We also have found that leading organizations strive to ensure that their core processes efficiently and effectively support mission-related outcomes. Hypothesis: Leading organizations want to be sure their processes are successful.,1
travel,'',"Premise: For centuries, the Loire river was a vital highway between the Atlantic and the heart of France. Hypothesis: The Loire stopped being a vital highway shortly after the revolution.",1
slate,'',"Premise: In a new retrospective, the Vienna modernist (1890-1918) wins critics' grudging respect. Hypothesis: The Vienna modernist was relatively unknown at the time of it's birth.",1
slate,'',"Premise: The South African priest who invited Clinton to do so is quoted in the paper as saying that once Clinton stood up, he was thinking about how much embarrassment it would have caused him by my saying, please sit down. Hypothesis: The South African priest had communicated with Clinton via telephone.",1
slate,'',"Premise: The Ovitz deal, however, contained none of these goodies. Hypothesis: The Ovitz deal did contain some alternative goodies.",1
telephone,'',Premise: no that's true and and and Lord knows with that legislature up there they probably did all kinds of things while he wasn't looking Hypothesis: The Legislature must be watched.,1
fiction,'',"Premise: Never trust a Sather, Bork said softly. Hypothesis: Never trust a Sather if you calue your life, Boork whispered.",1
telephone,'',Premise: but uh TV is something that we try to not um deliberately try not to get hung up on it like you say Hypothesis: We think that other hobbies are more important than watching TV.,1
fiction,'',Premise: It's come back? cried Julius excitedly. Hypothesis: They thought it was gone forever.,1
fiction,'',"Premise: Are you sure we should take him down there?' Greuze asked Natalia. Hypothesis: Natalia, knowing that it could be very dangerous to venture forth with him, asked Greuze if it was really wise to take him down there, thinking that it may not be completely safe to continue on at the moment.",1
telephone,'',Premise: well that would be a help i wish they would do that here we have got so little landfill space left that we're going to run out before the end of this decade and it's really going to be Hypothesis: If people cut down the amount of trash they make that would also help solve the problem.,1
fiction,'',"Premise: She was taken to the infirmary, and on recovering consciousness gave her name as Jane Finn. Hypothesis: The hospital believed that her name was Jane Finn.  ",1
fiction,'',Premise:  Jon sat down on the ground cross legged. Hypothesis: The man was contemplating his life.,1
telephone,'',"Premise: i think that yeah i think and i i think that's real important Hypothesis: ""I truly believe that that's really important for us to know.""",1
telephone,'',Premise: so it's it's changing and the summers are getting hot and the winters are cold but i guess i can live with it Hypothesis: It can get up to 30 degrees Celsius in the summer.,1
government,'',"Premise: While AILA has joined the ACLU and other organizations in a Freedom of Information Act request to find out who is being detained where and why, Mohammed notes that the reasons for the immigrants' detention were not immediately clear and sometimes had dire consequences. Hypothesis: The AILA joined the ACLU in requesting the information to be released immediately.",1
slate,'',"Premise: In 1984, Clinton picked up rock groupie Connie Hamzy when she was sunbathing in a bikini by a hotel pool. Hypothesis: Clinton wasn't afraid to show herself in public in the 80s.",1
telephone,'',"Premise: then there's that uh let's see i like the Lakers Milwaukee Atlanta Hawks i like them too Hypothesis: I like the Lakers, Milwaukee and Atlanta, basketball is my favorite sport.",1
travel,'',"Premise: Troyes is also a center for shopping, with two outlet centers selling both French and international designer-name fashions and home accessories. Hypothesis: One of the outlet centers in Troyes sells Prada fashions.",1
fiction,'',Premise: Czesiek had suitable experience in the matter. Hypothesis: Czesiek was experienced in sword fighting.,1
telephone,'',Premise: and uh you know once you start up at the top and try to get those dollars on down to the hands that need them you know there's a lot of places the money stops and disappears along the way Hypothesis: There needs to be a more transparent distribution of money.,1
government,'',"Premise: NHTSA concluded that while section 330 superseded the section 32902 criteria, it did not supersede the section 32902 mandate that there be CAFE standards for model year 1998. Hypothesis: NHTSA conducted a very in-depth review of section 330. ",1
travel,'',"Premise: Puri also has a beautiful beach, southwest of town, which is ideal for cooling off but those aren't sandcastles the Indians are making, they're miniature temples, for this is the Swarga Dwara (Heaven's Gateway), where the faithful wash away their sins. Hypothesis: More Indians than foreigners go to the beach at Puri.",1
slate,'',Premise: In the ancestral environment a man would be likely to have more offspring if he got his pick of the most fertile-seeming women. Hypothesis: Men who could show strength and cunning had their pick of fertile females.,1
telephone,'',Premise: yeah i was in Peru Peru but um i there weren't as i recall or at least i wasn't aware of that many Americans there except for a very heavy concentration of Peace Corps volunteers this was when the Peace Corps first are started and it was one of the big targets Hypothesis: I knew every American I came into contact with there.,1
telephone,'',Premise: much with whatever it's with the Black the Black problem or whatever that may be now Hypothesis: The Black issue arose hundreds of years ago.,1
telephone,'',Premise: other side that's a good idea Hypothesis: Only after we finish the first side.,1
slate,'',Premise: In our family we have two sons in public life. Hypothesis: Having Two sons in public puts strains on our family's privacy. ,1
government,'',Premise: made by the FCIC based on such comments are discussed in the preambles to the final rules. Hypothesis: The final rules are very complex and long. ,1
slate,'',"Premise: From here, many HIV researchers are putting their hopes on combining drug treatments with strategies that boost the immune system. Hypothesis: HIV researches believe HIV will be cured very soon. ",1
government,'',Premise: CHAPTER 6: HUMAN CAPITAL Hypothesis: Human capital includes the workforce.,1
government,'',"Premise: Although it is a significant part of the poverty population, Asians historically have not been able to participate in the services and programs available to the poor, he said. Hypothesis: Only 1% of Asians are poor.",1
fiction,'',"Premise: Our efforts having been in vain, we had abandoned the matter, hoping that it might turn up of itself one day.  Hypothesis: The problem was solved one day.",1
government,'',"Premise: And, could it not result in a decline in Postal Service volumes across--the--board? Hypothesis: There may not be a decline in Postal Service volumes across--the--board.",1
government,'',"Premise: 1 Lower and upper PMSD bounds were determined from the 10th and 90th percentile, respectively, of PMSD data from EPA's WET Interlaboratory Variability Study (USEPA, 2001a; USEPA, 2001b). Hypothesis: The data obtained from the EPA's WET Interlaboratory Variability Study was considered the most reliable and therefore used to establish the upper and lower PMSD bounds.",1
fiction,'',Premise: Endorphins were flowing. Hypothesis: I was very scared and my endorphins were flowing.,1
government,'',"Premise: In DOD's current acquisition environment, the customer is willing to trade time and money for the highest performing weapon system possible. Hypothesis: This is so they can blow the most shit up.",1
slate,'',"Premise: 1) Increased federal enforcement . Before Hoover's death, the FBI did not aggressively investigate the Mafia. Hypothesis: Increased federal enforcement is essential to curbing organized crime.",1
slate,'',"Premise: Conspiracy theorists  MasterCard is investing in a chip that can store electronic cash, your medical history, and keys to your home and office. Hypothesis: Conspiracy theorists have a lot of evidence that Mastercard wants to control all your data.",1
travel,'',"Premise: Just as in ancient times, without the River Nile, Egypt could not exist. Hypothesis: Many Egyptians take for granted how important the nile river is.",1
government,'',"Premise: We need to look at the implications that these differing roles have for a range of issues, such as SES core competencies, performance standards, recruitment sources, mobility, and training and development programs. Hypothesis: These differing roles may have disastrous implications on performance standards.",1
telephone,'',Premise: yeah they're still laying off like over in Fort Worth and a lot of other companies too just here and there Hypothesis: There has been a nationwide trend of people losing their jobs.,1
slate,'',Premise: Some bugs are hell to track down. Hypothesis: It takes hours to find some bugs.,1
government,'',Premise: A niche incumbent might provide delivery less frequently or to a subset of possible stops. Hypothesis: Deliveries consist almost entirely of fifty five gallon drums of turnip juice.,1
slate,'',"Premise: It lacked intelligence, introspection, and humor--it was crass, worthy of Cosmopolitan or Star . I do have a sense of humor, but can only appreciate a joke when it starts with a grain of truth. Hypothesis: The article was based on lies and was not funny.",1
slate,'',Premise: There is simply no historical precedent for a large empire calling it quits because it could not compete economically or technologically. Hypothesis: Greece will be the first empire to quit because it couldn't compete economically.,1
travel,'',Premise: Sometimes more than one denomination shares one church. Hypothesis: Denominations can make use of one church for the good of the community.,1
fiction,'',Premise: The Kal whistled and Vrenna's eyes sparkled when she saw Jon swing it. Hypothesis: Kal is whistling into Vrenna's face.,1
telephone,'',"Premise: you want to punch the button and go Hypothesis: You don't want to push the button lightly, but rather punch it hard.",1
slate,'',"Premise: You claw your way into a position to get your calls returned by actually breaking stories, but that reward is empty. Hypothesis: The stories were featured on the front page of the paper.",1
travel,'',"Premise: The Cooper Building forms the heart of L.A.'s Garment District, which is located southeast of central Downtown on Los Angeles Street. Hypothesis: The Cooper Building is scheduled for demolition next year.",1
slate,'',"Premise: But if you take it seriously, the anti-abortion position is definitive by definition. Hypothesis: Some people take the anti-abortion position very seriously.",1
slate,'',"Premise: I found Steven E. Landsburg's piece Pay Scales in Black and White extremely unconvincing. Hypothesis: I asked for my money back, after Landsburg's piece.",1
slate,'',Premise: This is arguably starting to distort the practice of science itself. Hypothesis: Scientific practice was changed by this method. ,1
government,'',"Premise: In fiscal year 2000, it reported estimated improper Medicare Fee-for-Service payments of $11. Hypothesis: Fee-for-Service payments are higher than other forms of payments.",1
telephone,'',Premise: oh  that's accommodating Hypothesis: That fits in my schedule.,1
government,'',"Premise: iii Program Letter 1998-1, published on February 12, 1998, called upon all LSC recipients to analyze any progress made toward the development of the legal services model envisioned by state planners. Hypothesis: LSC recipients are the only ones qualified to analyze such models.",1
government,'',"Premise: Even if auditors do not follow such other standards and methodologies, they may still serve as a useful source of guidance to auditors in planning their work under GAGAS. Hypothesis: GAGAS requires strict compliance for auditors to follow.",1
travel,'',"Premise: The Throne Room is one of a series of apartments built during the reign of Charles II, though it was originally designed as a guard room that screened entrants to the private chambers beyond. Hypothesis: The Throne Room is available for tours daily.",1
fiction,'',Premise: She would be almost certainly sent to you under an assumed one. Hypothesis: The man told the other man that she would be sent to him.,1
travel,'',"Premise: Typically assumed to be a high-roller card game, baccarat (bah-cah-rah) is similar to blackjack, though it's played with stricter rules, higher limits, and less player interaction. Hypothesis: Only players with a lot of money to spend play baccarat.",1
slate,'',"Premise: Kicked out of the house when she was only 16 (she was called Suzie in those days), Roy went to Delhi and then to architecture school, supporting herself by selling empty milk bottles (some say beer bottles). Hypothesis: Roy made $1 a day selling bottles.",1
slate,'',"Premise: In short, we all got tired of clever analyses of what might happen; and throughout economics there was a shift in focus away from theorizing, toward data collection and careful statistical analysis. Hypothesis: We all got tired of data collection and clever analyses of what might happen; economists need to change their style.",1
travel,'',"Premise: Whether you drink beer or alcohol or not, a trip to Dublin isn't complete without a visit to some of its pubs don't miss this experience. Hypothesis: Dublin's pubs are beautiful and evocative, worth a trip even if you don't drink",1
fiction,'',"Premise: Why, when I was your age, I already had....""  Dave wasn't listening any longer. Hypothesis: The conversation was one Dave had heard hundreds of times. ",1
travel,'',"Premise: Here you'll find the finest leather goods and of-the-moment fashions from all the predictable high-priests (Valentino, Armani, Versace, Gucci, Missoni, etc. ). A number of classic men's clothing meccas such as Cucci (with a C), Brioni, and Battistoni are still going strong. Hypothesis: The Gucci and Versace stores have been locked in fierce competition to capture the hearts and minds of our guests.",1
fiction,'',"Premise: No, John, I said, ""it isn't one of us.  Hypothesis: John didn't know if they were one of us.",1
travel,'',"Premise: As a basic guide, the symbols below have been used to indicate high-season rates in Hong Kong dollars, based on double occupancy, with bath or shower. Hypothesis: As you can see, the symbols are of dolphins and octopuses.",1
slate,'',Premise: and I'm not a Negro tonight! Hypothesis: I am white.,1
telephone,'',Premise: uh whether one might conceive  no pun intended of the possibility that there might be a kind of a deliberate uh um Hypothesis: You might think of the possibility of going to that event.,1
telephone,'',Premise: and so i have really enjoyed that but but there are i do have friends that watch programs like they want to see a particular program and they are either home watching it or definitely recording it they have some programs that they won't miss Hypothesis: Do you have any programs you watch with your friends?,1
government,'',"Premise: You wonder what youre going to be when you grow up, lawyer Smith said.  Hypothesis: You want to be a lawyer when you grow up.",1
travel,'',Premise: Its facilities include a swimming pool and a peaceful garden. Hypothesis: The indoor swimming pool is 25 meters long.,1
fiction,'',"Premise: But there is a cycle of confirmation; if prophecy indicates a thing will happen, it will happen--though not always as expected. Hypothesis: What is predicted by prophecy, though sometimes unexpected, is always enjoyable.",1
telephone,'',Premise: and and so you know like every other day or or so they have like movies for a dollar Sometimes they're even free i think uh they showed uh Chima Para Diso free Hypothesis: All movies at the theater are cheaper than five dollars.,1
government,'',"Premise: 5 percent for educational lay programs relating to law and justice, and other public service programs such as the High School Mock Trial Competition and numerous publications. Hypothesis: Educational lay programs deal with justice for minorities.",1
travel,'',Premise: It was here in 1952 that King Farouk signed his abdication before boarding his yacht for exile in Italy. Hypothesis: King Farouk was exiled because of the dangerous condition in Egypt at the time.,1
travel,'',"Premise: For the beginner ' and for most others, too ' Beaune is the place to buy. Hypothesis: Beaune is the best place to buy for artists of all levels.",1
telephone,'',Premise: yeah yeah yeah well because that's the way they they might seem outwardly but boy there's a lots going on in there Hypothesis: There is a lot of bad in the inside.,1
telephone,'',Premise: um i know that i had heard that uh McDonald's has gotten so much flack about sending their hot foods out in the Styrofoam that they are going to work on something Hypothesis: Styrofoam is not a safe thing to have near food.,1
fiction,'',"Premise: Four infinite minutes went by. Hypothesis: Those four minutes felt like infinity, due to the anticipation that everybody felt.",1
fiction,'',"Premise: Then I considered. Hypothesis: Then, I thought if I should accepted to go with him.",1
travel,'',Premise: The Lake District is not the place to come if you want lots of action into the early morning hours. Hypothesis: The Lake District isn't where to go when you want a lot of action because it closes down before midnight!,1
slate,'',"Premise: According to Jane Langmuir, director of the project, water and heat come together and create a totally new appliance. Hypothesis: Jane Langmuir was the one who conceived of this project.",1
telephone,'',"Premise: oh really i was um i was TDY at Bent Waters Hypothesis: I had work at Bent Waters, but only for a little while. ",1
travel,'',"Premise: A detailed English explanation of the plot is always provided, and wireless recorded commentary units are sometimes available. Hypothesis: A detailed plot, written in English, is always available and an audio commentary is sometimes available that's voiced by Morgan Freeman.",1
slate,'',"Premise: Simmons, probably rap's greatest entrepreneur, lives in New York; schmoozes bankers, fashion designers, and record executives; and cuts deals with conglomerates such as Time Warner. Hypothesis: Simmons is known for dating New York's most prominent fashion designers. ",1
fiction,'',Premise: And you are wrong in condemning it.  Hypothesis: Everybody does it; it's normal.,1
telephone,'',"Premise: and uh i'm originally from Virginia and uh and my memories of summer have always been that stifling humidity Hypothesis: I was born in Richmond, Virginia.",1
telephone,'',Premise: well i i'm doing computer science computer engineering Hypothesis: I switched my major last semester.,1
slate,'',"Premise: In the other bracket, the Broncos beat the New York Jets. Hypothesis: The Broncos are a better team. ",1
telephone,'',Premise: but you know they kids seem like when they get ten or twelve years old they fall out of that and and they don't follow it at all you know there're very few scouts go on and become Eagle Scouts and and i don't know what the high rank is for the gals but Hypothesis: The highest rank for Girl Scouts is Hawk Scout.,1
travel,'',"Premise:  The equipment you need for windsurfing can be hired from the beaches at Tel Aviv (marina), Netanya, Haifa (at Bat Galim beach), Tiberias, and Eilat. Hypothesis: Windsurfing equipment is available for hire in Tel Aviv all year round. ",1
fiction,'',"Premise: Even us if you needed,"" said Jon. Hypothesis: He secretly did not want to be asked for help.",1
travel,'',Premise: The experts point out that it is not age alone that determines a Chinese antique's value the dynasties of the past had their creative ups and downs. Hypothesis: The Qin Dynasty has the most expensive antiques for their unique style.,1
slate,'',Premise: Slate could have put someone with a reasonable grasp of elementary finance and a balanced viewpoint in charge of writing a tax piece. Hypothesis: Slate sometimes covers tax issues.,1
travel,'',Premise: The year of 1820 was a pivotal one in the story of the King?­dom of Hawaii. Hypothesis: Things have not been the same for Hawaii since 1820.,1
travel,'',"Premise: Although a mile long, its name is misleading because it is not one street but several different streets. Hypothesis: It is a mile long, each street spanning about a quarter of a mile.",1
fiction,'',"Premise: Yes, sir. Hypothesis: I will take care of that right away Sir. ",1
slate,'',"Premise: After shuttering the DOE, Clinton could depict himself as a crusader against waste and bureaucracy who succeeded where even Reagan failed. Hypothesis: Reagan had tried to shutter the DOE but was unable to.",1
travel,'',Premise: Scotland became little more than an English county. Hypothesis: Scotland was hardly better than an English county as England no longer allowed them an army.,1
government,'',"Premise: In particular, the model provides a useful framework for assessing the long-term implications of alternative budget policies through their effect on national saving. Hypothesis: The best budget policy is yet to be invented.",1
slate,'',"Premise: New York Times Book Review Editor Charles McGrath, a former deputy to William Shawn at the New Yorker , calls Lillian Ross' memoir about her affair with Shawn on occasion factually inaccurate or misleading and a betrayal of Shawn's high editorial principles. Hypothesis: McGrath simply wanted to help protect his friend. ",1
telephone,'',Premise: and the NIT semifinals are on tonight Hypothesis: The NIT semifinals take place in New York City tonight.,1
travel,'',"Premise: In 1099, under their leaders Godfrey de Bouillon and Tancred, the Crusaders captured the Holy City for Christendom by slaughtering both Muslims and Jews. Hypothesis: The Crusaders captured the Holy City and killed 100,000 Muslims.",1
travel,'',"Premise: Most large hotels will have a floorshow featuring music and dance, including a voluptuous belly-dancer, who will introduce the audience to the art of gyrating Egyptian style. Hypothesis: The audience's favorite feature of the floor shows is always the belly-dancer.",1
government,'',Premise:  Medicare gross outlay projections based on intermediate assumptions of the 2001 HI and SMI Trustees' reports. Hypothesis: Medicare costs are projected to rise.,1
slate,'',Premise: Linda Tripp was indicted for illegally taping telephone conversations with Monica Lewinsky. Hypothesis: Linda did not like Monica.,1
government,'',Premise: bGross national saving is held constant as a share of GDP at 18. Hypothesis: bGross national saving represents a national bank.,1
travel,'',"Premise: To reach any of the three Carbet falls, you must continue walking after the roads come to an end for 20 minutes, 30 minutes, or two hours respectively. Hypothesis: One route, that takes half an hour, passes through a treacherous ravine guarded by a pack of wolves and overlooked by vultures.",1
fiction,'',"Premise: Beginning with his unsuccessful reconnoitring at Bournemouth, he passed on to his return to London, the buying of the car, the growing anxieties of Tuppence, the call upon Sir James, and the sensational occurrences of the previous night. Hypothesis: He enjoyed being in London. ",1
telephone,'',Premise: but but it is peaceful i mean it is relaxing to do once you find the time to do it Hypothesis: The time it takes is not very much.,1
travel,'',"Premise: They capitalized on the natural resources by using the salt to cure fish, which they exported to their home country. Hypothesis: The use of salt on meats was revolutionary. ",1
government,'',"Premise: Auditors from another country engaged to conduct audits in their country should meet the professional qualifications to practice under that country's laws and regulations or other acceptable standards, such as those issued by the International Organization of Supreme Audit Institutions. Hypothesis: The majority of the world abides by a common auditing code.",1
slate,'',Premise: Then Shuman claims that Linux provides no graphical user interface. Hypothesis: They hated to admit it was a superior product.,1
slate,'',Premise: His off-the-cuff style seems amateurish next to Inglis' polished mini-essays. Hypothesis: He may look like an amateur but he had experience ,1
government,'',Premise: Beyond the Quantitative Cul-de- A Qualitative Perspective on Youth Employment Programs. Hypothesis: The paper says youth employment programs are helpful.,1
travel,'',Premise: All-inclusive units are in villas and a great house in tropical setting overlooking Caribbean. Hypothesis: The all-inclusive units are considered villas and each have a kitchen as well.,1
travel,'',"Premise: It is worth a visit, if only to see the theater itself. Hypothesis: The theater is on your left when you first walk inside.",1
slate,'',"Premise: I don't know all the answers, fella. Hypothesis: I'm not sure about anything.",1
fiction,'',Premise: That's why we tried to kill you. Hypothesis: That's one of the reasons we wanted to kill you.,1
fiction,'',Premise: Jon drew it out and stabbed again in the man's throat. Hypothesis: Jon wiped the blade after stabbing the man in the throat.,1
fiction,'',"Premise: There's one thing, he thought to himself, ""they can't go on shooting. Hypothesis: He thought that they could not keep shooting because they were very tired.",1
slate,'',Premise: The WP says that the Paula Jones trial judge has had an interesting prior run-in with Bill Clinton. Hypothesis: The judge threw the book at him.,1
slate,'',Premise: Blue says Blumenthal claimed Clinton had told him that Lewinsky had made unwanted sexual advances. Hypothesis: Clinton said that Monica Lewinsky made unwanted sexual advances during her time as a journalist in the White House. ,1
slate,'',"Premise: Since The Bell Curve was published, it has become clear that almost everything about it was inexcusably  suspect data, mistakes in statistical procedures that would have flunked a sophomore (Murray--Herrnstein is deceased--clearly does not understand what a correlation coefficient means), deliberate suppression of contrary evidence, you name it. Hypothesis: The Bell Curve authors made up some of their conclusions to bolster their hypothesis.",1
travel,'',"Premise: In Mumbai, both Juhu and Chowpatty beaches are, for instance, definitely a bad idea, and though the Marina beaches in Chennai are cleaner, there may be sharks. Hypothesis: The beaches are very dirty in Mumbai.",1
government,'',"Premise: facilitate suits for benefits by using the State and Federal courts and the independent bar on which those courts depend for the proper performance of their duties and responsibilities. Hypothesis: Federal refers to national and state refers to local, duties and responsibilities may vary between Federal and State levels.",1
government,'',"Premise: The activities included in the Unified Agenda are, in general, those expected to have a regulatory action within the next 12 months, although agencies may include activities with an even longer time frame. Hypothesis: Most of the activities taken under the regulatory actions have been longer that 12 months.",1
telephone,'',Premise: i'd say they appraised it it's gone up you now maybe like five percent Hypothesis: It went up five percent because of the work we did on it. ,1
travel,'',"Premise: Along the eastern coastline are several fine beaches with perfect windsurfing conditions in their wide, shallow bays. Hypothesis: The shallow bays are great places for windsurfing, especially in the summer.",1
fiction,'',"Premise: It was like looking into a mirror, except infinitely more realistic. Hypothesis: Looking at my daughter was like looking in a mirror.",1
government,'',"Premise: For example, NIPA excludes capital transfers, like estate tax receipts, which are recorded as revenue in the unified budget, and investment grants-in-aid to state and local governments, which the unified budget records as outlays. Hypothesis: NIPA excludes capital transfers because it is a risky procedure.",1
slate,'',"Premise: These days, newspaper writers are no longer allowed the kind of license he took. Hypothesis: Newspaper writers need to be more factual and careful these days.",1
fiction,'',Premise: She's smiling but her eyes are closed. Hypothesis: Her eyes would not open but she is smiling.,1
slate,'',Premise: Another alternative is that our heroes were pursuing the noble goal of academics everywhere--tenure. Hypothesis: Academics are a good goal to strive for. ,1
travel,'',"Premise: Such multicolored reef dwellers as the parrotfish and French angelfish, along with weirdly shaped coral, crawfish, or turtles hiding in crevices, can be yours for the viewing in these clear waters where visibility of 30 m (100 ft) is common. Hypothesis: It's often hard to see turtles because they are so well-hidden.",1
fiction,'',"Premise: As he emerged, Boris remarked, glancing up at the clock: ""You are early. Hypothesis: Boris had just arrived at the rendezvous when he appeared.",1
fiction,'',"Premise: Most of it, I couldn't even begin to identify. Hypothesis: I didn't know what any of the food is.",1
fiction,'',"Premise: They keep romance and marriage apart  "" Tommy flushed. Hypothesis: Tommy said they don't mix romance and marriage and they have a good relationship.",1
telephone,'',Premise: yeah i think they get bogged down in a lot of small issues that people you know special interest groups can blow up Hypothesis: They have approximately 300 small issues to go through.,1
telephone,'',Premise: and uh it that takes so much time away from your kids Hypothesis: Takes you away from your kids because it is more important to you.,1
slate,'',"Premise: Reportedly the biggest payment made in such a case, it is hardly a nick in Texaco's annual revenue of more than $30 billion. Hypothesis: The biggest payment was a few million dollars.",1
travel,'',Premise: Station Jesus meets his mother. Hypothesis: Station Jesus may have been able to meet his mother.,1
telephone,'',"Premise: well that's uh i agree with you there i mean he didn't have the surrounding cast that Montana had there's no doubt about that Hypothesis: I agree that he didn't have the same support as Montana, but he did well.",1
travel,'',"Premise: Ramses II did not build it from stone but had it hewn into the cliffs of the Nile valley at a spot that stands only 7 km (4 miles) from the Sudan border, in the ancient land of Nubia. Hypothesis: Stone would have been too expensive to ship into the Nile Valley.  ",1
fiction,'',"Premise: What are you going to do about it?"" Tuppence frowned severely. Hypothesis: Tuppence wanted to know what the plan was?",1
government,'',"Premise: If you have any questions about this report, please contact Henry R. Wray, Senior Associate General Counsel, at (202) 512-8581. Hypothesis: Henry R. Wray will always be available to answer your calls and respond to any questions you may have.",1
government,'',"Premise: Indiana Legal Services (ILS) Executive Director Norman Metzger and Colleen Cotter, Director of the ILS Indiana Justice Center, were marvelous hosts. Hypothesis: Norman and Colleen did a great job hosting the fund raising dinner. ",1
travel,'',"Premise: If not the most beautiful, the chateau is certainly the most formidable in the Loire Valley, a real defensive fortress, its black ramparts still forbidding despite having had their towers decapitated on the orders of Henri III. Hypothesis: The beauty of the chateau can be attributed to the hard work that the designers had placed in its design.",1
telephone,'',Premise: i'm kind of familiar with the weather out that way in west Texas but not in not in Lewisville Hypothesis: Lewisville does not have a weather reporting station.  ,1
fiction,'',"Premise: 83 At that point, Poirot nudged me gently, indicating two men who were sitting together near the door.  Hypothesis: The two men looked mean.",1
telephone,'',Premise: yeah uh yeah absolutely and the credit union has nine percent interest so yeah so that's Hypothesis: High interest rates increase the debt of the average individual.,1
government,'',Premise: Challenges to Restore Public Confidence in Hypothesis: There will be town hall meetings held to address the public's concerns.,1
telephone,'',Premise: some of the professors i think imitate Big Bird Hypothesis: The professors like how cool Big Bird is.,1
travel,'',"Premise: An ancient Greek trading post, the town manages to combine the atmosphere of a resort with a gutsy, bustling city life. Hypothesis: Prior to becoming a Greek trading post the town was thought to have been a Macedonian fishing village.",1
fiction,'',"Premise: The thing started to grow brighter. Hypothesis: Despite growing brighter, it was difficult to make out what the thing was.",1
telephone,'',"Premise: well i think that's about all my pet stories right now so Hypothesis: My pets are up to many antics, and I'm happy I got to share these. ",1
telephone,'',Premise: yeah yeah if they do come up with a positive regardless of what uh what it was they detected uh we're required to go attend a uh a counseling session Hypothesis: We still have three more weeks of counseling left even if everything seems positive. ,1
travel,'',Premise: The party's broad aims were to support capitalist policies and to continue close ties with Britain and the rest of the Commonwealth. Hypothesis: The party sought to establish ties with the United States.,1
slate,'',"Premise: As for the divisive issue of whether the Mass is a sacrifice for the remission of sins, the statement affirms that Christ's death upon the cross ... Hypothesis: The statement has ended the controversy over whether the Mass is a sacrifice for the remission of sins.",1
slate,'',"Premise: Civil libertarians denounced it as an improper church-state partnership, a sectarian scheme to milk the taxpayer, and a feel-good diversion from the rest of the coalition's agenda. Hypothesis: The coalition's core agenda is to reduce government's role in daily life.",1
fiction,'',Premise: A spark of annoyance lit Lincoln's eyes; the smallest hint of Natalia's Russian fire. Hypothesis: Lincoln wanted to kill Natalia with his bare hands in that precise moment.,1
slate,'',"Premise: But they persevered, she said, firm and optimistic in their search, until they were finally allowed by a packed restaurant to eat their dinner off the floor. Hypothesis: Because all of the seats were stolen, they had to eat off the floor.",1
fiction,'',"Premise: Waldemar Szary, a food technician at the OSM 'Paziocha', was having a very bad day - the kind of a very bad day, which normally comes after one of those very good days. Hypothesis: Waldemar Szary has been a food technician for OSM Paziocha since she graduated from culinary school. ",1
fiction,'',Premise: Perhaps we should prepare a militia. Hypothesis: We should prepare a militia to fight off the demons.,1
travel,'',Premise: Look for the servant girl hurtled into hell for flirting with the devil. Hypothesis: The depiction of the servant girl being flung into hell is very graphic.,1
slate,'',"Premise: In the stock market, however, the damage can get much worse. Hypothesis: The damage to the stock market can get much worse when prices increase. ",1
telephone,'',Premise: that's really true a lot of it is um the color certain colors seem to be more acceptable Hypothesis: Blue is more acceptable.,1
government,'',"Premise: Good  Oklahoma now has a Public Guardianship Program, albeit unfunded, that will supply lawyers to perform this rights-monitoring process Hypothesis: Good Oklahoma's program needs $100,000 of funding that it hasn't received.",1
fiction,'',Premise: Very simply.  Hypothesis: Only a little explanation was needed.,1
government,'',"Premise: The technology used to capture and evaluate information in response to the RFP permits LSC to compile and assess key information about the delivery system at the program, state, regional, and national level. Hypothesis: The technology that evaluates information from the RFP allows the LSC to compile information about delivery systems, though not very well.",1
fiction,'',Premise: 'And I don't want to risk a fire fight with what appear to be horribly equal numbers.' Hypothesis: I don't want to fight when we both have 1000 people.,1
telephone,'',"Premise: um we tried that but we really weren't happy with it so he does that all himself now Hypothesis: We tried valiantly, but because one of us wasn't happy with it, he decided to do it all himself. ",1
government,'',"Premise: NHTSA noted that the only other possible interpretation of section 330 was to treat the phrase standards promulgated . . . prior to the enactment of this section as Hypothesis: NHTSA's note came out at the critical time, and helped avert a major crisis.",1
slate,'',Premise: She buried his remains to spare her mother the gruesome sight. Hypothesis: The remains would have caused grief to her mother.,1
government,'',Premise: Such a knowledgebased process enables decision makers to be reasonably certain about critical facets of the product under development when they need this knowledge. Hypothesis: They wanted to share what they have already researched.,1
slate,'',Premise: The National Football League semifinals are set. Hypothesis: They were unable to disclose when the dates would be set.,1
government,'',"Premise: The case law is a whole body unto itself. Hypothesis: The case law is a whole body unto itself, because it perplexes some people. ",1
fiction,'',"Premise: 'Dave Hanson, to whom nothing was impossible.' Well, we have a nearly impossible task: a task of engineering and building. Hypothesis: This building job is almost impossible, even for an experienced engineer.",1
telephone,'',Premise: uh well i figured if i had it done in the garage at the Toyota dealer i would be looking at probably three or four hundred dollars Hypothesis: The cost at the dealer's garage is twice as much as what I paid.,1
travel,'',Premise: Hearty Sabbath meals. Hypothesis: Hearty meals will only be offered to Buddhists ,1
government,'',Premise: Both initial and supplemental proposed rule publications invited comments on the information collection requirements imposed by the rule. Hypothesis: Every comment is thoughtfully read and considered.,1
slate,'',"Premise: After three days of using the gel, my mouth has returned to its familiar self. Hypothesis: They had just undergone oral surgery. ",1
travel,'',Premise: Puppet Shows. Hypothesis: Free puppet shows,1
government,'',"Premise: As previously noted, we published new independence standards dealing with non-audit/consulting services when the AICPA failed to act. Hypothesis: The AICPA failed to act and we were forced to intervene.",1
travel,'',"Premise: In the summer, the Sultan's Pool, a vast outdoor amphitheatre, stages rock concerts or other big-name events. Hypothesis: Most rock concerts take place in the Sultan's Pool amphitheatre.",1
travel,'',"Premise: The great attraction of the church is the splendid exterior, which is crowned by golden onion-shaped cupolas. Hypothesis: The interior of the church, while still lovely, is much plainer.",1
fiction,'',"Premise: Long ago--or away, or whatever--there was a world called Thar?? and another called Erath. Hypothesis: Thar and Erath were not the only worlds in existence then.",1
slate,'',"Premise: Sue me, Royko wrote. Hypothesis: Royko was over their crap. ",1
government,'',"Premise: More detailed implementation plans also will be necessary to address business system, processes, and resource issues. Hypothesis: Plans are complex ",1
slate,'',Premise: Candidates must submit a set of fingerprints for review by the FBI. Hypothesis: Candidates must submit a set of fingerprints for review by the FBI for security clearance.,1
fiction,'',"Premise: Have you got him?"" Hypothesis: Did you catch him redhanded?",1
slate,'',"Premise: If anyone has a good idea about how to bring back the opinion leaders of yore, I am all for it. Hypothesis: No one has any good ideas.",1
telephone,'',Premise: uh wasn't that Jane Eyre no he wrote Jane Eyre too Hypothesis: It was in the third chapter of Jane Eyre.,1
fiction,'',Premise: Adrin heard of a young king in the south who fought against slavers and had an ivory skinned raven-haired swordswoman at his side. Hypothesis: Adrin was disgusted at the thought of the young king.,1
fiction,'',Premise: There are no means of destroying it; and he dare not keep it.  Hypothesis: He will be in trouble if he keeps it.,1
telephone,'',Premise: yes i i always turn on the TV set and it seems like i catch that program in the last five minutes and Hypothesis: I wish I was able to see more of that program.,1
slate,'',Premise: His authoritarian rule has prevented the emergence of future leaders and the development of strong civic and political institutions. Hypothesis: His rule is out of the norm and troubling.,1
travel,'',"Premise: The village is tiny and a total contrast to the bustle of the Trenchtown ghetto in Kingston, where he lived as a recording superstar. Hypothesis: The village only had one famous person.",1
telephone,'',Premise: and uh it may be a Mexican pizza sometimes both together um along with and see it which is really funny too you know normally she goes straight for vegetables except when she's having French fries Hypothesis: French fries very popular in this country.,1
government,'',"Premise: After considering comments of the Postal Service and other participants, the Commission found the proposal problematical, and declined to pursue it. Hypothesis: It was suggested that part of the reasons for the Commission's decision were financially-motivated.",1
telephone,'',"Premise: guess it didn't last too long at the box office but i thought it was pretty good Hypothesis: I guess it wasn't in the box office for a long period of time due to poor sales, but I still thought it was great.",1
government,'',"Premise: Although claims data provide the most accurate information about health care use, ensuring adequate follow-up for purposes of obtaining information from patient self-report is important because many people do not report alcohol-related events to insurance compa-nies. Hypothesis: The insurance companies want to reduce medical payments by following-up to ensure patient was sober at the time of incident and intoxication may lead to a claim denial on reimbursement for medical expenses. ",1
telephone,'',Premise: right after the war Hypothesis: The war was too long.,1
travel,'',Premise: Near Jerusalem Hypothesis: It is three miles from Jerusalem.,1
fiction,'',Premise: There were maybe three hundred people present. Hypothesis: It was a large crowd for a party.,1
fiction,'',Premise: Why shouldn't he be?  Hypothesis: He is already that way.,1
telephone,'',Premise: i tell you what i would not i would not buy a car that had the seat belt where it was hooked under the door Hypothesis: I used to own a car with the seat belts there.,1
fiction,'',Premise: Why bother to sacrifice your lives for dirt farmers and slavers? Hypothesis: No one cares about the dirt farmers and slaves.,1
travel,'',"Premise: Mykonos has had a head start as far as diving is concerned because it was never banned here (after all, there are no ancient sites to protect). Hypothesis: Protection of ancient sites is the reason for diving bans in other places.",1
fiction,'',"Premise: Pray be seated, mademoiselle. Hypothesis: Please, everyone be seated.",1
fiction,'',Premise: The four Javis children? asked Severn. Hypothesis: Severn knows everything about the Jarvis children.,1
slate,'',Premise: A 1997 Henry J. Kaiser Family Foundation survey found that Americans in managed care plans are basically content with their own care. Hypothesis: The henry kaiser foundation shows that people will always be content with how their healthcare is,1
telephone,'',Premise: yeah uh-huh but we look at it sort of as an investment in the future too Hypothesis: The results will not be noticeable until further down the line.,1
telephone,'',Premise: really oh i thought it was great yeah Hypothesis: I want to do that again,1
fiction,'',"Premise: And it was exactly on such a day, as this carefully selected Wednesday (which blushed from this distinction), that the mini-anti-aggressor was going to make the biggest of impressions. Hypothesis: Something strange will happen on Wednesday.",1
telephone,'',Premise: for me now the address is the same you know my my office address Hypothesis: My office won't accept any personal mail.,1
government,'',"Premise: As discussed in section 1, personal saving is the amount of aggregate disposable personal income left over after personal spending on goods and services. Hypothesis: Personal saving is how much disposable personal income is left over after personal spending and is typically about 5%.",1
slate,'',Premise: Pro-choicers point out that these close-up images literally cut the fetus's context--the woman--out of the picture. Hypothesis: Pro-choices say the close-up images are unfair to women.,1
slate,'',Premise: There are also dozens of fabulous pictures. Hypothesis: These product photographs show off the beauty of our craftsmanship.,1
telephone,'',Premise: yeah i know the motor oil Hypothesis: I know what they do with motor oil.,1
telephone,'',Premise: oh yeah IBM uh i mean uh a lot of people use human factors folks but IBM is what i'm looking at right now Hypothesis: I'm looking at IBM right now but I've looked at tons of other things.,1
fiction,'',Premise: Said we was a-staying at the inn. Hypothesis: He was staying at the inn in town.,1
slate,'',Premise: There is. Hypothesis: There was.,1
fiction,'',"Premise: No, indeed, said Cynthia.  Hypothesis: No, indeed, said my wife.",1
fiction,'',Premise: I felt like a rat. Hypothesis: I felt very weasily.,1
travel,'',"Premise: Jamaican music ska and, especially, reggae has since the 1970s been exported and enjoyed around the world. Hypothesis: Reggae is the most popular music style in Jamaica.",1
telephone,'',"Premise: actually i listened to one time i remember it's this is back when rap even uh i would say about ten or fifteen years ago i Hypothesis: About 15 years ago  I listened to Rap one time, I am not really that fond of it,",1
slate,'',"Premise: High Crimes is painfully shoddy, even for a book rushed to press. Hypothesis: Books that are rushed to press are usually shoddy.",1
slate,'',"Premise: (In the short run, higher-income taxpayers may pay more taxes, not less, if a capgains rate cut leads them to sell more assets than they otherwise would have done.) Hypothesis: Low income people will face a tax increase.",1
travel,'',"Premise: Kom Ombo is an unusual temple in that it is dedicated to two gods. Hypothesis: Rarely visited, Kom Ombo is a strange temple devoted to two gods.",1
telephone,'',Premise: did oh they're they are everywhere they Hypothesis: They spread out.,1
telephone,'',Premise: yes i've had a German Shepherd that did that one time Hypothesis: I had a German Shepherd that shed half of its fur once.,1
telephone,'',Premise: that was good and Poland yeah and i've done some of those yeah i like i like things that are those are a few of the ones i can take of his i like it when they actually are giving you information in a novel format i guess would be the Hypothesis: I like it when they are giving you information in a novel or short story format.,1
travel,'',"Premise: If you are keen to learn Israeli folk dancing, the Bicurei Ha'etim Cellar in Heftman Street will teach you. Hypothesis: The Bicurei Ha'etim Cellar is the only place to learn Israeli folk dancing.",1
travel,'',"Premise:  From Sant Francesc, take the road that leads southwest to Cap Berber?­a (the southernmost point in the Balearics). Hypothesis: Cap Berbera is the southernmost point and is very cold.",1
government,'',"Premise: But by one measure, it seems to have been static. Hypothesis: They were expecting it to be less stable.",1
slate,'',"Premise: But if you do, kill them. Hypothesis: If the situation is that, you should kill them because it will be necessary.",1
government,'',"Premise: Wagonheim said the program not only will benefit the needy, but also will help improve the public image of lawyers. Hypothesis: Due to the recent scandals, lawyers are in need of positive press locally here.",1
travel,'',Premise: This majestic room is used for modern-day entertaining when the queen hosts dinners and banquets. Hypothesis: Dinners with the queen in the Royal Dining Room are much sought after invitations.,1
telephone,'',Premise: i don't know um do you do a lot of camping Hypothesis: I enjoy camping.,1
fiction,'',"Premise: Sit down, will you?"" Tuppence sat down on the chair facing him. Hypothesis: He asked Tuppence to sit on a red chair. ",1
telephone,'',"Premise: an d now we got the governor she's going to do that Hypothesis: Now we have the governor, there is no way she is going to do it.",2
travel,'',Premise: Loire Valley Hypothesis: A Lake in Loire.,2
slate,'',Premise: Time 's cover package considers what makes a good school. Hypothesis: Time's cover package is about how most college students have to deal with insane student loans.,2
telephone,'',"Premise: yeah it's a U S territory and it's just we own it or Hypothesis: I used to be great at remembering this type of thing, but now I don't.",2
fiction,'',Premise: I never said you were a mandrake-man. Hypothesis: I have said you were a mandrake.,2
telephone,'',Premise: yeah that's true the traffic um yeah yeah Hypothesis: That's not true about the traffic.,2
travel,'',"Premise: The next year, he built himself a palace, Iolani, which can still be toured in Honolulu. Hypothesis: There are no palaces in Honolulu that can be toured.",2
telephone,'',Premise: so are can i just ask you are you Canadian Hypothesis: Are you from the U.S.?,2
slate,'',Premise: Monday's Question (No. Hypothesis: There was a question on Tuesday.,2
government,'',Premise: This site includes a list of all award winners and a searchable database of Government Executive articles. Hypothesis: The Government Executive articles housed on the website are not able to be searched.,2
slate,'',"Premise: There are no shares of a stock that might someday come back, just piles of options as worthless as those shares of Cook's American Business Alliance. Hypothesis:  Cook's American Business Alliance caused shares of stock to come back.",2
government,'',"Premise: Using a threestep development planning process, managers assess their current capabilities, determine their specific development needs, and build and execute a development plan. Hypothesis: Building and executing a development plan is impossible.",2
slate,'',Premise: The last 12 years of his life are a blank. Hypothesis: He recalls every moment of the last 12 years in excruciating detail,2
telephone,'',Premise: that's true i didn't think about that Hypothesis: That's not true.,2
government,'',Premise: This step of the analysis employs complex computer models that simulate the transport and transformation of emitted pollutants in the atmosphere. Hypothesis: The analysis is done on simplistic computers ,2
slate,'',Premise: He and his associates weren't operating at the level of metaphor. Hypothesis: He and his associates were operating at the level of the metaphor.,2
travel,'',"Premise: Their supplies scarce, their harvest meager, and their spirit broken, they abandoned the fort in 1858. Hypothesis: Their spirit was never broken despite having no more food.",2
fiction,'',"Premise: ""If you people only knew how fatally easy it is to poison some one by mistake, you wouldn't joke about it.  Hypothesis: Nobody can be poisoned by mistake.",2
travel,'',"Premise: They are built on the site of David's Tower, once the largest and most formidable structure in the castle. Hypothesis: There is nothing where David's Tower used to be.",2
slate,'',Premise: The celebrity-obsessed magazine surpasses itself in the post-Oscar issue. Hypothesis: The magazine is not interested in celebrities.,2
fiction,'',"Premise: And put like that, she added confidentially to Tommy, ""nobody could boggle at the expense!"" Nobody did, which was the great thing. Hypothesis: People boggled at the expense.",2
slate,'',"Premise: Zoom-out vs. zoom- Ever since Roe , pro-life posters and pamphlets have depicted isolated fetuses. Hypothesis: Pro-life posters haven't depicted isolated fetuses at all after Roe.",2
fiction,'',Premise: There never will be. Hypothesis: It should happen soon.,2
slate,'',"Premise: While obviously constrained by their bondage, blacks nonetheless forged a culture rich with religious observances, folk tales, family traditions, song, and so on. Hypothesis: Clearly are constrained by their folk tales and traditions.",2
government,'',"Premise: Concurrent with downsizing, procurement regulations have been modified to allow agencies greater flexibility and choice in selecting contracting methods for acquiring facilities. Hypothesis: Agencies have been further restricted and given less choice in selecting contracting methods.",2
slate,'',Premise: News argues that most of America's 93 million volunteers aren't doing much good. Hypothesis: News argues that all of America's volunteers are doing a lot of good.,2
travel,'',"Premise: The lucrative tin mines of Kuala Lumpur in the State of Selangor, of Sungai Ujong in Negeri Sembilan, and of Larut and Taiping in Perak were run for the Malay rulers by Chinese managers providing coolie labor. Hypothesis: The Malay rulers directed administrated their own tin mines.",2
government,'',"Premise: In particular, the model provides a useful framework for assessing the long-term implications of alternative budget policies through their effect on national saving. Hypothesis: This model is not useful for seeing how certain budget policies affect national saving, as the model does not record that.",2
telephone,'',Premise: it takes so much i mean it's like of course it does i mean by the times it transforms into Wave by mark off model and you put it in there and you want to correct those and then you know you're trying to make the the Wave smooth so you can approximately of course it's going to take a lot Hypothesis: It does not take anything.,2
travel,'',"Premise: Two bronze lions, carrying out feng shui principles, guard its doors. Hypothesis: Two golden calfs, carrying out capitalist principles, laugh at customers.",2
fiction,'',Premise: Jon's feeling of age and weariness must have shown. Hypothesis: Jon was feeling young and spry.,2
travel,'',Premise: Two natural rock formations are always pointed out on excursions. Hypothesis: There is only one natural rock formation in the area.,2
fiction,'',Premise: I just stopped where I was. Hypothesis: I continued on my way,2
telephone,'',Premise: and uh we went through a time period that we had three Danes Hypothesis: We never had Danes for a certain amount of time.,2
telephone,'',Premise: uh-huh so do you have to get a shade tolerant grass is that what you're Hypothesis: All grass seed needs full sun to grow.,2
slate,'',"Premise: It may be that the best way to read this text in the years ahead will not be with a magnifying glass, but through the looking glass--as a prism to discern what the political culture that produced Nixon shares with our own. Hypothesis: The political culture will not offer any lessons.",2
fiction,'',"Premise: There is nothing more to be done here, I think, unless, he stared earnestly and long at the dead ashes in the grate.  Hypothesis: There is sdo much left to do. ",2
slate,'',Premise: Do you think I should be concerned? Hypothesis: Do you think I should be confident?,2
fiction,'',Premise: It's mighty lucky you did say it. Hypothesis: It's pretty unlucky that you said it.,2
fiction,'',Premise: Then he turned to Tommy. Hypothesis: He walked away from Tommy after that.,2
government,'',"Premise: To help ensure the success of GPRA, the CFO Council, which the CFO Act created to provide the leadership foundation necessary to effectively carry out the Chief Financial Officers' responsibilities, established a GPRA Implementation Committee. Hypothesis: The CFO Act destroyed the CFO Council. ",2
government,'',"Premise: In these cases, participants risk losing not only their jobs but also a significant portion of their retirement savings if their company files for bankruptcy. Hypothesis: Participants have no risk in losing their job in these cases.",2
slate,'',"Premise: By seeding packs with a few high-value cards, the manufacturer is encouraging kids to buy Pokemon cards like lottery tickets. Hypothesis: Each Pokemon card pack is filled with every rare card a kid could want.",2
slate,'',Premise: Wacky Tangent of the  Washington Week in Review host Ken Bode scolded the New York Times Magazine for a Nov. 9 fashion spread he said endorsed the now-discredited fashion trend of heroin chic. Hypothesis: Heroin Chic is in.,2
government,'',Premise: Whether a government postal service can engage in these kinds of negotiations deserves serious study. Hypothesis: It is already certain that the postal service can engage in these negotiations.,2
telephone,'',Premise: and we decided we'd just go across the road to the office and see if we could rent anything Hypothesis: We decided not to go to the office across the road.,2
telephone,'',Premise: yeah well losing is i mean i'm i'm originally from Saint Louis and Saint Louis Cardinals when they were there were uh a mostly a losing team but Hypothesis: The St. Louis Cardinals have always won.,2
slate,'',Premise: If you missed the two top stories in yesterday's USAT --the government's first post-deregulation attempt to preserve competitiveness among airlines and the emergence of a drug that can prevent breast cancer--they are on the NYT 's front today. Hypothesis: These two stores about post-deregulation and breast cancer drug are not on the front page of NYT today.,2
travel,'',"Premise: The Irish Architectural Archive, a library of architectural materials, is at number 73 on the south side of the square. Hypothesis: At number 15 the Irish Architectural Archive can be found.",2
fiction,'',Premise: Were you in company with anyone? Hypothesis: Were you awake?,2
slate,'',Premise: Where would he be today without American commercial know-how? Hypothesis: Americans lack important commercial know-how.,2
travel,'',"Premise: As the Tokugawa shoguns had feared, this opening of the floodgates of Western culture after such prolonged isolation had a traumatic effect on Japanese society. Hypothesis: There was no traumatic effect on japanese society, when the floodgates of Western culture opened.",2
fiction,'',Premise: They even smiled at Susan and she smiled back. Hypothesis: They frowned at Susan.,2
telephone,'',Premise: well i hear my kids are needing me again so i'll go see what they need  and we'll maybe talk to you again Hypothesis: My kids are independent and do not need me at all.,2
fiction,'',"Premise: And far, far away- lying still on the tracks- was the back of the train. Hypothesis: The train was speeding along the track. ",2
government,'',"Premise: Cultural transitions of major organizations are never easy to accomplish, and I would certainly not claim that it will be easy for GAO. Hypothesis: It's always easy for major organizations to complete cultural transitions.",2
fiction,'',"Premise: Then as he caught the other's sidelong glance, ""No, the chauffeur won't help you any. Hypothesis: The chauffeur will certainly come to his rescue any moment now.",2
government,'',Premise: The agencies requesting guidance on internal controls when implementing fast pay have also designed procedures to verify receipt and acceptance of goods ordered on an afterthefact sampling basis rather than on the basis of a 100percent postpayment verification as is traditionally done. Hypothesis: The agencies requesting guidance were not involved with designing new procedures.,2
telephone,'',Premise: no no but you know i was just thinking of getting one those for the yard because they they are really nice and um up here we have uh we have quite a few mosquitoes at nighttime Hypothesis: I am not bothered by the mosquitoes. ,2
telephone,'',Premise: that's true um-hum well that's true the America's paying all this money to have other people give uh aid to other countries so they could be paying their own people and training their own people at the same time Hypothesis: America has spent nothing on foreign aid so how would they be able to train and pay their own people.,2
slate,'',"Premise: His mother died when he was young, and he was adopted by the Brodkeys. Hypothesis: He was made to live in an orphanage when his mother died.",2
travel,'',Premise: But there's plenty more. Hypothesis: There is not a sufficient amount. ,2
telephone,'',Premise: did you see it Hypothesis: There is nothing there.,2
government,'',Premise: The Congress also told LSC that it could not continue to fund its grantees presumptively and that it must begin to distribute its funds on a competitive basis. Hypothesis: Congress told LSC to give grantees funds presumptively and not do distribute funds on a competitive basis. ,2
government,'',"Premise: For example, service coordination is a popular remedy for limited funds. Hypothesis: There are no ways to overcome fund limitation.",2
telephone,'',"Premise: guess it didn't last too long at the box office but i thought it was pretty good Hypothesis: Wow, it lasted in the box office for so long, I'm surprised.",2
telephone,'',"Premise: so i like music i like listening to music so i don't usually listen to KCBI and then there's another one called Journey that's somewhere in between the two of those it's in between ninety and ninety four Hypothesis: KCBI does not play music, so I don't listen to it.",2
telephone,'',Premise: so i how do you feel that it should be applied Hypothesis: I do not care about your feeling just apply it whichever way to finish it already.,2
slate,'',Premise: Melatonin Hypothesis: It has no melatonin.,2
slate,'',"Premise: It seeks genuine direct elections after a period that is sufficient to organize alternative parties and prepare a campaign based on freedom of speech and other civil rights, the right to have free trade unions, the release of more than 200 political prisoners, debt relief, stronger penalties for corruption and pollution, no amnesty for Suharto and his fellow thieves, and a respite for the poor from the hardest edges of economic reform. Hypothesis: The only thing that can our society is more power to the presidential electors.",2
government,'',"Premise: approaches for setting different requirements for sources that pose different levels of hazard (tiering); worst-case releases and other hazard assessment issues; accident information reporting; public participation; inherently safer approaches; and implementation and integration of section 112(r) with state programs, particularly state air permitting programs. Hypothesis: There are no hazards and therefore aren't any different requirements.",2
slate,'',Premise: The White House denies this. Hypothesis: This has been accepted by the White House.,2
government,'',"Premise: As a result of the comments received, AMS changed the proposed rule and it was republished for comment in March 2000. Hypothesis: The rule was republished in December 2002.",2
travel,'',Premise: Agricultural shows Hypothesis: Military shows,2
fiction,'',"Premise: 'Dave Hanson, to whom nothing was impossible.' Well, we have a nearly impossible task: a task of engineering and building. Hypothesis: This engineering task won't be very difficult to complete.",2
travel,'',"Premise: The main attraction of Kom Ombo is the vibrant color still found on the columns in the Hypostyle Hall. Hypothesis: With it's drab and plain columns, the Hypostyle hall at Kom Ombo is basically ignored by visitors.",2
telephone,'',Premise: ooh it's kind of tough to think of some of the others although i do watch some of some of those frivolous things uh like on Thursday nights at nine o'clock when i get home from aerobics i will watch uh Knots Landing Hypothesis: I take an aerobics class at nine o'clock.,2
telephone,'',Premise: uh-huh well maybe well i've enjoyed talking to you okay bye-bye Hypothesis: I hated talking to you.,2
slate,'',"Premise: The WP runs a piece inside reporting that during a church service last Sunday, Cardinal John O'Connor of New York criticized President Clinton from the pulpit for taking Catholic communion while in South Africa. Hypothesis: The WP runs a piece outside reporting ",2
fiction,'',Premise: 'I saw him get aboard myself. Hypothesis: I never saw him get on.,2
travel,'',Premise: China's civil war sent distressing echoes to Hong Kong. Hypothesis: Japan fought a civil war.,2
telephone,'',Premise: and uh it may be a Mexican pizza sometimes both together um along with and see it which is really funny too you know normally she goes straight for vegetables except when she's having French fries Hypothesis: She often eats meat unless she's having water.,2
government,'',"Premise: A member of the only student-run chapter of the American Civil Liberties Union in New York state, Zelon worked to resolve disputes between students and police officers to help protect the public's right to peaceful protest. Hypothesis: Zelon is not run by students in New york state.",2
fiction,'',Premise: No one would ever think of sentiment in connection with you. Hypothesis: Everyone would expect sentiment when connecting with you.,2
telephone,'',Premise: yeah i can usually i can put in oh probably mid March i can put anything in the ground you know beets and onions and stuff like that Hypothesis: I usually wait until June before I put anything in the ground.,2
slate,'',"Premise: Although it's hard to disagree with James Surowiecki's roasting of Wade Cook in The Book on Cook, Surowiecki's assertion that the equity stock option market is simply a big casino that contribute[s] nothing to the smooth functioning of capital markets is both wrong and silly. Hypothesis: Wade Cook wrote The Book on Cook.",2
telephone,'',Premise: yeah but uh do you have small kids Hypothesis: It matters not if children are involved.,2
telephone,'',Premise: well that would be a help i wish they would do that here we have got so little landfill space left that we're going to run out before the end of this decade and it's really going to be Hypothesis: We have plenty of space in the landfill.,2
telephone,'',Premise: well i i'm doing computer science computer engineering Hypothesis: I am currently majoring in Biology at school.,2
government,'',"Premise: In most methods, we plan for data collection, then we collect the information, then we analyze it, and then we write the report. Hypothesis: data collection is not planned for.",2
slate,'',Premise: In our family we have two sons in public life. Hypothesis: Our family has no members in public life.,2
government,'',Premise: It is constrained by laws and regulations formulated by Congress over more than two centuries. Hypothesis: There are no laws constraining it.,2
government,'',"Premise: If necessary to meeting the restrictions imposed in the preceding sentence, the Administrator shall reduce, pro rata, the basic Phase II allowance allocations for each unit subject to the requirements of section 414. Hypothesis: Section 414 helps higher allowance allocations for each unit.",2
telephone,'',Premise: and ancient coins Hypothesis: And really new coins.,2
travel,'',Premise: The river-beds are mostly too shallow for anything but flat-bottomed boats. Hypothesis: The river-beds are deep and can accommodate any kind of boat. ,2
government,'',Premise: The state legislature provides significant bipartisan support for the legal services delivery system. Hypothesis: State legislature provides no legal delivery system,2
government,'',"Premise: However, assuming the procedural requirements of Chapter 36 are met, changes negotiated by the Postal Service and a mail user for their mutual benefit may merit recommendation under the applicable statutory standards. Hypothesis: Changes negotiated by the Postal Service are too regular and prohibit my postal services.",2
telephone,'',Premise: um-hum yeah i saw that for the first time yesterday in the evening Hypothesis: I have seen that many times before.,2
telephone,'',Premise: i also use my PC to emulate a mainframe terminal for our IBM mainframe and also to emulate a deck terminal for our deck machine Hypothesis: My PC is never used to emulate anything.,2
government,'',"Premise: A lot of people are going to look at it and say, 'Well, I took the exam the way it is and that's what I had to do it,' said Mr. Curnin.  Hypothesis: A lot of animals are going to say the exam was very hard.",2
slate,'',"Premise: (Never mind the strictest reading, which supposes that creation took a week.) Hypothesis: Which supposes that the creation took a month.",2
government,'',Premise: Our review indicates that the Food and Drug Administration complied with the applicable requirements. Hypothesis: The FDS has suggestions but no regulations.,2
government,'',"Premise: CHAPTER 6: HUMAN CAPITAL Hypothesis: Capital is money, not people.",2
slate,'',Premise: She  People are rarely indifferent to the magazines I've put out. Hypothesis: People are always very indifferent to the magazines I've put out.,2
fiction,'',"Premise: I went on, 'I'm going to warn you, whether you like it or not.  Hypothesis: I won't warm you since you don't want me to. ",2
telephone,'',Premise: or they had somebody at home that was ill that they had to tend to i mean you can't make it everybody Hypothesis: They did not have anything to do.,2
government,'',"Premise: 2.5 Financial audits are performed under the American Institute of Certified Public Accountants' (AICPA) generally accepted auditing standards for field work and reporting, as well as the related AICPA Statements on Auditing Standards (SASs) which interpret the standards and provide guidance on conducting such work. Hypothesis: Financial audits are not performed with generally accepted auditing standards.",2
fiction,'',Premise: He had to try something. Hypothesis: He didn't need to try anything.,2
government,'',Premise: REESTIMATE -Refers to estimates of the subsidy costs performed subsequent to their initial estimates made at the time of a loan's disbursement. Hypothesis: Reestimate is a term that doesn't deal with estimates.,2
telephone,'',Premise: as long as you got congressmen and senators that are getting kickbacks kickbacks from these different companies that are getting awarded for the defense contracts that's never going to happen Hypothesis: There is no corruption in government.,2
slate,'',Premise: Vatican II gave rise to a less hierarchical and more outward-looking Catholicism and set the stage for once-unthinkable innovations like plainclothes nuns and the celebration of the Mass in English and other modern languages. Hypothesis: Vatican II led to a greater centralization of power within the Catholic church.,2
telephone,'',Premise: those little kids don't understand it Hypothesis: The little kid understand it perfectly. ,2
travel,'',Premise: Exhibitions are often held in the splendid entrance hall. Hypothesis: The entrance hall is kept clear of any exhibitions.,2
fiction,'',"Premise: I feel that you probably underestimate the danger, and therefore warn you again that I can promise you no protection. Hypothesis: I feel that you do not underestimate the danger, and therefore I do not need to warn you.",2
telephone,'',Premise: it it i think that is the biggest problem when you really not you don't don't really need the stuff but the nicer looking clothes are the more expensive nicely tailored clothes Hypothesis: It is the same price for tailored clothes.,2
travel,'',"Premise: The park is a graceful and elegant expanse with fine views of the mountains, much loved by Dubliners since it was first opened to the public in 1747. Hypothesis: The park is ugly and you can't even see the mountains.",2
slate,'',Premise: Working for Philip Morris isn't like defending an indigent murderer in a death penalty appeal. Hypothesis: Working for Philip Morris is the same as criminal defense. ,2
fiction,'',Premise: The last stages of uploading are like a mental dry-heave. Hypothesis: There's really no discernible feeling when to comes to uploading.,2
fiction,'',"Premise: We are assured of success?"" Hypothesis: ""We are going to fail, aren't we?""",2
travel,'',"Premise: A conventional siege was useless against such a seemingly impregnable rock, however, and with so much food and water the Zealots could not be starved into submission. Hypothesis: The siege was very effective, and the Zealots began to starve to death.",2
fiction,'',"Premise: I understand, mademoiselle, I understand all you feel.  Hypothesis: I have no clue how you feel, madam.",2
travel,'',"Premise: During his disastrous campaign in Russia, he found time in Moscow to draw up a new statute for the Com??die-Francaise (the national theater), which had been dissolved during the Revolution. Hypothesis: Russia has been successfully invaded hundreds of times.",2
travel,'',"Premise: The advent of the Bronze Age (about 3200 b.c. ), and the spread of city-states ruled by kings, is marked by the appearance of royal tombs containing bronze objects in such places as Troy in the west, and Alacah??y??k near Ankara. Hypothesis: The tomb of Troy is full of bronze and silver treasure.",2
government,'',Premise: I think this report shows that we have had an inordinately productive and successful year. Hypothesis: Nothing productive is needed for a successful year,2
travel,'',Premise: Larger ski resorts are 90 minutes away. Hypothesis: Larger ski resorts are actually 20 minutes away by foot.,2
telephone,'',Premise: but it but again it depends on what job you're in the men that are out there fixing power lines are tested a lot Hypothesis: The men who fix the power lines are never tested.,2
slate,'',Premise: Just look at the entertainment industry's self-image instead. Hypothesis: Look at the lawnmower industry for example. ,2
fiction,'',"Premise: I guess history repeats itself, Jane. Hypothesis: History certainly doesn't repeat, Jane.",2
slate,'',Premise: I like ethnic humor. Hypothesis: I hate racial jokes.,2
travel,'',Premise: The tree-lined avenue extends less than three blocks to the sea. Hypothesis: You must travel two miles via the avenue to the sea.,2
slate,'',"Premise: Tommy Thompson of Wisconsin and Mayor Rudolph Giuliani of New York, the conservative vanguard on the issue, show no inclination to exploit research that says, in effect, Why care about day-care quality? Hypothesis: Thompson and Giuliana are exploiting the research.",2
fiction,'',Premise: But there's SOMETHING. Hypothesis: There's absolutely nothing in there.,2
slate,'',"Premise: Sun Ra's spaceships did not come, as it were, out of nowhere. Hypothesis: The spaceships came from nowhere.",2
travel,'',"Premise: Alonissos has been settled longer than any other Aegean island, estimated by archaeologists to date from 100,000 b.c. , and was valued by many leaders in classical Greek times. Hypothesis: Other Aegean islands were settled on before Alonissos.",2
slate,'',"Premise: In the case of speech, Fiss appears to believe that the reason the American public is less enlightened than he would wish it to be concerning matters such as feminism, the rights of homosexuals, and regulation of industry is that people are denied access to the opinions and information that would enlighten them. Hypothesis: People in America are very well informed on controversial topics, according to Fiss.",2
government,'',Premise: TEST ORGANISMS Hypothesis: Test Rocks,2
fiction,'',"Premise: Lie back, and DON'T THINK. Hypothesis: Stand up and start thinking.",2
government,'',"Premise: LSC set a deadline of October 1, 1998, for submission of state planning reports. Hypothesis: There is no deadline with the LSC to submit state planning reports",2
telephone,'',Premise: yeah they were my favorite team for a while Hypothesis: They were always the worst team ever.,2
fiction,'',"Premise: What are you going to do about it?"" Tuppence frowned severely. Hypothesis: Tuppence didn't care what happened.",2
government,'',"Premise: As with other types of internal controls, this is a cycle of activity, not an exercise with a defined beginning and end. Hypothesis: There is a clear ending to this exercise, and it's fast approaching.",2
fiction,'',"Premise: I shan't stop you."" Hypothesis: I will stop you.",2
government,'',Premise: This fellow is flying a hot air balloon and suddenly realizes he is lost. Hypothesis: This fellow is flying a hot air balloon and knows of his own whereabouts.,2
slate,'',Premise: John Kasich dropped his presidential bid. Hypothesis: John Kasich recommitted himself to the presidential bid and plans on winning.,2
fiction,'',"Premise: Do you think Mrs. Inglethorp made a will leaving all her money to Miss Howard? I asked in a low voice, with some curiosity.  Hypothesis: I yelled at the top of my lungs.",2
travel,'',"Premise: In 1654 Oliver Cromwell, Lord Protector of England, dispatched a British fleet to the Caribbean to break the stranglehold of the Spanish. Hypothesis: Cromwell sent nobody to the Caribbean.",2
slate,'',"Premise: On Fox News Sunday , host Tony Snow touted a poll showing that 60 percent of Americans think the allegations represent a pattern of behavior. Hypothesis: Tony Snow was not able to show a poll showing the Americans thoughts on the allegations.",2
fiction,'',"Premise: She was quite young, not more than eighteen. Hypothesis: She looked older even though she was only barely eighteen. ",2
slate,'',Premise: Randy's Anecdotal Wrap-Up Hypothesis: Randy's Introduction,2
slate,'',"Premise: And here, current history adds a major point. Hypothesis: Current history doesn't add any points to it.",2
government,'',Premise: These rules were not used extensively. Hypothesis: These rules were used often and in high frequency.,2
government,'',"Premise: For this report, we provide an overview of the major theories about why people save and describe various factors associated with the decline in personal saving. Hypothesis: Nobody has any codified ideas as to why people might save.",2
travel,'',"Premise: They returned to live in the Galilee village of Nazareth, making pilgrimages to Jerusalem. Hypothesis: They lived in Jerusalem but would make pilgrimages to Galilee.",2
slate,'',"Premise: After being diagnosed with cancer, Carrey's Kaufman decides to do a show at Carnegie Hall. Hypothesis: Carrey's Kaufman is only diagnosed with cancer after doing a show at Carnegie Hall.",2
telephone,'',Premise: yeah well we veered from the subject Hypothesis: We managed to stay on subject the whole time.,2
slate,'',"Premise: He was a pilot, not a platoon leader. Hypothesis: He was a decorated platoon leader with many years of command experience.",2
slate,'',Premise: That is exactly what our head coupon issuer Alan Greenspan did in 1987--and what I believe he would do again. Hypothesis: This is what Greenspan did in 1987 so I don't think he will do it again.,2
government,'',Premise: We are also advocating enhanced reporting in connection with key federal performance and projection information. Hypothesis: We are not advocating enhanced reporting in connection with key federal performance.,2
slate,'',Premise: I am a lacto-vegetarian. Hypothesis: I eat meat all of the time.,2
slate,'',"Premise: Republican consultants agree that conservative candidates in the South, Southwest, Midwest, and Rocky Mountains will beg for Reed's talents and connections. Hypothesis: Republicans do not thing anyone will want Reed's talents.",2
telephone,'',Premise: hi Cynthia what did you wear to work today Hypothesis: You did not go to work today. ,2
travel,'',Premise: For the next two centuries Aelia Capitolina enjoyed an innocuous history. Hypothesis: The next two centuries spelled disaster for Aelia Capitolina which was constantly harassed.,2
government,'',"Premise: That is, businesses commonly contract out any function that can be done by another firm at a lower cost. Hypothesis: Businesses always perform business functions internally.",2
travel,'',"Premise: The m??tro (subway) is the fastest way to move around the city, but the buses, both in the capital and the other big towns, are best for taking in the sights. Hypothesis: Taking the subway is much slower than taking the bus. ",2
slate,'',"Premise: Bettelheim committed suicide in 1990, evidently having found life unbearable, despite (or because of) his fictions. Hypothesis: Bettelheim killed himself in 2005.",2
travel,'',"Premise: The museum is open from 9am to 1pm and 2 to 5pm Monday to Friday (with audio-visual shows in the afternoon), and on Saturday mornings. Hypothesis: The museum is only ever open in the afternoon.",2
telephone,'',Premise: but uh i've always enjoyed uh the train and you know fooling with it and all Hypothesis: I think trains are quite boring.,2
telephone,'',Premise: i bet it was that they do that you know they they have kittens out there in the garage or out in the barn and the first time you try to get around the kittens you know it's you'd have to catch them with a uh a fish net or something because they scamper away so quick Hypothesis: The prey is meant to be eaten.,2
telephone,'',Premise: yeah yeah i i went i went off to school wanting to either be a high school algebra teacher or high school French teacher because my two favorite people in the in high school were my algebra teacher and French teacher and uh and i was going to do that until the end of our sophomore year when we wanted uh we came time to sign up for majors and i had taken chemistry for the first time that year and surprised myself i did well in it Hypothesis: You are required to sign up for a major freshman year. ,2
slate,'',Premise: A muckraking cover story investigates how the Pentagon disposes of surplus weapons (the short  badly). Hypothesis: Back page story about what a great job the Pentagon does of disposing surplus weapons.,2
telephone,'',Premise: huh-uh the the yeah see the Taurus Show has the spoiler kit and the and the big engine and the and stuff like that Hypothesis: The Taurus show was missing spoiler kits.,2
travel,'',"Premise: The tomb of Job Charnock, the Company official who founded the city of Caletta, is in the church cemetery. Hypothesis: The Tomb of Job Charnock is not in the church cemetery.",2
telephone,'',Premise: yeah because it like i i think i've seen those before but i don't remember what they look like Hypothesis: I remember vividly what they look like.,2
telephone,'',Premise: well in a way you can travel light Hypothesis: You have to travel heavy. ,2
telephone,'',Premise: so they don't deal much in cash anymore either Hypothesis: They still heavily use cash for their transactions.,2
travel,'',"Premise: Good spots for blues are Harvelle's Blues Club in Santa Monica, Jack's Sugar Shack in Hollywood, and the House of Blues in West Hollywood. Hypothesis: Harvelle's Blues Club in Santa Monica is a terrible spot for blues shows.",2
government,'',"Premise: We need to look at the implications that these differing roles have for a range of issues, such as SES core competencies, performance standards, recruitment sources, mobility, and training and development programs. Hypothesis: We can completely ignore the implications of the roles on mobility.",2
telephone,'',Premise: no no not at all it Hypothesis: All of them,2
travel,'',"Premise: The fancifully decorated Macau Palace, a floating casino moored on the western waterfront, is fitted out with gambling tables, slot machines (known locally as hungry tigers ) and, for hungry humans, a restaurant. Hypothesis: Macau Palace is found on the eastern waterfront.",2
slate,'',"Premise: 1) Increased federal enforcement . Before Hoover's death, the FBI did not aggressively investigate the Mafia. Hypothesis: The FBI started aggressively investigating the Mafia after Hoover was born. ",2
travel,'',"Premise: On the northern slopes of this rocky outcropping is the site of the ancient capital of the island, also called Thira, which dates from the third century b.c. (when the Aegean was under Ptolemaic rule). Hypothesis: Is the site of the ancient asteroid impact, also called Thira.",2
fiction,'',"Premise: Apparently, Greuze wasn't worried about needing protection. Hypothesis: Greuze concerned himself all the time with needing protection.",2
fiction,'',Premise: He had never felt better. Hypothesis: He felt very sick.,2
telephone,'',Premise: but uh TV is something that we try to not um deliberately try not to get hung up on it like you say Hypothesis: We are very obsessed with watching TV programs.,2
fiction,'',Premise: They do not know it themselves.'   Hypothesis: They know it all.,2
government,'',Premise: ECONOMETRIC MODEL -An equation or a set of related equations used to analyze economic data through mathematical and statistical techniques. Hypothesis: Economic models are not related to data,2
telephone,'',"Premise: yeah pay fifteen yeah yes i know yeah and when you pay fifteen dollars a month it sure takes a long time Hypothesis: When you pay $100 a month, it take a long time.",2
travel,'',Premise: Catch up on the Indian avant-garde and the bohemian people of Caletta at the Academy of Fine Arts on the southeast corner of the Maidan. Hypothesis: The Academy of Fine Arts is located in Northern Maidan.,2
fiction,'',"Premise: After the second course I began to feel slightly at ease, although I couldn't help being disturbed by the way they just stared at me. Hypothesis: I felt at ease around them.",2
fiction,'',Premise: Then he gave in. Hypothesis: He would not give in.,2
travel,'',Premise: The Lake District is not the place to come if you want lots of action into the early morning hours. Hypothesis: The lake district is open 24/7.,2
slate,'',Premise: Fast forward to 1994 and beyond. Hypothesis: Stay in 1993.,2
travel,'',"Premise: Just east of the Star Ferry terminal, you'll come to CityHall. Hypothesis: City Hall is extremely far west of the ferry terminal.",2
government,'',"Premise: In other cases, we must rely on survey approaches to estimate WTP, usually through a variant of the contingent valuation approach, which generally involves directly questioning respondents for their WTP in hypothetical market situations. Hypothesis: Hypothetical market situations are uniform across all respondents.",2
travel,'',"Premise: Alexander the Great, who passed through the city in 334 b.c. , paid for its completion; five of the original 30 columns have been restored to their full height. Hypothesis: Alexander the Great never spent any time in this city.",2
slate,'',"Premise: Friendly Fire , by Joe Lovano and Greg Osby (Blue Note Records). Hypothesis: Joe Lovano didn't contribute anything to Friendly Fire. ",2
slate,'',"Premise: The unintended side effect is radical, direct  In what other state do voters set the tax rates? Hypothesis: There is a radical side effect that was intended.",2
slate,'',"Premise: we were talking . Try to behave Hypothesis: We are having an argument, come at me if you dare!",2
fiction,'',Premise: Arsenic would put poor Emily out of the way just as well as strychnine.  Hypothesis: Neither arsenic nor strychnine would be effective on Emily.,2
fiction,'',Premise: 'Upload him into his body? What body?' Hypothesis: He has a body.,2
travel,'',"Premise: In the Blue Mountain National Park and the John Crow National Park, which together cover 78,200 hectares (193, 200 acres), conservationists are attempting to halt the encroachment of local farmers and loggers. Hypothesis:  Blue Mountain National Park and the John Crow National Park together are only 200 acres.",2
government,'',Premise: The final rule contains a Federalism Assessment under Executive Order Hypothesis: The final rule had a federalism assessment that was added through a special election.,2
government,'',"Premise: NHTSA concluded that while section 330 superseded the section 32902 criteria, it did not supersede the section 32902 mandate that there be CAFE standards for model year 1998. Hypothesis: NHTSA concluded that section 330 did not supersede the section 32902 criteria. ",2
fiction,'',"Premise: His vigorous strides soon enabled him to gain upon them, and by the time he, in his turn, reached the corner the distance between them was sensibly lessened. Hypothesis: His short, feeble strides soon left him trailing far behind.",2
travel,'',Premise: Visigoths sack Rome Hypothesis: The Visigoths were a peaceful group.,2
slate,'',Premise: The relatively small crowds mean that fans sit close to the action. Hypothesis: Fans sit far from the action.,2
telephone,'',Premise: yeah well i can't i'll you know i say i can't wait for my kids to grow up but i believe i'm going to miss this age when they're gone Hypothesis: I never had any children with my wife.,2
telephone,'',Premise: so it's sociology Hypothesis: so it's biology,2
fiction,'',Premise: They greeted her and she smiled shyly back. Hypothesis: They didn't say anything to the girl.,2
slate,'',Premise: (Read Slate 's  on how Bush flaunts the courage of his cliches. Hypothesis: Slate talks about how Bush is ashamed of his cliches.,2
slate,'',"Premise: It will be held in the Maryland woods, and the telecast will consist of jittery footage of the contestants' slow descent into madness as they are systematically stalked and disappeared/disqualified by Bob Barker. Hypothesis: The show will be set in the woods north of Boston.",2
travel,'',"Premise: All-inclusive packages and large resort hotels offer restaurants, sporting activities, entertainment, wide-screen sports channels in the bars, shopping, and a guaranteed suntan. Hypothesis: Suntans are not included.",2
travel,'',"Premise: Favored by the Ancient Egyptians as a source of turquoise, the Sinai was, until recently, famed for only one event but certainly an important one. Hypothesis: The Ancient Egyptians found nothing of use in the Sinai.  ",2
government,'',"Premise: In this case, shareholders can pay twice for the sins of others. Hypothesis: shareholders can pay once for the sins of others.",2
telephone,'',"Premise: oh sure sure right um-hum right Hypothesis: No, no",2
telephone,'',Premise: i quit i quit drinking at oh a long time ago quit drinking i didn't smoke i don't smoke i gave everything up so i guess i don't know what just old age i guess is why i Hypothesis: I drink and smoke.,2
fiction,'',"Premise: With dark eyes and eyelashes she would have been a beauty.  Hypothesis: There was nothing that could be done to make her beautiful, not even darker eyes.",2
government,'',"Premise: For example, computers and related equipment have an estimated annual depreciation rate of 31 percent,7 and new versions of software applications are released every few years. Hypothesis: There is no way to peg an exact life expectancy to equipment.",2
fiction,'',"Premise: Almost directly overhead, there was a rent place where the strange absence of color or feature indicated a hole in the dome over them. Hypothesis: They were not inside of a dome.",2
fiction,'',Premise: I lay awake waiting until I judged it must be about two o'clock in the morning. Hypothesis: I fell asleep before midnight and didn't wake up until six in the morning. ,2
telephone,'',Premise: yeah right uh-huh that's right yeah you you have to work on you really do Hypothesis: You don't really have to work at it.,2
travel,'',Premise:  8th circa b.c.Greeks colonize Sicily and other southern regions Hypothesis: The Greeks colonized Sicily but never the other southern regions.,2
slate,'',"Premise: Under the budget deal, by 2002, national defense will consume about $273 billion a year compared with $267 billion now. Hypothesis: The national defense budget will decrease by 2002.",2
travel,'',"Premise: Watch for Pagla Jhora, the Mad Torrent, just after Gladstone's Rock (shaped like the statesman's head). Hypothesis: The Mad Torrent comes before Gladstone's Rock.  ",2
slate,'',"Premise: Wanniski and company have been drubbed by the Wall Street Journal , the New York Times ' A.M. Hypothesis: the Wall Street Journal has never drubbed anybody.",2
travel,'',"Premise: As a basic guide, the symbols below have been used to indicate high-season rates in Hong Kong dollars, based on double occupancy, with bath or shower. Hypothesis: This page intentionally left blank.",2
travel,'',Premise:  Ibiza's seven-bulwark defences are almost completely intact. Hypothesis: Ibiza's walls have crumbled due to the weather.,2
government,'',Premise: I think it is important for everyone to understand the extent to which First-Class mail is already carrying a disproportionate share of the institutional cost or overhead burden of the postal system. Hypothesis: The burden is enough for first class mail to handle.,2
telephone,'',Premise: it gets it Hypothesis: It doesn't get it.,2
fiction,'',"Premise: 17 ""Surely you are not thinking of refusing?  Hypothesis: You should pass up the opportunity.",2
government,'',"Premise: The Saving Mystery, or Where Did the Money Go? Hypothesis: There is no mystery about spending.",2
travel,'',"Premise: In addition, Saracens invaded the Provencal coast from North Africa, and Magyar armies attacked Lor?­raine and Bur?­gun?­dy. Hypothesis: The Magyar armies did not attack anyone.",2
slate,'',Premise: He fled in his car when cops arrived and led them on a chase that ended in the massive crash. Hypothesis: He stayed put and calmly showed the officers his license and registration.,2
government,'',"Premise: As Russell points out, some 400,000 legal aid cases go unassisted each year. Hypothesis: Zero legal aid cases go unassisted each year.",2
government,'',Premise: GAO recommends that the Secretary of Defense revise policy and guidance Hypothesis: GAO recommends that you eat 5 fruit/veg per day,2
fiction,'',"Premise: At the top, it bore the printed stamp of Messrs.  Hypothesis: They had no idea where the package had came from as it did not have a stamp.",2
travel,'',"Premise: Children, especially boys, are seen as a blessing and are treated with indulgence, fussed over by mothers and grandmothers. Hypothesis: Male children don't get any special kind of treatment.",2
government,'',Premise: The pieces are unloaded and fed into sorting machines. Hypothesis: They were unloaded but not sorted,2
government,'',Premise: I now submit this report to you and the other designated officials. Hypothesis: I will not give the report to you or the other officials ,2
government,'',"Premise: the approving official's knowledge true, correct, and accurate, and in accordance with applicable laws, regulations, and legal decisions. Hypothesis: The approving official's lack of knowledge in accordance with applicable laws. ",2
slate,'',"Premise: It is extremely dangerous to  Every trip to the store becomes a temptation. Hypothesis: Even with every trip to the store, it never becomes a temptation.",2
slate,'',Premise: So it was traumatic. Hypothesis: It wasn't traumatic for me. ,2
fiction,'',Premise: Don't you know? Hypothesis: You know.,2
government,'',"Premise: However, SCR installations designed to comply with the NOX SIP Call are generally already into the installation process or, at a minimum, into the engineering phase of the project. Hypothesis: SCR installs don't have NOX SIP to comply with.",2
government,'',Premise: Improved products and services   Initiate actions and manage risks to develop new products and services within or outside the organization. Hypothesis: Improved products are riskless,2
telephone,'',"Premise: probably you probably got everybody on you because they were probably all going to law school Hypothesis: They don't like to study, they aren't going to college.",2
slate,'',Premise: Cop  Bud White (Crowe) and Ed Exley (Pearce) almost mix it up (59 seconds) : Hypothesis: Bud White has never been a cop.,2
fiction,'',Premise:  The second half of the book dealt with the use of the true name. Hypothesis: The book mentioned nothing about true names at all.,2
travel,'',"Premise: A chancy road winding up to the 475-metre (1,560-foot) summit is likely to test the engine and suspension of your car, as well as your own persistence. Hypothesis: It is a short and easy trip to get to the summit.",2
telephone,'',Premise: but like they always say you know got a good profit sharing plan just no profit Hypothesis: There's a lot of money in this profit sharing plan.,2
fiction,'',Premise: I'd noticed him more than once and I'd figured it out in my own mind that he was afraid of somebody or something. Hypothesis: He looked like a brave young man who is never afraid of anything or anyone.,2
slate,'',Premise: All these sites will automatically lead into George Dubbawya's Web site (www.georgewbush.com). Hypothesis: These sites have nothing to do with George W. Bush's website.,2
fiction,'',Premise: His family had lost a son and a daughter now. Hypothesis: The son and daughter had lost their father.,2
government,'',Premise: The panels are to collect advice and recommendations from representatives of affected small entities as part of their deliberative process. Hypothesis: The panels do not need to collect anything from the representative of the affected small entities.,2
travel,'',"Premise: The library is the largest of any plantation in Jamaica, with over 300 volumes, including three first editions; the books would have been used to while away the long humid days. Hypothesis: The library is the smallest estate in Jamaica, with only three books. ",2
slate,'',Premise: There's a dramatic difference between someone like Michael Dell and someone like Al Dunlap. Hypothesis: They are actually twins separated from birth. ,2
government,'',"Premise: appropriate agency representatives, help resolve Hypothesis: inappropriate workers for the job, not helpful",2
telephone,'',Premise: it's like but the time we went to Florida and needed to rent a car you know he believed in it Hypothesis: We have never been to Florida.,2
travel,'',"Premise: The same year, the University of Hawaii campus at Manoa became the site of the Center for Cultural and Technical Interchange Between East and West (popularly known as the East West Center), a unique and venerated resource for advanced Pacific Rim studies. Hypothesis: The University of Hawaii campus is located in Honolulu. ",2
government,'',Premise: We are concerned that the significant emissions reductions are required too quickly. Hypothesis: We're concerned about emissions reducing too quickly. ,2
telephone,'',Premise: and the other thing is the cost it's almost prohibitive to bring it to a dealer Hypothesis: It's cheap to bring it to a dealer.,2
government,'',"Premise: Similarly, OIM revised the electronic Grant Renewal Application to accommodate new information sought by LSC and to ensure greater ease for users. Hypothesis: The OIM is hoping to revise the Grant Renewal Application to reduce the LSC's ability to request information.",2
telephone,'',Premise: But those that are manufactured for sale in in Europe and so forth are quite the other way around Hypothesis: The ones made in Europe are exactly the same as the ones here.,2
telephone,'',Premise: did you use a textured paint or Hypothesis: Did you use red bricks?,2
slate,'',"Premise: Hey, no problem, a fine policy. Hypothesis: The worst policy ever.",2
government,'',Premise: Postal Service could increase those same rates by at least 13. Hypothesis: The rates can not be changed by the Postal Service.,2
fiction,'',"Premise: It was still night. Hypothesis: The sun was blazing in the sky, darkness nowhere to be seen.",2
government,'',"Premise: Generally, FGD systems tend to be constructed closer to the ground compared to SCR technology retrofits. Hypothesis: FGD systems tend to replicate SCR systems.",2
telephone,'',Premise: uh somewhat they're not my favorite team i am uh somewhat familiar with them Hypothesis: They are my favorite team and I know everything about them.,2
telephone,'',Premise: no i i even i enjoy reading T News i try to catch it because it's another example they just they just show you the words and the facts and they they don't offer any commentary and it gives me a quick chance to to be caught up during the day because you know we don't listen to the radio at work at all so i don't like to go the whole day without hearing anything Hypothesis: We are bombarded with the news all day that when I get home I need to turn it off.,2
telephone,'',"Premise: yes that i think that's true so that makes them feel definitely like outsiders but like getting back to the their government benefits they they do have a lot of uh tax benefits Hypothesis: They definitely feel included, but they don't have any tax benefits. ",2
government,'',"Premise: These aliens may seek legal assistance at any time during the year, although limited English ability and lack of knowledge of rights and procedures may provide obstacles to seeking and obtaining representation. Hypothesis: These immigrants never need legal assistance.",2
travel,'',"Premise: If ancient writings give only a romanticized view, they do offer a more precise picture of Indo-Aryan society. Hypothesis: Ancient writings  show an accurate picture of Indo-Anryan society.",2
slate,'',Premise: This man claims that he has been robbed en route and is stranded without money or his plane ticket in an airport somewhere in Europe or the Middle East. Hypothesis: He claimed he was robbed but was able to get away without losing anything.,2
government,'',Premise: The importer pays duties that are required by law Hypothesis: The importer never pays taxes ,2
government,'',"Premise: Participants suggested the need for a new reporting model for auditing, a renewed focus on the quality of auditing, and building more effective working relationships with the audit committee. Hypothesis: Participants wanted the auditing model to stay the same.",2
government,'',Premise: Many users commented on the effectiveness of the new technology in promoting closer relationships among providers. Hypothesis: They were disappointed to hear the consumer complaints.,2
fiction,'',"Premise: In about a quarter of an hour the bell rang, and Tuppence repaired to the hall to show the visitor out. Hypothesis: After 15 minutes, nothing happened and Tuppence and the visitor decided that it was time to eat some lunch. ",2
travel,'',Premise: Tourist Information offices can be very helpful. Hypothesis: Tourist Information offices are never of any help.,2
fiction,'',"Premise: You're crazed, Beresford. Hypothesis: You are a sane genius, Beresford.",2
telephone,'',Premise: you know and then how long are they supposed to take it Hypothesis: You don't know the length of time they're supposed to take the medication.,2
fiction,'',"Premise: No, I exclaimed, astonished.  Hypothesis: ""Okay,"" I agreed breezily. ",2
slate,'',"Premise: Given the limits on the WTO's jurisdiction, it was probably unreasonable of Kodak to expect a real victory. Hypothesis: Kodak was totally justified in expecting a victory.",2
slate,'',"Premise: The event is the definition of a crowd pleaser, replete with appearances by the Rockettes, the Mormon Tabernacle Choir, and Santa Claus (the act isn't entirely without bite; there's also a very funny moment involving a heart attack). Hypothesis: Expectations are low for the event on the back of Santa Claus's absence due to health concerns.",2
fiction,'',"Premise: Now then, Miss Tuppence, said Sir James, ""you know this place better than I do. Hypothesis: Sir James strode off, exclaiming that he didn't need any help.",2
fiction,'',"Premise: Sure enough, there was the chest, a fine old piece, all studded with brass nails, and full to overflowing with every imaginable type of garment.  Hypothesis: There was nothing in the large chest.",2
travel,'',"Premise: For himself he chose Atat??rk, or Father of the Turks. Hypothesis: For himself he chose Piety.",2
slate,'',"Premise: In short, we all got tired of clever analyses of what might happen; and throughout economics there was a shift in focus away from theorizing, toward data collection and careful statistical analysis. Hypothesis: We all love data collection and clever analyses of what might happen.",2
slate,'',"Premise: When asked about the Bible's literal account of creation, as opposed to the attractive concept of divine creation, every major Republican presidential candidate--even Bauer--has squirmed, ducked, and tried to steer the discussion back to faith, morals, and the general idea that humans were created in the image of God. Hypothesis: Every republican presidential candidate answered the question of creation openly.",2
travel,'',Premise: Another thing those early French and Dutch settlers agreed upon was that their island should be free of levies on any imported goods. Hypothesis: The French settlers did not mind income taxes at all.  ,2
government,'',Premise: CHAPTER 3: FEDERAL MISSION PP  Hypothesis: The Federal Mission PP is not Chapter 3,2
government,'',"Premise: The recommendation comes from the court's Task Force on Civil Equal Justice Funding, created in 2001 to look for ways to cope with the sparse amount of money available for such cases. Hypothesis: There has always been more than enough funding for such cases. ",2
slate,'',Premise: The Wall Street Journal Business Bulletin has a fact that dramatizes how profoundly well-off this country is--Americans throw out approximately 12 percent of the stuff they buy at the supermarket. Hypothesis: Americans just throw away 12 percent of what they buy at gas stations.,2
slate,'',"Premise: In a six-year study, scientists fed dogs and other animals irradiated chicken and found no evidence of increased cancer or other toxic effects. Hypothesis: Scientists gave animals irradiated chicken and they all died quickly.",2
fiction,'',Premise: Do you know how long we've been here? he asked one morning as they sat facing each other at breakfast. Hypothesis: They were in completely separate rooms at breakfast time.  ,2
telephone,'',Premise: it doesn't have to do i mean the thing is is that you know it's like you might be standing somewhere right and like let's say you're you you go you know you're driving out and you're driving back home and it's late at night and you stop by one of these you know twenty four hour you know gas stations joints Hypothesis: There are no gas stations open 24 hours a day.,2
fiction,'',Premise: Annette told me how you'd escaped. Hypothesis: The dog told me that you escaped. ,2
government,'',"Premise: Changes in technology and its application to electronic commerce and expanding Internet applications will change the specific control activities that may be employed and how they are implemented, but the basic requirements of control will not have changed. Hypothesis: Basic requirements of control will change.",2
telephone,'',Premise: um yeah we've tried to do that we've paid ours off you know all the way down to where we had everything down to zero and especially right before i i quit work two years ago to stay home with the kids Hypothesis: We did not pay ours off at any time.  ,2
slate,'',"Premise: How to Watch Washington Week in Review : Back to front. Hypothesis: The only way to watch Washington Week in Review is from the start to the end, as anything else would be viewed. ",2
government,'',"Premise: The Indigenous Project, a new program run by the Oregon Law Center, is one of only a handful of places in the United States where indigenous farmworkers from Mexico and Central America can find free and confidential legal aid. Hypothesis: The Indigenous Project is run by the Nebraska Law Center.",2
fiction,'',Premise: She leaned back in her chair. Hypothesis: She stood next to a chair. ,2
travel,'',"Premise: The Mosque of El-Jezzar, built in 1781, dominates the landside of the old city (the other three sides jut into the Mediterranean). Hypothesis: The old city is surrounded on all sides by the desert. ",2
telephone,'',Premise: i don't understand that i thought that he was always a good player Hypothesis: I always considered him to be a terrible player. ,2
travel,'',"Premise: Sainte-Anne itself has a long, broad beach used not only by fishermen in vividly painted boats, but also by families with small children. Hypothesis: Only fishermen and their boats can be seen lining the beaches of Sainte-Anne.",2
telephone,'',Premise: oh you know i like what i'm doing right now Hypothesis: What I'm doing now is torturous.,2
slate,'',Premise: Rehnquist's conferences are no-nonsense. Hypothesis: The conferences were laced with humor and entertainment.,2
slate,'',Premise: New York Times columnist Bob Herbert asserts that managed care has bought Republican votes and that patients will die as a result. Hypothesis: Managed care had nothing to do with the Republican voting.,2
fiction,'',"Premise: No one was there, no bones at all. Hypothesis: There were many bones in a pile.",2
government,'',Premise: These provisions may have to be reexamined as well. Hypothesis: These provisions do not require examination. ,2
government,'',"Premise: Moreover, it is possible to have questions that require nested case studies. Hypothesis: Also, questions can not require nested case studies.",2
telephone,'',Premise: yep because it's when it's self propelled it's heavy yeah Hypothesis: it's very light when it's self propelled,2
fiction,'',Premise: Who are these sons of eggs? Hypothesis: I wish they were daughters of eggs.,2
travel,'',"Premise: Also downtown is the Flower Market, on Wall and 8th streets; fresh-cut flowers and a variety of plants can be had for bargain prices, but the best selections are found before dawn. Hypothesis: There's no market on Wall and 8th streets.",2
government,'',Premise: How effectively DOD manages these funds will determine whether it receives a good return on its investment. Hypothesis: The DOD is certain to have a bad return on these funds.,2
travel,'',"Premise: It's a great novelty, but very expensive. Hypothesis: It's fairly cheap and mundane.",2
fiction,'',"Premise: 'Publicity.' Lincoln removed his great hat, making a small show of dusting it off. Hypothesis: Lincoln kept his hat on.",2
travel,'',Premise: The inspired centuries-old design sense of the Italians has turned their country into a delightful emporium of style and elegance for the foreign visitor. Hypothesis: Italy has nothing of interest for foreign visitors.,2
telephone,'',Premise: yeah well Rochester's like right on the shores isn't it Hypothesis: Rochester is far from the water.,2
government,'',"Premise: Through the opt-out approach, Texas attorneys contributed $1 million this year, doubling 2001 contributions. Hypothesis: The opt-out approach has never increased how much Texas attorneys can contribute in the last twenty years.",2
fiction,'',"Premise: Now it's my turn, and even if I'm walking in a dead man's shoes, I can make my way afresh. Hypothesis: It's your turn.",2
slate,'',"Premise: Can you point me to housewares? Hypothesis: Please point me in the direction of the pet supplies, I asked.",2
travel,'',"Premise: On the left of the entrance ramp is the open space once occupied by the Temple of Athena, close to which are the remains of the Pergamene library. Hypothesis: There are no remains visible from the ramp.",2
fiction,'',"Premise: Ah, ma foi, no! replied Poirot frankly.  Hypothesis: Poirot agreed with what I just said. ",2
slate,'',Premise: Enthusiasm for Disney's Broadway production of The Lion King dwindles. Hypothesis: Audiences for The Lion King on broadway are still turning out in record numbers.,2
fiction,'',"Premise: Apartment...twenty-one B, apparently. Hypothesis: Apartment 22C, apparently.",2
travel,'',"Premise: The sculpture on the dome (a personification of Commerce) and the river gods (including Anna Livia, set over the main door) are by Edward Smyth, who was also responsible for the statues on the GPO . Hypothesis: The dome is bare and plain.",2
telephone,'',"Premise: yeah okay you go ahead Hypothesis: No, do not go ahead.",2
government,'',"Premise: To accommodate these fluctuations and use resources evenly, it would seem reasonable to offer two tiers of  rapid and deferred, with air transportation being used for the rapid product. Hypothesis: air transportation is not a feasible option for the rapid production option.",2
fiction,'',Premise: I am not. Hypothesis: I am.,2
travel,'',"Premise: Today it is possible to buy cheap papyrus printed with gaudy Egyptian scenes in almost every souvenir shop in the country, but some of the most authentic are sold at The Pharaonic Village in Cairo where the papyrus is grown, processed, and hand-painted on site. Hypothesis: The Pharaonic Village in Cairo is the only place where one can buy authentic papyrus.",2
travel,'',"Premise: The main gate of the churchyard leads out to Greyfriars Place, and across the street you will find an excellent view of one of Scotland's newest museums. Hypothesis: Across the street from the churchyard there is a forrest, with little view of anything other than trees. ",2
telephone,'',"Premise: yep see we have cable here Hypothesis: No, we don't have cable here.",2
fiction,'',"Premise: What am I to do with them afterwards?"" Hypothesis: The narrator knows what to do with them.",2
slate,'',"Premise: Oh, sorry, wrong church. Hypothesis: It was the right church.",2
slate,'',"Premise: In the original, Reich is set up by his host and then ambushed by a hostile questioner named John, and when he tries to answer with an eloquent Mr. Smith speech (My fist is clenched. Hypothesis: In the original, Reich is in control of the whole situation.",2
slate,'',"Premise: Also, disappointing earnings reports from Intel and other blue-chip companies in the two weeks leading up to the crash caused investors to question the value of entire portfolios. Hypothesis: Intel has never had a disappointing earning report.",2
slate,'',"Premise: My own little corner of the world, policy wonking, is an example. Hypothesis: An example is birdwatching.",2
telephone,'',Premise: yeah i know and i did that all through college and it worked too Hypothesis: I did that all through college but it never worked ,2
fiction,'',Premise: 'The autopilot's damaged- will the train still slow down?' Hypothesis: There was no damage whatsoever.,2
slate,'',Premise: You wonder whether he could win a general election coming out of the right lane of the Democratic Party. Hypothesis: He will not run in a general election while he is a conservative Democrat.,2
slate,'',Premise: Saddam could emerge strengthened (and America tarnished) in the eyes of the Arab world. Hypothesis: Saddam could turn out weaker.,2
slate,'',Premise: Justice Kennedy does not care what law librarians across the country do with all the Supreme Court Reporters from 1790 through 1998. Hypothesis: Justice Kennedy thinks all  the Supreme Court Reporters from 1790 to 1998 should be on display.,2
government,'',"Premise: It describes six applications of case study methods, including the purposes and pitfalls of each, and explains similarities and differences among the six. Hypothesis: There are just two applications for case study methods.",2
telephone,'',Premise: sometimes well there's definitely a lot more hitting Hypothesis: The man says that he's not sure if there's more hitting.,2
slate,'',Premise: Hughes has accomplished this in part by the unusual technique of double ghosting. Hypothesis: He was not able to ghost.,2
telephone,'',Premise: no never heard of it Hypothesis: He has definitely heard of it.,2
travel,'',"Premise: In fact, it's wise to drive as little as possible inside Paris; the p??riph??rique ringroad runs around the city and it's worth staying on it until you're as close as possible to your destination. Hypothesis: Driving in Paris is fun, easy, and safe. ",2
telephone,'',Premise: well i think i got to agree with you there Hypothesis: I could not agree with you.,2
fiction,'',Premise: It was other-worldly. Hypothesis: It was grounded in reality.,2
telephone,'',Premise: and maybe we'll run across each other again Hypothesis: I don't think there's a chance of us ever meeting again.,2
travel,'',"Premise: Their rulers introduced Buddhist and Hindu culture, Brahmin ministers to govern, and an elaborate court ritual. Hypothesis: The rulers came and introduced African culture and Brahmin ministers that governed.",2
telephone,'',"Premise: and uh well if you if you got got him a power mower it'd probably take him a lot less time to do it but i enjoy doing it i feel good doing it uh i i feel a lot better doing it with a power mower with that with a  with a pull tractor on it so i don't have to push so hard Hypothesis: Keeping the old push mower is the best idea, since it gets the job done as fast as a power mower.",2
travel,'',"Premise: The show, which begins each evening at 9:00 p.m. , relates in melodramatic fashion the history of Istanbul while coloured floodlights illuminate the spectacular architecture of the Blue Mosque. Hypothesis: The show begins at nine o'clock in the morning.",2
fiction,'',Premise: You're all right now. Hypothesis: You're not okay now. ,2
travel,'',Premise: Las Vegas now seems poised to accept the multiple layers of its existence as a tourist city. Hypothesis: The layers of existence are not accepted by Las Vegas.,2
government,'',"Premise: However, the WRAP States may unanimously petition the Administrator to determine that the total emissions of affected EGUs are reasonably projected to exceed 271,000 tons in 2018 or a later year and to make affected EGUs subject to the requirements of the new WRAP trading program. Hypothesis: The WRAP States may unanimously petition the Administrator to determine that the total emissions of affected EGUs are reasonably projected to not exceed 271,000 tons.",2
fiction,'',"Premise: Are you sure we should take him down there?' Greuze asked Natalia. Hypothesis: Natalia was certain it was alright to bring him down there, and told Greuze that no matter what, he must end up down there. ",2
fiction,'',"Premise: I had rejected it as absurd, nevertheless it persisted.  Hypothesis: It persisted after I welcomed it as sensible.",2
telephone,'',Premise: i'm on i'm in the Plano school system and living in Richardson and there is a real dichotomy in terms of educational and economic background of the kids that are going to be attending this school Hypothesis: The Plano school system only has children with poor intelligence.,2
government,'',Premise: The following are examples of how teams were used in the agency initiatives we reviewed. Hypothesis: We did not review how teams were used in the initiatives.,2
slate,'',"Premise: Blessed with preternatural gregariousness, good humor, and a love of attention, he's been tireless about pursuing both celebrity and the cause of popular history ever since. Hypothesis: He never wanted any attention and kept to himself all the time.",2
travel,'',"Premise: In fact, the Lions of Delos were made from Naxos marble. Hypothesis: The Lions of Delos were made out of clay.",2
slate,'',"Premise: New York Times Book Review Editor Charles McGrath, a former deputy to William Shawn at the New Yorker , calls Lillian Ross' memoir about her affair with Shawn on occasion factually inaccurate or misleading and a betrayal of Shawn's high editorial principles. Hypothesis: McGrath claims that everything in the memorial was accurate.",2
slate,'',"Premise: Critics praise Goodman's finely honed descriptive abilities and instinctive grasp of familial dynamics, the ways in which dreams and emotional habits are handed down ... Hypothesis: Emotional habits and dreams are always derived from candy and popcorn.",2
telephone,'',Premise: uh and i think even Electric Light Orchestra had some some real um influences by classical music and i'm still still my favorite in fact most of my CDs that i got are classical music Hypothesis: Most of my CDs are songs of birds dying in the wild. ,2
telephone,'',Premise: and uh my daughter gets irate when i when i do that because you know she's a teenager Hypothesis: My daughter never gets mad when I do that.,2
slate,'',Premise: and for regular readers who are a bit confused about our schedule (and who can blame them?) Hypothesis: who can blame who greatly appreciates our schedule?,2
telephone,'',Premise: sort of a building season season yeah Hypothesis: Like a season without any building.,2
government,'',"Premise: 3 It should be noted that the toxicity (LC50) of a sample observed in a range-finding test may be significantly different from the toxicity observed in the follow-up chronic definitive test  (1) the definitive test is longer; and (2) the test may be performed with a sample collected at a different time, and possibly differing significantly in the level of toxicity. Hypothesis: The toxicity of a sample in the range-finding test will be exactly the same as the toxicity in the follow-up test.",2
fiction,'',"Premise: We can leave them and let them die, said Thorn. Hypothesis: Thorn told us to make sure we save them. ",2
government,'',"Premise: Explanation building is the inverse  starting with the observations, the evaluator develops a picture of what is happening and why. Hypothesis: Observations are the last part of explanation building.",2
fiction,'',Premise: A spark of annoyance lit Lincoln's eyes; the smallest hint of Natalia's Russian fire. Hypothesis: Lincoln wasn't interested at all in what was happening with Natalia.,2
telephone,'',Premise: uh i really i miss college i had a good time Hypothesis: College was horrible and I hated it. ,2
slate,'',"Premise: Placido Domingo's appearance on the package, compellingly photographed in costume as the ancient King of Crete, (Anthony Tommasini, the New York Times ) is the main selling point for this new recording of one of Mozart's more obscure operas--a fact that does not make critics happy. Hypothesis: Placido Domingo's appearance is absolutely atrocious and uncompelling. ",2
government,'',"Premise: Using teams can also assist in integrating different perspectives, flattening organizational structure, and streamlining operations. Hypothesis: Organizational structure isn't one of the issues that the team has been known to assist with.",2
telephone,'',Premise: yeah well the jury that originally sentenced him sentenced him to death Hypothesis: The jury acquitted him on those charges.,2
slate,'',"Premise: Inflation is supposed to be a deadly poison, not a useful medicine. Hypothesis: Inflation is a boon to society and a good way to fix problems.",2
government,'',"Premise: As a result, their services may be more effective when conducted in the emergency department environment. Hypothesis: Their services might be more effective if they're done in the OR.",2
telephone,'',"Premise: and take it easy now good night Hypothesis: Good morning, I hope you have an awful day.",2
fiction,'',"Premise: But it was quite a natural suggestion for a layman to make."" Hypothesis: No one could think of a single idea. ",2
travel,'',"Premise: This historically renowned freshwater lake, known both as the Sea of Galilee and Lake Kinneret (meaning a harp, after its shape), is just 58 km (36 miles) in circumference. Hypothesis: The Sea of Galilee is full of saltwater. ",2
travel,'',Premise: Be sure to look around and compare before buying. Hypothesis: Don't consider and compare before buying.,2
government,'',Premise: On the Use of Qualitative Methods in Policy  A Review of Three Multi-site Studies. Hypothesis: There were 2 multi-site studies ultimately being reviewed.,2
telephone,'',"Premise: so you know it's something we we have tried to help but yeah Hypothesis: If they didn't care, neither did we.",2
slate,'',"Premise: AT&amp;T and MCI have protested the tax and pledged to pass the cost on to  MCI charges 5 percent on all out of state long-distance calls, and AT&amp;T charges a flat rate. Hypothesis: AT&T and MCI believe the tax is fair and have decided to absorb the cost instead of passing it on. ",2
telephone,'',Premise: that your approach is is is right you can actually go out and sub it if even if you don't wanna get hands on you can even just sub it out the concrete and those kind of things and and that's kind of the plan i have so um uh everyone i talk to uh i've Hypothesis: You can not ever sub it.,2
telephone,'',Premise: does does that make since to you Hypothesis: I don't care if it makes sense to you or not.,2
fiction,'',"Premise: Indeed, said San'doro. Hypothesis: No way! She yelled.",2
travel,'',Premise: He was born Siddhartha Gautama in a grove of sal trees at Lumbini (just across the Nepalese border) around the year 566 b.c. Hypothesis: The birth of Siddartha Gautama took place in a house. ,2
telephone,'',"Premise: he's a college graduate type guy he's been in all he's an entrepreneur and he gives very practical financial advice about cars very you know not not nothing college level basic stuff his name is Bruce Williams he's on national radio uh i don't know what it would be down there you might want to whatever your radio talk shows are down there he's on that channel it's uh it's five seventy up here Hypothesis: the entrepreneur gives people financial advice about real estate, but he doesn't know anything about cars",2
travel,'',Premise: From Cockpit Country to St. Ann's Bay Hypothesis: From St. Ann's Bay to Cockpit Country.,2
telephone,'',Premise: yes they would they just wouldn't be able to own the kind of automobiles that they think they deserve to own or the kind of homes that we think we deserve to own we might have to you know just be able to i think if we a generation went without debt then the next generation like if if our our generation my husband and i we're twenty eight if we lived our lives and didn't become you know indebted like you know our generation before us that um the budget would balance and that we became accustomed to living with what we could afford which we wouldn't be destitute i mean we wouldn't be living on the street by any means but just compared to how spoiled we are we would be in our own minds but i feel like the generation after us would oh man it it would be so good it would be so much better it wouldn't be perfect but then they could learn to live with what what they could afford to save to buy and if you want a nicer car than that well you save a little longer Hypothesis: I am glad our generation has no debt.,2
government,'',"Premise: As a result of these procedures, the Department estimates an annual net savings of $545 million. Hypothesis: An annual net savings of $900 million has been estimated by the Department.",2
travel,'',"Premise: Mykonos has had a head start as far as diving is concerned because it was never banned here (after all, there are no ancient sites to protect). Hypothesis: There are many ancient historical sites on Mykonos.",2
travel,'',"Premise: It has a full program of events, including lectures. Hypothesis: There aren't any lectures in the list of events.",2
travel,'',Premise: At the west end is a detailed model of the whole temple complex. Hypothesis: The model temple complex is at the east end.,2
fiction,'',"Premise: Jon replaced Susan's cloak with a white robe and a head scarf, also quite dirty. Hypothesis: Jon replaced her cloak with a red robe and a clean arm scarf.",2
fiction,'',"Premise: But you would not trust me."" Hypothesis: You trust me implicitly. ",2
travel,'',"Premise: Massive tidal waves swept over Crete, and other parts of the Mediterranean, smashing buildings and drowning many thousands of people. Hypothesis: The residents of Crete fled to higher ground and on one was harmed.",2
