Context,Question,Correct Answer
'',Premise: A man holds a rope for a boy who's about to climb a wall. Hypothesis: There is a man holding a rop,0
'',Premise: A child in a red coat waves a hand in the air while lying in snow beside a red plastic sled. Hypothesis: A child is playing in the snow.,0
'',Premise: A white-clad soccer player is attempting to intercept a soccer ball that is quickly approaching the goal box. Hypothesis: A soccer player gets the interception.,0
'',Premise: A person throws a red toy for a dog to run for. Hypothesis: A dog is looking for a toy.,0
'',Premise: a wet golden retriever is walking through a lake Hypothesis: A wet golden retriever is in a lake.,0
'',Premise: A man dressed in black and white is standing on the side of the street eating an ice cream cone. Hypothesis: The man is outdoors.,0
'',Premise: A group of smiling people are posing outdoors for a picture. Hypothesis: A crowd of people are taking a picture outside.,0
'',Premise: a group of people celebrate their asian culture. Hypothesis: A group of people celebrate.,0
'',Premise: Two men are fixing the side of an old brick building. Hypothesis: People fixing a building,0
'',Premise: A shirtless man with his fishing boat. Hypothesis: A man is with his boat.,0
'',Premise: A young girl jumps off her swing in front of building. Hypothesis: girls jumps off swing,0
'',Premise: Two women stand in a kitchen and wipe down trays Hypothesis: Two women are doing dishes.,0
'',Premise: A young white man in running gear is jogging by the water. Hypothesis: A man is exercising by water.,0
'',Premise: A couple sits in the grass. Hypothesis: People are outside.,0
'',Premise: A man in a purple mascot costume is standing outside of a store while a man and a woman each wearing flamboyant clothing stand off to the side. Hypothesis: The man is wearing the costume.,0
'',"Premise: A young barefoot girl wearing a helmet walks down a mossy covered fallen down tree. Hypothesis: A female child, with no shoes but a helmet on,  walks on top of a tree that has fallen down.",0
'',Premise: A man holding a briefcase on a subway. Hypothesis: A man holds a briefcase.,0
'',Premise: A black dog is digging in the snow. Hypothesis: A dark colored dog digging through the snow,0
'',Premise: A person on blue pants and a white shirt walks away from a dirt circle on multicolored grass. Hypothesis: A person walks away,0
'',Premise: Woman reading a book with a grocery tote. Hypothesis: A woman is reading.,0
'',Premise: Coed choir singing at an event. Hypothesis: A choir is singing.,0
'',Premise: A large crowd is gathered outside and one woman is yelling. Hypothesis: A woman yells while a groups of people gathers.,0
'',Premise: A street performer wearing sunglasses and painted in bronze colored paint is acting like he is filming with an old-fashioned prop film camera. Hypothesis: A street performer is acting out a scene.,0
'',Premise: A woman in a pink top is holding a glass bottle in one hand and a Stitch doll in the other. Hypothesis: The top is pink,0
'',Premise: A woman and a young girl are sitting down and smiling. Hypothesis: The females are sitting.,0
'',Premise: A golfer shoots his ball out of a sand trap. Hypothesis: The game of golf being played.,0
'',Premise: A woman wearing sunglasses. Hypothesis: A woman is wearing a pair of sunglasses.,0
'',"Premise: Two men scrimmage in soccer, as a referee looks on. Hypothesis: the ref watches the two men in the scrimmage game",0
'',"Premise: One tan girl with a wool hat is running and leaning over an object, while another person in a wool hat is sitting on the ground. Hypothesis: A tan girl runs leans over an object",0
'',"Premise: A woman, in red and white, and wearing glasses, sits in a room with other people. Hypothesis: A woman is sitting in a room with other people.",0
'',Premise: A man in a suit speaking to a seated woman. Hypothesis: A dark headed man in a suit speaking to a seated woman.,0
'',Premise: An Asian man makes faces for the camera. Hypothesis: Faces are being made to the camera.,0
'',Premise: A group is walking between two giant rock formations. Hypothesis: A group is walking.,0
'',Premise: A dark-haired man in a black uniform is speaking to a man wearing a black jacket and black helmet on a motorbike. Hypothesis: A man in a uniform is talking to another man.,0
'',Premise: Two strong men work to saw a log. Hypothesis: two strong men are working,0
'',Premise: A group of people gather around a truck. Hypothesis: A group are gathered near a vehicle.,0
'',Premise: A land rover is being driven across a river. Hypothesis: A Land Rover is splashing water as it crosses a river.,0
'',Premise: A group of people watching a boy getting interviewed by a man. Hypothesis: A group of people are watching a boy and and interviewer.,0
'',Premise: A chef is cutting a piece of fish with a chefs knife. Hypothesis: The chef is dicing fish with his knife.,0
'',"Premise: A dirty, shirtless homeless man sits on the sidewalk, holding his cup up to passerby asking for change. Hypothesis: A homeless man begs.",0
'',"Premise: A young girl, is mid jump, while performing a dance routine. Hypothesis: A young girl is dancing.",0
'',Premise: A band performing at a local bar or club. Hypothesis: The band is playing music,0
'',Premise: Four women standing around a yellow table are looking at laptops. Hypothesis: A group of women looking at laptops together.,0
'',Premise: A female gymnast in black and red being coached on bar skills. Hypothesis: The female gymnast is training.,0
'',Premise: A man playing a piano Hypothesis: The man's hands are on the keys of a piano.,0
'',Premise: A little girl in a pink dress crying. Hypothesis: An upset little girl is throwing a tantrum.,0
'',Premise: A baby is eating aqua-colored cake very messily. Hypothesis: A baby eating cake messily.,0
'',Premise: Four kids sitting at a table with food on several plates. Hypothesis: Kids eat at a table.,0
'',Premise: A boy works on a project in shop class. Hypothesis: The boy's project is for a school activity.,0
'',Premise: A young male sitting in front of a computer monitor Hypothesis: Someone is sitting in front of a computer.,0
'',Premise: Women in red are performing with nun-chucks. Hypothesis: Women are wielding nun-chucks.,0
'',Premise: Two girls aboard an amusement park ride. Hypothesis: Two girls ride an amusement park ride.,0
'',Premise: A basketball player with green shoes is dunking the ball in the net while the arena crowd looks on. Hypothesis: A crowd is watching someone play basketball.,0
'',Premise: A little boy in flannel pajama pants and an orange shirt is playing the guitar on the couch. Hypothesis: The child practices guitar indoors,0
'',Premise: A ballerina standing on the toes of one food with one arm up in the air and one leg lifted behind her. Hypothesis: The ballerina's leg is lifted behind her.,0
'',Premise: A little girl wearing a yellow dress is sitting on the white rocks. Hypothesis: A little girl is wearing a dress.,0
'',"Premise: Multiple men fill the scene, one in a white button up shirt using his cellphone, the others wearing pink, orange, and green shirts engaged in various activities in the background. Hypothesis: The men are wearing several different coloured shits.",0
'',Premise: A man with a blue helmet and orange shirt. Hypothesis: A man wears a helmet.,0
'',Premise: A man in a green shirt is getting his feet wet in front of a wall showing a closeup picture of a face. Hypothesis: The man is outside.,0
'',Premise: A woman in black is getting ready in her bathroom. Hypothesis: The woman is getting ready,0
'',Premise: A small child wearing a helmet is in a baby carrier that is on the floor. Hypothesis: A child is in a baby carrier.,0
'',Premise: Some people are standing in a room around a circular reception desk. Hypothesis: Multiple people are indoors near a piece of furniture.,0
'',Premise: Children play in a shallow pool next to a large image of a girl's face. Hypothesis: There are multiple people present.,0
'',Premise: Four young female gymnasts dressed in black and blue leotards are preparing for their next routine. Hypothesis: Gymnast group preparing for a competition.,0
'',Premise: A boy and a girl stand in a median amongst Mike Huckabee signs. Hypothesis: Two people stand on a median with advertising signs.,0
'',"Premise: A young man in a white hat is playing golf with an older man wearing a blue, long-sleeved shirt and khakis. Hypothesis: There are people of differing ages outside playing golf.",0
'',Premise: Men play hockey. Hypothesis: Men play,0
'',Premise: Two men stand in the center of a clearing with mountains in the background. Hypothesis: men at the center of a clearing,0
'',Premise: A man in a blue jogging suit is running on the sidewalk in front of a painting. Hypothesis: A man is outside on the streets.,0
'',Premise: A woman in a green shirt is working within a large amount of vegetation that is at different stages of maturity. Hypothesis: The woman is working with plants.,0
'',Premise: Group of people wearing black shirts riding in an open top vehicle. Hypothesis: A group of people go down the road in a convertible.,0
'',"Premise: Two people, one wearing an orange jersey and a white belt, and another wearing a blue jersey and a red belt are playing flag football. Hypothesis: Two people on oposite teams play flag football.",0
'',Premise: Everyone on the street in the city seem to be busy doing their own thing. Hypothesis: People are conducting business in the city.,0
'',Premise: A large brown dog and a small black dog stand near each other on a dirt patch surrounding by grass and weeds. Hypothesis: A big brown dog and a tiny black dog are standing in a field.,0
'',Premise: A man in a red shirt is sitting on top of a rocky mountain. Hypothesis: A man sitting on top of a mountain.,0
'',Premise: A man wearing a blue jacket fishing in a river having a conversation with his friend with no shirt. Hypothesis: A man is having a conversation with his friend while fishing.,0
'',Premise: Children play on a sidewalk with dolls and chalk. Hypothesis: kids playing outside,0
'',Premise: Two men stand in hula grass skirts stand in the back of a truck at the top of a silver ramp. Hypothesis: The two men are wearing hula grass skirts.,0
'',"Premise: The dog is in snow, and has a stick in its mouth. Hypothesis: There is an animal outdoors.",0
'',"Premise: A tan-skinned man sitting in a chair with a bag under his arm, talking on a white phone. Hypothesis:  A man sitting in a chair with a bag under his arm.",0
'',Premise: A young boy wearing an orange uniform stands on the field near a colorful ball. Hypothesis: A boy is with a ball.,0
'',Premise: An older woman is holding a small child. Hypothesis: a woman holding a child,0
'',Premise: Two male soccer players on opposing teams are trying to get the soccer ball. Hypothesis: Two soccer players go after the ball.,0
'',Premise: A surfer is performing a jumping stunt in the ocean. Hypothesis: A person in the water.,0
'',Premise: A large display of artifacts are in a large room and around a very large display are six people with two people near wooden benches. Hypothesis: People stand in front of a display,0
'',"Premise: Bruce Springsteen, with one arm outstretched, is singing in the spotlight in a dark concert hall. Hypothesis: Bruce Springsteen is a singer.",0
'',"Premise: A black man wearing tan shorts, a yellow sweatshirt, and a baseball cap is holding up his hand and talking to an Asian woman posing with another young black man while they are holding red flags with yellow stars. Hypothesis: a man in shorts",0
'',"Premise: A man, woman, and child get their picture taken in front of the mountains. Hypothesis: A family on vacation is posing.",0
'',Premise: Kids play in the water in the middle of the street. Hypothesis: Kids are playing in the water.,0
'',Premise: A young girl in a riding outfit is sitting on a horse holding a teddy bear. Hypothesis: The girl is riding a horse.,0
'',Premise: A barefoot child climbs at the jungle gym. Hypothesis: A child is playing outside on a jungle gym.,0
'',Premise: Two girls in black dresses enjoying a night on the town. Hypothesis: Two girls enjoying a night on the town.,0
'',Premise: Young people are standing around a drum at a party. Hypothesis: A drum has people standing around it.,0
'',Premise: An older gentleman wearing a hat is walking on crutches next to a busy street. Hypothesis: An man on crutches is outside.,0
'',Premise: Two men in orange uniforms stand before a train and do some work. Hypothesis: Humans working.,0
'',Premise: A man sitting and a woman laying in his lap kissing each other. Hypothesis: A man sitting and woman laying in his lap.,0
'',Premise: Two little boys are standing in a kitchen. Hypothesis: The kitchen is not empty.,0
'',Premise: A group of consumers walking through a public market to purchase vegetables with the background of the busy store just behind them. Hypothesis: Shoppers purchasing vegetables at a busy public market.,0
'',"Premise: Four young men stare up at a basketball hoop with no net, in an outdoor, urban basketball court. Hypothesis: Four young men looking up at a basketball hoop.",0
'',Premise: Two dogs are digging under a large rock with their bottoms to the camera. Hypothesis: Dogs are digging a hole.,0
'',Premise: Three bridesmaids in blue dresses hold the train of a bride's wedding dress. Hypothesis: The bridesmaids are assisting the bride.,0
'',Premise: Several people wearing green shirts walk on the beach together. Hypothesis: People are walking on the beach.,0
'',Premise: A girl jumping high off of the sand. Hypothesis: There is a girl on the sand.,0
'',Premise: Two boys in front of a soda machine. Hypothesis: Two boys are at a machine.,0
'',"Premise: Runners in various athletic garb, as well as one individual in a spotted-green dragon costume, run to the right. Hypothesis: Runners see a dragon costumed person",0
'',Premise: A crowd of people looking up at 3 people on the edge of the roof of a building. Hypothesis: The crowd on the ground is watching 3 people on the roof's edge.,0
'',Premise: Cheerleaders standing on a football field. Hypothesis: Cheerleaders are wearing outside.,0
'',Premise: A group of ladies sit around a black table in front of a brick wall with a building in the background. Hypothesis: The ladies are all seated.,0
'',Premise: Three women are dancing among the bamboo. Hypothesis: A group of women dance.,0
'',Premise: A kid with his face painted is at the top of a concrete structure with asterisks carved inside. Hypothesis: A kid has a painted face.,0
'',"Premise: A girl wearing khakis and a red sweatshirt is jumping in the air, while she is in the forest. Hypothesis: The girl is jumping.",0
'',Premise: A young smiling girl is holding a stuffed animal in one hand and a candy apple in the other. Hypothesis: A young smiling girl is holding a stuffed animal in one hand,0
'',Premise: A runner in a black and blue uniform competes in a race. Hypothesis: he is running against a group of people,0
'',Premise: An ATV rides over a vast sandy landscape. Hypothesis: The rider is outdoors.,0
'',Premise: A child floating on a blue raft while a woman holds on to him while a black dog swims nearby. Hypothesis: A person floating,0
'',Premise: Construction worker standing atop an unfinished building. Hypothesis: The construction worker is standing.,0
'',"Premise: A young middle eastern mother in high heels, holding her young child as he lays his head on her shoulder asleep, is gazing out the window. Hypothesis: A woman holding her sleeping son looks out a window.",0
'',Premise: A child hugs a birdhouse. Hypothesis: There is a child and a birdhouse.,0
'',Premise: an elderly man in a tie die shirt playing a red according key bored for a boy in blue. Hypothesis: There is a man playing an instrument,0
'',"Premise: Two boys with blond-hair, wearing striped shirts on a bed. Hypothesis: Two boys in bed.",0
'',Premise: Two women wearing red are smiling at the camera. Hypothesis: Smiling at the camera the two women wore red,0
'',Premise: Two dogs either fighting or playing together. Hypothesis: There are at least two dogs.,0
'',Premise: A person in an orange shirt reaching up. Hypothesis: A person is reaching up.,0
'',Premise: An elderly woman in a white jacket walking past a brick wall using a cain to support herself. Hypothesis: A woman is walking past a brick wall.,0
'',Premise: Players from two opposing teams wearing colorful cleats struggle to gain control over a ball on an AstroTurf field. Hypothesis: The players are playing a sport.,0
'',Premise: Two NHL hockey players prepare to fight over a puck during a face off. Hypothesis: The players vigarously compete in their game.,0
'',Premise: Four people walk across stepping stones in a body of water. Hypothesis: Four people are standing up.,0
'',Premise: A man is holding a child on his shoulders. Hypothesis: A child is going for a ride on that man.,0
'',Premise: Child is laughing and playing around. Hypothesis: The child is having a good time and cracking up.,0
'',Premise: A child doing gymnastics Hypothesis: A child is doing gymnastics.,0
'',Premise: Men are playing rugby while covered in mud. Hypothesis: There is mud on the rugby players.,0
'',Premise: a red-haired woman playing the violin Hypothesis: A woman is playing an instrument.,0
'',Premise: Man with black shirt and sunglasses makes something out of a balloon. Hypothesis: A man makes something from a balloon.,0
'',Premise: Three men are standing on stage performing. Hypothesis: Men are upright on a stage.,0
'',Premise: Two woman wearing dresses are standing outside on the grass while one of them is holding a cup and saucer. Hypothesis: Two people are standing on the grass.,0
'',Premise: Several men in black t-shirts and caps are using with metal rods to smash food that's lying on a round table with a hole in the center. Hypothesis: men using metal rods,0
'',Premise: Two construction workers are working in front of a wall which has a bunch of names carved into it. Hypothesis: Two workers are working.,0
'',"Premise: A guy on Rollerblades, sliding across a rail. Hypothesis: The skateboarder rides the rail.",0
'',"Premise: A boy and a girl sit at a black table, while a second boy sits near them on a windowsill. Hypothesis: There are boys and girls sitting at a table",0
'',Premise: An Asian woman is standing on a path with a basket on her head looking into a mirror she is holding in her hand. Hypothesis: A person standing,0
'',Premise: A group of men playing rugby on the sand. Hypothesis: a group of men playing sports in the sand.,0
'',Premise: Man and women standing under a red umbrella. Hypothesis: They stood under the umbrella.,0
'',Premise: City street crowded with sports fans wearing orange. Hypothesis: The sports fans are wearing orange shirts.,0
'',Premise: Workers are scattered among the scaffolding on an older building. Hypothesis: There are workers on the scaffolding.,0
'',Premise: A woman with a pink purse walks down a crowded sidewalk. Hypothesis: A woman walks through a crowd,0
'',Premise: Elderly woman climbing up the stairs. Hypothesis: The old lady was walking up the stairs.,0
'',Premise: 2 women and 2 girls crossing the road Hypothesis: There are 4 female humans who are moving.,0
'',Premise: A female swimmer wearing a swimming cap does the butterfly stroke. Hypothesis: A woman is swimming.,0
'',"Premise: Two men holding a Chinese lantern that's yellow and red, one man has a drill and the other is smiling. Hypothesis: One smiling man and one man with a drill hold a red and yellow Chinese lantern.",0
'',Premise: A shirtless man with a white hat and no shoes sitting crisscross with his back against the wall holding up a white plastic cup. Hypothesis: A man is sitting crisscross,0
'',"Premise: Two casually-dressed men, one in a cowboy hat and one in a baseball cap, make their way through a crowd. Hypothesis: There is crowd.",0
'',Premise: A skateboarder with a black and white hat at the top of a jump on a snowy day. Hypothesis: A skateboarder is outdoors.,0
'',Premise: A Young girl wearing a blue ski cap and red and gray two tone jacket stands between two bits of ice. Hypothesis: A girl standing near ice.,0
'',Premise: A man is walking past a large sign that says E.S.E. Electronics. Hypothesis: There is a man next to a sign.,0
'',Premise: A man and a woman jumping with a lake in the background. Hypothesis: There is a man and a woman.,0
'',Premise: A woman in a white tennis outfit is jumping up to hit the ball. Hypothesis: white outfit women playing tennis,0
'',Premise: A lady sitting on a bench with a book on her lap with a boy and girl on either side of her. Hypothesis: A woman and two kids next to each other.,0
'',Premise: A group of people celebrating in the street. Hypothesis: There is a celebration going on,0
'',Premise: An Asian man walks a three-wheeled pedal card fully of white bags. Hypothesis: An Asian man transports a group of bags.,0
'',Premise: Army men grilling a lot of meat while his troop looks on. Hypothesis: Some of the people here have been in the armed forces.,0
'',Premise: A man dressed in a suit and bowler style hat plays a sousaphone which has flames coming out of the top. Hypothesis: A man is wearing a suit.,0
'',Premise: A little boy playing outside on the cement. Hypothesis: A boy is outside playing.,0
'',Premise: A Vietnamese woman wearing a gray top carries large clear bags of groceries using a stick to balance everything on her shoulder. Hypothesis: A person in a top,0
'',Premise: a young woman siting on a park bench in the sun. Hypothesis: A young woman is sitting down,0
'',Premise: Three men in hats and a woman in a red shirt examine the produce presented to them by the man in the blue shirt and white hat. Hypothesis: Three men adn a woman look at produce,0
'',Premise: The players manuever for the soccer ball. Hypothesis: Soccer players are trying to get the ball.,0
'',"Premise: A bare-chested man fitting his head and arm into a toilet seat ring while spectators watch in a city. Hypothesis: A gentleman with no chest hair, wrangles his way through a toilet seat.",0
'',Premise: Two men are boxing in fighting arena. Hypothesis: TWo men are boxing.,0
'',Premise: A little girl wearing a yellow dress is sitting on the white rocks. Hypothesis: A little girl is outside.,0
'',Premise: A family walking with a soldier. Hypothesis: A group of people strolling.,0
'',"Premise: There are two kids, a soccer ball, a dog and a goat outside in a field. Hypothesis: Two kids are in a field.",0
'',Premise: The man in the black wetsuit is walking out of the water. Hypothesis: a person is walking out of water.,0
'',Premise: A older man with gray hair wearing a gray suit next to a green and yellow taxi. Hypothesis: A older man with gray hair wearing a gray suit.,0
'',Premise: A fighter jet plane is landed outside Notre Dame cathedral at night. Hypothesis: The fighter jet plane is not moving.,0
'',Premise: Two musicians and a singer are on a stage performing a song. Hypothesis: Band performing a song on stage.,0
'',Premise: A man in orange and a man in a light blue top are walking down the street towards something. Hypothesis: Two mean are wearing clothes and walking,0
'',Premise: Two women are eating lollipops- the blond woman is wearing a button and the one with brown hair and a scarf has her eyes closed. Hypothesis: Two women are eating lollipops.,0
'',Premise: A child sits in a tree holding a branch. Hypothesis: A child sits in a tree.,0
'',Premise: A child being watched while getting something out of a tank. Hypothesis: The tank has an opening.,0
'',Premise: A man wearing protective gear grinds down a large metal object. Hypothesis: There is a man working.,0
'',Premise: Two people using a water buffalo to cultivate a watery field. Hypothesis: A couple is farming with their pet buffalo.,0
'',Premise: A young boy dressed in black and green is laying down in a tent outside with items surrounding him. Hypothesis: A boy lays down in front of a tent,0
'',Premise: A boy watches a woman walking amidst many concrete boxes. Hypothesis: A boy is watching a woman.,0
'',"Premise: A young female gymnast, wearing a sequined royal blue and white outfit, is lifting her right leg straight up in the air. Hypothesis: A younger gymnast, wearing dark blue and white, has her right leg straight in the air.",0
'',Premise: A woman and two children walk along stones to cross a river while a dog swims. Hypothesis: People are crossing a river.,0
'',Premise: A man and woman look through CD's at a street vendor. Hypothesis: A man and women shopping,0
'',"Premise: Two workers, one in a ditch and one standing on the ground, are working in front of a house. Hypothesis: The workers are working infront of the house",0
'',Premise: Three men are carrying a red bag into a boat with another person and boat in the background. Hypothesis: Some people put something in a boat in a place with more than one boat.,0
'',"Premise: A person with blue hair, a baseball cap, and a hood on stands outdoors in a crowd. Hypothesis: A person is standing outdoors.",0
'',"Premise: A boy is riding down the road between two cows. Hypothesis: A boy, a road and two cows.",0
'',Premise: A street performer is entertaining a gathered audience with the help of a young boy. Hypothesis: A street performer and young boy are entertaining passersby.,0
'',Premise: A group of women around a table to fabric. Hypothesis: There is a table.,0
'',Premise: A young woman wearing a yellow sweater and black pants is ice skating outdoors. Hypothesis: a woman is active,0
'',Premise: A large group of people gather at a piano bar. Hypothesis: A large group going out,0
'',Premise: A man is reading a book while sitting on a bench outside of a bookstore. Hypothesis: A man is reading on a bench outside of a store.,0
'',Premise: A boy and girl play together on a pile or rocks in a residential area. Hypothesis: The boy and girl are outside,0
'',"Premise: The festivities of the Latin celebration has brought many visitors and enthusiastic, colorful, performers to the city. Hypothesis: Many people populate the city.",0
'',Premise: A man pointing into the ear wearing a striped shirt in a small boat filled with many people. Hypothesis: A man is pointing into the ear and wearing a striped shirt.,0
'',Premise: Three men are sitting outside on chairs with red seats. Hypothesis: Men are sitting outside.,0
'',Premise: a man with a red headband climbing a rock cliff looming over greenery. Hypothesis: A man is outdoors.,0
'',Premise: A woman talks on a cellphone while sitting in front of blue railings that are in front of the ocean. Hypothesis: She has a conversation on her phone outdoors,0
'',Premise: Two dogs stand side by side in the yard. Hypothesis: Two dogs standing together in the yard.,0
'',Premise: A boy plays with a motorized car next to a dirty street lined with real cars. Hypothesis: a boy played in the streets with his motorized car.,0
'',Premise: Two girls playing catch on a lawn Hypothesis: Children playing a game on green grass.,0
'',Premise: A light colored dog leaps over a hurdle. Hypothesis: A dog jumps over a obstacel.,0
'',Premise: Two people are playing American Football and one of them is trying to stop the other from throwing the ball. Hypothesis: A game of football is being played.,0
'',"Premise: A man wearing a black cap is suspended in the air on a swing, as children are swinging on a swing set. Hypothesis: A man in a black hat is swinging with some children.",0
'',Premise: People looking at their reflection and the reflection of a city in a long irregular shaped mirror Hypothesis: People checking out their reflection.,0
'',"Premise: A young girl in a pink bikini jumps into the air on a sandy beach by the ocean, as two other children play in the sand. Hypothesis: The girl in wearing a bathing suit.",0
'',Premise: A dog hides in the tall grasses along a rocky shore Hypothesis: The dog is outdoors.,0
'',"Premise: A man wearing a red shirt with the number 54 hits a baseball, while a catcher prepares to catch the ball. Hypothesis: A red shirted batter hits the pitch.",0
'',Premise: A woman in a spaghetti strap tank wearing a flower in her hair is staring towards the right. Hypothesis: A woman is looking at something to her right.,0
'',"Premise: The soccer team, clad in blue for the match, began to counter down the field in front of the defender, clad in red. Hypothesis: The soccer team in blue plays soccer.",0
'',Premise: A young man blew up balloons to craft into animals for the seven excited children that looked on. Hypothesis: A man is being creative in front of the crowd.,0
'',Premise: A man with a half mask over his face is holding a toy helicopter in his left hand and a controller in is his right hand. Hypothesis: A person is holding two objects.,0
'',Premise: A woman wearing a gray sweater stands in the street near a green pole. Hypothesis: A person wearing a sweating in a street,0
'',Premise: A child wearing a red top is standing behind a blond headed child sitting in a wheelbarrow. Hypothesis: A child wearing a red top is standing behind a blond headed child,0
'',Premise: An African American man is posing in front of an E.S.E. Electronics advertisement billboard after purchasing items from the local liquor store. Hypothesis: Black man poses in front of E.S.E. sign after making a purchase at a store.,0
'',Premise: A gymnastics performer is in mid-pose as she completes her jump. Hypothesis: A gymnast is completing her jump.,0
'',Premise: A man crouches down next to a motorcycle. Hypothesis: A man is down beside a motorcycle.,0
'',"Premise: Three men dressed in white shirts and white hats, (two with baseball caps, the leader with a white construction helmet), pounding sticks on steel and plastic drums. Hypothesis: Three men pound on some drums",0
'',Premise: Two men are interacting with some sort of mechanical contraption that is mounted on a wall. Hypothesis: Some men work on a machine on a wall.,0
'',Premise: Two belly dancers perform with each other in the streets while passersby look on and watch the display. Hypothesis: Two belly dancers perform,0
'',Premise: a breakdancer man is performing for the kids at school Hypothesis: A man is break dancing at a school,0
'',Premise: A boy plays his trumpet during a performance with his band. Hypothesis: A human with a trumpet,0
'',Premise: A man of the cloth puts a black substance on a man's forehead. Hypothesis: The man puts something on the other mans head.,0
'',Premise: A small girl in a green shirt plays on a swing. Hypothesis: girl plays swing,0
'',Premise: A woman wearing a beige sweater and black pants talking to man wearing black pants and top Hypothesis: The man and woman who are talking are both wearing black pants.,0
'',Premise: The person is reading a book. Hypothesis: A person reads.,0
'',Premise: A man and a Woman cutting dough. Hypothesis: Some dough being cut by a man and woman.,0
'',Premise: A man in an army uniform speaks into a microphone. Hypothesis: A soldier speaks into the microphone.,0
'',Premise: A girl wearing black is riding a giant unicycle on the beach. Hypothesis: The girl has clothes on,0
'',"Premise: There is one man with light blue jeans on, and one with dark blue jeans on that are walking down the street. Hypothesis: Two men are wearing jeans for a jean advertisement.",0
'',"Premise: Four men are sitting in front of two large windows; one man is playing a guitar, one is playing the bongo drums, and two are sitting back without instruments. Hypothesis: The four men are in front of windows.",0
'',Premise: An elderly lady holding a scruffy dog and smiling contently. Hypothesis: a woman holding a scruffy dog,0
'',"Premise: an Asian woman dances with long ribbons, she is mid jump with her legs pointed to the right and the red ribbons flowing on either side of her Hypothesis: AN Asian woman is dancing.",0
'',Premise: A dog with a purple leash is held by a woman wearing white shoes. Hypothesis: A woman is holding a leash on a dog.,0
'',Premise: A group of young boys wearing track jackets stretch their legs on a gym floor as they sit in a circle. Hypothesis: There are boys in the gym.,0
'',"Premise: A young woman is standing on a slope, facing the top of the slope. Hypothesis: A woman stands on a slope.",0
'',Premise: a man grabs his crotch during a political demonstration. Hypothesis: The man is making a crude gesture.,0
'',Premise: A man riding a motorcycle on a dirt road passing several junk or abandoned cars on the side of the road. Hypothesis: A man is riding a motorcyle.,0
'',Premise: A man with a red beard and mustache is smiling and wearing a hat crocheted with green yarn and Miller beer cans. Hypothesis:  A man with a red beard and mustache.,0
'',"Premise: A man in a leaf-patterned short stand behind a sunflower, smiling at the camera. Hypothesis: The man has shorts on.",0
'',"Premise: A ribbon dancer is leaping through the air with her head back during a competition, green ribbon behind her. Hypothesis: a dancer performs",0
'',Premise: An older woman is looking at herself in the mirror at a table with cosmetics. Hypothesis: the old lady looks into the mirror at the makeup table,0
'',Premise: A young girl in glasses observes something in the distance. Hypothesis: A person is looking at something from afar.,0
'',Premise: Woman smiling while holding a book and yellow paper star. Hypothesis: the woman holding book and yellow paper star with smiling,0
'',"Premise: In a snowy residential environment, a man with a brown jacket and gray mustache and beard places a hand on a felled log while another man in a blue shirt is blurry on the right side of the photo. Hypothesis: The men felled the log in a snowy area.",0
'',"Premise: A bearded man jumps in the snow with the ocean in the background and an orange, recumbent bike parked near a road sign. Hypothesis: A human jumping.",0
'',Premise: A man in a red sweatshirt pushes a giant redwood tree in a snowy forest. Hypothesis: A man next to a tree.,0
'',Premise: A man in a black leather jacket and a book in his hand speaks in a classroom. Hypothesis: A man is speaking in a classroom.,0
'',Premise: A rugby player running the ball between two downed opponents. Hypothesis: Some people are playing rugby.,0
'',Premise: Children bathe in water from large drums. Hypothesis: The kids are not reading.,0
'',Premise: A child is surrounded by a field of sunflowers. Hypothesis: A kid and some flowers.,0
'',"Premise: A person is squatting down near buckets, holding something in one hand. Hypothesis: There is more than one bucket.",0
'',"Premise: A group stands and watches two men, apparently dressed in some sort of costume, wrestle on the ground. Hypothesis: there are people wrestling",0
'',Premise: Two girls kissing a man with a black shirt and brown hair on the cheeks. Hypothesis: Two girls kiss a man.,0
'',"Premise: People are all standing together in front of a statue of an animal, and they are all wearing cool-weather clothing. Hypothesis: A group of people looking at a statue.",0
'',"Premise: A woman in a blue uniform, with long curly red-hair, looking at her horse before the race. Hypothesis: The horse has four legs",0
'',Premise: A woman wearing a black t-shirt and green capri pants walks in front of a giant clock. Hypothesis: The clock is accurate at least two times a day.,0
'',Premise: A young man throws a Frisbee to a frisbee-golf goal. Hypothesis: A man throwing a Frisbee.,0
'',Premise: Two children and a woman climb up the stairs on a metal electric pole-like structure. Hypothesis: A woman and two children climb up the stairs,0
'',Premise: A man trying his hardest to climb up a rope. Hypothesis: A man is climbing a rope.,0
'',Premise: A white dog holds a tennis ball in its mouth in a field. Hypothesis: There is a dog with a ball outside.,0
'',Premise: Athletic men in matching black pants performing under the spotlight. Hypothesis: The men are wearing black pants.,0
'',Premise: The small child is sitting in a red playground swing. Hypothesis: The child is in a playground.,0
'',Premise: A young woman in tight pants talks to a man in the street. Hypothesis: A young gal in snug pants chats with a guy in the road.,0
'',Premise: Two women and a little girl are resting with food and drink near a log in a grassy field under flowering trees. Hypothesis: 3 girls are resting,0
'',"Premise: A lady teacher warning her students about their behavior in a museum setting, and inviting them to be quite. Hypothesis: Students are inside of a museum",0
'',Premise: A squirrel stands on its hind legs in the grass at the edge of a road. Hypothesis: A squirrel is situated in an upright position near the road.,0
'',Premise: People are waiting in line to board a double decker bus. Hypothesis: People are in line.,0
'',Premise: a blond woman kissing the cheek of a brown-haired man. Hypothesis: A man and a woman sharing a kiss on the cheek.,0
'',Premise: Two girls playing basketball. Hypothesis: Girls are playing basketball.,0
'',Premise: A man in an orange hat holds a ball. Hypothesis: A gentleman wearing an orange hat has a ball.,0
'',Premise: A curly-haired man is talking or possibly debating with a blond-haired man in front of a table. Hypothesis: Two men talk to each other.,0
'',Premise: A man in a competitive field sport jumps into sand and his glasses fall off. Hypothesis: A man's glasses fall off.,0
'',Premise: Two young girls are jumping off of a steep step. Hypothesis: Two young girls are jumping outside.,0
'',Premise: Three children are playing on a swing in the garden. Hypothesis: There are children outside.,0
'',Premise: A little baby wearing a blue outfit is grabbing some fruit. Hypothesis: A little baby is wearing blue.,0
'',Premise: An older caucasian couple is having their picture taken by a stone statue of a man and woman kissing. Hypothesis: The couple standing by a statue are having their picture taken.,0
'',Premise: A small dog runs to catch a ball. Hypothesis: A little dog chases a ball.,0
'',Premise: a boy in a blue uniform is standing next to a boy in red and a boy in yellow and they are holding baseball gloves. Hypothesis: Three boys hold baseball gloves.,0
'',"Premise: A group of men, women and children are standing around. Hypothesis: A group of people are standing around.",0
'',Premise: Two women stand in a kitchen and wipe down trays Hypothesis: Two women stand in a kitchen.,0
'',Premise: A man running in a race passes by spectators. Hypothesis: A man is running by people who are watching.,0
'',Premise: a soccer player with black and red striped uniform gets ready to kick the soccer ball Hypothesis: a soccer player gets ready to kick the ball.,0
'',Premise: Three hikers and a dog are walking through the foliage on the hillside. Hypothesis: People are outside.,0
'',Premise: The man in the white shirt holds up a playing card. Hypothesis: The man has a playing card in his hand.,0
'',Premise: A girl in a hat steers her electric wheelchair. Hypothesis: A girl in a wheelchair.,0
'',Premise: A crowd of people at a county fair watch three men agitate a large bull. Hypothesis: Three men bother a bull as people watch.,0
'',Premise: a group of construction workers busy refinishing a subway station. Hypothesis: A construction team working in a subway station.,0
'',"Premise: A woman with a white blanket over her head is holding a baby wrapped in a blue, pink, and yellow blanket. Hypothesis: The blanket is white.",0
'',Premise: 2 people with backpacks are at a table with a woman with a beige blazer sitting behind it. Hypothesis: 2 people are at a table,0
'',Premise: A man in a bright yellow shirt juggles while riding a unicycle. Hypothesis: Man performs a juggling act on a unicycle.,0
'',Premise: A woman in a gray dress walks down the street. Hypothesis: A woman is outside.,0
'',"Premise: Two uniformed women, wearing jackets saying ""Politie"" on the back, are looking at each other in front of a crowd. Hypothesis: The women are wearing clothes",0
'',Premise: A boy splashing through the ocean. Hypothesis: The boy is swimming.,0
'',Premise: A musical group performs on stage with their instruments. Hypothesis: A group performs with instruments.,0
'',"Premise: A construction worker stands in front of a red truck which has the word ""hot"" on the side. Hypothesis: A worker standing in front of his truck which has writing on it.",0
'',Premise: A group of children sitting on the ground laughing as another boy jumps over the group. Hypothesis: The boy is jumping over kids.,0
'',Premise: A man scales a rock climbing wall. Hypothesis: A man rock climbing.,0
'',Premise: A guy in a blue shirt chases a guy in an orange shirt during a game of flag football. Hypothesis: Two people are playing flag football.,0
'',Premise: A woman is applying lip makeup to another woman who seems to have some green in her hair. Hypothesis: The girl is getting made up,0
'',"Premise: A woman in a long, dark coat looks through trashcans in Winter. Hypothesis: A woman is exploring containers for something.",0
'',Premise: A surfer on a wave. Hypothesis: A surfer catching a swell.,0
'',Premise: A man wearing a brown hoodie is shopping for snacks. Hypothesis: The man is wearing brown.,0
'',"Premise: A blond headed child in yellow boots and yellow jacket vest playing in the gravel with his pail, shovel and trucks. Hypothesis: A blonde girl is playing.",0
'',"Premise: Two hussars sit perched on horses, dressed in extravagant ceremonial wear, each holding a sabre in their right hand, reigns to the horse in their left. Hypothesis: Two people are on some animals.",0
'',"Premise: Two roadside workers with lime green safety jackets, white hard hats and gloves on with construction cones in the background Hypothesis: Two men are wearing lime green jackets.",0
'',Premise: A man in gray and black is playing a black acoustic guitar with a slightly shorter woman who is wearing pink and playing a violin. Hypothesis: a man plays guitar,0
'',Premise: A boy in a hat and glasses is playing a guitar. Hypothesis: A boy is playing guitar.,0
'',Premise: A white dog with brown spots running on a dirt path Hypothesis: A white dog runs on a dirt path.,0
'',Premise: A homeless man pushes an overfilled plastic blue shopping cart. Hypothesis: A man has a shopping cart,0
'',Premise: A man in an overcoat putting on his gloves at a subway station. Hypothesis: A person is in the subway station.,0
'',"Premise: One young boy in a yellow long-sleeved shirt and jeans sitting down, with five adults in front of him, one operating a video camera. Hypothesis: An adult using a video camera.",0
'',Premise: A man wearing a striped shirt has a camera slung over his shoulder. Hypothesis: The man with the stripped shirt is carrying a camera on his body.,0
'',"Premise: A woman carries a small, unhappy child in a busy street scene. Hypothesis: woman carrying a child",0
'',Premise: A man is swimming with a little girl wearing a pink life jacket in an indoor pool Hypothesis: A man is swimming in an indoor pool.,0
'',Premise: A boy in a green shirt on a skateboard on a stone wall with graffiti Hypothesis: A boy riding a skateboard on a stone wall.,0
'',"Premise: Two young men are on a vast, level expanse of grass, and the man in the red shirt is catching the white Frisbee. Hypothesis: The men are playing frisbee.",0
'',Premise: Two women stand in the street both wearing matching outfits with police like jackets that say Polotie. Hypothesis: Two women look like Police in similar jackets standing in the street.,0
'',Premise: Two men in black pants and black shirts practice martial arts on a green gym floor. Hypothesis: Two men practicing martial arts.,0
'',Premise: A fireman with a neon helmet and a pickaxe inspects some debris with a flashlight. Hypothesis: A fireman with an axe looks at some debris.,0
'',Premise: A little boy in a black and red striped shirt walks down a grassy hill. Hypothesis: The boy is walking outside.,0
'',"Premise: Two black guys, that are on rival teams playing basketball. Hypothesis: Two men playing basketball.",0
'',Premise: This person looks to be snowboarding on a very small pile of snow on a sunny cold day. Hypothesis: Young snowboarder sizing up their next jump,0
'',Premise: A wet child stands in chest deep ocean water. Hypothesis: A child is in the ocean,0
'',Premise: A person rides a motorbike on a dirt path surrounded by trees. Hypothesis: The person is outdoors.,0
'',Premise: a brown dog standing in the middle of a huge field. Hypothesis: There is a dog outside.,0
'',Premise: The 3 dogs are cruising down the street. Hypothesis: three dogs together,0
'',Premise: Two soccer players are going after the ball. Hypothesis: There are two soccer players.,0
'',"Premise: A young man in a straw hat, jeans, and a plaid shirt sweeps dust from stone steps in front of a stone building. Hypothesis: a man sweeps",0
'',Premise: A solo shot of a man riding a four wheeler in an atv event. Hypothesis: The man is entered in a event.,0
'',Premise: A man is rolling a suitcase in front of a bunch of red flowers. Hypothesis: A man is standing in front of flowers.,0
'',Premise: A woman in a blue striped shirt is talking to someone on the street. Hypothesis: A woman talking to someone.,0
'',"Premise: A little white dog runs outside, their ears blown back in the wind. Hypothesis: There is an animal outside.",0
'',Premise: A child stands in a shower with clothes on. Hypothesis: A clothed child is in the shower,0
'',"Premise: A sign indicates ""Dangerous Shorebreak"" on an overcast day while several people hang out on the beach. Hypothesis: There are people at the beach.",0
'',Premise: Three people are riding a carriage pulled by four horses. Hypothesis: The people are taking a carriage ride.,0
'',Premise: The gentlemen with the red plaid shirt and black pants is speaking to a young lady holding a blue folder. Hypothesis: The gentleman is speaking to a young lady.,0
'',Premise: A small child dressed for winter stares across a lake while leaning on a mesh fence in a scenic park setting. Hypothesis: A small child dressed for winter stares across a floating lake while leaning on a mesh fence,0
'',Premise: A single person stands on a heavily-eroded cliff-side rock while holding a bare branch aloft. Hypothesis: A single person stands on a heavily-eroded cliff-side rock,0
'',Premise: A dog and a cow play together inside the fence. Hypothesis: A dog and cow are outside.,0
'',Premise: A woman and child are on a boat and the woman is looking out into the ocean through a scope. Hypothesis: A lady is looking through a scope at the ocean.,0
'',"Premise: A group of people are riding down a roller coaster that appears to be called the ""Cyclone."" Hypothesis: A picture of people enjoying themselves at an amusement park.",0
'',"Premise: A man in bright shirt carrying a fallen branch. Hypothesis: There is one man in this picture, and he is outside.",0
'',"Premise: One person kneels in front of a plastic bucket, while another leans toward a doorway and a third person looks on from a dilapidated building. Hypothesis: One person kneels in front of a plastic bucket..",0
'',Premise: A young lady toying with her watch. Hypothesis: A woman is fidgeting.,0
'',Premise: A young boy giving his brother a piggyback ride Hypothesis: a boy is giving his brother a ride,0
'',Premise: A man sits on a couch beside a colorful cushion with a pencil in his hand. Hypothesis: The man is holding a pencil.,0
'',"Premise: A single man in a blue t-shirt, jeans, and a baseball cap works on a roof of a house laying shingles. Hypothesis: A single man in a blue t-shirt, jeans and a baseball cap wors on a roof of a house laying shingles",0
'',"Premise: A lady wearing gloves, and a ponytail cooks something while people stand and watch. Hypothesis: A lady cooks",0
'',Premise: A helmeted male airborne on a bike on a dirt road. Hypothesis: A man ridding his bike.,0
'',Premise: A man and women sleeping outside on a bench. Hypothesis: A man and women sleeping together outside on a park bench.,0
'',Premise: A man wearing noise-canceling headphones and a breathing mask works on a white sculpture. Hypothesis: a man wearing headphones working on a sculpture,0
'',"Premise: A man in a black hat, standing on the street while playing an electric guitar and singing. Hypothesis: A man is playing a guitar outside.",0
'',Premise: An adventurous man navigates through the jungle with a long stick. Hypothesis: There is a person outside.,0
'',"Premise: A young boy sits curiously on a rock near the water, looking at his reflection. Hypothesis: A kid is outside looking into the water.",0
'',Premise: Two men at a fish market filled with boxes of fish and freshly cut fillets study a weight scale. Hypothesis: Two men work at a market.,0
'',Premise: A person is on a four wheeler kicking up a lot of dirt in a dune. Hypothesis: The person is riding a four wheeler.,0
'',Premise: A man wearing a white shirt and black pants is falling down onto a bed in front of a window facing the ocean. Hypothesis: A man falls down onto his bed,0
'',Premise: some children play in the grass outside near a tree. Hypothesis: Children playing outside.,0
'',Premise: A boy wearing a shirt with an American flag plays with a basketball on the blacktop. Hypothesis: A young male is wearing clothes.,0
'',Premise: A man is working in an art studio and is surrounded by art supplies. Hypothesis: A man is working on art.,0
'',Premise: Two little boys wearing athletic jerseys are washing their hands in a public restroom. Hypothesis: The boys had unclean hands.,0
'',Premise: A person with an orange shovel is shoveling snow. Hypothesis: There is snow outside,0
'',Premise: Man sitting playing guitar. Hypothesis: A man is sitting and strumming a guitar.,0
'',Premise: A man in a button up shirt with a black shirt underneath presents in front of a television. Hypothesis: The man is wearing a button up shirt.,0
'',Premise: The big dog is checking out the smaller dog. Hypothesis: A big dog watching over a smaller dog.,0
'',Premise: A dark-haired man wearing a black and white t-shirt eats in a park surrounded by people. Hypothesis: A man is eating.,0
'',Premise: A woman and child are on a boat and the woman is looking out into the ocean through a scope. Hypothesis: A lady and a child are on a boat and the lady is looking out into the ocean through a scope.,0
'',Premise: A dog attacking a man wearing protective gear. Hypothesis: The man protected himself.,0
'',Premise: A man looks mysterious in a blue shirt and a red truck for a company called Wilbert. Hypothesis: A man looks mysterious.,0
'',"Premise: A man with medium length curly hair, wearing a button down shirt and bracelets, sings into a microphone while he plays a guitar. Hypothesis: A person with hair",0
'',Premise: Two people standing behind a Sonoma display and a woman with a stroller on the other side. Hypothesis: Two people are near a Sonoma store.,0
'',Premise: Someone splashing in the water. Hypothesis: A person is splashing in water.,0
'',Premise: People sitting on benches in a public area. Hypothesis: There are people sitting on benches outdoors.,0
'',Premise: People sitting in a dim restaurant eating. Hypothesis: People are eating food.,0
'',"Premise: Three people sit on a bench at a station, the man looks oddly at the two women, the redheaded women looks up and forward in an awkward position, and the yellow blond girl twiddles with her hair. Hypothesis: People wait at a station.",0
'',Premise: Spectators look on as a baseball player runs onto a base while the baseman waits to make the catch. Hypothesis: people play baseball,0
'',"Premise: A young man wearing a hoodie, pants, and athletic shoes is sitting on a red lounge chair and watching hi-def tv. Hypothesis: Man sitting in a red chair flipping through tv channels.",0
'',Premise: Two people using a water buffalo to cultivate a watery field. Hypothesis: Two people are outside with animals.,0
'',"Premise: A woman in a black outfit lies face first on a yoga mat; several paintings are hanged on the wall, and the sun shines through a large window near her. Hypothesis: There is a person in a room.",0
'',Premise: A young japanese couple holding an umbrella walking down a street. Hypothesis: The young Asian couple are walking together.,0
'',Premise: An aisle at Best Buy with an employee standing at the computer and a Geek Squad sign in the background. Hypothesis: The employee is indoors.,0
'',Premise: A little girl on a piece of playground equipment Hypothesis: A kid is doing a thing.,0
'',Premise: A group of boys playing street soccer. Hypothesis: A group of boys are playing soccer in the street.,0
'',Premise: The man is wearing an orange and black polo shirt and is kneeling with his lunch box in one hand while holding a banana in his other hand. Hypothesis: A man is holding a banana.,0
'',"Premise: Two people, one wearing an orange jersey and a white belt, and another wearing a blue jersey and a red belt are playing flag football. Hypothesis: Two people play flag football.",0
'',Premise: A man is laid back in front of a tv. Hypothesis: a man is relaxing,0
'',Premise: A man with brown pants and boots moving a tent. Hypothesis: A guy is transporting a tent.,0
'',"Premise: A lady wearing a blue dress and earrings, is sitting at a table with a napkin in her hand and her elbow on the table. Hypothesis: A woman near a table.",0
'',Premise: A lady in pink long-sleeved blouse is holding a pink bag in her lap as she reaches something to the guy next to her. Hypothesis: Lady with matching pink bag and blouse reaches toward man next to her.,0
'',"Premise: Two children are sitting on a white blanket, while the other child is sitting in the dirt. Hypothesis: two children are together",0
'',"Premise: A group of three men and two woman sitting at a table that has food, drinks, and a game on it. Hypothesis: some people are sitted",0
'',Premise: Artists install a new exhibit in a gallery. Hypothesis: People put up new art at the towns local gallery.,0
'',"Premise: Indy car, white, blue with a red mark on the roof, rounding a turn, in front of the white car. Hypothesis: Race cars",0
'',Premise: Seven young girls are being creative and making posters. Hypothesis: Girls are making posters.,0
'',Premise: Women wearing a black top and glasses speaking into a blue tipped microphone with another woman beside her writing. Hypothesis: One woman speaking into a microphone while a second woman writes beside her.,0
'',Premise: A boy posing on the soccer field. Hypothesis: The boy is on the field.,0
'',Premise: A middle-aged man in a collard shirt is raising his forearms next to his face. Hypothesis: the man is white,1
'',Premise: A sitting man is holding a partially carved stone in front a partially painted wall. Hypothesis: The man is a sculptor.,1
'',Premise: Four children are wearing blue hats with colored streamers. Hypothesis: Four kids are waiting in line for the bus.,1
'',Premise: People hurrying to get to work in a busy city. Hypothesis: People rushing to get to work in a busy city cause they are late.,1
'',Premise: A white and black spotted dog is running through a grassy area. Hypothesis: A dog is running in the field towards another dog.,1
'',Premise: A group of kids is splashing in deep water nearby a rock formation. Hypothesis: They are wearing lifejackets,1
'',Premise: A man with two small boys making a purchase from a woman. Hypothesis: The man with the little boys is buying a gift from the woman's store.,1
'',Premise: A person in an orange shirt reaching up. Hypothesis: A person is reaching up to grab something.,1
'',Premise: Children are playing in the street with a toy. Hypothesis: The children are near some cars.,1
'',Premise: Small girl riding in play car. Hypothesis: A girl is about to crash her toy car.,1
'',Premise: A woman in a blue apron is holding a container of ice cream. Hypothesis: A woman is standing in a kitchen.,1
'',Premise: Three men drink at a reflective bar. Hypothesis: Three men are socializing during happy hour.,1
'',Premise: A smiling man and a baby girl posing for photo. Hypothesis: Bob takes his infant daughter for a family photo.,1
'',Premise: Pedestrians are gazing at a display of books set out on a sidewalk under a tree. Hypothesis: Some people are attending an outdoor book sale.,1
'',"Premise: Three men are doing a musical set with wires and equipment all over the stage, and they are holding unique guitar like instruments. Hypothesis: The three men were in a band together",1
'',Premise: A group of people are camping out on some rocks. Hypothesis: People are spending a day at the beach.,1
'',Premise: A young man holding a young woman in his arms as they get splashed by water shooting up from a fountain. Hypothesis: A young couple is very much in love.,1
'',Premise: A man tests model airplanes in an open field. Hypothesis: A man is standing and testing model airplanes.,1
'',Premise: A group of people having a conversation. Hypothesis: People are talking about politics.,1
'',Premise: A child in an orange outfit stands holding flowers. Hypothesis: The boy has a gift for his mother.,1
'',Premise: A man in a winter jacket and knit cap stand with his arms up at his side in a snow landscape. Hypothesis: A man is about to throw a snowball at someone.,1
'',Premise: Someone with a long pole that appears to have a spike on the end is pointing it at a red balloon on the other side of the wall from him. Hypothesis: A bully tries to pop a balloon without being caught in the act.,1
'',Premise: A solo shot of a man riding a four wheeler in an atv event. Hypothesis: The man is riding fast on the four wheeler.,1
'',"Premise: There are two kids, a soccer ball, a dog and a goat outside in a field. Hypothesis: The kids are playing soccer in the field with their dog.",1
'',Premise: A lone bike rider navigating a rough terrain course through dirt with trees and grass in the background on a cloud free day. Hypothesis: Somebody is riding a bike on the nature trail.,1
'',Premise: A boy in a green shirt on a skateboard on a stone wall with graffiti Hypothesis: A long-haired boy riding his skateboard at a fast pace over a stone wall with graffiti.,1
'',"Premise: two shirtless men jumping over a street rail, probably practicing new dance moves. Hypothesis: Two naked men are practicing dance moves on the street.",1
'',Premise: A small dog looking up to his loving owner. Hypothesis: A dog is playing with his owner.,1
'',Premise: A girl playfully kicks a guy in the face while another person makes faces. Hypothesis: A girl is playing wrestling with a friend.,1
'',Premise: A woman is holding her child while a man is reading something from a piece of paper and taking something from a bowl that a younger girl is holding in a park with a small lake in the background. Hypothesis: The people are on a family picnic.,1
'',Premise: Two children wearing hooded tops laughing with each other. Hypothesis: children pranking each other,1
'',Premise: Three men are working with their bikes in the shoulder of a road. Hypothesis: The men's bikes broke.,1
'',Premise: Two men in neon yellow shirts busily sawing a log in half. Hypothesis: Two men are cutting wood to build a table.,1
'',Premise: a man grabs his crotch during a political demonstration. Hypothesis: The man is protesting for better wages.,1
'',Premise: A tractor decorated as a float for a parade Hypothesis: A tractor drives down the parade route,1
'',Premise: A man wearing red sunglasses is carrying two cameras. Hypothesis: The man likes taking pictures.,1
'',Premise: A young man does tricks on his skateboard. Hypothesis: A guy rolls forward.,1
'',Premise: A man in an orange turban is standing in front of a basket containing a pack of marlboro reds and other small objects. Hypothesis: A man standing with his purchases of the day.,1
'',Premise: A man playing cricket Hypothesis: an indian man plays cricket,1
'',Premise: The African American man protests against unlawful sex. Hypothesis: The man protests in something he doesn't believe in.,1
'',Premise: Three military officials are battling a fire my a building. Hypothesis: Three military offcials battle a fire after an accidental explosion.,1
'',Premise: A group of three people and one dog hike up a green mountainside. Hypothesis: People are racing up a hill.,1
'',Premise: Group of people standing and sitting in a field of grass. Hypothesis: They are all playing checkers,1
'',Premise: A man and a child painting a post. Hypothesis: The father and son are repairing the sign.,1
'',"Premise: A young man is standing near his bike outside a shop called, ""Sara's Old Fashioned Ice Cream."" Hypothesis: The young man is getting ice cream.",1
'',Premise: A man in a white and gray shirt looks on as a shirtless man with a mustache cleans fish on a pale green table. Hypothesis: The man is cleaning the fish that he caught so he can cook it.,1
'',Premise: A young african boy skipping rocks. Hypothesis: There is a rock currently skipping down a pond.,1
'',Premise: An old woman wearing a ski hat and glasses is sitting on a blue chair. Hypothesis: A large human sitting.,1
'',Premise: Workers wearing orange vests work on fence. Hypothesis: Men working to build a fence for customers.,1
'',Premise: A little boy with an orange backpack walks under a tree through the woods. Hypothesis: A boy walks to school through the woods.,1
'',Premise: A young boy in a straw hat drinks out of a plastic pink cup. Hypothesis: A kid is holding a soda can and walking through the park.,1
'',Premise: A kneeling man bends his ear to listen on another in front of a guitar and audio equipment. Hypothesis: Two men are composing together.,1
'',Premise: A snowboarder is grinding down a long concrete rail. Hypothesis: A snowboarder is practicing a new trick.,1
'',Premise: The gentlemen with the red plaid shirt and black pants is speaking to a young lady holding a blue folder. Hypothesis: The young lady that the gentleman is speaking to is his daughter.,1
'',"Premise: A child is lying on the floor drawing a picture of a girl, with two other children looking on. Hypothesis: A kid draws a picture of his crush",1
'',Premise: A runner in yellow has a convoy of motorcycles following behind him on a highway as bystanders watch. Hypothesis: A runner in front of his supporters,1
'',Premise: A woman is taking a picture of a girl on a scooter. Hypothesis: The woman is the girl's mom.,1
'',"Premise: A man in a tie-dyed shirt and jeans is sitting on a bench with a dog and a guitar on his lap, as well as a harmonica near his mouth. Hypothesis: The street performer takes a break.",1
'',Premise: A man shoveling snow off the roof of a building. Hypothesis: A young man working in the snow.,1
'',Premise: A little baby wearing a blue outfit is grabbing some fruit. Hypothesis: A little baby is having lunch.,1
'',Premise: A woman in orange sunglasses is playing the drums while speaking into a microphone in front of a large sign. Hypothesis: A woman is giving a speech about her beliefs while playing the drums.,1
'',Premise: Girl wearing white shirt sings on stage while playing guitar Hypothesis: A girl plays guitar and sings for a crowd.,1
'',Premise: The sun breaks through the trees as a child rides a swing. Hypothesis: The child on the swing is a girl.,1
'',Premise: Man jumping up in the air and splitting his legs with his mouth open. Hypothesis: A man is performing in front of a crowd.,1
'',Premise: Four young girls playing in the water. Hypothesis: Four girls are swimming.,1
'',Premise: 3 people are shopping in a market. Hypothesis: The three people are shopping for a party they are going to throw.,1
'',"Premise: A man, wearing a cap, is pushing a cart, on which large display boards are kept, on a road. Hypothesis: The person is stealing display boards.",1
'',Premise: A yellow car drives across a snowy path. Hypothesis: A taxi cab is driving down a path of snow.,1
'',Premise: A man in glasses in a basement. Hypothesis: The man is searching for something in the basement.,1
'',Premise: A woman wearing glasses and a brown beanie next to a girl with long brown hair holding a book. Hypothesis: A woman is wearing glasses and a light brown beanie.,1
'',"Premise: The festivities of the Latin celebration has brought many visitors and enthusiastic, colorful, performers to the city. Hypothesis: Many visitors have fun at the Latin celebration.",1
'',Premise: Two people wearing green raincoats sit in blue bleachers that are otherwise empty. Hypothesis: Two women in raincoat sit on the bleachers an hour before the football game.,1
'',Premise: A young girl in glasses observes something in the distance. Hypothesis: A girl is looking at the sky from far away.,1
'',Premise: Topless girl riding a red bike. Hypothesis: The woman is tall.,1
'',"Premise: A young man, wearing a white shirt, prepares hotdogs on a small grill. Hypothesis: A young man is grilling hotdogs for a Memorial Day party.",1
'',Premise: A group of children playing with props Hypothesis: The children are in a play.,1
'',Premise: A man is sitting at a restaurant table outdoors. Hypothesis: The man is being served food under an umbrella.,1
'',"Premise: A man on a bike, with the sun beating down in the background, just launched off of a dirt ramp and is coming back down. Hypothesis: A professional bike rider performing tricks.",1
'',Premise: A woman is petting a dog outside. Hypothesis: A woman is rewarding a dog for bringing back a thrown stick.,1
'',Premise: A tattooed man posing with a woman carrying a yellow handbag. Hypothesis: The couple poses together.,1
'',Premise: a skier doing a trick on pole while being photographed by another man Hypothesis: Skier showing off for photographer by doing a trick.,1
'',Premise: A red truck is parked next to a burning blue building while a man in a green vest runs toward it. Hypothesis: The burning blue building will turn to dust after an hour.,1
'',Premise: A man talking into a microphone with a woman standing next to him. Hypothesis: There are people giving a speech at the fair.,1
'',Premise: A woman leans over a small fence to take a picture of a yellow flower. Hypothesis: The woman is a professional photographer,1
'',"Premise: People gathered around a table with food and wine on it. Hypothesis: The family is sitting at Thanksgiving dinner, preparing to dine together.",1
'',"Premise: Two young women, one with blond-hair in a ponytail, are sitting in a booth next to some potted plants. Hypothesis: Two women are sitting near to green plants",1
'',"Premise: A man wearing an oxford shirt, sunglasses, and a hat smirks. Hypothesis: A man hiding his true identity.",1
'',Premise: A man in a plaid shirt looking through a telescope lens. Hypothesis: the man is watching the stars,1
'',Premise: A man in a green shirt is getting his feet wet in front of a wall showing a closeup picture of a face. Hypothesis: The man is waiting for his friend to come meet up with him.,1
'',"Premise: A man in a blue shirt, blue jeans, and a red apron standing at a grill. Hypothesis: A man in blue jeans cooks hot dogs on the grill.",1
'',Premise: A BMX rider is in midair while on a dirt trail. Hypothesis: The BMX rider is getting dirt on his clothes.,1
'',Premise: A woman in black walks down the street in front of a graffited wall. Hypothesis: A woman walks past a wall of graffiti on her way to the bookstore.,1
'',"Premise: A couple walking down the street. Hypothesis: An old couple walking, holding hands",1
'',"Premise: A man in a black hat, standing on the street while playing an electric guitar and singing. Hypothesis: The man has a great singing voice.",1
'',Premise: Six older women are standing in a row at a table smiling and looking trough books and other material displayed on the table. Hypothesis: Women are looking at books on sale at a library.,1
'',Premise: Two men are wearing caps are looking at the ground with surprised expressions on their faces. Hypothesis: Two men are surprised by the skunk near them.,1
'',"Premise: A woman is standing near three stores, two have beautiful artwork and the other store has Largo written on it. Hypothesis: A woman stands outside of two art shops deciding which one to go into on a street corner.",1
'',Premise: A man in a blue shirt and tan shorts has his feet in the steps of an exercise bicycle and is working on the control panel of the machine. Hypothesis: The man is old,1
'',Premise: Two humans looking out in the distance from a hill. Hypothesis: Two people pause to overlook the beautiful veiw before resuming their hike.,1
'',Premise: A group of women and men are in the water wit their clothes on. Hypothesis: The group of people are swimming in the water.,1
'',Premise: A man wearing a hat and carrying a bag Hypothesis: A man is carrying a bag full of bread.,1
'',Premise: a matador in white and gold clothing and pink sock is getting hit by a raging bull Hypothesis: The matador will feel sorry for the bull,1
'',Premise: A small quaint town all lit up during the holiday season. Hypothesis: The town has snow on the ground.,1
'',Premise: A man in summer clothing skiing on thin snow. Hypothesis: A man is skiing on a warm day.,1
'',Premise: A woman is walking her dog and using her cellphone. Hypothesis: The woman is playing a game on her cellphone.,1
'',Premise: A woman floats in an innertube in a large body of water. Hypothesis: The woman is in the ocean.,1
'',Premise: The man in the black shirt is showing the man in the orange shirt something that he has for sale. Hypothesis: A retail store worker shows a customer the latest designer wear.,1
'',Premise: A child with wet hair is holding a butterfly decorated beach ball. Hypothesis: The child is at the beach.,1
'',Premise: Boy in midair on bicycle Hypothesis: The boy is falling off of his bicycle.,1
'',Premise: A gentleman with his eyes closed playing an old fluglehorn into a microphone. Hypothesis: The man is playing an old favorite tune on the flugelhorn.,1
'',Premise: A child rides a bicycle in a sunny neighborhood. Hypothesis: the child is riding his bike to the park,1
'',"Premise: Three men, who appear to be Asian, are conversing near a carved wall, while another man sits on a bench with his eyes closed. Hypothesis: A man is asleep and dreaming while sitting on a bench.",1
'',Premise: A lady in a dark coat is sitting with many people around her. Hypothesis: A woman is attempting an eating competition at a festival.,1
'',Premise: A young man in a backwards baseball cap balances his skateboard on the edge of the concrete. Hypothesis: The man has a colorful skateboard,1
'',Premise: Children are playing in the street with a toy. Hypothesis: The children have a ball.,1
'',Premise: A small Asian child rides on the back of a woman who is wearing a hat. Hypothesis: A mother and her child ride home from work.,1
'',Premise: Young children play on scaffolding. Hypothesis: Happy children play on scaffolding.,1
'',Premise: Naked children play on the muddy riverbank. Hypothesis: THE NUDE KIDS PLAYED ON THE RIVERBANK  IN THE MUD JUST TO HAVE A MUD BATH,1
'',Premise: Two people sitting on the sand. Hypothesis: There are two people at the beach.,1
'',Premise: A young man at a bowling alley posing on the scoring machine. Hypothesis: A young man is bowling.,1
'',"Premise: Five children, two boys and three girls, with the girls wearing white scarves, sit on the pavement outside in front of a large window. Hypothesis: There is snow outside.",1
'',Premise: Some children are playing soccer in front of a large wooden door. Hypothesis: The kids are enemies.,1
'',Premise: A child stands in a shower with clothes on. Hypothesis: A child's clothes are full of mud in the shower,1
'',"Premise: A woman wearing an elaborate array of feathers in her hair, a bead necklace, a medallion, and an aqua, brown, and olive-green dress and looks off to her left, smiling slightly. Hypothesis: A woman smiles at someone to her left",1
'',Premise: Children are playing outside in a fountain. Hypothesis: Some children throw stones into a fountain.,1
'',Premise: A girl in a hat has some sort of insect on her finger. Hypothesis: A female has a bee on her hand.,1
'',Premise: A man standing in front of a building on the phone as two men to the side pain on the side. Hypothesis: a busy man stands with bodyguards,1
'',Premise: An engineer with a blue jacket and cap wears purple gloves while looking up. Hypothesis: The engineer heard a noise.,1
'',Premise: Two men in punk-style clothing stand in front of a wall. Hypothesis: Two men standing in front of a wall looking for trouble.,1
'',Premise: A young man in a heavy brown winter coat stands in front of a blue railing with his arms spread. Hypothesis: The railing is in front of a frozen lake.,1
'',Premise: Three young women perform a dance in a crowded hall. Hypothesis: Three young women are belly dancing in front of a crowd.,1
'',"Premise: A tan-skinned man sitting in a chair with a bag under his arm, talking on a white phone. Hypothesis:  A young man sitting in a chair with a bag under his arm, talking on a white large phone.",1
'',Premise: Black and yellow teams are trying to get the basketball in the goal. Hypothesis: The two teams are both wearing white sneakers.,1
'',Premise: A young girl with her bike. Hypothesis: A girl is wiating for someone to take her bicycle.,1
'',Premise: A bald person in green clothing stands in front of a brick wall. Hypothesis: A man poses for a picture.,1
'',Premise: The German shepherd runs happily in the park. Hypothesis: Dog runs outside with his owner.,1
'',Premise: A Vietnamese woman wearing a gray top carries large clear bags of groceries using a stick to balance everything on her shoulder. Hypothesis: A tall person carrying stuff,1
'',"Premise: A young boy, wearing a jesters hat is enjoying himself sledding. Hypothesis: A young boy wearing a hat is cold while he sleds.",1
'',"Premise: A man lying on the grass on a rugby field, holding a rugby ball. Hypothesis: A many sleeping with his rugby ball.",1
'',Premise: A young boy plays on a pile of rocks. Hypothesis: A boy is playing army with action figures on rocks.,1
'',Premise: A man in a white t-shirt and jeans is holding a mallet and chisel next to his abstract sculpture which stands on several bricks. Hypothesis: A man is trying to finish his sculpture for a church,1
'',Premise: A skier goes down a hill with a mountain as a backdrop. Hypothesis: A skier going down the bunny hill.,1
'',Premise: A woman sitting with a guitar talking to a man sitting with an umbrella. Hypothesis: It is raining.,1
'',Premise: The large white bird grazes the water. Hypothesis: He is searching for fish,1
'',Premise: A little girl in a gray shirt smiles as she brushes her teeth with a yellow and orange toothbrush. Hypothesis: A girl fakes a smile to brush her teeth.,1
'',Premise: A motocross rider rides in the air over a bar. Hypothesis: A motocross rider performs a trick during a competition.,1
'',Premise: A historic-looking building. Hypothesis: The town hall,1
'',Premise: A woman crosses the street with a baby in her arms. Hypothesis: A woman crosses the street carrying her baby boy.,1
'',"Premise: A guitarist, a drummer, and another band member are performing on stage with red lights on the background. Hypothesis: A band is playing a concert in a packed stadium.",1
'',"Premise: A group of seven individuals wearing rafting gear, white water raft down a river. Hypothesis: Seven men and women are in a yellow boat.",1
'',"Premise: A little boy with a shirt, shorts and socks on, standing on the beach. Hypothesis: A boy is watching the ocean.",1
'',Premise: A Man is eating food next to a child on a bench. Hypothesis: Man eating his food while sitting with his daughter.,1
'',"Premise: A girl wearing khakis and a red sweatshirt is jumping in the air, while she is in the forest. Hypothesis: The girl is jumping because she is happy.",1
'',Premise: A woman in a gray shirt is looking at something. Hypothesis: A woman in a gray shirt looking at her book.,1
'',Premise: The woman in the white dress looks very uncomfortable in the busy surroundings. Hypothesis: The woman is under a lot of stress.,1
'',Premise: A toddler is sitting at the bottom of a slide and smiling. Hypothesis: A toddler is sitting at the bottom of a plastic slide and smiling.,1
'',Premise: Three guys in red uniforms celebrating a goal in a soccer game. Hypothesis: Three men in red uniforms celebrating a goal in front of a crowd at a soccer stadium.,1
'',Premise: A woman rollerblader with knee and elbow pads and a helmet jumping into the air. Hypothesis: the woman is a professional skater,1
'',Premise: A woman with a navy sweater is looking through a blue telescope at a statue of a dinosaur. Hypothesis: The woman is in an outdoor park,1
'',Premise: Hikers walk along some tough terrain. Hypothesis: Hikers make their way along tough terrain to get to the scene of the fall.,1
'',"Premise: A barefoot man in an orange shirt, shorts, and a baseball cap is sitting on the open tailgate of a silver pickup truck. Hypothesis: A man's car broke down.",1
'',"Premise: A little white dog runs outside, their ears blown back in the wind. Hypothesis: A dog is running towards it's owner.",1
'',Premise: Two women stand in the street both wearing matching outfits with police like jackets that say Polotie. Hypothesis: Two women are taking place in a protest by dressing as police.,1
'',"Premise: A young child joyfully pulls colorful tissue paper from a decorated box, looking for his present. Hypothesis: a child opens a present on his birthday",1
'',Premise: A man is holding a cigarette outdoors in front of a blue wall with a sink on it. Hypothesis: A man takes a smoke break from work.,1
'',Premise: Two children re laying on a rug with some wooden bricks laid out in a square between them. Hypothesis: Two children are building a brick furnace.,1
'',Premise: A couple walking their dog. Hypothesis: A couple is walking their dog to the park.,1
'',Premise: A man in a army uniform is holding a picture with trees in it. Hypothesis: The military veteran had entered an art contest and won first place!,1
'',Premise: A group of young people pose for a picture in a field Hypothesis: They are taking a class photo.,1
'',"Premise: An old man in a baseball hat and an old woman in a jean jacket are standing outside, but are covered mostly in shadow. Hypothesis: An old woman has a light jean jacket.",1
'',Premise: A teenage girl in a crowd of people looking up at something. Hypothesis: no one saw the rainbow in the sky,1
'',Premise: A yellow dog is running in a field near a mountain. Hypothesis: A yellow dog is chasing a bunny in the field.,1
'',"Premise: A person, in a striped blue shirt and pants, is running along. Hypothesis: The person is old",1
'',Premise: A young man dressed in a dark bathing suit exits from a swimming pool while water drips off his head and body. Hypothesis: The man competed in the swimming competition.,1
'',Premise: A man in a blue shirt is performing a skateboarding trick near stiars while two other men watch. Hypothesis: A tall person in shirt,1
'',Premise: Several children are standing on the beach. Hypothesis: The children are waiting to go into the water.,1
'',"Premise: A dog running in long grass, a housing development behind it. Hypothesis: A dog is running back home.",1
'',Premise: Four human figures are backlit by a sunset. Hypothesis: Four men are standing on a hill watching a sunset,1
'',"Premise: While the players on the front lines of the football teams mingle, a kicker dressed in a white and yellow jersey kicks the football. Hypothesis: A kicker kicks off the game while the players mingle to surprise the other team.",1
'',Premise: Women in a red hat and beige shoes standing with hands behind her back in front of a cement wall. Hypothesis: A tall person in a hat,1
'',Premise: Little girl with very curly hair drinking her cup of juice. Hypothesis: A girl with curly hair is drinking through a straw.,1
'',"Premise: A race car, numbered 104 is rounding a bend as two people watch and take pictures. Hypothesis: People are taking pictures of the indy 500.",1
'',Premise: The number eight rollerskater is taking the lead and pulling away from her black and red dressed opponents. Hypothesis: A rollerskater behind the pack.,1
'',Premise: A man wearing a snorkel and goggles gives a thumbs up as he and another person speed through the water. Hypothesis: Two guys are on a lake.,1
'',Premise: Two men in hard hats look at a building while on the side of a street. Hypothesis: 2 male humans are working construction.,1
'',Premise: A man wearing a straw hat sitting in a chair holding the leash on a dog who is laying on the sidewalk next to him. Hypothesis: The dog is a retriever.,1
'',"Premise: A speaking woman at a podium has the phrase ""Armenian Genocide"" written on it, flanked by priests and men in suits. Hypothesis: The woman is Armenian.",1
'',Premise: Six dogs swimming in a river. Hypothesis: Six dogs swim across the river.,1
'',Premise: A child in a maroon shirt playing next to a fountain. Hypothesis: The child is getting wet from the fountain.,1
'',Premise: An older man is speaking to a boy while both are sitting. Hypothesis: Grandpa is lecturing,1
'',Premise: A man in an orange hat holds a ball. Hypothesis: A man in an orange hat is getting ready to throw a ball.,1
'',Premise: A person is hanging on to the bottom of an airplane preparing to skydive. Hypothesis: A person is skydiving alone,1
'',Premise: A woman wearing a tank top and black pants is laying on the ground while looking at a book. Hypothesis: A woman is deciding whether or not to read a book.,1
'',Premise: The small child is wearing winter clothes and a hat. Hypothesis: The small child is dressed in a parka.,1
'',Premise: Three men are playing frisbee in the woods. Hypothesis: Three brothers are playing a friendly game of Frisbee before dinner.,1
'',Premise: Two men help each other cut a sheet of plastic. Hypothesis: Two friends help each other by cutting some plastic.,1
'',"Premise: A male singer, dressed in a long purple pea coat, holding an electric guitar, singing into a microphone, while a male in sunglasses and wearing headphones, plays drums, with purple drapery hanging in the background. Hypothesis: the singer is paid",1
'',Premise: A young boy using a spatula to handle meat on a grill. Hypothesis: A young boy is grilling steak.,1
'',Premise: A woman is holding a microphone in one hand and her mouth is open. Hypothesis: A woman about to sing a song on stage,1
'',Premise: a lady looks surprised. Hypothesis: A woman looks surprised because someone just dropped to one knee and proposed!,1
'',Premise: Men sitting at a table in a church. Hypothesis: The ornate church contains chatting people.,1
'',Premise: A blond boy stands among people in a shady setting with a large snake wrapped around his chest. Hypothesis: A male performer is showcasting his snake for tips.,1
'',Premise: A group of boys playing street soccer. Hypothesis: A team is playing street soccer.,1
'',Premise: Two kids in their pajamas. Hypothesis: Two kids are wearing PJs on pajama day at school.,1
'',Premise: An old man with a package poses in front of an advertisement. Hypothesis: A man poses in front of an ad for beer.,1
'',Premise: A group of people are in a rowboat in the ocean surrounded by seagulls. Hypothesis: A group of people are rowing towards some islands while one of them fishes.,1
'',Premise: An ATV rides over a vast sandy landscape. Hypothesis: The rider is following his friends in the sand.,1
'',Premise: Three men dancing as a group of people watch. Hypothesis: three men dancing as a stage,1
'',Premise: A mother and daughter walk along the side of a bridge. Hypothesis: A mother and daughter are walking home.,1
'',Premise: A person taking pictures of a young brunette girl. Hypothesis: A young model has her first photoshoot.,1
'',Premise: A group of people are ice skating in a big city. Hypothesis: The people are falling down a lot.,1
'',Premise: A woman wearing a gray jacket and visibly laughing is seated next to a woman who is wearing a dark blue sweater and is smirking. Hypothesis: The women just heard a joke.,1
'',Premise: The cyclist rides on a wooded path. Hypothesis: The cyclist rides with a companion on a wooded path,1
'',Premise: A man is riding his dirt bike through the air in the desert. Hypothesis: A man is showing off to his girlfriend while doing tricks on a dirt bike.,1
'',Premise: A woman standing in front of a large tank at an aquarium turns around to look at the photographer. Hypothesis: A woman wants a new facebook picture of her at the aquarium,1
'',Premise: The skateboarder is jumping his board in the air while another skateboarder watches. Hypothesis: A skateboarder is jumping while the other is sitting.,1
'',Premise: This man is working with an I-pad. Hypothesis: the man is typing a paper,1
'',Premise: Navy men stand along a red carpet and salute as their superior walks by. Hypothesis: Some men are saluting their superior out of respect.,1
'',Premise: A man wearing a yellow motorcycle jacket on a motorcycle in midair with a man watching in the background Hypothesis: A man preforms tricks on a motorcycle.,1
'',Premise: A person in full astronaut suit and gear trains in an underwater lab as a scuba diver assists. Hypothesis: A female astronaut adjusting to the feeling of low gravity by training underwater.,1
'',Premise: Two women are eating lollipops- the blond woman is wearing a button and the one with brown hair and a scarf has her eyes closed. Hypothesis: Two sisters are eating lollipops.,1
'',Premise: Two men are playing during a basketball game. Hypothesis: Two men are playing during a college basketball game.,1
'',"Premise: A woman is seen from above applying red nail polish to her toes, as they rest on a leather seat. Hypothesis: The woman is sitting next to someone.",1
'',"Premise: The young girl is airborne as she falls into the lake. Hypothesis: A girl is falling off a pier, into a lake.",1
'',Premise: A guy and a girl look down a mountain range. Hypothesis: The couple is going to climb the mountains.,1
'',Premise: The guy in the black jacket is standing on his hand on a checkered rectangle. Hypothesis: The circus performer wows the crowd with his feat.,1
'',"Premise: A dark-skinned person, crouched while painting a sign. Hypothesis: A black man is painting a protest sign.",1
'',Premise: The girl wearing a brown jacket whilst walking in snow. Hypothesis: The lady wearing a jacket is looking for her lost dog.,1
'',Premise: A older man in a hat is playing a accordion on the street while sitting in a chair. Hypothesis: A busker is wearing a hat.,1
'',Premise: A young boy in red leaping into sand at a playground. Hypothesis: A young boy jumps onto his friends sand castle at a playground.,1
'',Premise: A woman finishing a marathon race. Hypothesis: The woman is in first place.,1
'',"Premise: Man sitting on a bench, reading a book. Hypothesis: A man is doing something outside.",1
'',Premise: A man wielding an electric razor is gleefully shaving away another man's hair. Hypothesis: The two men are brothers.,1
'',Premise: A man trying his hardest to climb up a rope. Hypothesis: The man climbing a rope to get to the top.,1
'',"Premise: A boy wearing jeans, standing on rocks in a river and throwing a stone. Hypothesis: A boy with no shirt on throws rocks.",1
'',"Premise: Two men are in blue life jackets and sitting on innertubes with ""Crusher"" written on them in the middle of a body of water. Hypothesis: The two men are enjoying an afternoon in the water together after a tough workweek.",1
'',"Premise: A teenager blows a whistle and wears white face paint, earmuffs, and a yellow hat while another teen watches. Hypothesis: A tall person in face paint",1
'',Premise: Three women are dancing among the bamboo. Hypothesis: A group of women on the dance floor decorated with bamboo.,1
'',Premise: A man wearing black pants rides along a concrete ledge on rollerblades. Hypothesis: The man may lose his balance.,1
'',Premise: People boating on a lake with the sun through the clouds in the distance. Hypothesis: people having boat party,1
'',Premise: The brown and black dogs are carrying a big log in the meadow. Hypothesis: brown and black dogs carrying a big log in the meadow to show their owner.,1
'',"Premise: Three children and adults in the background, all pretend to sleep. Hypothesis: The children are playing a bedtime game with their parents.",1
'',Premise: A woman teaching a ballet class composed of small children holding colourful scarves. Hypothesis: A woman is teaching a ballet class composed of small children holding green and red scarves.,1
'',Premise: A woman examines a poster mounted on the wall of a tunnel or hallway lit by overhead fluorescent lights. Hypothesis: A woman is lost and looks at directions mounted on the wall.,1
'',Premise: There is a group of children getting their picture taken with presents. Hypothesis: Young children open presents under a large Christmas tree.,1
'',Premise: A woman rests her head on a man's shoulder. Hypothesis: Woman resting her head on husband shoulder,1
'',Premise: A group of people sitting and knitting. Hypothesis: A group of women are knitting.,1
'',Premise: A man squatting in a park looking at something in the distance. Hypothesis: A man is watching his son playing on the swingset.,1
'',Premise: A group of kids play on a colorful structure. Hypothesis: A group of kids are outdoors.,1
'',"Premise: Men wearing blue uniforms sit on a bus. Hypothesis: Men sit on the bus going to work,",1
'',Premise: A young man standing outside a laundromat. Hypothesis: A man is waiting for his clothes to finish at the laundromat.,1
'',Premise: A young boy vocalizes in to a microphone held by a blond woman in black. Hypothesis: A woman teaching a boy to sing.,1
'',Premise: A group of people stand near and on a large black square on the ground with some yellow writing on it. Hypothesis: a group of people wait,1
'',Premise: A man partly draped in a green and orange flag rests his arms on two others while standing in a crowd. Hypothesis: A man rests on his friends after a championship fight.,1
'',"Premise: A middle-aged woman with red-hair, a white shirt, and a silver beaded necklace is holding a yellow cellphone against her ear while talking. Hypothesis: She was calling her husband on her cellphone.",1
'',Premise: A man touching a hanging strand of lamps. Hypothesis: A man reaches out to a strand of multicolored lamps.,1
'',Premise: Someone in green pants is on a white snowboard in the air. Hypothesis: The person is competing in a snowboarding competition.,1
'',Premise: Three guys in red uniforms celebrating a goal in a soccer game. Hypothesis: Three men in red uniforms celebrating a goal at a soccer game outside.,1
'',"Premise: A woman is sitting outside at a table, using a knife to cut into a sandwich. Hypothesis: A woman is sitting outside waiting for her friend.",1
'',Premise: An aisle at Best Buy with an employee standing at the computer and a Geek Squad sign in the background. Hypothesis: The employee is wearing a blue shirt.,1
'',Premise: Many roller derby players skating around the rink. Hypothesis: roller derby players skating around the rink at practice.,1
'',Premise: A boy in a red jacket and balck hat sliding on his knees down a snowy hill Hypothesis: A child is playing on christmas.,1
'',Premise: The little boy gets ready to kick the soccer ball. Hypothesis: the boy is ten years old,1
'',Premise: A man dressed in a red shirt and black tie stands up at a wedding reception to make a speech. Hypothesis: a drunk talks loudly at a wedding,1
'',Premise: A woman in a pink top is holding a glass bottle in one hand and a Stitch doll in the other. Hypothesis: The glass bottle is big,1
'',Premise: A man in an orange jacket reaches under a busted up blue car on wooden supports. Hypothesis: A man is repairing a car.,1
'',Premise: Two friends having a laugh. Hypothesis: Two friends are laughing at people on the street.,1
'',Premise: A group of students are walking through the campus. Hypothesis: There is a school tour going on,1
'',"Premise: Woman wearing green pants, blue jacket and sunhat carrying food in baskets that are hung over her shoulder. Hypothesis: The friends retire home after going to the farmer's market",1
'',Premise: A child plays with her father's boots. Hypothesis: A child players with her father's boots while he is at work.,1
'',Premise: A woman wearing a beige sweater and black pants talking to man wearing black pants and top Hypothesis: The man and woman are engaged.,1
'',Premise: A man in a black leather jacket and a book in his hand speaks in a classroom. Hypothesis: A man is teaching science in a classroom.,1
'',Premise: A brown and white dog holds a tennis ball in his mouth. Hypothesis: A dog is playing fetch with his owner.,1
'',Premise: the man is in the middle of a pole vault Hypothesis: The man is concentrating.,1
'',"Premise: A boy in a green shirt surrounded by toys and another boy, wearing a blue shirt with penguins, to his left Hypothesis: The two boys are having a playdate arranged by their mothers.",1
'',Premise: Three males and one female are posing for a photograph with snow on the ground and mountains covered with green trees and snow in the background. Hypothesis: Four friends pose for a photo on their ski holiday.,1
'',Premise: Two men are looking through microscopes in a room. Hypothesis: There are biologists checking for tissue abnormalities.,1
'',Premise: A nighttime street scene of a restaurant. Hypothesis: The restaurant is about to close.,1
'',Premise: A young man waring black and carrying a skateboard looks at an outdoor skateboard park. Hypothesis: A guy is going skateboarding today.,1
'',Premise: A basketball player wearing blue and red is shooting a basket while onlookers sit outside the court. Hypothesis: The basketball player is taking a foul shot.,1
'',Premise: A brown and black dog rubs his face in the grass. Hypothesis: The dog's nose itches.,1
'',Premise: Two police officers in yellow reflective jackets are standing in a shopping zone having a conversation. Hypothesis: Two police officers in yellow reflective jackets are standing in a busy shopping zone,1
'',"Premise: A man wearing a blue jacket fishing in a river having a conversation with his friend with no shirt. Hypothesis: Men talking, while catching fish.",1
'',Premise: A woman tired from her long day takes a nap on her bed above the sheets and covers. Hypothesis: An elderly woman is taking a nap.,1
'',Premise: A young boy and an adult man looking at ducks in a pond. Hypothesis: The boy and his dad walk along the edge of the pond.,1
'',Premise: A soldier using binoculars in a desert. Hypothesis: A soldier using binoculars searches for the enemy in a desert.,1
'',Premise: A group of men on a beach are chasing another man who is carrying a ball. Hypothesis: The men just met today.,1
'',Premise: A woman wearing a straw hat is sitting among a variety of different foods while holding a drink. Hypothesis: A woman is enjoying a beer.,1
'',Premise: A young boy in green practices juggling in a parking lot. Hypothesis: The young man is juggling balls.,1
'',Premise: A toddler sits on a stone wall surrounded by fallen leaves. Hypothesis: A child sits on a wall writing a story of falling leaves,1
'',"Premise: a group of people celebrate their asian culture. Hypothesis: At a Chinese restaurant, a group of people celebrate their Asian culture.",1
'',Premise: A young japanese couple holding an umbrella walking down a street. Hypothesis: The young Asian couple are using an umbrella to protect themselves from the hard rain.,1
'',Premise: A group of people are in a rowboat in the ocean surrounded by seagulls. Hypothesis: A bunch of people are in a wooden object on the water.,1
'',Premise: Two women and a man are sitting down eating and drinking various items. Hypothesis: A group of coworkers are eating lunch together.,1
'',Premise: A man draws a caricature of a woman. Hypothesis: A man drawing a caricature of his wife.,1
'',Premise: A man balances a unicycle using his face and both hands. Hypothesis: A man is working for a circus.,1
'',Premise: An enthusiastic boy pushes a shopping cart containing a smiling boy. Hypothesis: Two boys are helping their parents shop,1
'',Premise: An Asian wearing a pastel print shirt and sunhat pushing his cart up the street. Hypothesis: An Asian man is selling food.,1
'',Premise: A young woman playing hopscotch. Hypothesis: A girl is teaching her friends how to play hopsotch outside.,1
'',Premise: A boy drags his sled through the snow. Hypothesis: a boy drags a sled up the hill,1
'',Premise: A young male sitting in front of a computer monitor Hypothesis: Someone is doing their homework.,1
'',"Premise: Two dirt bike riders, one wearing green and the other wearing blue and white, are jumping a hill. Hypothesis: Two dirt bike riders are practicing new tricks",1
'',Premise: Man with blue and yellow shirt rides bike. Hypothesis: a man rides a bike for the first time,1
'',Premise: a wet golden retriever is walking through a lake Hypothesis: A wet golden retriever is walking through a lake to find a ball.,1
'',Premise: A barber in a sports themed barber shop waits for his next customer to arrive. Hypothesis: A barber in a sports shop waits eagerly for business.,1
'',"Premise: Four men in safety gear, one holding a camera, are standing on a platform. Hypothesis: There has been an accident",1
'',Premise: A man standing on a street with a suitcase in front of him while another man bends down to look at what is displayed on top of it. Hypothesis: One man shows the ransom money to the other.,1
'',Premise: A male baseball player for the baseball team The Indians prepares to catch a ball. Hypothesis: That player has never missed a catch.,1
'',"Premise: Two African American men laughing with aprons on, while a third man wearing a chef jacket is on a cellular phone. Hypothesis: The three men are taking a break at work in the kitchen.",1
'',Premise: A man in a white shirt taking a picture. Hypothesis: the man is a photographer,1
'',"Premise: Many people standing outside of a place talking to each other in front of a building that has a sign that says ""HI-POINTE."" Hypothesis: The people are having a chat before going into the work building.",1
'',Premise: A dog opens its mouth to catch a blue and yellow toy. Hypothesis: The puppy is chasing a ball.,1
'',Premise: A man and a woman are holding hands on the shore of a lake. Hypothesis: A couple on vacation.,1
'',Premise: A guy wearing jeans and a hat is crouching on a handrail with a concrete embankment located in front of him. Hypothesis: He is wearing a button-up shirt.,1
'',Premise: A man wearing a red vest is walking past a black and green fence. Hypothesis: The man wearing the vest is walking down the street.,1
'',Premise: A group of people sitting around a table eating food. Hypothesis: People are at a table eating Christmas dinner.,1
'',Premise: Boy with red shorts getting soaked with water. Hypothesis: The boy is having fun.,1
'',Premise: A girl dressed in a Halloween costume is carrying bag of candy and a scythe with a jack-o-lantern on someones porch in the background. Hypothesis: Her favorite candy is chocolate.,1
'',Premise: A man swings his tennis racquet as the tennis ball gets closer to him. Hypothesis: A man is about to hit the winning point in a tennis match.,1
'',Premise: A shirtless man with a white hat and no shoes sitting crisscross with his back against the wall holding up a white plastic cup. Hypothesis: A man is waiting for someone,1
'',Premise: A dog is walking down steps. Hypothesis: A large dog is walking down the front steps.,1
'',Premise: A group of people are looking at photographs on a wall and speaking to each other. Hypothesis: A group of friends are visiting an art exhibit.,1
'',Premise: Two men and a Frisbee Hypothesis: Two men playing with a Frisbee.,1
'',Premise: An Asian woman enjoys a nice treat Hypothesis: The Asian woman is eating ice cream.,1
'',Premise: A man and a woman jumping with a lake in the background. Hypothesis: They have been swimming.,1
'',Premise: Two children work together on a project at a table. Hypothesis: Two kids are making a model.,1
'',Premise: A man is swimming with a little girl wearing a pink life jacket in an indoor pool Hypothesis: A man is teaching his granddaughter to swim.,1
'',Premise: Five young blond and light brown-haired girls are sitting on the ground reading books together. Hypothesis: Five girls taking turns reading aloud for a school assignment,1
'',Premise: A dusty boy runs along a dirt path through the grass. Hypothesis: A boy is running home after school.,1
'',Premise: A golden dog bounds across the snow-covered hill. Hypothesis: A golden animal bounds across the snow-covered plateau.,1
'',Premise: Two daschunds play with a red ball Hypothesis: Two dogs playing fetch.,1
'',"Premise: A man sits behind a decorated table inside a room with fabrics draped down the walls. Hypothesis: Man sitting at a tarot card shop, waiting for his palm to be read.",1
'',"Premise: A young woman cooks a meal in a wok while conversing with another woman, as an illuminated shrine to Mr. T looks on. Hypothesis: A young chef teaches her sister how to prepare a recipe.",1
'',Premise: A young boy is hugging a wooden post. Hypothesis: A boy holds onto a post during a wind storm.,1
'',Premise: Here is a picture of people getting drunk at a house party. Hypothesis: People were celebrating at a Christmas themed party.,1
'',"Premise: Man sitting playing guitar. Hypothesis: A man is sitting by a campfire, playing guitar and singing.",1
'',Premise: A man stands with his arms out inside a large green piece of equipment. Hypothesis: He is trying to get it working again.,1
'',Premise: A woman with red-hair and large tattoo is sitting in a chair outside. Hypothesis: A lady is sitting at a table outside,1
'',Premise: A person swimming in a swimming pool. Hypothesis: A person enjoying the waters,1
'',Premise: A man in a purple and blue shirt and shorts is getting ready to hit a golf ball. Hypothesis: A man is on a golf course.,1
'',Premise: Two children are swimming in a pool. Hypothesis: Two kids are in a swimming race.,1
'',Premise: A person with a striped tube standing in the middle of a crowd of people. Hypothesis: A person is at a concert.,1
'',Premise: A thin brunette woman lounges while reading on a rooftop overlooking a cityscape. Hypothesis: A woman is enjoying the outside weather,1
'',Premise: A boy and girl kissing in the sunset. Hypothesis: A boy kisses his girlfriend on the beach.,1
'',"Premise: A young Asian woman wearing a blue shirt and blue jeans sits on her bike, as a young boy, with his bike down, looks up. Hypothesis: This young boy is shorter than this young woman.",1
'',"Premise: Older men and women dancing in front of a stage, a man in a white hat twirling a woman in a red flower print skirt and white shirt. Hypothesis: People put on a show.",1
'',Premise: A demolition crane tearing down what is left of a building with a man standing on a platform spraying water. Hypothesis: The man is spraying water on the rubble so that it doesn't get too dusty as the building is demolished.,1
'',Premise: A gas station and a car on fire. Hypothesis: A car sets a gas station on fire.,1
'',Premise: A boy in a gray and yellow jacket is raising his hand in front of others sitting around him. Hypothesis: A boy is raisingin his hand to answer a question in his class.,1
'',Premise: There is a large group of people standing together mostly wearing Canada symbols. Hypothesis: They are Canadian.,1
'',Premise: People sitting on benches in a public area. Hypothesis: There are people sitting on benches outdoors talking to each other.,1
'',"Premise: One man, shirtless, and a woman, clothed, jumping in the water. Hypothesis: A husband and wife are being spontaneous by jumping in a freezing river.",1
'',Premise: A group of Asian men are sitting or standing around a small square table. Hypothesis: Some men are having a planning meeting in a room.,1
'',Premise: The 3 dogs are cruising down the street. Hypothesis: a family of dogs cruises down the street,1
'',Premise: Lab tech looking through a microscope in a lab. Hypothesis: The lab tech is looking at a cell sample.,1
'',"Premise: A man with medium length curly hair, wearing a button down shirt and bracelets, sings into a microphone while he plays a guitar. Hypothesis: A tall person with hair",1
'',Premise: Two girls playing catch on a lawn Hypothesis: Sisters are tossing a frisbee back and forth in the park.,1
'',Premise: Boy sitting looking through a glass window at a train station. Hypothesis: A boy is looking through a window at another boy at the train station.,1
'',"Premise: A woman in a long, dark coat looks through trashcans in Winter. Hypothesis: A woman older than thirty is outside in winter.",1
'',Premise: The black woman is laying out literature. Hypothesis: A woman is placing pamphlets on a display table.,1
'',Premise: A little girl listens to a cellphone. Hypothesis: She is talking to her dad on her phone.,1
'',Premise: Dog running through the snow. Hypothesis: This is the first time the dog has seen snow.,1
'',Premise: Two girls kissing a man with a black shirt and brown hair on the cheeks. Hypothesis: Two girls kiss there dad.,1
'',Premise: Two girls are playing in the snow and throwing snowballs. Hypothesis: The snowballs are from fresh snow.,1
'',Premise: The man in camouflage pants telephones 911 for the man in black sneakers who is lying on the ground having a heart attack. Hypothesis: The men are terrified.,1
'',"Premise: A stoplight displaying two bicycle symbols, a left-turning green arrow and a red forward signal stands in the foreground while a man in a white hat and blue shirt bikes along a red path. Hypothesis: This man is an athlete.",1
'',Premise: A man is renovating a room. Hypothesis: A man is using a hammer in a room.,1
'',Premise: A longeared dog running in the grass. Hypothesis: A beagle runs in the grass.,1
'',Premise: Everyone is getting ready to play the game. Hypothesis: People place their piece on a Monopoly board.,1
'',Premise: An African-American male youth is riding a green bicycle while other people are looking at pictures on a board. Hypothesis: A boy is riding to the store to get some candy.,1
'',Premise: Pedestrians are gazing at a display of books set out on a sidewalk under a tree. Hypothesis: People are standing on a sidewalk.,1
'',Premise: A game of rugby in which 2 players are attempting to stop there opponent from catching a ball in midair. Hypothesis: The players are playing rugby in a championship game.,1
'',Premise: A group of people wearing white robes with flame pattern posing for a picture at some sort of festival. Hypothesis: The group of people are part of a cult.,1
'',Premise: A dog hides in the tall grasses along a rocky shore Hypothesis: The dog loves to be here.,1
'',Premise: A man sitting on an elephant with a riding seat is talking to a female tourist. Hypothesis: An old Asian man riding a baby elephant.,1
'',Premise: A young woman talks on the phone and carries her bags while walking past some hats on display. Hypothesis: A woman walks through a store talking on her phone.,1
'',Premise: A man wearing a long brown robe is playing the guitar while another person is sitting at the drums and yet another is wearing a long gray robe and singing. Hypothesis: The man is a great guitar player.,1
'',Premise: Family sitting down in a field of grass while others walk by. Hypothesis: Two parents and two children are sitting in a field of grass.,1
'',Premise: A lit girl splashes around in natural water. Hypothesis: The girl is outside.,1
'',Premise: Kids play in the water in the middle of the street. Hypothesis: Kids are laughing and playing.,1
'',"Premise: A woman poses with sunglasses shaped like dollar signs and a silver suitcase labelled ""LUCKY"" full of bills. Hypothesis: A woman who just won the jackpot at the casino poses for a picture.",1
'',Premise: A black mother in an orange dress with her two little boys and husband at an outdoor market stand. Hypothesis: A black family selling fresh produce in an outdoor market,1
'',Premise: Girl in red jumping up Hypothesis: The girl is jumping to catch the frisbee.,1
'',Premise: A football layer wearing a red shirt. Hypothesis: A built man wearing a tshirt.,1
'',Premise: Four people and a dog out in the woods. Hypothesis: Some mammals want to live and the others don't want them to.,1
'',Premise: A girl in a costume is performing a dance as other girls in costumes watch. Hypothesis: A girl is critiquing her friend's dance moves.,1
'',Premise: Two dogs are playing together. Hypothesis: Two mutts are chasing each other.,1
'',Premise: A group of people sitting around tables with computer monitors on them paying attention to something on the left. Hypothesis: The group of people are game developers creating a new video game in their office.,1
'',Premise: A man in a blue jacket holding a handsaw sawing a pipe on top of a wood fence. Hypothesis: Somebody is wearing work gloves.,1
'',Premise: A young dark-haired woman with red sun visor holding an open white umbrella amidst a crowd of people Hypothesis: The attractive brunette in a red visor gets a lot of attention from the crowd as she holds a white umbrella.,1
'',Premise: A little boy and his father talking to a man dressed as Santa Claws. Hypothesis: A boy and his father discuss Christmas with Santa Claus,1
'',Premise: A man in a black shirt is looking at a bike in a workshop. Hypothesis: A man is deciding which bike to buy,1
'',Premise: A boy in blue shorts and a t-shirt is poised to hit a tennis ball with a racket. Hypothesis: A boy wearing blue shorts and a t-shirt is playing tennis with his friend.,1
'',Premise: Three young men are playing soccer in the beach wearing shorts and beach attire while some people watch Hypothesis: Three young men are playing soccer in the beach wearing daisy duke shorts,1
'',Premise: A boy posing on the soccer field. Hypothesis: The boy is on a soccer team.,1
'',Premise: Four children are wearing blue hats with colored streamers. Hypothesis: Four kids are wearing birthday party hats.,1
'',Premise: A boy at the beach runs through the surf towards three other people who are already in the water. Hypothesis: The boy is running through the surf towards his family that are swimming.,1
'',Premise: A man examines a bike during a yard sale. Hypothesis: The man wants to buy a bike,1
'',"Premise: Bruce Springsteen, with one arm outstretched, is singing in the spotlight in a dark concert hall. Hypothesis: Bruce Springsteen is from Florida.",1
'',Premise: Three young people are sitting in a room and talking to one another. Hypothesis: Three students are studying for a test,1
'',Premise: A little boy in a gray and white striped sweater and tan pants is playing on a piece of playground equipment. Hypothesis: The boy is sitting on the school bus on his way home.,2
'',Premise: A man with a latex glove and black t-shit is standing in front of a Chevy van. Hypothesis: a man in his van because he caught his victim,2
'',Premise: A man is holding a cigarette outdoors in front of a blue wall with a sink on it. Hypothesis: A woman smokes a bong.,2
'',"Premise: Adults and children share in the looking at something, and some young ladies stand to the side. Hypothesis: Some children are sleeping",2
'',Premise: A man in colorful shorts is surfing under a wave. Hypothesis: A man is sunbathing.,2
'',Premise: This child is on the library steps. Hypothesis: The child is on the school steps.,2
'',Premise: Street vendors preparing and serving grilled food. Hypothesis: A restaurant is preparing and serving grilled food.,2
'',Premise: An Obama Biden supporter cheers for the Presidential candidate and his running mate. Hypothesis: An Obama supporter is upset that the President lost his second term.,2
'',Premise: A group of people in bright green vests are purchasing food. Hypothesis: A group of people standing around waiting for a bus.,2
'',Premise: Two dogs in a grassy field. Hypothesis: Two dogs are on a sandy beach.,2
'',"Premise: A man in a hard hat looks intimidated. Hypothesis: He exclaims that he's done with this work, sprouts wings, and flies away.",2
'',Premise: The three young children played with some toilet paper in the grass. Hypothesis: The three young children are playing inside.,2
'',Premise: Two little white dogs running. Hypothesis: A dog is sitting in a car.,2
'',Premise: A drunk looking woman is hugging a drunk looking man. Hypothesis: A young boy and girl embrace in front of monkeys at the zoo.,2
'',"Premise: A woman in a scarf, laughing, being licked by a dog. Hypothesis: A woman is scratched by a cat",2
'',Premise: A young man in a blue hoodie doing a flip off of a half-wall that is covered in graffiti. Hypothesis: A young man in a blue hoodie falls off a half-wall that is painted nicely.,2
'',Premise: A woman working long hours. Hypothesis: A woman is sleeping.,2
'',Premise: A businessman in a white sweater conducts necessary business in a plaza using a concrete abutment as a work table. Hypothesis: man in suit,2
'',"Premise: A man on stage in the act of jumping, with a little boy in the background really enjoying it. Hypothesis: A boy watches boats on a lake.",2
'',Premise: A man wearing a brown shirt and backpack is pushing a stroller while a small toddler is walking along aside him on a rain-covered street. Hypothesis: The man's shirt is white.,2
'',"Premise: An Asian woman in a purple shirt preparing a bowl of food for the younger Asian boy sitting near buy, while an Asian man eats a roll and prepares to take some food up with his chopsticks. Hypothesis: A woman is doing the dishes.",2
'',Premise: Three girls jumping in front of a house's flower garden. Hypothesis: The girls are playing on a street.,2
'',Premise: Two dogs either fighting or playing together. Hypothesis: The dogs are asleep on the sofa.,2
'',Premise: A game of rugby in which 2 players are attempting to stop there opponent from catching a ball in midair. Hypothesis: The players are playing basketball.,2
'',Premise: A man in military uniform points as three other men watch. Hypothesis: The man is at the supermarket.,2
'',Premise: A woman is applying lip makeup to another woman who seems to have some green in her hair. Hypothesis: The man is ready to fight,2
'',"Premise: Crowd cheerleaders dressed in red, white, and blue smile as they pass out rolled up t-shirts to a full stadium of people. Hypothesis: Players pass out footballs to the crowd",2
'',Premise: A man wearing a black jacket stands next to a body of water. Hypothesis: The man is swimming in the water.,2
'',Premise: A happy woman who is preparing for dinner. Hypothesis: A sad woman is watching TV.,2
'',Premise: Two girls feeding a horse an apple. Hypothesis: A horse is eating a banana.,2
'',Premise: The Man is outside on the beach walking his dog. Hypothesis: The man is at the beach fishing.,2
'',Premise: A woman wearing white and black carries a serving tray. Hypothesis: A woman wearing white and black grips a steering wheel with both hands as she evades the police.,2
'',Premise: A young boy wearing a red shirt and jeans stands in the middle of a field and throws a toy plane in the air. Hypothesis: A young boy is playing video games indoors.,2
'',"Premise: A man is sitting in the green chair, talking on the phone, and working on the laptop, and there is construction site next to his building. Hypothesis: The man is pacing nervously.",2
'',Premise: A shirtless man skateboards on a ledge. Hypothesis: Everybody has a shirt,2
'',Premise: Two kids in blue wetsuits surf. Hypothesis: Two children build a sand castle.,2
'',"Premise: A man in a jacket is standing in a gas station, next to a car and lights are shining in the distance. Hypothesis: A man is playing video games at his house.",2
'',Premise: Two people are riding bicycles next to a building. Hypothesis: A woman is riding a unicycle past a building.,2
'',Premise: A man sitting on an elephant with a riding seat is talking to a female tourist. Hypothesis: A man sitting on a camel.,2
'',Premise: A woman wearing a bright orange blouse is weaving. Hypothesis: A woman is ironing red pants.,2
'',Premise: A man stands on one hand in the street while a crowd watches. Hypothesis: The kid is standing on two hands in the street.,2
'',Premise: Two children work together on a project at a table. Hypothesis: Two kids play in a park.,2
'',Premise: A hockey player in helmet. Hypothesis: The players are taking rest.,2
'',Premise: A basketball player with green shoes is dunking the ball in the net while the arena crowd looks on. Hypothesis: A man is making a sandwich while a crowd gasps in awe.,2
'',Premise: A group of people is sitting at a large table and using paint brushes to form characters on white paper. Hypothesis: The people are using their fingers to paint with.,2
'',Premise: An asian teenager wearing a white shirt with black stripes is sitting on the steps with his face resting on his hand. Hypothesis: The teenager is sliding down the railing.,2
'',"Premise: Two men scrimmage in soccer, as a referee looks on. Hypothesis: the ref is back flipping in the mud",2
'',Premise: Five children playing soccer chase after a ball. Hypothesis: There are ten total children playing.,2
'',Premise: Two men stand on stairs with an assortment of chairs and a woven basket in the foreground. Hypothesis: The men are sitting.,2
'',Premise: An older man holding a sign for tattoos soliciting business on the street. Hypothesis: The man is VanGogh.,2
'',Premise: A boy watches a woman walking amidst many concrete boxes. Hypothesis: A woman is checking out the men.,2
'',"Premise: Two men at a fish market filled with boxes of fish and freshly cut fillets study a weight scale. Hypothesis: Two men work in a butchers shop, selling steak.",2
'',Premise: A man in a blue jacket holding a handsaw sawing a pipe on top of a wood fence. Hypothesis: Nobody is working.,2
'',Premise: Two racers race on motorcycles. Hypothesis: Two people are racing cars.,2
'',Premise: A runner poses for a picture with friends in a parking lot. Hypothesis: The runner has no friends.,2
'',Premise: Four men in the forest move a cannon down the path. Hypothesis: The women are going for a run in the forest.,2
'',Premise: A young woman stands by a barbecue. Hypothesis: The young woman is asleep in bed.,2
'',Premise: A golden retriever nurses puppies. Hypothesis: A cat nurses puppies,2
'',Premise: The backs of a woman and her dog as they walk away from the camera with the dog on a red leash and her in a green tank top. Hypothesis: A man walks his dog with a black leash.,2
'',Premise: A choir of youths are singing. Hypothesis: the children are singing at home,2
'',Premise: Four African boys playing soccer. Hypothesis: Some boys are in the play ground,2
'',Premise: An SUV traveling through mud. Hypothesis: Biking done on the rocky hill,2
'',Premise: A couple of females are talking to each other while one is flicking her cigarette. Hypothesis: Neither one of them enjoy smoking.,2
'',Premise: Six people appearing to be planting something in the ground. Hypothesis: Six people are at the movies.,2
'',Premise: Four young girls playing in the water. Hypothesis: There are boys and girl in the water.,2
'',Premise: An old gray-haired man with glasses in a gray t-shirt is working on a sculpture. Hypothesis: The man is 10 years old,2
'',"Premise: The young girl is swinging on a swing, and her hair is flying out behind her. Hypothesis: A girl is sleeping in bed.",2
'',Premise: A dog with a purple leash is held by a woman wearing white shoes. Hypothesis: A man is holding a leash on someone else dog.,2
'',Premise: A white and black spotted dog is running through a grassy area. Hypothesis: A dog is asleep on the couch.,2
'',Premise: Athletic men in matching black pants performing under the spotlight. Hypothesis: A group of girls talk and laugh outside.,2
'',Premise: Two children re laying on a rug with some wooden bricks laid out in a square between them. Hypothesis: Two children are playing catch at a park.,2
'',Premise: Artists install a new exhibit in a gallery. Hypothesis: Artists are watching the tv.,2
'',Premise: Two people are participating in the sport fencing. Hypothesis: Two people playing dodgeball,2
'',Premise: There is a group of children getting their picture taken with presents. Hypothesis: Two men carry a Christmas tree.,2
'',Premise: A rally in a different country. Hypothesis: A carnival in a different country.,2
'',Premise: Seven men are preparing to operate a helicopter Hypothesis: Seven men are getting ready to fly an airplane.,2
'',Premise: Man and woman eating a hotdog. Hypothesis: A man and his family are eating pizza.,2
'',Premise: A man in a purple mascot costume is standing outside of a store while a man and a woman each wearing flamboyant clothing stand off to the side. Hypothesis: The costume is green.,2
'',Premise: A lab dog is standing on a fallen tree trunk with a guy in the background. Hypothesis: there is a guy carrying his pet with him near fallen tree,2
'',Premise: A child in an orange outfit stands holding flowers. Hypothesis: The kid is taking a nap.,2
'',Premise: A boy lying on a hospital bed with his leg hanging over the side. Hypothesis: a little girl lays on a hospital bed,2
'',Premise: A man wearing black carving stone. Hypothesis: The man is wearing white.,2
'',Premise: People jump over a mountain crevasse on a rope. Hypothesis: People slide over a mountain crevasse on a slide.,2
'',Premise: A woman is holding a large check for Kids Food Basket. Hypothesis: She is stealing from them.,2
'',Premise: Man jumping up in the air and splitting his legs with his mouth open. Hypothesis: A man is walking down the street.,2
'',"Premise: Two women are sitting at a table, one is holding a baby and another child is playing on the floor. Hypothesis: There are two women and two sleeping children.",2
'',"Premise: A woman with a black purse and a red coat is sitting on a pillar of concrete. Hypothesis: The woman is running down the path, jogging with earphones in her ears.",2
'',Premise: A man wearing red swim trunks and a red swimming cap is diving off a cliff. Hypothesis: A man in blue trunks is sitting on the cliff.,2
'',"Premise: Two soccer players try to take possession of the ball, but the player in yellow falls as the player in white jumps over him. Hypothesis: the players are asleep",2
'',Premise: A boat pear with people boarding and disembarking some boats. Hypothesis: people are at a nascar race,2
'',Premise: An officer in a black uniform and hat stands to the left of a large structure with other officers in the background. Hypothesis: An officer enjoys coffee in a shop.,2
'',Premise: A man and a woman are laughing. Hypothesis: Two people are crying.,2
'',"Premise: A boy wearing a yellow shirt, khaki pants, and blue and yellow shoes is hitting a tennis ball off a wall with a tennis racket. Hypothesis: Two women in a bright red sports car, with sunglasses and pink lipstick, laugh and sing songs.",2
'',"Premise: A young child dressed in a scarf, hat, jacket, gloves, pants, and boots, outside playing in the snow. Hypothesis: A child plays video games inside.",2
'',"Premise: A person is squatting down near buckets, holding something in one hand. Hypothesis: Someone is standing with a bucket on their head.",2
'',"Premise: A woman, wearing a colorful bikini, rests laying down next to the blue water. Hypothesis: The woman is wearing a prom dress.",2
'',"Premise: A young middle eastern mother in high heels, holding her young child as he lays his head on her shoulder asleep, is gazing out the window. Hypothesis: A woman holding her sleeping son while walking down the street.",2
'',Premise: A man is sitting at a restaurant table outdoors. Hypothesis: The man is inside the restaurant in a booth.,2
'',Premise: Three men sitting in a room looking at their one motorbike and one pedal bike. Hypothesis: Three women ride bikes through the park.,2
'',Premise: African woman walking through field. Hypothesis: The brazilian woman is walking through the desert.,2
'',Premise: A black and white dog jumps up and down in the snow. Hypothesis: A dog is warm in it's bed.,2
'',Premise: A man plays a piano painted with an image of a woman on it. Hypothesis: A man plays the clarinet for his family.,2
'',Premise: A person standing next to an old dark building. Hypothesis: A woman running through a sunny field.,2
'',"Premise: A woman with a blond ponytail and a white hat is riding a white horse, inside a fence with a horned cow. Hypothesis: The horse is being ridden by a man.",2
'',Premise: A horse has fallen down on the green grass and the jockey riding on top is trying his hardest to not fall off. Hypothesis: The horse is riding gallantly through the grass.,2
'',Premise: A man in a khaki jacket and ball cap walks down the street. Hypothesis: The man is running down the street.,2
'',Premise: A group of people are looking at photographs on a wall and speaking to each other. Hypothesis: A group of people are playing baseball.,2
'',Premise: A girl wearing black is riding a giant unicycle on the beach. Hypothesis: The woman is naked,2
'',Premise: Two men playing in a beautiful lake surrounded by mountains. Hypothesis: Two men lie in the sand of a desert.,2
'',Premise: It is a march of people of different backgrounds all walking and one guy in a green shirt holds a flag. Hypothesis: A man hugs his mother and leaves for war.,2
'',"Premise: A man in a army uniform is holding a picture with trees in it. Hypothesis: The man, wearing scuba gear, jumps off the side of the boat into the ocean below.",2
'',Premise: A man wearing a white shirt and blue jeans as well as a mask over his mouth stokes a fire. Hypothesis: A guy in cloth pants and shirt is wearing something on his face to protect hist lungs puts out a fire.,2
'',"Premise: One man wearing a pink and blue striped shirt, work gloves, and holding a yellow hard hat. Hypothesis: Nobody has a shirt on",2
'',Premise: A young boy vocalizes in to a microphone held by a blond woman in black. Hypothesis: Two girls playing the drums.,2
'',Premise: A dog jumping into the air. Hypothesis: A dog is swimming.,2
'',"Premise: A child wearing a brown coat, red hat and snow boots on top of a snow pile near a tree on the corner of a street intersection. Hypothesis: A child riding his bike by the beach.",2
'',"Premise: Two sweet young girls on ice skates, hands up and holding on to each other get ready to begin their performance on the ice. Hypothesis: Two female synchronized swimmers are in the pool.",2
'',"Premise: Two girls, one with dark hair, wearing glasses and red pants, the other with a blue shirt and jeans with blond-hair talking and walking down a sidewalk. Hypothesis: An old pirate shows off all his extreme tattoos.",2
'',Premise: A man crouches down next to a motorcycle. Hypothesis: A man stands near a fire hydrant.,2
'',Premise: An older man in a light green shirt and dark green pants holds the hand of an older woman as they pass an outside eatery with teal umbrellas. Hypothesis: An older looking couple is riding in the back of a taxi in the middle of a city.,2
'',Premise: A woman within an orchestra is playing a violin. Hypothesis: A man is looking in a telescope.,2
'',Premise: kid holding handles on two wheeled object Hypothesis: The kid is asleep.,2
'',Premise: A person is riding their motorbike and a person in a bright yellow jacket is watching someone fall off their bike. Hypothesis: The other person laughed.,2
'',"Premise: Blond-haired girl wearing a bicycle helmet, a black t-shirt that reads ""Twizzlers"" and a printed dog tag necklace around her neck. Hypothesis: two men pose in suits",2
'',Premise: A bald person in green clothing stands in front of a brick wall. Hypothesis: A hairy person naps.,2
'',"Premise: Three people on bikes are coming over a ridge, while a man in orange watches. Hypothesis: People are surfing.",2
'',Premise: People on a nature walk with nets and backpacks with trees to the left of them. Hypothesis: People on a nature walk with no equipment and trees to the right of them.,2
'',Premise: The small boy is running through a grassy area. Hypothesis: The boy is in his room.,2
'',Premise: Man with tattoo is lying down in the sand next to a cow. Hypothesis: The man is at home with his kids.,2
'',Premise: Family sitting down in a field of grass while others walk by. Hypothesis: No one is sitting in the field of grass.,2
'',Premise: A blond woman sits on a park bench while wearing a brown tank top and olive green shorts. Hypothesis: A brunette woman sits on a sofa.,2
'',Premise: Two people walk up to a brick building with a colorful mural on its side. Hypothesis: Two men riding in a car past a brick building.,2
'',"Premise: A person of indeterminate sex wearing a dark hat, neutral pants, and a red shirt walking up a rocky slope at high altitude in the daytime. Hypothesis: A person is getting ready to snowboard down a hill with one leg",2
'',Premise: A concert with a blue shirted boy in the front and light shining in the back Hypothesis: The moment the fan saw the light,2
'',Premise: The older woman smiles as she holds up a hammer. Hypothesis: A man is kicking some rocks.,2
'',Premise: A man in a black hat opens his mouth. Hypothesis: A man in black hat keeps his lips sealed.,2
'',Premise: An older caucasian couple is having their picture taken by a stone statue of a man and woman kissing. Hypothesis: The young couple are taking pictures of the countryside.,2
'',Premise: A woman wearing a white coat skis down a snowy hill. Hypothesis: A woman is climbing a mountain.,2
'',Premise: A brown dog runs through a grassy field Hypothesis: A man shoots a rabbit.,2
'',Premise: An old man in a gray shirt smiles at the camera while doing laundry in a small room. Hypothesis: The man frowns at the camera,2
'',Premise: A basketball player in a red uniform is trying to make a basket but is being blocked by the opposing team. Hypothesis: The basketball player is stretching on the sidelines.,2
'',Premise: A young man at a bowling alley posing on the scoring machine. Hypothesis: A man is sleeping.,2
'',"Premise: A person rides up a narrow street on a bike, past a spray-painted sign of a hand giving the peace sign. Hypothesis: A person riding a skateboard down a steep hill.",2
'',Premise: Young people and a kid are walking in the forest in a sunny day. Hypothesis: The old folks were racing in their wheel chairs in the rain.,2
'',Premise: Pedestrians are gazing at a display of books set out on a sidewalk under a tree. Hypothesis: Some women are wrapping gifts.,2
'',"Premise: Four men and three women, all in their beach attire, hang around a small cliff by the ocean as one man is about to dive into the water. Hypothesis: Nobody has beach attire",2
'',Premise: A girl with a bowing throwing a wet sponge. Hypothesis: The girl is not throwing anything.,2
'',Premise: Four young female gymnasts dressed in black and blue leotards are preparing for their next routine. Hypothesis: Band performs onstage to an empty room.,2
'',Premise: a man giving two thumbs up to a crowd. Hypothesis: Two dogs fly to the sun,2
'',"Premise: A person of indeterminate sex wearing a dark hat, neutral pants, and a red shirt walking up a rocky slope at high altitude in the daytime. Hypothesis: A person is wearing a bright hat",2
'',Premise: Three men are carrying a red bag into a boat with another person and boat in the background. Hypothesis: A person drives away in a winnebago.,2
'',Premise: A group of people are outside working. Hypothesis: A group of children are swimming outside.,2
'',Premise: A man in a white striped shirt and blue jeans using a water hose to spray water on the ground of concrete ruins.Fo. Hypothesis: A man is riding a motorcycle through a grassy field.,2
'',Premise: A squirrel stands on its hind legs in the grass at the edge of a road. Hypothesis: A squirrel is sleeping in the tree.,2
'',"Premise: A group of young adults with ""X"" on their hands, smiling. Hypothesis: The group of adults are crying hysterially.",2
'',Premise: Swimming in the wide blue ocean. Hypothesis: The ocean swims in the blue wideness.,2
'',Premise: A woman in a gray shirt is looking at something. Hypothesis: A woman in a red shirt baking a cake.,2
'',Premise: Firefighters in full gear are walking up a ladder. Hypothesis: The firefighters are eating lunch.,2
'',Premise: A man in a strange uniform taking a photo of an old-fashioned red sports car. Hypothesis: A tourist takes a picture of the city skyline at dusk.,2
'',Premise: The man is digging in the sand while others watch to see what he discovers. Hypothesis: a woman hunts for treasure.,2
'',Premise: A girl jumping high off of the sand. Hypothesis: The girl is jogging on the beach.,2
'',Premise: A man is walking past a large sign that says E.S.E. Electronics. Hypothesis: A man is running past the sign.,2
'',Premise: Two construction workers talk while looking at a Naval ship. Hypothesis: The workers are mute.,2
'',Premise: A man in a coat with a briefcase walks down a street next to the bus lane. Hypothesis: A woman in a coat with a briefcase walks down a street next to the bus lane.,2
'',Premise: A girl in a pink sundress pushes a scooter past a row of orange construction barrels. Hypothesis: A boy is pushing the scooter.,2
'',Premise: Two girls in red life jackets lock oars on a river. Hypothesis: Two girls sleeping on a couch.,2
'',"Premise: At an outdoor event on a large table, several workers form an assembly line in which they prepare food, with many squeeze bottles and dispensers visible and a woman wearing plastic gloves in the foreground. Hypothesis: Workers assembling cell phones in a factory.",2
'',Premise: A large group of people gather at a piano bar. Hypothesis: One person at a piano bar,2
'',Premise: A group of girls jumping over another girl who is laying on the floor. Hypothesis: A gorup of girl is laying down.,2
'',Premise: A person rides a motorbike on a dirt path surrounded by trees. Hypothesis: The man is indoors.,2
'',Premise: two dogs run across the woods. Hypothesis: The dogs laid down on the rug,2
'',Premise: A young boy hanging on a pole smiling at the camera. Hypothesis: The young boy is crying.,2
'',Premise: A woman is walking with a full shopping cart away from a Trader Joe's. Hypothesis: A man is in a driveway washing his car.,2
'',Premise: A man speaking with two women. Hypothesis: A man and two women are bungee jumping.,2
'',Premise: This woman is setting out a vegetable collection for sale in the market. Hypothesis: A woman selling tires.,2
'',Premise: Two women are eating lollipops- the blond woman is wearing a button and the one with brown hair and a scarf has her eyes closed. Hypothesis: Two sisters are eating cotton candy.,2
'',Premise: Two girls aboard an amusement park ride. Hypothesis: Two girls play jump rope in the street.,2
'',Premise: A little boy in a blue shirt is putting some sunglasses up to a window while a lady watches him. Hypothesis: A girl puts on some sunglasses,2
'',Premise: Times Square in New York. Hypothesis: Times Square is in California.,2
'',Premise: Nurses in a medical setting conversing over a plastic cup. Hypothesis: The nurses are eating lunch.,2
'',Premise: A dog jumping for a Frisbee in the snow. Hypothesis: A cat washes his face and whiskers with his front paw.,2
'',Premise: A man in a jean jacket is reaching into a bag and walking past two women. Hypothesis: boy watches movie at home,2
'',Premise: A gentleman standing on steps getting his picture taken by a girl wearing a dress. Hypothesis: The man is sitting on the curb with a woman.,2
'',Premise: Five women with red and black halter tops and red and black miniskirts wearing red and white shoes. Hypothesis: Five women wearing red formal ball gowns are standing together.,2
'',Premise: The gentlemen with the red plaid shirt and black pants is speaking to a young lady holding a blue folder. Hypothesis: The gentleman is speaking to an old lady.,2
'',Premise: A man pushing a hand-truck of boxes is bending over to pick up a pear. Hypothesis: A man is pushing a pear and picking up boxes.,2
'',Premise: The woman in the white dress looks very uncomfortable in the busy surroundings. Hypothesis: The dress is black.,2
'',Premise: Customers are ordering food at a cafe. Hypothesis: There are no customers at the cafe.,2
'',Premise: A person is sitting in front of a graffiti covered wall. Hypothesis: A person is laying at home,2
'',"Premise: A group of people in a room, most with computers, some raising their hands. Hypothesis: The group of people is outside playing basketball.",2
'',Premise: A woman in a white tennis outfit is jumping up to hit the ball. Hypothesis: women at work,2
'',Premise: Two girls are sitting on a park bench one is looking at her phone and the other is looking on. Hypothesis: The two girls are at school taking an exam.,2
'',Premise: Bearded black dressed male performer is displaying his skill by swinging a fire line in each hand in arcs. Hypothesis: A man in a purple suit is dumping a bucket of water over his head.,2
'',"Premise: A woman in a long, dark coat looks through trashcans in Winter. Hypothesis: A woman is standing by a fire pit.",2
'',Premise: A man with thinning hair looking into glasses through glasses. Hypothesis: A full haired man is looking a drinking glasses.,2
'',Premise: We can see the white underwear of the man wearing the red soccer jersey because he is pulling up his shorts. Hypothesis: People are not looking at underwear.,2
'',Premise: A man in a white shirt hiking over rocks and water. Hypothesis: A man is sleeping in a sleeping bag.,2
'',"Premise: A woman doing gymnastics, she is using the balance beam Hypothesis: A woman is napping in the gym.",2
'',Premise: An old man with a package poses in front of an advertisement. Hypothesis: A man walks by an ad.,2
'',Premise: A man partly draped in a green and orange flag rests his arms on two others while standing in a crowd. Hypothesis: A man is running away from police.,2
'',Premise: A brown dog plays in a deep pile of snow. Hypothesis: A brown dog is running down the road chasing the mailman,2
'',Premise: A man in red shows is bowling with a red ball at a bowling lane with Tecate ads. Hypothesis: The man is at home watching TV.,2
'',"Premise: A speaking woman at a podium has the phrase ""Armenian Genocide"" written on it, flanked by priests and men in suits. Hypothesis: The men are naked.",2
'',Premise: A man tests model airplanes in an open field. Hypothesis: A man is mowing his lawn.,2
'',Premise: A brown and black dog rubs his face in the grass. Hypothesis: The dog is white and gray.,2
'',Premise: Two women are getting their pictures taken with a man in his underwear. Hypothesis: The is one woman in the picture.,2
'',Premise: A man is standing outside next to a garbage can. Hypothesis: An owl sits in a tree late at night.,2
'',Premise: a group of people celebrate their asian culture. Hypothesis: A group of people sit angrily at a table waiting for food.,2
'',Premise: Four men playing drums in very orange lighting while one of them is also drinking something out of a bottle. Hypothesis: the men are asleep in the motel,2
'',Premise: A member of a Bergwacht team leads a sled laden with orange material while on skis as his colleague stands in the foreground. Hypothesis: A man is snowboarding.,2
'',Premise: The hockey players and referee are preparing for a face-off. Hypothesis: The dog is sliding across the ice at the hockey match.,2
'',Premise: A man is wearing a blue and yellow racing uniform while holding a bottle Hypothesis: this guy is jumping rope,2
'',Premise: A group of women playing volleyball indoors. Hypothesis: People are outside tossing a ball.,2
'',Premise: A group of children in African clothing. Hypothesis: Nobody is here.,2
'',"Premise: A U.S. soldier helps a young girl in the hands of her father, while other soldiers look on. Hypothesis: The girl is by herself.",2
'',"Premise: People in front of waterfront, 3 people are sitting down facing each other as a young boy runs and 2 people walk towards the water. Hypothesis: 3 people are seated with their backs against each other",2
'',Premise: Repairing the roof of a school on the coastline. Hypothesis: A man is washing his hands.,2
'',"Premise: A man is outdoors looking directly at the camera, and in front of him is a yellow flower. Hypothesis: The man is near a red flower.",2
'',Premise: Two women are relaxing in a hot tub. Hypothesis: Two men are in the hot tub.,2
'',Premise: A man in a hat is driving a horse-driven cart down a cobblestone street. Hypothesis: A man on a motorcycle.,2
'',Premise: A woman with red-hair staples some papers Hypothesis: There are women shuffling papers.,2
'',Premise: A group of people in front of some tan colored tents from the american Parkinsons disease association. Hypothesis: Superman single handedly cures the disease,2
'',Premise: A group of friends are sitting at a table while drinking alcohol at their local pub. Hypothesis: a group of friends are sleep.,2
'',Premise: A little kid in the middle of a debris field is kicking a soccer ball. Hypothesis: A child is exercising among garbage.,2
'',Premise: Girl in black pants and an orange top jumping with one leg outstreached and foot pointed other in background dressed the same. Hypothesis: No one is jumping.,2
'',Premise: A large audience of people seated at banquet tables is watching the happenings on a stage surrounded by blue curtains. Hypothesis: The large audience is standing and cheering.,2
'',Premise: A man in a yellow shirt and helmet mountain biking down a dusty path. Hypothesis: A woman is jogging down a road.,2
'',Premise: A man is playing drums with a band. Hypothesis: A man is singing with a band.,2
'',Premise: Spectators look on as a baseball player runs onto a base while the baseman waits to make the catch. Hypothesis: a cat jumps high,2
'',Premise: An Asian woman in a hat is measuring food from barrels with a ladle into a smaller metal pan. Hypothesis: A woman is measuring out wine from a barrel.,2
'',Premise: An extreme mountain biker in mid-jump from underneath rider showing a blue sky. Hypothesis: An extreme mountain biker in mid-jump from underneath rider showing a red sky.,2
'',Premise: A woman wearing a gray sweater stands in the street near a green pole. Hypothesis: A man wearing a sweater inside,2
'',Premise: Six men in airport standing on moving walkway Hypothesis: Six men are sitting on a park bench.,2
'',Premise: A tattooed woman clicking on a mouse on a desk. Hypothesis: A tattooed man clicking on a mouse on a desk.,2
'',Premise: Red capped male dressed in white shirt and dark shorts is standing on small green boat located water in tall grassy bank. Hypothesis: A shirtless man sips coffee at the dinner table.,2
'',Premise: Instructor on Basket weaving at fair Hypothesis: A basket weaver sitting at home.,2
'',Premise: A boy in a green shirt on a skateboard on a stone wall with graffiti Hypothesis: A boy in a green shirt rollerblading through the tunnel.,2
'',Premise: Here is an announcement for everybody about the beach. Hypothesis: There are hundreds of sharks on the beach.,2
'',Premise: A guy and a girl look down a mountain range. Hypothesis: The people look into the sky.,2
'',Premise: A woman in a bright pink and green skirt carries a large wicker basket on her back up a stone-cobbled street. Hypothesis: The woman is playing soccer in the cobble stone streets of Brazil.,2
'',Premise: A large group of protesters are walking down the street with signs. Hypothesis: The group of protesters are ordering ice cream in a store.,2
'',Premise: A man sits outdoors with some of his belongings. Hypothesis: A man is inside.,2
'',Premise: Workers at Basking Robbins are filling orders. Hypothesis: Workers leaving the office after office hours,2
'',Premise: A young girl with a purple shirt and a pink hair band standing near the woods. Hypothesis: A little girl is inside on her computer.,2
'',"Premise: Two older men in business attire are walking in a city, text graffiti is visible on the sidewalk. Hypothesis: They propel themselves down the street with rockets",2
'',Premise: A woman and two children walk along stones to cross a river while a dog swims. Hypothesis: A dog is sleeping.,2
'',Premise: A man looks intent while sculpting a gargoyle. Hypothesis: The man is at the bank.,2
'',Premise: Two ladies at workout in mother nature. Hypothesis: The ladies are sitting on the floor.,2
'',Premise: A woman wearing a red hat and red bandanna followed by a man in a red bandanna. Hypothesis: The couple are wearing yellow bandanas.,2
'',"Premise: A lady is helping another woman work in a silver compartment, which is most likely related to nurse-work. Hypothesis: A lady is sleeping on a couch",2
'',Premise: A man in a blue shirt touches his head while talking to two women outdoors. Hypothesis: dog chases 3 cats,2
'',"Premise: A news crew in rain jackets standing in front of line of police tape outside of a residence. Hypothesis: A news crew's van has broken down, so they decide to stay home.",2
'',Premise: A person crossing a bridge with train tracks. Hypothesis: A person jumped off the side of the bridge.,2
'',Premise: Three young Asian women walk on a rain soaked street with traffic in the background. Hypothesis: The street is dry.,2
'',"Premise: One man watches while another breakdances, balancing himself for a moment on one hand. Hypothesis: A woman strips in a sleazy club.",2
'',Premise: Three people are making transactions at an automated teller machine. Hypothesis: There are people watching TV inside.,2
'',Premise: A young redheaded woman laughs at something. Hypothesis: A young redheaded man laughs at something.,2
'',Premise: A man in a jacket wearing black boots walking on the truck of a fallen tree over a ravine. Hypothesis: A man stands in his room.,2
'',Premise: Woman is looking something. Hypothesis: A woman is blind.,2
'',Premise: San Fransisco 49ers football field with cheerleaders and a packed stadium. Hypothesis: The football game got cancelled and the field is empty.,2
'',Premise: A woman is taking a picture of a girl on a scooter. Hypothesis: The girl is on a car.,2
'',Premise: Two men prepare a fish at a dock. Hypothesis: Two men are sitting in a canoe with their fishing poles,2
'',"Premise: A crowd of people in a stadium decked out in white, yellow and green cheer and clap for the team below. Hypothesis: the crowd is on planet mars",2
'',Premise: Four small children playing in the courtyard of a large building made out of clay or sand. Hypothesis: For small children are playing in the sand on a deserted beach.,2
'',Premise: A young girl poses with a trophy in the park. Hypothesis: A boy poses with his trophy.,2
'',Premise: A man sitting on steps with a child as a bystander walks by. Hypothesis: A man and a child watched TV.,2
'',"Premise: A man on a bike, with the sun beating down in the background, just launched off of a dirt ramp and is coming back down. Hypothesis: Cyclists competing in the Tour de France.",2
'',Premise: A little dark-haired girl runs on the beach. Hypothesis: The dark haired girl is asking for directions on the street.,2
'',Premise: A man with a white beard speaks into a microphone wearing a long-sleeved gray button down shirt. Hypothesis: A man with a white beard is sitting quietly on a couch.,2
'',"Premise: Group of men standing in a meeting room, talking. Hypothesis: A group of men are scuba diving.",2
'',Premise: An old woman walking down the street. Hypothesis: A young women walking down the street.,2
'',Premise: Painter re-creates old works of art in a museum. Hypothesis: A painter creating an original work of art.,2
'',Premise: A young woman talks on the phone and carries her bags while walking past some hats on display. Hypothesis: A woman is walking through her bedroom.,2
'',"Premise: Many people standing outside of a place talking to each other in front of a building that has a sign that says ""HI-POINTE."" Hypothesis: The people are sitting in the hotel lobby.",2
'',Premise: The man in camouflage pants telephones 911 for the man in black sneakers who is lying on the ground having a heart attack. Hypothesis: The sneakers are white.,2
'',"Premise: A boy in an orange ""Spring Hill"" ball team uniform, pitching the ball. Hypothesis: A girl plays basketball.",2
'',Premise: a climber wearing a red headband is pulling himself up some gray rocks high above some green foliage. Hypothesis: A woman climber attempts to pull herself up,2
'',Premise: A man is hanging sausages in a market. Hypothesis: A woman is hanging sausages in a market.,2
'',Premise: A man is using what looks to be a fax machine. Hypothesis: A woman is using what looks to be a fax machine.,2
'',Premise: Six older women are standing in a row at a table smiling and looking trough books and other material displayed on the table. Hypothesis: A man and a young boy are playing a game on a quilt on the floor.,2
'',Premise: A black dog is swimming with a ball in his mouth. Hypothesis: The dog is asleep in the grass.,2
'',Premise: a wet golden retriever is walking through a lake Hypothesis: A whale is in the lake.,2
'',"Premise: Six rescuers cooperate to place an injured man on a transport device in snowy, mountainous terrain. Hypothesis: six people get ready to eat a seventh who is injured",2
'',Premise: An individual is crouched down on top of rocks underneath a blue sky. Hypothesis: a woman is inside at the movies,2
'',Premise: The basketball player in red is challenging the player in white for the ball. Hypothesis: Two teams are competing in hockey.,2
'',Premise: A crowd watching a duo in blue dance on a stage. Hypothesis: Some people are sitting in a lounge.,2
'',"Premise: A boy and a girl sit at a black table, while a second boy sits near them on a windowsill. Hypothesis: There are boys and girls standing next to a table",2
'',Premise: A man in a suit with a purple striped tie talking to a lady wearing sunglasses. Hypothesis: A man is stealing a lady's purse at the bank.,2
'',Premise: Two women are getting their pictures taken with a man in his underwear. Hypothesis: The women are in their underwear.,2
'',Premise: A woman in a blue jacket dragging a child on a sled through the snow. Hypothesis: The woman in the blue jacket has three legs and two heads.,2
'',Premise: A crowd is watching a group of men in suits with briefcases walk in formation down the street led by a woman holding a sign. Hypothesis: A group of people dressed as clowns stroll into the Bigtop Circus holding signs.,2
'',Premise: A black man in a white uniform makes a spectacular reverse slam dunk to the crowd's amazement. Hypothesis: the man is at home sleeping,2
'',Premise: A man holding a sign of a rainbow elephant. Hypothesis: The donkey sign is smeared with paint.,2
'',Premise: It looks like the clown has fallen off the horse. Hypothesis: The cowboy rode the bull to the buzzer.,2
'',Premise: baseball player dressed in blue with a red helmet at home plate in front of a catcher and umpire swinging a bat Hypothesis: A baseball player has a green and orange helmet.,2
'',Premise: Two young boys playing with ducks near the water. Hypothesis: Two young boys are playing at home,2
'',Premise: A boy and girl kissing in the sunset. Hypothesis: A boy kisses his dog on the beach.,2
'',Premise: Commuters wait for to cross a street. Hypothesis: A diver flips in mid-air.,2
'',Premise: Two people are running in the grass by a hill. Hypothesis: An old man walks by himself through the city.,2
'',Premise: Girl wearing white shirt sings on stage while playing guitar Hypothesis: A man play the triangle.,2
'',Premise: Two people walking outside in the woods in the winter time wearing jackets with hoods on them. Hypothesis: Two people are soaking up the sun in the summer time.,2
'',"Premise: Two cars, one red and one blue, race each other in a very tight and competitive nature as fans stand by and watch. Hypothesis: Two cars are parked in a garage not moving.",2
'',Premise: A man in a black shirt working on a guitar. Hypothesis: A guy working on his drums.,2
'',Premise: A man in renaissance clothing is sitting on a brick wall. Hypothesis: the man is in jeans,2
'',Premise: two samoyads play in the snow. Hypothesis: The Samoyads are eating their dinner.,2
'',"Premise: Scientists frantically research ways to finally eliminate male baldness. Hypothesis: A group of scientists walks into a bar, and order a drink, then sit down and drink it.",2
'',Premise: A boy at the beach runs through the surf towards three other people who are already in the water. Hypothesis: A boy can't swim so he didn't go to the beach with his family.,2
'',"Premise: A toddler, sitting next to another girl who is slightly older, is using a bubble machine to blow a large bubble into the air. Hypothesis: The bubble machine makes candy.",2
'',Premise: A woman cook in an apron is smiling at the camera with two other cooks in the background. Hypothesis: A woman not paying attention to the camera,2
'',Premise: Young child standing on a snow pile in a city. Hypothesis: a man on a pile,2
'',"Premise: A man and two women are walking down a wooded path, the man is pushing a young child in a three wheel carriage. Hypothesis: Two guys kidnap a woman.",2
'',Premise: Men wearing hats walk on the street. Hypothesis: The men are walking inside the school.,2
'',Premise: A boy in a yellow t-shirt and pink sweater talks on a cellphone while riding a horse through a crowd of people who are looking on. Hypothesis: Nobody has a shirt,2
'',"Premise: A child is sticking her head out of the 0095 taxi cab and screaming. Hypothesis: A child is at home, resting.",2
'',Premise: A lady wearing a straw hat and gold hoop earrings is pointing a finger. Hypothesis: A kid on a bike.,2
'',Premise: Taking a break to watch some TV Hypothesis: Taking a neverending break,2
'',Premise: A small group of people wait to board an MTA bus. Hypothesis: Large crowds of people wait for a bus.,2
'',"Premise: A female bowler dressed in blue, with another bowler in the background, prepares to throw a ball down the lane. Hypothesis: A woman is alone at a bowling alley",2
'',Premise: Man chopping wood with an axe. Hypothesis: The man is chopping wood with a hammer.,2
'',"Premise: A young, well-dressed black man seated behind a drum set and smiling. Hypothesis: the man is naked",2
'',Premise: Several members of a community are celebrating with music and costumes during a festival or party. Hypothesis: People are mourning at a funeral.,2
'',Premise: A boy in a hat and glasses is playing a guitar. Hypothesis: A boy is playing piano.,2
'',"Premise: While traveling, a woman in a black jacket is resting on the shoulder of a man in a black jacket. Hypothesis: A man rests on a womans shoulder",2
'',Premise: A smiling bride sits in a swing with her smiling groom standing behind her posing for the male photographer while a boy holding a bottled drink and another boy wearing a green shirt observe. Hypothesis: Bride running away from her wedding.,2
'',Premise: An Asian man makes faces for the camera. Hypothesis: The man is not Asian.,2
'',"Premise: At a table with an art camp pamphlet on it, a young woman and an older man are painting ceramics under the supervision of a blond woman wearing a name tag. Hypothesis: Two people are paining each others faces",2
'',"Premise: A man, woman, and child get their picture taken in front of the mountains. Hypothesis: A family is in their car.",2
'',Premise: Trays of freshly-baked pretzels are being loaded onto a delivery truck. Hypothesis: Pretzels are poisonous.,2
'',Premise: A kid playing a game called The Derby. Hypothesis: The child is sleeping.,2
'',Premise: Two people are riding at once on one single bicycle. Hypothesis: Two people playing chess at a park.,2
'',Premise: A man is pushing many cartons of bread down the street. Hypothesis: A woman is baking bread in the oven.,2
'',Premise: Two women in black enjoying a lunch in a restaurant. Hypothesis: The women are watching TV at home,2
'',Premise: A person holds a bunch of brush while walking down a stone path. Hypothesis: The person is wading through water.,2
'',Premise: Small dog in costume stands on hind legs to reach dangling flowers. Hypothesis: A dog is trying to eat a dangling kitten on a tree.,2
'',"Premise: A person with brown hair wearing a blue shirt and purple bandanna around their neck is chiseling a design into a round, brick pillar. Hypothesis: The person with a purple bandanna is taking a nap.",2
'',Premise: Two men on opposing teams are playing soccer in a field. Hypothesis: A man crochets.,2
'',Premise: A black mother in an orange dress with her two little boys and husband at an outdoor market stand. Hypothesis: A family skeet shooting,2
'',Premise: A child doing gymnastics Hypothesis: The child is eating lunch at the park.,2
'',Premise: people are enjoying food at a crowded restaurant. Hypothesis: A lone person eats sadly at a truck-stop in the middle of nowhere.,2
'',Premise: Women wearing a black top and glasses speaking into a blue tipped microphone with another woman beside her writing. Hypothesis: Two shabbily dressed women hold mics as they compete in a rap battle in front of a cheering crowd.,2
'',Premise: A bundled up toddler is walking over snow. Hypothesis: A toddler walking in sand.,2
'',Premise: A brown dog wearing a collar is chasing and biting on a red broom. Hypothesis: An animal is sleeping outside.,2
'',Premise: A Man is eating food next to a child on a bench. Hypothesis: Man eating child.,2
'',Premise: a group of construction workers busy refinishing a subway station. Hypothesis: A group of workers on their lunch break.,2
'',"Premise: A group of people, one of which is a woman with a large white and colorful purse, wait to board a large white and blue bus. Hypothesis: A dog is driving the bus.",2
'',Premise: A man looks mysterious in a blue shirt and a red truck for a company called Wilbert. Hypothesis: A woman cuts eggplant.,2
'',Premise: The man walks among the large trees. Hypothesis: The mas is walking next to dogs.,2
'',Premise: A group of people traveling in a small wooden boat. Hypothesis: A group of people on a sunken boat.,2
'',Premise: Two men have an after dinner discussion at the dinner table. Hypothesis: the men are asleep in the motel,2
'',Premise: a young boy in green playing ping-pong with a older man in blue in a gymnasium Hypothesis: The man is wearing yellow.,2
'',Premise: An older gentleman looks at the camera while he is building a deck. Hypothesis: An older gentleman looks away from the camera while he is building a birdhouse.,2
'',Premise: A kid slides down a yellow slide into a swimming pool. Hypothesis: The kid is riding a bike.,2
'',Premise: Blond women working wearing gloves. Hypothesis: A redhead working wearing gloves.,2
'',Premise: Young child standing on a snow pile in a city. Hypothesis: the man is white,2
'',"Premise: Three soccer players, two in orange one in yellow, running for the ball on a soccer field. Hypothesis: The guy chased his dog down the street.",2
'',Premise: Two dancers in pink tops and striped capri bottoms perform on stage barefoot. Hypothesis: Two magicians are performing on stage.,2
'',Premise: A woman rollerblader with knee and elbow pads and a helmet jumping into the air. Hypothesis: the woman is eating a hot dog,2
'',Premise: A man is doing a task by a body of water on a farm. Hypothesis: The man is laying in a mud puddle.,2
'',Premise: A gentleman with his eyes closed playing an old fluglehorn into a microphone. Hypothesis: A lady with her eyes closed playing an old fluglehorn into a microphone.,2
'',Premise: Passengers in a rusty yellow car driving down the street. Hypothesis: People walk through a store.,2
'',"Premise: Indian musicians playing in the evening on a pillow, while life behind them continues. Hypothesis: It is morning.",2
'',Premise: Two men are sitting in a restaurant while one of them holds a piece of paper up to the camera. Hypothesis: Two men are sitting watching a movie.,2
'',Premise: A young woman is ordering from a red food truck. Hypothesis: The old man was walking with his cane.,2
'',Premise: A boy wearing a yellow shirt and blue pants is climbing a tree in a hilly area. Hypothesis: The boy is playing video games upstairs in his room.,2
'',Premise: White dog playing in the snow. Hypothesis: The snow is purple.,2
'',Premise: The squirrel sits straight up in the grass. Hypothesis: A squirrel runs in the grass.,2
'',"Premise: A man wearing a red shirt with the number 54 hits a baseball, while a catcher prepares to catch the ball. Hypothesis: A naked man hit a baseball.",2
'',Premise: A shirt booth with a man printing a shirt. Hypothesis: The man is printing some pants.,2
'',Premise: This person looks to be snowboarding on a very small pile of snow on a sunny cold day. Hypothesis: timmy stares at the remains of Jimmy hoffa,2
'',"Premise: A group of people, including one man carrying a silver tripod, stand in front of a large building featuring numerous columns. Hypothesis: Gerbils chat on Gruveo.",2
'',Premise: A man dressed in black and holding a package in his hands is walking on a sidewalk near a police sign asking for witnesses to a road dealth to step forward. Hypothesis: a panda jumps,2
'',Premise: Young shirtless man and asian woman jump up from a shallow rock at the shore with boats moored in the background Hypothesis: The boats jumped up from a shallow rock.,2
'',Premise: A woman in black walks down the street in front of a graffited wall. Hypothesis: A young woman is standing and staring at a painted mural.,2
'',Premise: A woman in a US military uniform is writing on a large piece of white paper with a black magic marker while others are sitting at tables around her. Hypothesis: A woman is writing on a rock,2
'',"Premise: A female runner dressed in blue athletic wear is running in a competition, while spectators line the street. Hypothesis: There are children in the streets.",2
'',Premise: Two construction workers are working in front of a wall which has a bunch of names carved into it. Hypothesis: The men are playing wind instruments.,2
'',"Premise: A young white girl is standing on the street in front of a storefront, dressed up in red with a hoop decorated with card symbols. Hypothesis: The young white girl is sitting by the sidewalk.",2
'',Premise: A little girl with pointy pigtails is sitting in the sand on the beach. Hypothesis: The girl runs through the grass outside her school.,2
'',Premise: A group of people watch a breakdancer in a red jacket do a one-handed trick. Hypothesis: Man who wears red jacket got an accident.,2
'',Premise: A chef explains different varieties of Tomatoes to consumers. Hypothesis: THe chef is eating fried chicken.,2
'',Premise: A crowd wearing orange cheering for their team in a stadium. Hypothesis: A group of drag queens walking down the street.,2
'',Premise: Three friends are talking. Hypothesis: Three people have their mouths full of food.,2
'',Premise: Two women stand in a kitchen and wipe down trays Hypothesis: Two women are having tea.,2
'',Premise: A man in a blue shirt is performing a skateboarding trick near stiars while two other men watch. Hypothesis: Nobody has a shirt,2
'',Premise: A woman is weaving with a comb in her hand. Hypothesis: A woman is sitting with empty hands.,2
'',Premise: A woman holding bags behind plantains. Hypothesis: The woman is holding old trashcans to carry various objecs.,2
'',Premise: A small dog looking up to his loving owner. Hypothesis: Some people are shopping.,2
'',Premise: A baseball player sliding into a base while a player from the other team tries to catch the ball. Hypothesis: A baseball player not sliding into a base,2
'',Premise: City street crowded with sports fans wearing orange. Hypothesis: The sports fans are wearing yellow.,2
'',"Premise: People are all standing together in front of a statue of an animal, and they are all wearing cool-weather clothing. Hypothesis: A beautiful statue of a man.",2
'',Premise: Two men wearing dirty clothing are sitting on a sidewalk with their dog and begging for money using a cardboard sign. Hypothesis: These two illiterate men convinced their dog to write a panhandling sign for them.,2
'',"Premise: Four men are sitting in front of two large windows; one man is playing a guitar, one is playing the bongo drums, and two are sitting back without instruments. Hypothesis: The four men are playing hockey.",2
'',Premise: A naked man rides a bike. Hypothesis: A man in a suit walking on a sidewalk.,2
'',Premise: A young man throws a Frisbee to a frisbee-golf goal. Hypothesis: A man digging a hole.,2
'',Premise: Four people and a dog out in the woods. Hypothesis: Species of animals are indoors.,2
'',Premise: a dog jumps over the pole. Hypothesis: Dog is asleep on the floor.,2
'',Premise: A young boy dressed in black and green is laying down in a tent outside with items surrounding him. Hypothesis: A girl lays down in front of a tent,2
'',Premise: a dog about to jump to catch a Frisbee Hypothesis: The dog is going to catch a baseball.,2
'',Premise: A woman in a gray sweater talking to another woman in a black jacket. Hypothesis: A baby yawns in his crib.,2
'',Premise: A young boy walks on a pipe that stretches over water. Hypothesis: A boy is making a sub sandwich in his kitchen.,2
