Question Number,MetaTemplateID,Domain,ItemGroupID,ContextDiff,ContextNum,Context,Question,Correct Answer
1,1,social-interactions,1,antonym,1,Chao is making Yan's job easier.,Is Chao helping Yan?,Yes
2,1,social-interactions,1,antonym,1,Chao is making Yan's job easier.,Is Chao hindering Yan?,No
3,1,social-interactions,1,antonym,2,Chao is making Yan's job harder.,Is Chao helping Yan?,No
4,1,social-interactions,1,antonym,2,Chao is making Yan's job harder.,Is Chao hindering Yan?,Yes
5,2,social-interactions,2,antonym,1,Chao is assisting Yan.,Is Chao helping Yan?,Yes
6,2,social-interactions,2,antonym,1,Chao is assisting Yan.,Is Chao hindering Yan?,No
7,2,social-interactions,2,antonym,2,Chao is obstructing Yan.,Is Chao helping Yan?,No
8,2,social-interactions,2,antonym,2,Chao is obstructing Yan.,Is Chao hindering Yan?,Yes
9,3,social-interactions,3,antonym,1,Chao is removing obstacles in the path of Yan.,Is Chao helping Yan?,Yes
10,3,social-interactions,3,antonym,1,Chao is removing obstacles in the path of Yan.,Is Chao hindering Yan?,No
11,3,social-interactions,3,antonym,2,Chao is introducing obstacles in the path of Yan.,Is Chao helping Yan?,No
12,3,social-interactions,3,antonym,2,Chao is introducing obstacles in the path of Yan.,Is Chao hindering Yan?,Yes
13,4,social-interactions,4,antonym,1,Chao and Yan are working with each other.,Is Chao cooperating with Yan?,Yes
14,4,social-interactions,4,antonym,1,Chao and Yan are working with each other.,Is Chao competing with Yan?,No
15,4,social-interactions,4,antonym,2,Chao and Yan are working against each other.,Is Chao cooperating with Yan?,No
16,4,social-interactions,4,antonym,2,Chao and Yan are working against each other.,Is Chao competing with Yan?,Yes
17,5,social-interactions,5,antonym,1,Chao and Yan are helping each other.,Is Chao cooperating with Yan?,Yes
18,5,social-interactions,5,antonym,1,Chao and Yan are helping each other.,Is Chao competing with Yan?,No
19,5,social-interactions,5,antonym,2,Chao and Yan are hindering each other.,Is Chao cooperating with Yan?,No
20,5,social-interactions,5,antonym,2,Chao and Yan are hindering each other.,Is Chao competing with Yan?,Yes
21,6,social-interactions,6,antonym,1,Chao will be happy if Yan succeeds.,Is Chao cooperating with Yan?,Yes
22,6,social-interactions,6,antonym,1,Chao will be happy if Yan succeeds.,Is Chao competing with Yan?,No
23,6,social-interactions,6,antonym,2,Chao will be happy if Yan fails.,Is Chao cooperating with Yan?,No
24,6,social-interactions,6,antonym,2,Chao will be happy if Yan fails.,Is Chao competing with Yan?,Yes
25,7,social-interactions,7,antonym,1,Chao is avoiding Yan.,Is Chao evading Yan?,Yes
26,7,social-interactions,7,antonym,1,Chao is avoiding Yan.,Is Chao chasing Yan?,No
27,7,social-interactions,7,antonym,2,Chao is following Yan.,Is Chao evading Yan?,No
28,7,social-interactions,7,antonym,2,Chao is following Yan.,Is Chao chasing Yan?,Yes
29,8,social-interactions,8,antonym,1,Chao will be unsuccessful if Chao and Yan run into each other.,Is Chao evading Yan?,Yes
30,8,social-interactions,8,antonym,1,Chao will be unsuccessful if Chao and Yan run into each other.,Is Chao chasing Yan?,No
31,8,social-interactions,8,antonym,2,Chao will be successful if Chao and Yan run into each other.,Is Chao evading Yan?,No
32,8,social-interactions,8,antonym,2,Chao will be successful if Chao and Yan run into each other.,Is Chao chasing Yan?,Yes
33,9,social-interactions,9,antonym,1,Chao is hiding from Yan.,Is Chao evading Yan?,Yes
34,9,social-interactions,9,antonym,1,Chao is hiding from Yan.,Is Chao seeking Yan?,No
35,9,social-interactions,9,antonym,2,Chao is searching for Yan.,Is Chao evading Yan?,No
36,9,social-interactions,9,antonym,2,Chao is searching for Yan.,Is Chao seeking Yan?,Yes
37,10,social-interactions,10,antonym,1,Chao will be sad if Chao and Yan run into each other.,Is Chao evading Yan?,Yes
38,10,social-interactions,10,antonym,1,Chao will be sad if Chao and Yan run into each other.,Is Chao seeking Yan?,No
39,10,social-interactions,10,antonym,2,Chao will be happy if Chao and Yan run into each other.,Is Chao evading Yan?,No
40,10,social-interactions,10,antonym,2,Chao will be happy if Chao and Yan run into each other.,Is Chao seeking Yan?,Yes
41,11,social-interactions,11,variable swap,1,Chao is showing Yan how to ski.,Is Chao teaching Yan?,Yes
42,11,social-interactions,11,variable swap,1,Chao is showing Yan how to ski.,Is Chao learning from Yan?,No
43,11,social-interactions,11,variable swap,2,Yan is showing Chao how to ski.,Is Chao teaching Yan?,No
44,11,social-interactions,11,variable swap,2,Yan is showing Chao how to ski.,Is Chao learning from Yan?,Yes
46,11,social-interactions,12,variable swap,1,Chao is showing Yan how to ski.,Is Yan teaching Chao?,No
48,11,social-interactions,12,variable swap,2,Yan is showing Chao how to ski.,Is Yan teaching Chao?,Yes
49,11,social-interactions,13,variable swap,1,Chao is showing Yan how to ski.,Is Yan learning from Chao?,Yes
51,11,social-interactions,13,variable swap,2,Yan is showing Chao how to ski.,Is Yan learning from Chao?,No
53,12,social-interactions,14,antonym,1,Chao can ski better than Yan.,Is Chao teaching Yan?,Yes
54,12,social-interactions,14,antonym,1,Chao can ski better than Yan.,Is Chao learning from Yan?,No
55,12,social-interactions,14,antonym,2,Chao can ski worse than Yan.,Is Chao teaching Yan?,No
56,12,social-interactions,14,antonym,2,Chao can ski worse than Yan.,Is Chao learning from Yan?,Yes
58,12,social-interactions,15,antonym,1,Chao can ski better than Yan.,Is Yan teaching Chao?,No
60,12,social-interactions,15,antonym,2,Chao can ski worse than Yan.,Is Yan teaching Chao?,Yes
61,12,social-interactions,16,antonym,1,Chao can ski better than Yan.,Is Yan learning from Chao?,Yes
63,12,social-interactions,16,antonym,2,Chao can ski worse than Yan.,Is Yan learning from Chao?,No
73,15,social-interactions,19,antonym,1,Chao is providing Yan with false information.,Is Chao deceiving Yan?,Yes
74,15,social-interactions,19,antonym,1,Chao is providing Yan with false information.,Is Chao helping Yan?,No
75,15,social-interactions,19,antonym,2,Chao is providing Yan with accurate information.,Is Chao deceiving Yan?,No
76,15,social-interactions,19,antonym,2,Chao is providing Yan with accurate information.,Is Chao helping Yan?,Yes
77,16,social-interactions,20,antonym,1,Chao is providing Yan with misleading information.,Is Chao deceiving Yan?,Yes
78,16,social-interactions,20,antonym,1,Chao is providing Yan with misleading information.,Is Chao helping Yan?,No
79,16,social-interactions,20,antonym,2,Chao is providing Yan with useful information.,Is Chao deceiving Yan?,No
80,16,social-interactions,20,antonym,2,Chao is providing Yan with useful information.,Is Chao helping Yan?,Yes
81,17,social-interactions,21,antonym,1,Chao is directing Yan toward the wrong path.,Is Chao deceiving Yan?,Yes
82,17,social-interactions,21,antonym,1,Chao is directing Yan toward the wrong path.,Is Chao helping Yan?,No
83,17,social-interactions,21,antonym,2,Chao is directing Yan toward the correct path.,Is Chao deceiving Yan?,No
84,17,social-interactions,21,antonym,2,Chao is directing Yan toward the correct path.,Is Chao helping Yan?,Yes
85,18,social-interactions,22,other,1,Chao is forcing Yan to act in a certain way.,Is Chao coercing Yan?,Yes
86,18,social-interactions,22,other,1,Chao is forcing Yan to act in a certain way.,Is Chao helping Yan?,No
87,18,social-interactions,22,other,2,Chao is advising Yan to act in a certain way.,Is Chao coercing Yan?,No
88,18,social-interactions,22,other,2,Chao is advising Yan to act in a certain way.,Is Chao helping Yan?,Yes
89,19,social-interactions,23,antonym,1,Chao is disempowering Yan.,Is Chao coercing Yan?,Yes
90,19,social-interactions,23,antonym,1,Chao is disempowering Yan.,Is Chao helping Yan?,No
91,19,social-interactions,23,antonym,2,Chao is empowering Yan.,Is Chao coercing Yan?,No
92,19,social-interactions,23,antonym,2,Chao is empowering Yan.,Is Chao helping Yan?,Yes
93,20,social-interactions,24,antonym,1,Chao is making Yan feel worse.,Is Chao coercing Yan?,Yes
94,20,social-interactions,24,antonym,1,Chao is making Yan feel worse.,Is Chao helping Yan?,No
95,20,social-interactions,24,antonym,2,Chao is making Yan feel better.,Is Chao coercing Yan?,No
96,20,social-interactions,24,antonym,2,Chao is making Yan feel better.,Is Chao helping Yan?,Yes
97,21,social-interactions,25,other,1,Yan is upset about Chao's presence.,Is Chao coercing Yan?,Yes
98,21,social-interactions,25,other,1,Yan is upset about Chao's presence.,Is Chao helping Yan?,No
99,21,social-interactions,25,other,2,Yan is grateful for Chao's presence.,Is Chao coercing Yan?,No
100,21,social-interactions,25,other,2,Yan is grateful for Chao's presence.,Is Chao helping Yan?,Yes
101,22,social-interactions,26,antonym,1,Chao is being considerate towards Yan.,Is Chao respecting Yan?,Yes
102,22,social-interactions,26,antonym,1,Chao is being considerate towards Yan.,Is Chao insulting Yan?,No
103,22,social-interactions,26,antonym,2,Chao is being dismissive towards Yan.,Is Chao respecting Yan?,No
104,22,social-interactions,26,antonym,2,Chao is being dismissive towards Yan.,Is Chao insulting Yan?,Yes
105,23,social-interactions,27,antonym,1,Chao is being polite towards Yan.,Is Chao respecting Yan?,Yes
106,23,social-interactions,27,antonym,1,Chao is being polite towards Yan.,Is Chao insulting Yan?,No
107,23,social-interactions,27,antonym,2,Chao is being rude towards Yan.,Is Chao respecting Yan?,No
108,23,social-interactions,27,antonym,2,Chao is being rude towards Yan.,Is Chao insulting Yan?,Yes
109,24,social-interactions,28,antonym,1,Yan enjoys interacting with Chao.,Is Chao respecting Yan?,Yes
110,24,social-interactions,28,antonym,1,Yan enjoys interacting with Chao.,Is Chao insulting Yan?,No
111,24,social-interactions,28,antonym,2,Yan hates interacting with Chao.,Is Chao respecting Yan?,No
112,24,social-interactions,28,antonym,2,Yan hates interacting with Chao.,Is Chao insulting Yan?,Yes
113,25,social-interactions,29,antonym,1,Chao remarks that Yan is cute.,Is Chao flirting with Yan?,Yes
114,25,social-interactions,29,antonym,1,Chao remarks that Yan is cute.,Is Chao insulting Yan?,No
115,25,social-interactions,29,antonym,2,Chao remarks that Yan is ugly.,Is Chao flirting with Yan?,No
116,25,social-interactions,29,antonym,2,Chao remarks that Yan is ugly.,Is Chao insulting Yan?,Yes
117,26,social-interactions,30,antonym,1,Chao makes playful comments about Yan.,Is Chao flirting with Yan?,Yes
118,26,social-interactions,30,antonym,1,Chao makes playful comments about Yan.,Is Chao insulting Yan?,No
119,26,social-interactions,30,antonym,2,Chao makes hurtful comments about Yan.,Is Chao flirting with Yan?,No
120,26,social-interactions,30,antonym,2,Chao makes hurtful comments about Yan.,Is Chao insulting Yan?,Yes
121,27,social-interactions,31,other,1,Chao is joking about Yan.,Is Chao teasing Yan?,Yes
122,27,social-interactions,31,other,1,Chao is joking about Yan.,Is Chao comforting Yan?,No
123,27,social-interactions,31,other,2,Chao is consoling Yan.,Is Chao teasing Yan?,No
124,27,social-interactions,31,other,2,Chao is consoling Yan.,Is Chao comforting Yan?,Yes
125,28,social-interactions,32,antonym,1,"When interacting with Yan, Chao is being annoying.",Is Chao teasing Yan?,Yes
126,28,social-interactions,32,antonym,1,"When interacting with Yan, Chao is being annoying.",Is Chao comforting Yan?,No
127,28,social-interactions,32,antonym,2,"When interacting with Yan, Chao is being supportive.",Is Chao teasing Yan?,No
128,28,social-interactions,32,antonym,2,"When interacting with Yan, Chao is being supportive.",Is Chao comforting Yan?,Yes
129,29,social-interactions,33,antonym,1,"When interacting with Yan, Chao is being callous.",Is Chao teasing Yan?,Yes
130,29,social-interactions,33,antonym,1,"When interacting with Yan, Chao is being callous.",Is Chao comforting Yan?,No
131,29,social-interactions,33,antonym,2,"When interacting with Yan, Chao is being understanding.",Is Chao teasing Yan?,No
132,29,social-interactions,33,antonym,2,"When interacting with Yan, Chao is being understanding.",Is Chao comforting Yan?,Yes
133,30,social-interactions,34,antonym,1,Chao is making Yan feel worse.,Is Chao teasing Yan?,Yes
134,30,social-interactions,34,antonym,1,Chao is making Yan feel worse.,Is Chao comforting Yan?,No
135,30,social-interactions,34,antonym,2,Chao is making Yan feel better.,Is Chao teasing Yan?,No
136,30,social-interactions,34,antonym,2,Chao is making Yan feel better.,Is Chao comforting Yan?,Yes
137,31,social-interactions,35,antonym,1,Chao is making Yan feel hurt.,Is Chao teasing Yan?,Yes
138,31,social-interactions,35,antonym,1,Chao is making Yan feel hurt.,Is Chao comforting Yan?,No
139,31,social-interactions,35,antonym,2,Chao is making Yan feel loved.,Is Chao teasing Yan?,No
140,31,social-interactions,35,antonym,2,Chao is making Yan feel loved.,Is Chao comforting Yan?,Yes
1,1,social-properties,1,antonym,1,Chao treats people kindly.,Is Chao friendly?,Yes
2,1,social-properties,1,antonym,1,Chao treats people kindly.,Is Chao hostile?,No
3,1,social-properties,1,antonym,2,Chao treats people coldly.,Is Chao friendly?,No
4,1,social-properties,1,antonym,2,Chao treats people coldly.,Is Chao hostile?,Yes
5,2,social-properties,2,antonym,1,Chao greeted Yan.,Is Chao friendly?,Yes
6,2,social-properties,2,antonym,1,Chao greeted Yan.,Is Chao hostile?,No
7,2,social-properties,2,antonym,2,Chao insulted Yan.,Is Chao friendly?,No
8,2,social-properties,2,antonym,2,Chao insulted Yan.,Is Chao hostile?,Yes
9,3,social-properties,3,antonym,1,Chao enjoys meeting new people.,Is Chao friendly?,Yes
10,3,social-properties,3,antonym,1,Chao enjoys meeting new people.,Is Chao hostile?,No
11,3,social-properties,3,antonym,2,Chao avoids meeting new people.,Is Chao friendly?,No
12,3,social-properties,3,antonym,2,Chao avoids meeting new people.,Is Chao hostile?,Yes
13,4,social-properties,4,other,1,Chao gave Yan a gift.,Is Chao friendly?,Yes
14,4,social-properties,4,other,1,Chao gave Yan a gift.,Is Chao hostile?,No
15,4,social-properties,4,other,2,Chao gave Yan a glare.,Is Chao friendly?,No
16,4,social-properties,4,other,2,Chao gave Yan a glare.,Is Chao hostile?,Yes
17,5,social-properties,5,antonym,1,Chao is reliable.,Is Chao trustworthy?,Yes
18,5,social-properties,5,antonym,1,Chao is reliable.,Is Chao untrustworthy?,No
19,5,social-properties,5,antonym,2,Chao is unreliable.,Is Chao trustworthy?,No
20,5,social-properties,5,antonym,2,Chao is unreliable.,Is Chao untrustworthy?,Yes
21,6,social-properties,6,negation,1,Chao can be depended upon.,Is Chao trustworthy?,Yes
22,6,social-properties,6,negation,1,Chao can be depended upon.,Is Chao untrustworthy?,No
23,6,social-properties,6,negation,2,Chao cannot be depended upon.,Is Chao trustworthy?,No
24,6,social-properties,6,negation,2,Chao cannot be depended upon.,Is Chao untrustworthy?,Yes
25,7,social-properties,7,antonym,1,"Yan told Chao a secret. Today, no one else knows the secret.",Is Chao trustworthy?,Yes
26,7,social-properties,7,antonym,1,"Yan told Chao a secret. Today, no one else knows the secret.",Is Chao untrustworthy?,No
27,7,social-properties,7,antonym,2,"Yan told Chao a secret. Today, everyone knows the secret.",Is Chao trustworthy?,No
28,7,social-properties,7,antonym,2,"Yan told Chao a secret. Today, everyone knows the secret.",Is Chao untrustworthy?,Yes
29,8,social-properties,8,antonym,1,Chao is good at completing important tasks.,Is Chao trustworthy?,Yes
30,8,social-properties,8,antonym,1,Chao is good at completing important tasks.,Is Chao untrustworthy?,No
31,8,social-properties,8,antonym,2,Chao is bad at completing important tasks.,Is Chao trustworthy?,No
32,8,social-properties,8,antonym,2,Chao is bad at completing important tasks.,Is Chao untrustworthy?,Yes
33,9,social-properties,9,antonym,1,Chao usually keeps promises.,Is Chao trustworthy?,Yes
34,9,social-properties,9,antonym,1,Chao usually keeps promises.,Is Chao untrustworthy?,No
35,9,social-properties,9,antonym,2,Chao usually breaks promises.,Is Chao trustworthy?,No
36,9,social-properties,9,antonym,2,Chao usually breaks promises.,Is Chao untrustworthy?,Yes
37,10,social-properties,10,antonym,1,Chao is respectful towards differences in background and belief.,Is Chao tolerant?,Yes
38,10,social-properties,10,antonym,1,Chao is respectful towards differences in background and belief.,Is Chao bigoted?,No
39,10,social-properties,10,antonym,2,Chao is disrespectful towards differences in background and belief.,Is Chao tolerant?,No
40,10,social-properties,10,antonym,2,Chao is disrespectful towards differences in background and belief.,Is Chao bigoted?,Yes
41,11,social-properties,11,negation,1,Chao is not prejudiced against differences in background and belief.,Is Chao tolerant?,Yes
42,11,social-properties,11,negation,1,Chao is not prejudiced against differences in background and belief.,Is Chao bigoted?,No
43,11,social-properties,11,negation,2,Chao is prejudiced against differences in background and belief.,Is Chao tolerant?,No
44,11,social-properties,11,negation,2,Chao is prejudiced against differences in background and belief.,Is Chao bigoted?,Yes
45,12,social-properties,12,antonym,1,Chao thinks having neighbors of a different race is pleasant.,Is Chao tolerant?,Yes
46,12,social-properties,12,antonym,1,Chao thinks having neighbors of a different race is pleasant.,Is Chao bigoted?,No
47,12,social-properties,12,antonym,2,Chao thinks having neighbors of a different race is unpleasant.,Is Chao tolerant?,No
48,12,social-properties,12,antonym,2,Chao thinks having neighbors of a different race is unpleasant.,Is Chao bigoted?,Yes
49,13,social-properties,13,antonym,1,Chao thinks having neighbors of a different religion is pleasant.,Is Chao tolerant?,Yes
50,13,social-properties,13,antonym,1,Chao thinks having neighbors of a different religion is pleasant.,Is Chao bigoted?,No
51,13,social-properties,13,antonym,2,Chao thinks having neighbors of a different religion is unpleasant.,Is Chao tolerant?,No
52,13,social-properties,13,antonym,2,Chao thinks having neighbors of a different religion is unpleasant.,Is Chao bigoted?,Yes
53,14,social-properties,14,antonym,1,Chao thinks having neighbors of a different culture is pleasant.,Is Chao tolerant?,Yes
54,14,social-properties,14,antonym,1,Chao thinks having neighbors of a different culture is pleasant.,Is Chao bigoted?,No
55,14,social-properties,14,antonym,2,Chao thinks having neighbors of a different culture is unpleasant.,Is Chao tolerant?,No
56,14,social-properties,14,antonym,2,Chao thinks having neighbors of a different culture is unpleasant.,Is Chao bigoted?,Yes
57,15,social-properties,15,antonym,1,Chao talks a lot about past accomplishments.,Is Chao boastful?,Yes
58,15,social-properties,15,antonym,1,Chao talks a lot about past accomplishments.,Is Chao humble?,No
59,15,social-properties,15,antonym,2,Chao talks little about past accomplishments.,Is Chao boastful?,No
60,15,social-properties,15,antonym,2,Chao talks little about past accomplishments.,Is Chao humble?,Yes
61,16,social-properties,16,negation,1,Chao talks about past accomplishments.,Is Chao boastful?,Yes
62,16,social-properties,16,negation,1,Chao talks about past accomplishments.,Is Chao humble?,No
63,16,social-properties,16,negation,2,Chao doesn't talk about past accomplishments.,Is Chao boastful?,No
64,16,social-properties,16,negation,2,Chao doesn't talk about past accomplishments.,Is Chao humble?,Yes
65,17,social-properties,17,antonym,1,Chao brags about about past accomplishments.,Is Chao boastful?,Yes
66,17,social-properties,17,antonym,1,Chao brags about about past accomplishments.,Is Chao humble?,No
67,17,social-properties,17,antonym,2,Chao downplays about past accomplishments.,Is Chao boastful?,No
68,17,social-properties,17,antonym,2,Chao downplays about past accomplishments.,Is Chao humble?,Yes
69,18,social-properties,18,other,1,Ali spent the whole conversation talking about his successes.,Is Ali boastful?,Yes
70,18,social-properties,18,other,1,Ali spent the whole conversation talking about his successes.,Is Ali humble?,No
71,18,social-properties,18,other,2,Ali spent the whole conversation talking about his friend's successes.,Is Ali boastful?,No
72,18,social-properties,18,other,2,Ali spent the whole conversation talking about his friend's successes.,Is Ali humble?,Yes
73,19,social-properties,19,other,1,Maria spent the whole conversation talking about her successes.,Is Maria boastful?,Yes
74,19,social-properties,19,other,1,Maria spent the whole conversation talking about her successes.,Is Maria humble?,No
75,19,social-properties,19,other,2,Maria spent the whole conversation talking about her friend's successes.,Is Maria boastful?,No
76,19,social-properties,19,other,2,Maria spent the whole conversation talking about her friend's successes.,Is Maria humble?,Yes
77,20,social-properties,20,other,1,Chao spent the whole conversation talking about their successes.,Is Chao boastful?,Yes
78,20,social-properties,20,other,1,Chao spent the whole conversation talking about their successes.,Is Chao humble?,No
79,20,social-properties,20,other,2,Chao spent the whole conversation talking about their friend's successes.,Is Chao boastful?,No
80,20,social-properties,20,other,2,Chao spent the whole conversation talking about their friend's successes.,Is Chao humble?,Yes
81,21,social-properties,21,antonym,1,Chao usually makes decisions.,Is Chao dominant?,Yes
82,21,social-properties,21,antonym,1,Chao usually makes decisions.,Is Chao submissive?,No
83,21,social-properties,21,antonym,2,Chao usually obeys decisions.,Is Chao dominant?,No
84,21,social-properties,21,antonym,2,Chao usually obeys decisions.,Is Chao submissive?,Yes
85,22,social-properties,22,antonym,1,Chao often tells others what to do.,Is Chao dominant?,Yes
86,22,social-properties,22,antonym,1,Chao often tells others what to do.,Is Chao submissive?,No
87,22,social-properties,22,antonym,2,Chao rarely tells others what to do.,Is Chao dominant?,No
88,22,social-properties,22,antonym,2,Chao rarely tells others what to do.,Is Chao submissive?,Yes
89,23,social-properties,23,antonym,1,Chao often gives instructions.,Is Chao dominant?,Yes
90,23,social-properties,23,antonym,1,Chao often gives instructions.,Is Chao submissive?,No
91,23,social-properties,23,antonym,2,Chao often follows instructions.,Is Chao dominant?,No
92,23,social-properties,23,antonym,2,Chao often follows instructions.,Is Chao submissive?,Yes
93,24,social-properties,24,other,1,"Chao has a large family. Each weekend, Chao decides what the family should do for fun.",Is Chao dominant?,Yes
94,24,social-properties,24,other,1,"Chao has a large family. Each weekend, Chao decides what the family should do for fun.",Is Chao submissive?,No
95,24,social-properties,24,other,2,"Chao has a large family. Each weekend, Chao's partner decides what the family should do for fun.",Is Chao dominant?,No
96,24,social-properties,24,other,2,"Chao has a large family. Each weekend, Chao's partner decides what the family should do for fun.",Is Chao submissive?,Yes
97,25,social-properties,25,other,1,"Chao went backpacking with a friend. Every day, Chao decided where they should camp.",Is Chao dominant?,Yes
98,25,social-properties,25,other,1,"Chao went backpacking with a friend. Every day, Chao decided where they should camp.",Is Chao submissive?,No
99,25,social-properties,25,other,2,"Chao went backpacking with a friend. Every day, Chao's friend decided where they should camp.",Is Chao dominant?,No
100,25,social-properties,25,other,2,"Chao went backpacking with a friend. Every day, Chao's friend decided where they should camp.",Is Chao submissive?,Yes
101,26,social-properties,26,antonym,1,Chao is quick to engage in social interactions.,Is Chao extroverted?,Yes
102,26,social-properties,26,antonym,1,Chao is quick to engage in social interactions.,Is Chao introverted?,No
103,26,social-properties,26,antonym,2,Chao is hesitant to engage in social interactions.,Is Chao extroverted?,No
104,26,social-properties,26,antonym,2,Chao is hesitant to engage in social interactions.,Is Chao introverted?,Yes
105,27,social-properties,27,antonym,1,Chao enjoys spending time with other people.,Is Chao extroverted?,Yes
106,27,social-properties,27,antonym,1,Chao enjoys spending time with other people.,Is Chao introverted?,No
107,27,social-properties,27,antonym,2,Chao enjoys spending time alone.,Is Chao extroverted?,No
108,27,social-properties,27,antonym,2,Chao enjoys spending time alone.,Is Chao introverted?,Yes
109,28,social-properties,28,antonym,1,Chao enjoys large gatherings.,Is Chao extroverted?,Yes
110,28,social-properties,28,antonym,1,Chao enjoys large gatherings.,Is Chao introverted?,No
111,28,social-properties,28,antonym,2,Chao enjoys intimate gatherings.,Is Chao extroverted?,No
112,28,social-properties,28,antonym,2,Chao enjoys intimate gatherings.,Is Chao introverted?,Yes
113,29,social-properties,29,antonym,1,Chao is hesitant to share their opinion.,Is Chao shy?,Yes
114,29,social-properties,29,antonym,1,Chao is hesitant to share their opinion.,Is Chao confident?,No
115,29,social-properties,29,antonym,2,Chao is quick to share their opinion.,Is Chao shy?,No
116,29,social-properties,29,antonym,2,Chao is quick to share their opinion.,Is Chao confident?,Yes
117,30,social-properties,30,antonym,1,Chao is hesitant to meet new people.,Is Chao shy?,Yes
118,30,social-properties,30,antonym,1,Chao is hesitant to meet new people.,Is Chao confident?,No
119,30,social-properties,30,antonym,2,Chao is quick to meet new people.,Is Chao shy?,No
120,30,social-properties,30,antonym,2,Chao is quick to meet new people.,Is Chao confident?,Yes
121,31,social-properties,31,antonym,1,Speaking up is hard for Chao.,Is Chao shy?,Yes
122,31,social-properties,31,antonym,1,Speaking up is hard for Chao.,Is Chao confident?,No
123,31,social-properties,31,antonym,2,Speaking up is easy for Chao.,Is Chao shy?,No
124,31,social-properties,31,antonym,2,Speaking up is easy for Chao.,Is Chao confident?,Yes
125,32,social-properties,32,negation,1,Chao does not like to speak up during meetings.,Is Chao shy?,Yes
126,32,social-properties,32,negation,1,Chao does not like to speak up during meetings.,Is Chao confident?,No
127,32,social-properties,32,negation,2,Chao likes to speak up during meetings.,Is Chao shy?,No
128,32,social-properties,32,negation,2,Chao likes to speak up during meetings.,Is Chao confident?,Yes
129,33,social-properties,33,antonym,1,Chao speaks quietly.,Is Chao shy?,Yes
130,33,social-properties,33,antonym,1,Chao speaks quietly.,Is Chao confident?,No
131,33,social-properties,33,antonym,2,Chao speaks loudly.,Is Chao shy?,No
132,33,social-properties,33,antonym,2,Chao speaks loudly.,Is Chao confident?,Yes
133,34,social-properties,34,antonym,1,Chao has a friendly demeanor.,Is Chao warm?,Yes
134,34,social-properties,34,antonym,1,Chao has a friendly demeanor.,Is Chao cold?,No
135,34,social-properties,34,antonym,2,Chao has a unfriendly demeanor.,Is Chao warm?,No
136,34,social-properties,34,antonym,2,Chao has a unfriendly demeanor.,Is Chao cold?,Yes
137,35,social-properties,35,antonym,1,Chao is approachable.,Is Chao warm?,Yes
138,35,social-properties,35,antonym,1,Chao is approachable.,Is Chao cold?,No
139,35,social-properties,35,antonym,2,Chao is distant.,Is Chao warm?,No
140,35,social-properties,35,antonym,2,Chao is distant.,Is Chao cold?,Yes
141,36,social-properties,36,antonym,1,Chao often laughs.,Is Chao warm?,Yes
142,36,social-properties,36,antonym,1,Chao often laughs.,Is Chao cold?,No
143,36,social-properties,36,antonym,2,Chao rarely laughs.,Is Chao warm?,No
144,36,social-properties,36,antonym,2,Chao rarely laughs.,Is Chao cold?,Yes
145,37,social-properties,37,antonym,1,Chao often gets into long conversations.,Is Chao warm?,Yes
146,37,social-properties,37,antonym,1,Chao often gets into long conversations.,Is Chao cold?,No
147,37,social-properties,37,antonym,2,Chao rarely gets into long conversations.,Is Chao warm?,No
148,37,social-properties,37,antonym,2,Chao rarely gets into long conversations.,Is Chao cold?,Yes
1,1,material-dynamics,1,material,1,Chao sees something that is fabric.,Can Chao fold it?,Yes
2,1,material-dynamics,1,material,1,Chao sees something that is fabric.,Can Chao pour it?,No
3,1,material-dynamics,1,material,2,Chao sees something that is liquid.,Can Chao fold it?,No
4,1,material-dynamics,1,material,2,Chao sees something that is liquid.,Can Chao pour it?,Yes
5,2,material-dynamics,2,material,1,Chao sees the denim.,Can Chao fold it?,Yes
6,2,material-dynamics,2,material,1,Chao sees the denim.,Can Chao pour it?,No
7,2,material-dynamics,2,material,2,Chao sees the water.,Can Chao fold it?,No
8,2,material-dynamics,2,material,2,Chao sees the water.,Can Chao pour it?,Yes
10,3,material-dynamics,3,material,1,Chao sees something that is fabric.,Can Chao stir it?,No
12,3,material-dynamics,3,material,2,Chao sees something that is liquid.,Can Chao stir it?,Yes
16,4,material-dynamics,4,material,2,Chao sees the water.,Can Chao stir it?,Yes
20,5,material-dynamics,5,material,2,Chao sees something that is gas.,Can Chao stir it?,Yes
24,6,material-dynamics,6,material,2,Chao sees the oxygen.,Can Chao stir it?,Yes
25,7,material-dynamics,7,material,1,Chao sees something that is rigid.,Can it break?,Yes
26,7,material-dynamics,7,material,1,Chao sees something that is rigid.,Can it ripple?,No
27,7,material-dynamics,7,material,2,Chao sees something that is fabric.,Can it break?,No
28,7,material-dynamics,7,material,2,Chao sees something that is fabric.,Can it ripple?,Yes
31,8,material-dynamics,8,material,2,Chao sees something that is liquid.,Can it break?,No
32,8,material-dynamics,8,material,2,Chao sees something that is liquid.,Can it ripple?,Yes
33,9,material-dynamics,9,material,1,Chao sees something that is non-rigid.,Can it break?,Yes
34,9,material-dynamics,9,material,1,Chao sees something that is non-rigid.,Can it ripple?,No
37,10,material-dynamics,10,material,1,Chao sees the feather.,Can it break?,Yes
38,10,material-dynamics,10,material,1,Chao sees the feather.,Can it ripple?,No
40,10,material-dynamics,10,material,2,Chao sees the denim.,Can it ripple?,Yes
47,12,material-dynamics,12,material,2,Chao sees the water.,Can it break?,No
48,12,material-dynamics,12,material,2,Chao sees the water.,Can it ripple?,Yes
50,13,material-dynamics,13,material,1,Chao sees something that is fabric.,Can it disperse?,No
52,13,material-dynamics,13,material,2,Chao sees something that is gas.,Can it disperse?,Yes
53,14,material-dynamics,14,material,1,Chao sees something that is rigid.,Can Chao squeeze it?,Yes
57,15,material-dynamics,15,material,1,Chao sees the cup.,Can Chao squeeze it?,Yes
58,15,material-dynamics,15,material,1,Chao sees the cup.,Can Chao pour it?,No
59,15,material-dynamics,15,material,2,Chao sees the water.,Can Chao squeeze it?,No
61,16,material-dynamics,16,material,1,Chao sees something that is non-rigid.,Can Chao compresse it?,Yes
64,16,material-dynamics,16,material,2,Chao sees something that is granular.,Can Chao pour it?,Yes
65,17,material-dynamics,17,material,1,Chao sees the feather.,Can Chao compresse it?,Yes
66,17,material-dynamics,17,material,1,Chao sees the feather.,Can Chao pour it?,No
68,17,material-dynamics,17,material,2,Chao sees the sesame.,Can Chao pour it?,Yes
77,20,material-dynamics,20,material,1,Chao sees something that is non-rigid.,Can Chao squeeze it?,Yes
81,21,material-dynamics,21,material,1,Chao sees the feather.,Can Chao squeeze it?,Yes
86,22,material-dynamics,22,material,1,Chao sees something that is granular.,Can Chao rip it?,No
88,22,material-dynamics,22,material,2,Chao sees something that is fabric.,Can Chao rip it?,Yes
90,23,material-dynamics,23,material,1,Chao sees the sesame.,Can Chao rip it?,No
92,23,material-dynamics,23,material,2,Chao sees the denim.,Can Chao rip it?,Yes
96,24,material-dynamics,24,material,2,Chao sees something that is fabric.,Can Chao compresse it?,Yes
100,25,material-dynamics,25,material,2,Chao sees the denim.,Can Chao compresse it?,Yes
102,26,material-dynamics,26,material,1,Chao sees something that is granular.,Can Chao wrinkle it?,No
104,26,material-dynamics,26,material,2,Chao sees something that is fabric.,Can Chao wrinkle it?,Yes
106,27,material-dynamics,27,material,1,Chao sees the sesame.,Can Chao wrinkle it?,No
108,27,material-dynamics,27,material,2,Chao sees the denim.,Can Chao wrinkle it?,Yes
112,28,material-dynamics,28,material,2,Chao sees something that is fabric.,Can Chao drape it?,Yes
114,29,material-dynamics,29,material,1,Chao sees the sesame.,Can Chao drape it?,No
116,29,material-dynamics,29,material,2,Chao sees the denim.,Can Chao drape it?,Yes
118,30,material-dynamics,30,material,1,Chao sees something that is granular.,Can Chao hang it?,No
120,30,material-dynamics,30,material,2,Chao sees something that is fabric.,Can Chao hang it?,Yes
124,31,material-dynamics,31,material,2,Chao sees the denim.,Can Chao hang it?,Yes
127,32,material-dynamics,32,material,2,Chao sees something that is gas.,Can Chao pour it?,No
128,32,material-dynamics,32,material,2,Chao sees something that is gas.,Can Chao compresse it?,Yes
132,33,material-dynamics,33,material,2,Chao sees the oxygen.,Can Chao compresse it?,Yes
135,34,material-dynamics,34,material,2,Chao sees something that is liquid.,Can Chao rip it?,No
139,35,material-dynamics,35,material,2,Chao sees the water.,Can Chao rip it?,No
141,36,material-dynamics,36,material,1,Chao sees something that is fabric.,Can Chao squeeze it?,Yes
145,37,material-dynamics,37,material,1,Chao sees the denim.,Can Chao squeeze it?,Yes
159,40,material-dynamics,40,material,2,Chao sees something that is liquid.,Can Chao wrinkle it?,No
167,42,material-dynamics,42,material,2,Chao sees something that is liquid.,Can Chao drape it?,No
171,43,material-dynamics,43,material,2,Chao sees the water.,Can Chao drape it?,No
175,44,material-dynamics,44,material,2,Chao sees something that is liquid.,Can Chao hang it?,No
179,45,material-dynamics,45,material,2,Chao sees the water.,Can Chao hang it?,No
190,48,material-dynamics,48,material,1,Chao sees something that is rigid.,Can Chao stir it?,No
194,49,material-dynamics,49,material,1,Chao sees the cup.,Can Chao stir it?,No
197,50,material-dynamics,50,material,1,Chao sees something that is rigid.,Can Chao tap it?,Yes
199,50,material-dynamics,50,material,2,Chao sees something that is gas.,Can Chao tap it?,No
201,51,material-dynamics,51,material,1,Chao sees the cup.,Can Chao tap it?,Yes
214,54,material-dynamics,54,material,1,Chao sees something that is non-rigid.,Can Chao stir it?,No
216,54,material-dynamics,54,material,2,Chao sees something that is granular.,Can Chao stir it?,Yes
218,55,material-dynamics,55,material,1,Chao sees the feather.,Can Chao stir it?,No
220,55,material-dynamics,55,material,2,Chao sees the sesame.,Can Chao stir it?,Yes
237,60,material-dynamics,60,material,1,Chao sees something that is non-rigid.,Can Chao tap it?,Yes
241,61,material-dynamics,61,material,1,Chao sees the feather.,Can Chao tap it?,Yes
343,86,material-dynamics,86,material,2,Chao sees something that is gas.,Can Chao rip it?,No
347,87,material-dynamics,87,material,2,Chao sees the oxygen.,Can Chao rip it?,No
359,90,material-dynamics,90,material,2,Chao sees something that is gas.,Can Chao wrinkle it?,No
363,91,material-dynamics,91,material,2,Chao sees the oxygen.,Can Chao wrinkle it?,No
365,92,material-dynamics,92,material,1,Chao sees something that is fabric.,Can Chao pile it?,Yes
367,92,material-dynamics,92,material,2,Chao sees something that is gas.,Can Chao pile it?,No
369,93,material-dynamics,93,material,1,Chao sees the denim.,Can Chao pile it?,Yes
371,93,material-dynamics,93,material,2,Chao sees the oxygen.,Can Chao pile it?,No
379,95,material-dynamics,95,material,2,Chao sees the oxygen.,Can Chao drape it?,No
390,98,material-dynamics,98,material,1,Chao sees something that is rigid.,Can it flap?,No
392,98,material-dynamics,98,material,2,Chao sees something that is fabric.,Can it flap?,Yes
400,100,material-dynamics,100,material,2,Chao sees the denim.,Can it flap?,Yes
401,101,material-dynamics,101,material,1,Chao sees something that is granular.,Can it disperse?,Yes
405,102,material-dynamics,102,material,1,Chao sees something that is granular.,Can it trickle?,Yes
407,102,material-dynamics,102,material,2,Chao sees something that is fabric.,Can it trickle?,No
411,103,material-dynamics,103,material,2,Chao sees something that is liquid.,Can it flap?,No
412,103,material-dynamics,103,material,2,Chao sees something that is liquid.,Can it disperse?,Yes
416,104,material-dynamics,104,material,2,Chao sees something that is liquid.,Can it drip?,Yes
420,105,material-dynamics,105,material,2,Chao sees something that is liquid.,Can it trickle?,Yes
422,106,material-dynamics,106,material,1,Chao sees something that is fabric.,Can it splashe?,No
424,106,material-dynamics,106,material,2,Chao sees something that is liquid.,Can it splashe?,Yes
427,107,material-dynamics,107,material,2,Chao sees something that is gas.,Can it flap?,No
430,108,material-dynamics,108,material,1,Chao sees something that is rigid.,Can it splashe?,No
434,109,material-dynamics,109,material,1,Chao sees something that is non-rigid.,Can it splashe?,No
438,110,material-dynamics,110,material,1,Chao sees the feather.,Can it splashe?,No
440,110,material-dynamics,110,material,2,Chao sees the water.,Can it splashe?,Yes
441,111,material-dynamics,111,material,1,Chao sees something that is fabric.,Can it rip?,Yes
443,111,material-dynamics,111,material,2,Chao sees something that is liquid.,Can it rip?,No
445,112,material-dynamics,112,material,1,Chao sees something that is fabric.,Can it droop?,Yes
447,112,material-dynamics,112,material,2,Chao sees something that is liquid.,Can it droop?,No
449,113,material-dynamics,113,material,1,Chao sees something that is fabric.,Can it wrinkle?,Yes
451,113,material-dynamics,113,material,2,Chao sees something that is liquid.,Can it wrinkle?,No
454,114,material-dynamics,114,material,1,Chao sees something that is rigid.,Can it droop?,No
479,120,material-dynamics,120,material,2,Chao sees something that is gas.,Can it droop?,No
492,123,material-dynamics,123,material,2,Chao sees the water.,Can it drip?,Yes
501,126,material-dynamics,126,material,1,Chao sees something that is granular.,Can Chao pile it?,Yes
505,127,material-dynamics,127,material,1,Chao sees the sesame.,Can Chao pile it?,Yes
510,128,material-dynamics,128,material,1,Chao sees something that is rigid.,Can it trickle?,No
514,129,material-dynamics,129,material,1,Chao sees something that is non-rigid.,Can it trickle?,No
518,130,material-dynamics,130,material,1,Chao sees the feather.,Can it trickle?,No
520,130,material-dynamics,130,material,2,Chao sees the water.,Can it trickle?,Yes
522,131,material-dynamics,131,material,1,Chao sees something that is granular.,Can it rip?,No
543,136,material-dynamics,136,material,2,Chao sees something that is gas.,Can it break?,No
546,137,material-dynamics,137,material,1,Chao sees something that is non-rigid.,Can it disperse?,No
552,138,material-dynamics,138,material,2,Chao sees the water.,Can it disperse?,Yes
560,140,material-dynamics,140,material,2,Chao sees the oxygen.,Can it disperse?,Yes
579,145,material-dynamics,145,material,2,Chao sees something that is gas.,Can it rip?,No
583,146,material-dynamics,146,material,2,Chao sees something that is gas.,Can it wrinkle?,No
586,147,material-dynamics,147,material,1,Chao sees something that is rigid.,Can Chao compresse it?,No
590,148,material-dynamics,148,material,1,Chao sees the cup.,Can Chao compresse it?,No
601,151,material-dynamics,151,material,1,Chao sees something that is granular.,Can Chao squeeze it?,Yes
605,152,material-dynamics,152,material,1,Chao sees the sesame.,Can Chao squeeze it?,Yes
614,154,material-dynamics,154,material,1,Chao sees something that is rigid.,Can it wrinkle?,No
618,155,material-dynamics,155,material,1,Chao sees something that is non-rigid.,Can it wrinkle?,No
622,156,material-dynamics,156,material,1,Chao sees the feather.,Can it wrinkle?,No
624,156,material-dynamics,156,material,2,Chao sees the denim.,Can it wrinkle?,Yes
1,1,social-relations,1,negation,1,Chao knows Yan.,Are Chao and Yan friends?,Yes
2,1,social-relations,1,negation,1,Chao knows Yan.,Are Chao and Yan strangers?,No
3,1,social-relations,1,negation,2,Chao doesn't know Yan.,Are Chao and Yan friends?,No
4,1,social-relations,1,negation,2,Chao doesn't know Yan.,Are Chao and Yan strangers?,Yes
5,2,social-relations,2,antonym,1,Chao is warm toward Yan.,Are Chao and Yan friends?,Yes
6,2,social-relations,2,antonym,1,Chao is warm toward Yan.,Are Chao and Yan strangers?,No
8,2,social-relations,2,antonym,2,Chao is indifferent toward Yan.,Are Chao and Yan strangers?,Yes
9,3,social-relations,3,other,1,Chao likes Yan.,Are Chao and Yan friends?,Yes
10,3,social-relations,3,other,1,Chao likes Yan.,Are Chao and Yan strangers?,No
13,4,social-relations,4,antonym,1,Chao enjoys spending time with Yan.,Are Chao and Yan friends?,Yes
14,4,social-relations,4,antonym,1,Chao enjoys spending time with Yan.,Are Chao and Yan strangers?,No
16,4,social-relations,4,antonym,2,Chao is indifferent about spending time with Yan.,Are Chao and Yan strangers?,Yes
17,5,social-relations,5,antonym,1,Chao likes Yan.,Is Chao Yan's friend?,Yes
18,5,social-relations,5,antonym,1,Chao likes Yan.,Is Chao Yan's enemy?,No
19,5,social-relations,5,antonym,2,Chao hates Yan.,Is Chao Yan's friend?,No
20,5,social-relations,5,antonym,2,Chao hates Yan.,Is Chao Yan's enemy?,Yes
21,6,social-relations,6,antonym,1,Chao enjoys spending time with Yan.,Is Chao Yan's friend?,Yes
22,6,social-relations,6,antonym,1,Chao enjoys spending time with Yan.,Is Chao Yan's enemy?,No
23,6,social-relations,6,antonym,2,Chao dislikes spending time with Yan.,Is Chao Yan's friend?,No
24,6,social-relations,6,antonym,2,Chao dislikes spending time with Yan.,Is Chao Yan's enemy?,Yes
25,7,social-relations,7,antonym,1,Chao wants to work together with Yan.,Is Chao Yan's friend?,Yes
26,7,social-relations,7,antonym,1,Chao wants to work together with Yan.,Is Chao Yan's enemy?,No
27,7,social-relations,7,antonym,2,Chao wants to work against Yan.,Is Chao Yan's friend?,No
28,7,social-relations,7,antonym,2,Chao wants to work against Yan.,Is Chao Yan's enemy?,Yes
30,8,social-relations,8,antonym,1,Chao likes Yan.,Are Chao and Yan enemies?,No
31,8,social-relations,8,antonym,2,Chao hates Yan.,Are Chao and Yan friends?,No
32,8,social-relations,8,antonym,2,Chao hates Yan.,Are Chao and Yan enemies?,Yes
34,9,social-relations,9,antonym,1,Chao enjoys spending time with Yan.,Are Chao and Yan enemies?,No
35,9,social-relations,9,antonym,2,Chao dislikes spending time with Yan.,Are Chao and Yan friends?,No
36,9,social-relations,9,antonym,2,Chao dislikes spending time with Yan.,Are Chao and Yan enemies?,Yes
37,10,social-relations,10,antonym,1,Chao wants to work together with Yan.,Are Chao and Yan friends?,Yes
38,10,social-relations,10,antonym,1,Chao wants to work together with Yan.,Are Chao and Yan enemies?,No
39,10,social-relations,10,antonym,2,Chao wants to work against Yan.,Are Chao and Yan friends?,No
40,10,social-relations,10,antonym,2,Chao wants to work against Yan.,Are Chao and Yan enemies?,Yes
41,11,social-relations,11,antonym,1,Chao gives orders to Yan.,Is Chao Yan's boss?,Yes
42,11,social-relations,11,antonym,1,Chao gives orders to Yan.,Is Chao Yan's subordinate?,No
43,11,social-relations,11,antonym,2,Chao gets orders from Yan.,Is Chao Yan's boss?,No
44,11,social-relations,11,antonym,2,Chao gets orders from Yan.,Is Chao Yan's subordinate?,Yes
47,11,social-relations,12,variable swap,2,Yan gives orders to Chao.,Is Chao Yan's boss?,No
48,11,social-relations,12,variable swap,2,Yan gives orders to Chao.,Is Chao Yan's subordinate?,Yes
49,11,social-relations,13,variable swap,1,Yan gets orders from Chao.,Is Chao Yan's boss?,Yes
50,11,social-relations,13,variable swap,1,Yan gets orders from Chao.,Is Chao Yan's subordinate?,No
54,11,social-relations,14,antonym,1,Chao gives orders to Yan.,Is Yan Chao's boss?,No
56,11,social-relations,14,antonym,2,Chao gets orders from Yan.,Is Yan Chao's boss?,Yes
60,11,social-relations,15,variable swap,2,Yan gives orders to Chao.,Is Yan Chao's boss?,Yes
62,11,social-relations,16,variable swap,1,Yan gets orders from Chao.,Is Yan Chao's boss?,No
65,11,social-relations,17,antonym,1,Chao gives orders to Yan.,Is Yan Chao's subordinate?,Yes
67,11,social-relations,17,antonym,2,Chao gets orders from Yan.,Is Yan Chao's subordinate?,No
71,11,social-relations,18,variable swap,2,Yan gives orders to Chao.,Is Yan Chao's subordinate?,No
73,11,social-relations,19,variable swap,1,Yan gets orders from Chao.,Is Yan Chao's subordinate?,Yes
77,12,social-relations,20,antonym,1,Chao is Yan's employer.,Is Chao Yan's boss?,Yes
78,12,social-relations,20,antonym,1,Chao is Yan's employer.,Is Chao Yan's subordinate?,No
79,12,social-relations,20,antonym,2,Chao is Yan's employee.,Is Chao Yan's boss?,No
80,12,social-relations,20,antonym,2,Chao is Yan's employee.,Is Chao Yan's subordinate?,Yes
83,12,social-relations,21,variable swap,2,Yan is Chao's employer.,Is Chao Yan's boss?,No
84,12,social-relations,21,variable swap,2,Yan is Chao's employer.,Is Chao Yan's subordinate?,Yes
85,12,social-relations,22,variable swap,1,Yan is Chao's employee.,Is Chao Yan's boss?,Yes
86,12,social-relations,22,variable swap,1,Yan is Chao's employee.,Is Chao Yan's subordinate?,No
90,12,social-relations,23,antonym,1,Chao is Yan's employer.,Is Yan Chao's boss?,No
92,12,social-relations,23,antonym,2,Chao is Yan's employee.,Is Yan Chao's boss?,Yes
96,12,social-relations,24,variable swap,2,Yan is Chao's employer.,Is Yan Chao's boss?,Yes
98,12,social-relations,25,variable swap,1,Yan is Chao's employee.,Is Yan Chao's boss?,No
101,12,social-relations,26,antonym,1,Chao is Yan's employer.,Is Yan Chao's subordinate?,Yes
103,12,social-relations,26,antonym,2,Chao is Yan's employee.,Is Yan Chao's subordinate?,No
107,12,social-relations,27,variable swap,2,Yan is Chao's employer.,Is Yan Chao's subordinate?,No
109,12,social-relations,28,variable swap,1,Yan is Chao's employee.,Is Yan Chao's subordinate?,Yes
113,13,social-relations,29,antonym,1,Chao pays salary to Yan.,Is Chao Yan's boss?,Yes
114,13,social-relations,29,antonym,1,Chao pays salary to Yan.,Is Chao Yan's subordinate?,No
115,13,social-relations,29,antonym,2,Chao receives salary from Yan.,Is Chao Yan's boss?,No
116,13,social-relations,29,antonym,2,Chao receives salary from Yan.,Is Chao Yan's subordinate?,Yes
119,13,social-relations,30,variable swap,2,Yan pays salary to Chao.,Is Chao Yan's boss?,No
120,13,social-relations,30,variable swap,2,Yan pays salary to Chao.,Is Chao Yan's subordinate?,Yes
121,13,social-relations,31,variable swap,1,Yan receives salary from Chao.,Is Chao Yan's boss?,Yes
122,13,social-relations,31,variable swap,1,Yan receives salary from Chao.,Is Chao Yan's subordinate?,No
128,13,social-relations,32,antonym,2,Chao receives salary from Yan.,Is Yan Chao's boss?,Yes
132,13,social-relations,33,variable swap,2,Yan pays salary to Chao.,Is Yan Chao's boss?,Yes
134,13,social-relations,34,variable swap,1,Yan receives salary from Chao.,Is Yan Chao's boss?,No
137,13,social-relations,35,antonym,1,Chao pays salary to Yan.,Is Yan Chao's subordinate?,Yes
139,13,social-relations,35,antonym,2,Chao receives salary from Yan.,Is Yan Chao's subordinate?,No
143,13,social-relations,36,variable swap,2,Yan pays salary to Chao.,Is Yan Chao's subordinate?,No
145,13,social-relations,37,variable swap,1,Yan receives salary from Chao.,Is Yan Chao's subordinate?,Yes
149,14,social-relations,38,antonym,1,Chao has a lot of power over Yan.,Is Chao Yan's boss?,Yes
151,14,social-relations,38,antonym,2,Chao has little power over Yan.,Is Chao Yan's boss?,No
152,14,social-relations,38,antonym,2,Chao has little power over Yan.,Is Chao Yan's subordinate?,Yes
155,14,social-relations,39,variable swap,2,Yan has a lot of power over Chao.,Is Chao Yan's boss?,No
156,14,social-relations,39,variable swap,2,Yan has a lot of power over Chao.,Is Chao Yan's subordinate?,Yes
157,14,social-relations,40,variable swap,1,Yan has little power over Chao.,Is Chao Yan's boss?,Yes
158,14,social-relations,40,variable swap,1,Yan has little power over Chao.,Is Chao Yan's subordinate?,No
162,14,social-relations,41,antonym,1,Chao has a lot of power over Yan.,Is Yan Chao's boss?,No
164,14,social-relations,41,antonym,2,Chao has little power over Yan.,Is Yan Chao's boss?,Yes
168,14,social-relations,42,variable swap,2,Yan has a lot of power over Chao.,Is Yan Chao's boss?,Yes
170,14,social-relations,43,variable swap,1,Yan has little power over Chao.,Is Yan Chao's boss?,No
173,14,social-relations,44,antonym,1,Chao has a lot of power over Yan.,Is Yan Chao's subordinate?,Yes
175,14,social-relations,44,antonym,2,Chao has little power over Yan.,Is Yan Chao's subordinate?,No
179,14,social-relations,45,variable swap,2,Yan has a lot of power over Chao.,Is Yan Chao's subordinate?,No
181,14,social-relations,46,variable swap,1,Yan has little power over Chao.,Is Yan Chao's subordinate?,Yes
185,15,social-relations,47,antonym,1,Chao is at a later career stage than Yan.,Is Chao Yan's boss?,Yes
186,15,social-relations,47,antonym,1,Chao is at a later career stage than Yan.,Is Chao Yan's subordinate?,No
187,15,social-relations,47,antonym,2,Chao is at an earlier career stage than Yan.,Is Chao Yan's boss?,No
188,15,social-relations,47,antonym,2,Chao is at an earlier career stage than Yan.,Is Chao Yan's subordinate?,Yes
192,15,social-relations,48,antonym,2,Chao is at an earlier career stage than Yan.,Is Yan Chao's boss?,Yes
193,15,social-relations,49,antonym,1,Chao is at a later career stage than Yan.,Is Yan Chao's subordinate?,Yes
195,15,social-relations,49,antonym,2,Chao is at an earlier career stage than Yan.,Is Yan Chao's subordinate?,No
197,16,social-relations,50,other,1,Chao has the same duties as Yan.,Is Chao Yan's colleague?,Yes
198,16,social-relations,50,other,1,Chao has the same duties as Yan.,Is Chao Yan's boss?,No
199,16,social-relations,50,other,2,Chao gives orders to Yan.,Is Chao Yan's colleague?,No
203,17,social-relations,51,antonym,2,Chao has different duties than Yan.,Is Chao Yan's colleague?,No
204,17,social-relations,51,antonym,2,Chao has different duties than Yan.,Is Chao Yan's boss?,Yes
205,18,social-relations,52,antonym,1,Chao has little power over Yan.,Is Chao Yan's colleague?,Yes
207,18,social-relations,52,antonym,2,Chao has a lot of power over Yan.,Is Chao Yan's colleague?,No
209,19,social-relations,53,antonym,1,Chao is at the same career stage as Yan.,Is Chao Yan's colleague?,Yes
210,19,social-relations,53,antonym,1,Chao is at the same career stage as Yan.,Is Chao Yan's boss?,No
211,19,social-relations,53,antonym,2,Chao is at a later career stage than Yan.,Is Chao Yan's colleague?,No
213,20,social-relations,54,other,1,Chao works alongside Yan.,Is Chao Yan's colleague?,Yes
214,20,social-relations,54,other,1,Chao works alongside Yan.,Is Chao Yan's subordinate?,No
215,20,social-relations,54,other,2,Chao works for Yan.,Is Chao Yan's colleague?,No
216,20,social-relations,54,other,2,Chao works for Yan.,Is Chao Yan's subordinate?,Yes
217,21,social-relations,55,antonym,1,Yan has little power over Chao.,Is Chao Yan's colleague?,Yes
219,21,social-relations,55,antonym,2,Yan has a lot of power over Chao.,Is Chao Yan's colleague?,No
222,22,social-relations,56,antonym,1,Chao is at the same career stage as Yan.,Is Chao Yan's subordinate?,No
223,22,social-relations,56,antonym,2,Chao is at an earlier career stage than Yan.,Is Chao Yan's colleague?,No
225,23,social-relations,57,antonym,1,The relationship between Chao and Yan is platonic.,Is Chao Yan's friend?,Yes
226,23,social-relations,57,antonym,1,The relationship between Chao and Yan is platonic.,Is Chao Yan's romantic partner?,No
227,23,social-relations,57,antonym,2,The relationship between Chao and Yan is intimate.,Is Chao Yan's friend?,No
228,23,social-relations,57,antonym,2,The relationship between Chao and Yan is intimate.,Is Chao Yan's romantic partner?,Yes
229,24,social-relations,58,other,1,Chao and Yan shake hands when they meet.,Is Chao Yan's friend?,Yes
230,24,social-relations,58,other,1,Chao and Yan shake hands when they meet.,Is Chao Yan's romantic partner?,No
231,24,social-relations,58,other,2,Chao and Yan make out when they meet.,Is Chao Yan's friend?,No
232,24,social-relations,58,other,2,Chao and Yan make out when they meet.,Is Chao Yan's romantic partner?,Yes
233,25,social-relations,59,antonym,1,The relationship between Chao and Yan is platonic.,Are Chao and Yan friends?,Yes
234,25,social-relations,59,antonym,1,The relationship between Chao and Yan is platonic.,Are Chao and Yan romantic partners?,No
235,25,social-relations,59,antonym,2,The relationship between Chao and Yan is intimate.,Are Chao and Yan friends?,No
236,25,social-relations,59,antonym,2,The relationship between Chao and Yan is intimate.,Are Chao and Yan romantic partners?,Yes
237,26,social-relations,60,other,1,Chao and Yan shake hands when they meet.,Are Chao and Yan friends?,Yes
238,26,social-relations,60,other,1,Chao and Yan shake hands when they meet.,Are Chao and Yan romantic partners?,No
239,26,social-relations,60,other,2,Chao and Yan make out when they meet.,Are Chao and Yan friends?,No
240,26,social-relations,60,other,2,Chao and Yan make out when they meet.,Are Chao and Yan romantic partners?,Yes
241,27,social-relations,61,negation,1,Chao and Yan are not in a relationship.,Are Chao and Yan strangers?,Yes
242,27,social-relations,61,negation,1,Chao and Yan are not in a relationship.,Are Chao and Yan romantic partners?,No
243,27,social-relations,61,negation,2,Chao and Yan are in a relationship.,Are Chao and Yan strangers?,No
244,27,social-relations,61,negation,2,Chao and Yan are in a relationship.,Are Chao and Yan romantic partners?,Yes
245,28,social-relations,62,antonym,1,Chao and Yan never spend time together.,Are Chao and Yan strangers?,Yes
246,28,social-relations,62,antonym,1,Chao and Yan never spend time together.,Are Chao and Yan romantic partners?,No
247,28,social-relations,62,antonym,2,Chao and Yan always spend time together.,Are Chao and Yan strangers?,No
248,28,social-relations,62,antonym,2,Chao and Yan always spend time together.,Are Chao and Yan romantic partners?,Yes
249,29,social-relations,63,other,1,Chao and Yan are exchanging business cards.,Are Chao and Yan strangers?,Yes
250,29,social-relations,63,other,1,Chao and Yan are exchanging business cards.,Are Chao and Yan romantic partners?,No
251,29,social-relations,63,other,2,Chao and Yan are making out.,Are Chao and Yan strangers?,No
252,29,social-relations,63,other,2,Chao and Yan are making out.,Are Chao and Yan romantic partners?,Yes
253,30,social-relations,64,antonym,1,Chao lectures Yan.,Is Chao Yan's teacher?,Yes
254,30,social-relations,64,antonym,1,Chao lectures Yan.,Is Chao Yan's student?,No
255,30,social-relations,64,antonym,2,Chao learns from Yan.,Is Chao Yan's teacher?,No
256,30,social-relations,64,antonym,2,Chao learns from Yan.,Is Chao Yan's student?,Yes
259,30,social-relations,65,variable swap,2,Yan lectures Chao.,Is Chao Yan's teacher?,No
260,30,social-relations,65,variable swap,2,Yan lectures Chao.,Is Chao Yan's student?,Yes
261,30,social-relations,66,variable swap,1,Yan learns from Chao.,Is Chao Yan's teacher?,Yes
262,30,social-relations,66,variable swap,1,Yan learns from Chao.,Is Chao Yan's student?,No
268,30,social-relations,67,antonym,2,Chao learns from Yan.,Is Yan Chao's teacher?,Yes
272,30,social-relations,68,variable swap,2,Yan lectures Chao.,Is Yan Chao's teacher?,Yes
274,30,social-relations,69,variable swap,1,Yan learns from Chao.,Is Yan Chao's teacher?,No
277,30,social-relations,70,antonym,1,Chao lectures Yan.,Is Yan Chao's student?,Yes
283,30,social-relations,71,variable swap,2,Yan lectures Chao.,Is Yan Chao's student?,No
285,30,social-relations,72,variable swap,1,Yan learns from Chao.,Is Yan Chao's student?,Yes
289,31,social-relations,73,antonym,1,Chao assigns homework to Yan.,Is Chao Yan's teacher?,Yes
290,31,social-relations,73,antonym,1,Chao assigns homework to Yan.,Is Chao Yan's student?,No
291,31,social-relations,73,antonym,2,Chao submits homework to Yan.,Is Chao Yan's teacher?,No
292,31,social-relations,73,antonym,2,Chao submits homework to Yan.,Is Chao Yan's student?,Yes
295,31,social-relations,74,variable swap,2,Yan assigns homework to Chao.,Is Chao Yan's teacher?,No
296,31,social-relations,74,variable swap,2,Yan assigns homework to Chao.,Is Chao Yan's student?,Yes
297,31,social-relations,75,variable swap,1,Yan submits homework to Chao.,Is Chao Yan's teacher?,Yes
298,31,social-relations,75,variable swap,1,Yan submits homework to Chao.,Is Chao Yan's student?,No
304,31,social-relations,76,antonym,2,Chao submits homework to Yan.,Is Yan Chao's teacher?,Yes
308,31,social-relations,77,variable swap,2,Yan assigns homework to Chao.,Is Yan Chao's teacher?,Yes
310,31,social-relations,78,variable swap,1,Yan submits homework to Chao.,Is Yan Chao's teacher?,No
313,31,social-relations,79,antonym,1,Chao assigns homework to Yan.,Is Yan Chao's student?,Yes
315,31,social-relations,79,antonym,2,Chao submits homework to Yan.,Is Yan Chao's student?,No
319,31,social-relations,80,variable swap,2,Yan assigns homework to Chao.,Is Yan Chao's student?,No
321,31,social-relations,81,variable swap,1,Yan submits homework to Chao.,Is Yan Chao's student?,Yes
325,32,social-relations,82,other,1,Chao's alumni spoke with Yan.,Is Chao Yan's teacher?,Yes
326,32,social-relations,82,other,1,Chao's alumni spoke with Yan.,Is Chao Yan's student?,No
327,32,social-relations,82,other,2,Chao's parents spoke with Yan.,Is Chao Yan's teacher?,No
328,32,social-relations,82,other,2,Chao's parents spoke with Yan.,Is Chao Yan's student?,Yes
331,32,social-relations,83,variable swap,2,Yan's alumni spoke with Chao.,Is Chao Yan's teacher?,No
332,32,social-relations,83,variable swap,2,Yan's alumni spoke with Chao.,Is Chao Yan's student?,Yes
333,32,social-relations,84,variable swap,1,Yan's parents spoke with Chao.,Is Chao Yan's teacher?,Yes
334,32,social-relations,84,variable swap,1,Yan's parents spoke with Chao.,Is Chao Yan's student?,No
338,32,social-relations,85,other,1,Chao's alumni spoke with Yan.,Is Yan Chao's teacher?,No
340,32,social-relations,85,other,2,Chao's parents spoke with Yan.,Is Yan Chao's teacher?,Yes
344,32,social-relations,86,variable swap,2,Yan's alumni spoke with Chao.,Is Yan Chao's teacher?,Yes
346,32,social-relations,87,variable swap,1,Yan's parents spoke with Chao.,Is Yan Chao's teacher?,No
349,32,social-relations,88,other,1,Chao's alumni spoke with Yan.,Is Yan Chao's student?,Yes
351,32,social-relations,88,other,2,Chao's parents spoke with Yan.,Is Yan Chao's student?,No
355,32,social-relations,89,variable swap,2,Yan's alumni spoke with Chao.,Is Yan Chao's student?,No
357,32,social-relations,90,variable swap,1,Yan's parents spoke with Chao.,Is Yan Chao's student?,Yes
361,33,social-relations,91,antonym,1,Chao rents a duplex to Yan.,Is Chao Yan's landlord?,Yes
362,33,social-relations,91,antonym,1,Chao rents a duplex to Yan.,Is Chao Yan's tenant?,No
363,33,social-relations,91,antonym,2,Chao rents a duplex from Yan.,Is Chao Yan's landlord?,No
364,33,social-relations,91,antonym,2,Chao rents a duplex from Yan.,Is Chao Yan's tenant?,Yes
368,33,social-relations,92,variable swap,2,Yan rents a duplex to Chao.,Is Chao Yan's tenant?,Yes
369,33,social-relations,93,variable swap,1,Yan rents a duplex from Chao.,Is Chao Yan's landlord?,Yes
370,33,social-relations,93,variable swap,1,Yan rents a duplex from Chao.,Is Chao Yan's tenant?,No
374,33,social-relations,94,antonym,1,Chao rents a duplex to Yan.,Is Yan Chao's landlord?,No
376,33,social-relations,94,antonym,2,Chao rents a duplex from Yan.,Is Yan Chao's landlord?,Yes
380,33,social-relations,95,variable swap,2,Yan rents a duplex to Chao.,Is Yan Chao's landlord?,Yes
382,33,social-relations,96,variable swap,1,Yan rents a duplex from Chao.,Is Yan Chao's landlord?,No
385,33,social-relations,97,antonym,1,Chao rents a duplex to Yan.,Is Yan Chao's tenant?,Yes
387,33,social-relations,97,antonym,2,Chao rents a duplex from Yan.,Is Yan Chao's tenant?,No
391,33,social-relations,98,variable swap,2,Yan rents a duplex to Chao.,Is Yan Chao's tenant?,No
393,33,social-relations,99,variable swap,1,Yan rents a duplex from Chao.,Is Yan Chao's tenant?,Yes
397,34,social-relations,100,antonym,1,Chao collects rent from Yan.,Is Chao Yan's landlord?,Yes
398,34,social-relations,100,antonym,1,Chao collects rent from Yan.,Is Chao Yan's tenant?,No
399,34,social-relations,100,antonym,2,Chao pays rent to Yan.,Is Chao Yan's landlord?,No
400,34,social-relations,100,antonym,2,Chao pays rent to Yan.,Is Chao Yan's tenant?,Yes
403,34,social-relations,101,variable swap,2,Yan collects rent from Chao.,Is Chao Yan's landlord?,No
404,34,social-relations,101,variable swap,2,Yan collects rent from Chao.,Is Chao Yan's tenant?,Yes
405,34,social-relations,102,variable swap,1,Yan pays rent to Chao.,Is Chao Yan's landlord?,Yes
406,34,social-relations,102,variable swap,1,Yan pays rent to Chao.,Is Chao Yan's tenant?,No
410,34,social-relations,103,antonym,1,Chao collects rent from Yan.,Is Yan Chao's landlord?,No
412,34,social-relations,103,antonym,2,Chao pays rent to Yan.,Is Yan Chao's landlord?,Yes
416,34,social-relations,104,variable swap,2,Yan collects rent from Chao.,Is Yan Chao's landlord?,Yes
418,34,social-relations,105,variable swap,1,Yan pays rent to Chao.,Is Yan Chao's landlord?,No
421,34,social-relations,106,antonym,1,Chao collects rent from Yan.,Is Yan Chao's tenant?,Yes
423,34,social-relations,106,antonym,2,Chao pays rent to Yan.,Is Yan Chao's tenant?,No
427,34,social-relations,107,variable swap,2,Yan collects rent from Chao.,Is Yan Chao's tenant?,No
429,34,social-relations,108,variable swap,1,Yan pays rent to Chao.,Is Yan Chao's tenant?,Yes
433,35,social-relations,109,antonym,1,Chao collects money from Yan.,Is Chao Yan's landlord?,Yes
434,35,social-relations,109,antonym,1,Chao collects money from Yan.,Is Chao Yan's tenant?,No
435,35,social-relations,109,antonym,2,Chao pays money to Yan.,Is Chao Yan's landlord?,No
436,35,social-relations,109,antonym,2,Chao pays money to Yan.,Is Chao Yan's tenant?,Yes
439,35,social-relations,110,variable swap,2,Yan collects money from Chao.,Is Chao Yan's landlord?,No
440,35,social-relations,110,variable swap,2,Yan collects money from Chao.,Is Chao Yan's tenant?,Yes
441,35,social-relations,111,variable swap,1,Yan pays money to Chao.,Is Chao Yan's landlord?,Yes
442,35,social-relations,111,variable swap,1,Yan pays money to Chao.,Is Chao Yan's tenant?,No
446,35,social-relations,112,antonym,1,Chao collects money from Yan.,Is Yan Chao's landlord?,No
448,35,social-relations,112,antonym,2,Chao pays money to Yan.,Is Yan Chao's landlord?,Yes
452,35,social-relations,113,variable swap,2,Yan collects money from Chao.,Is Yan Chao's landlord?,Yes
454,35,social-relations,114,variable swap,1,Yan pays money to Chao.,Is Yan Chao's landlord?,No
457,35,social-relations,115,antonym,1,Chao collects money from Yan.,Is Yan Chao's tenant?,Yes
459,35,social-relations,115,antonym,2,Chao pays money to Yan.,Is Yan Chao's tenant?,No
463,35,social-relations,116,variable swap,2,Yan collects money from Chao.,Is Yan Chao's tenant?,No
465,35,social-relations,117,variable swap,1,Yan pays money to Chao.,Is Yan Chao's tenant?,Yes
470,36,social-relations,118,other,1,Chao rents a duplex to Yan.,Is Chao Yan's roommate?,No
472,36,social-relations,118,other,2,Chao shares a duplex with Yan.,Is Chao Yan's roommate?,Yes
474,37,social-relations,119,other,1,Chao collects rent from Yan.,Is Chao Yan's roommate?,No
475,37,social-relations,119,other,2,Chao splits rent with Yan.,Is Chao Yan's landlord?,No
476,37,social-relations,119,other,2,Chao splits rent with Yan.,Is Chao Yan's roommate?,Yes
478,38,social-relations,120,other,1,Chao rents a duplex from Yan.,Is Chao Yan's roommate?,No
479,38,social-relations,120,other,2,Chao shares a duplex with Yan.,Is Chao Yan's tenant?,No
481,40,social-relations,121,other,1,Chao cooks for Yan.,Is Chao Yan's parent?,Yes
482,40,social-relations,121,other,1,Chao cooks for Yan.,Is Chao Yan's sibling?,No
483,40,social-relations,121,other,2,Chao shares toys with Yan.,Is Chao Yan's parent?,No
484,40,social-relations,121,other,2,Chao shares toys with Yan.,Is Chao Yan's sibling?,Yes
485,41,social-relations,122,other,1,Maria gave birth to Yan.,Is Maria Yan's parent?,Yes
486,41,social-relations,122,other,1,Maria gave birth to Yan.,Is Maria Yan's sibling?,No
488,41,social-relations,122,other,2,Maria shares parents with Yan.,Is Maria Yan's sibling?,Yes
489,42,social-relations,123,other,1,Chao chose a school for Yan.,Is Chao Yan's parent?,Yes
490,42,social-relations,123,other,1,Chao chose a school for Yan.,Is Chao Yan's sibling?,No
491,42,social-relations,123,other,2,Chao went to school with Yan.,Is Chao Yan's parent?,No
492,42,social-relations,123,other,2,Chao went to school with Yan.,Is Chao Yan's sibling?,Yes
493,43,social-relations,124,other,1,Chao is 35 years older than Yan.,Is Chao Yan's parent?,Yes
494,43,social-relations,124,other,1,Chao is 35 years older than Yan.,Is Chao Yan's sibling?,No
495,43,social-relations,124,other,2,Chao is 5 years older than Yan.,Is Chao Yan's parent?,No
496,43,social-relations,124,other,2,Chao is 5 years older than Yan.,Is Chao Yan's sibling?,Yes
497,44,social-relations,125,active-passive,1,Chao raised Yan.,Is Chao Yan's parent?,Yes
498,44,social-relations,125,active-passive,1,Chao raised Yan.,Is Chao Yan's child?,No
499,44,social-relations,125,active-passive,2,Chao was raised by Yan.,Is Chao Yan's parent?,No
500,44,social-relations,125,active-passive,2,Chao was raised by Yan.,Is Chao Yan's child?,Yes
503,44,social-relations,126,variable swap,2,Yan raised Chao.,Is Chao Yan's parent?,No
504,44,social-relations,126,variable swap,2,Yan raised Chao.,Is Chao Yan's child?,Yes
505,44,social-relations,127,variable swap,1,Yan was raised by Chao.,Is Chao Yan's parent?,Yes
506,44,social-relations,127,variable swap,1,Yan was raised by Chao.,Is Chao Yan's child?,No
510,44,social-relations,128,active-passive,1,Chao raised Yan.,Is Yan Chao's parent?,No
512,44,social-relations,128,active-passive,2,Chao was raised by Yan.,Is Yan Chao's parent?,Yes
516,44,social-relations,129,variable swap,2,Yan raised Chao.,Is Yan Chao's parent?,Yes
518,44,social-relations,130,variable swap,1,Yan was raised by Chao.,Is Yan Chao's parent?,No
521,44,social-relations,131,active-passive,1,Chao raised Yan.,Is Yan Chao's child?,Yes
523,44,social-relations,131,active-passive,2,Chao was raised by Yan.,Is Yan Chao's child?,No
527,44,social-relations,132,variable swap,2,Yan raised Chao.,Is Yan Chao's child?,No
529,44,social-relations,133,variable swap,1,Yan was raised by Chao.,Is Yan Chao's child?,Yes
533,45,social-relations,134,antonym,1,Chao disciplines Yan.,Is Chao Yan's parent?,Yes
534,45,social-relations,134,antonym,1,Chao disciplines Yan.,Is Chao Yan's child?,No
535,45,social-relations,134,antonym,2,Chao obeys Yan.,Is Chao Yan's parent?,No
536,45,social-relations,134,antonym,2,Chao obeys Yan.,Is Chao Yan's child?,Yes
539,45,social-relations,135,variable swap,2,Yan disciplines Chao.,Is Chao Yan's parent?,No
540,45,social-relations,135,variable swap,2,Yan disciplines Chao.,Is Chao Yan's child?,Yes
541,45,social-relations,136,variable swap,1,Yan obeys Chao.,Is Chao Yan's parent?,Yes
542,45,social-relations,136,variable swap,1,Yan obeys Chao.,Is Chao Yan's child?,No
546,45,social-relations,137,antonym,1,Chao disciplines Yan.,Is Yan Chao's parent?,No
548,45,social-relations,137,antonym,2,Chao obeys Yan.,Is Yan Chao's parent?,Yes
552,45,social-relations,138,variable swap,2,Yan disciplines Chao.,Is Yan Chao's parent?,Yes
554,45,social-relations,139,variable swap,1,Yan obeys Chao.,Is Yan Chao's parent?,No
557,45,social-relations,140,antonym,1,Chao disciplines Yan.,Is Yan Chao's child?,Yes
559,45,social-relations,140,antonym,2,Chao obeys Yan.,Is Yan Chao's child?,No
563,45,social-relations,141,variable swap,2,Yan disciplines Chao.,Is Yan Chao's child?,No
565,45,social-relations,142,variable swap,1,Yan obeys Chao.,Is Yan Chao's child?,Yes
569,46,social-relations,143,antonym,1,Chao makes decisions more often than Yan.,Is Chao Yan's parent?,Yes
570,46,social-relations,143,antonym,1,Chao makes decisions more often than Yan.,Is Chao Yan's child?,No
571,46,social-relations,143,antonym,2,Chao makes decisions less often than Yan.,Is Chao Yan's parent?,No
572,46,social-relations,143,antonym,2,Chao makes decisions less often than Yan.,Is Chao Yan's child?,Yes
575,46,social-relations,144,variable swap,2,Yan makes decisions more often than Chao.,Is Chao Yan's parent?,No
576,46,social-relations,144,variable swap,2,Yan makes decisions more often than Chao.,Is Chao Yan's child?,Yes
577,46,social-relations,145,variable swap,1,Yan makes decisions less often than Chao.,Is Chao Yan's parent?,Yes
578,46,social-relations,145,variable swap,1,Yan makes decisions less often than Chao.,Is Chao Yan's child?,No
582,46,social-relations,146,antonym,1,Chao makes decisions more often than Yan.,Is Yan Chao's parent?,No
584,46,social-relations,146,antonym,2,Chao makes decisions less often than Yan.,Is Yan Chao's parent?,Yes
588,46,social-relations,147,variable swap,2,Yan makes decisions more often than Chao.,Is Yan Chao's parent?,Yes
590,46,social-relations,148,variable swap,1,Yan makes decisions less often than Chao.,Is Yan Chao's parent?,No
593,46,social-relations,149,antonym,1,Chao makes decisions more often than Yan.,Is Yan Chao's child?,Yes
595,46,social-relations,149,antonym,2,Chao makes decisions less often than Yan.,Is Yan Chao's child?,No
599,46,social-relations,150,variable swap,2,Yan makes decisions more often than Chao.,Is Yan Chao's child?,No
601,46,social-relations,151,variable swap,1,Yan makes decisions less often than Chao.,Is Yan Chao's child?,Yes
606,47,social-relations,152,antonym,1,Chao is 35 years older than Yan.,Is Chao Yan's child?,No
607,47,social-relations,152,antonym,2,Chao is 35 years younger than Yan.,Is Chao Yan's parent?,No
608,47,social-relations,152,antonym,2,Chao is 35 years younger than Yan.,Is Chao Yan's child?,Yes
610,47,social-relations,153,antonym,1,Chao is 35 years older than Yan.,Is Yan Chao's parent?,No
612,47,social-relations,153,antonym,2,Chao is 35 years younger than Yan.,Is Yan Chao's parent?,Yes
613,47,social-relations,154,antonym,1,Chao is 35 years older than Yan.,Is Yan Chao's child?,Yes
615,47,social-relations,154,antonym,2,Chao is 35 years younger than Yan.,Is Yan Chao's child?,No
617,48,social-relations,155,other,1,Chao shares parents with Yan.,Is Chao Yan's sibling?,Yes
618,48,social-relations,155,other,1,Chao shares parents with Yan.,Is Chao Yan's child?,No
619,48,social-relations,155,other,2,Chao was born to Yan.,Is Chao Yan's sibling?,No
620,48,social-relations,155,other,2,Chao was born to Yan.,Is Chao Yan's child?,Yes
621,49,social-relations,156,other,1,Chao grew up with Yan.,Is Chao Yan's sibling?,Yes
622,49,social-relations,156,other,1,Chao grew up with Yan.,Is Chao Yan's child?,No
623,49,social-relations,156,other,2,Chao was raised by Yan.,Is Chao Yan's sibling?,No
625,50,social-relations,157,other,1,Yan is 5 years older than Chao.,Is Chao Yan's sibling?,Yes
626,50,social-relations,157,other,1,Yan is 5 years older than Chao.,Is Chao Yan's child?,No
628,50,social-relations,157,other,2,Yan is 35 years older than Chao.,Is Chao Yan's child?,Yes
1,1,quantitative-properties,,antonym,1,There are fewer keychains than staplers.,Are there more staplers than keychains?,Yes
2,1,quantitative-properties,,antonym,1,There are fewer keychains than staplers.,Are there fewer staplers than keychains?,No
3,1,quantitative-properties,,antonym,2,There are more keychains than staplers.,Are there more staplers than keychains?,No
4,1,quantitative-properties,,antonym,2,There are more keychains than staplers.,Are there fewer staplers than keychains?,Yes
5,2,quantitative-properties,,antonym,1,There are many staplers relative to keychains.,Are there more staplers than keychains?,Yes
6,2,quantitative-properties,,antonym,1,There are many staplers relative to keychains.,Are there fewer staplers than keychains?,No
7,2,quantitative-properties,,antonym,2,There are few staplers relative to keychains.,Are there more staplers than keychains?,No
8,2,quantitative-properties,,antonym,2,There are few staplers relative to keychains.,Are there fewer staplers than keychains?,Yes
12,2,quantitative-properties,,variable swap,2,There are many keychains relative to staplers.,Are there fewer staplers than keychains?,Yes
13,2,quantitative-properties,,variable swap,1,There are few keychains relative to staplers.,Are there more staplers than keychains?,Yes
14,2,quantitative-properties,,variable swap,1,There are few keychains relative to staplers.,Are there fewer staplers than keychains?,No
17,3,quantitative-properties,,antonym,1,Staplers are added to the truck that initially contained the same number of staplers and keychains.,Are there more staplers than keychains?,Yes
19,3,quantitative-properties,,antonym,2,Staplers are removed from the truck that initially contained the same number of staplers and keychains.,Are there more staplers than keychains?,No
20,3,quantitative-properties,,antonym,2,Staplers are removed from the truck that initially contained the same number of staplers and keychains.,Are there fewer staplers than keychains?,Yes
21,4,quantitative-properties,,antonym,1,Yan has two fewer staplers compared to Chao.,Does Chao have more staplers than Yan?,Yes
22,4,quantitative-properties,,antonym,1,Yan has two fewer staplers compared to Chao.,Does Chao have fewer staplers than Yan?,No
23,4,quantitative-properties,,antonym,2,Yan has two additional staplers compared to Chao.,Does Chao have more staplers than Yan?,No
24,4,quantitative-properties,,antonym,2,Yan has two additional staplers compared to Chao.,Does Chao have fewer staplers than Yan?,Yes
25,5,quantitative-properties,,antonym,1,The truck full of staplers that belongs to Chao is bigger than that of Yan.,Does Chao have more staplers than Yan?,Yes
26,5,quantitative-properties,,antonym,1,The truck full of staplers that belongs to Chao is bigger than that of Yan.,Does Chao have fewer staplers than Yan?,No
27,5,quantitative-properties,,antonym,2,The truck full of staplers that belongs to Chao is smaller than that of Yan.,Does Chao have more staplers than Yan?,No
28,5,quantitative-properties,,antonym,2,The truck full of staplers that belongs to Chao is smaller than that of Yan.,Does Chao have fewer staplers than Yan?,Yes
29,6,quantitative-properties,,antonym,1,There are two fewer staplers in the zoo than in the shop.,Are there more staplers in the shop than in the zoo?,Yes
30,6,quantitative-properties,,antonym,1,There are two fewer staplers in the zoo than in the shop.,Are there fewer staplers in the shop than in the zoo?,No
31,6,quantitative-properties,,antonym,2,There are nine more staplers in the zoo than in the shop.,Are there more staplers in the shop than in the zoo?,No
32,6,quantitative-properties,,antonym,2,There are nine more staplers in the zoo than in the shop.,Are there fewer staplers in the shop than in the zoo?,Yes
33,7,quantitative-properties,,number,1,Chao has three staplers and three keychains.,Is the number of staplers and keychains the same?,Yes
34,7,quantitative-properties,,number,1,Chao has three staplers and three keychains.,Is the number of staplers and keychains different?,No
35,7,quantitative-properties,,number,2,Chao has three staplers and five keychains.,Is the number of staplers and keychains the same?,No
36,7,quantitative-properties,,number,2,Chao has three staplers and five keychains.,Is the number of staplers and keychains different?,Yes
37,8,quantitative-properties,,antonym,1,The cooler has an equal number of staplers compared to keychains.,Is the number of staplers and keychains the same?,Yes
39,8,quantitative-properties,,antonym,2,The cooler has a greater number of staplers compared to keychains.,Is the number of staplers and keychains the same?,No
40,8,quantitative-properties,,antonym,2,The cooler has a greater number of staplers compared to keychains.,Is the number of staplers and keychains different?,Yes
41,9,quantitative-properties,,other,1,There are three staplers. All staplers are paired with keychains.,Is the number of staplers and keychains the same?,Yes
42,9,quantitative-properties,,other,1,There are three staplers. All staplers are paired with keychains.,Is the number of staplers and keychains different?,No
43,9,quantitative-properties,,other,2,There are three staplers. Most staplers are paired with keychains.,Is the number of staplers and keychains the same?,No
44,9,quantitative-properties,,other,2,There are three staplers. Most staplers are paired with keychains.,Is the number of staplers and keychains different?,Yes
45,10,quantitative-properties,,number,1,There are five staplers. Chao has zero staplers.,Does Chao have none of the staplers?,Yes
46,10,quantitative-properties,,number,1,There are five staplers. Chao has zero staplers.,Does Chao have some of the staplers?,No
47,10,quantitative-properties,,number,2,There are five staplers. Chao has two staplers.,Does Chao have none of the staplers?,No
48,10,quantitative-properties,,number,2,There are five staplers. Chao has two staplers.,Does Chao have some of the staplers?,Yes
49,11,quantitative-properties,,number,1,There are five staplers in total. There are zero staplers in the cooler belonging to Chao.,Does Chao have none of the staplers?,Yes
50,11,quantitative-properties,,number,1,There are five staplers in total. There are zero staplers in the cooler belonging to Chao.,Does Chao have some of the staplers?,No
51,11,quantitative-properties,,number,2,There are five staplers in total. There are two staplers in the cooler belonging to Chao.,Does Chao have none of the staplers?,No
52,11,quantitative-properties,,number,2,There are five staplers in total. There are two staplers in the cooler belonging to Chao.,Does Chao have some of the staplers?,Yes
53,12,quantitative-properties,,other,1,"There are six staplers in total, and Chao has nothing.",Does Chao have none of the staplers?,Yes
54,12,quantitative-properties,,other,1,"There are six staplers in total, and Chao has nothing.",Does Chao have some of the staplers?,No
55,12,quantitative-properties,,other,2,"There are six staplers in total, and Chao has half.",Does Chao have none of the staplers?,No
56,12,quantitative-properties,,other,2,"There are six staplers in total, and Chao has half.",Does Chao have some of the staplers?,Yes
58,13,quantitative-properties,,number,1,There are five staplers. Chao has zero staplers.,Does Chao have all of the staplers?,No
59,13,quantitative-properties,,number,2,There are five staplers. Chao has five staplers.,Does Chao have none of the staplers?,No
60,13,quantitative-properties,,number,2,There are five staplers. Chao has five staplers.,Does Chao have all of the staplers?,Yes
62,14,quantitative-properties,,number,1,There are five staplers in total. There are zero staplers in the cooler belonging to Chao.,Does Chao have all of the staplers?,No
63,14,quantitative-properties,,number,2,There are five staplers in total. There are five staplers in the cooler belonging to Chao.,Does Chao have none of the staplers?,No
64,14,quantitative-properties,,number,2,There are five staplers in total. There are five staplers in the cooler belonging to Chao.,Does Chao have all of the staplers?,Yes
66,15,quantitative-properties,,antonym,1,"There are six staplers in total, and Chao has nothing.",Does Chao have all of the staplers?,No
67,15,quantitative-properties,,antonym,2,"There are six staplers in total, and Chao has everything.",Does Chao have none of the staplers?,No
68,15,quantitative-properties,,antonym,2,"There are six staplers in total, and Chao has everything.",Does Chao have all of the staplers?,Yes
69,16,quantitative-properties,,antonym,1,Chao has a sufficient number of staplers.,Are there enough staplers?,Yes
70,16,quantitative-properties,,antonym,1,Chao has a sufficient number of staplers.,Are there not enough staplers?,No
71,16,quantitative-properties,,antonym,2,Chao has an insufficient number of staplers.,Are there enough staplers?,No
72,16,quantitative-properties,,antonym,2,Chao has an insufficient number of staplers.,Are there not enough staplers?,Yes
73,17,quantitative-properties,,antonym,1,Chao does not need more staplers.,Are there enough staplers?,Yes
74,17,quantitative-properties,,antonym,1,Chao does not need more staplers.,Are there not enough staplers?,No
75,17,quantitative-properties,,antonym,2,Chao needs more staplers.,Are there enough staplers?,No
76,17,quantitative-properties,,antonym,2,Chao needs more staplers.,Are there not enough staplers?,Yes
77,18,quantitative-properties,,number,1,Chao has a hundred staplers.,Are there many staplers?,Yes
78,18,quantitative-properties,,number,1,Chao has a hundred staplers.,Are there few staplers?,No
79,18,quantitative-properties,,number,2,Chao has two staplers.,Are there many staplers?,No
80,18,quantitative-properties,,number,2,Chao has two staplers.,Are there few staplers?,Yes
81,20,quantitative-properties,,number,1,Chao has a large number of staplers.,Are there many staplers?,Yes
82,20,quantitative-properties,,number,1,Chao has a large number of staplers.,Are there some staplers?,No
83,20,quantitative-properties,,number,2,Chao has a few staplers.,Are there many staplers?,No
84,20,quantitative-properties,,number,2,Chao has a few staplers.,Are there some staplers?,Yes
86,21,quantitative-properties,,number,1,Chao has a hundred staplers.,Are there no staplers?,No
88,21,quantitative-properties,,number,2,Chao has zero staplers.,Are there no staplers?,Yes
90,22,quantitative-properties,,number,1,Chao has a large number of staplers.,Are there no staplers?,No
91,22,quantitative-properties,,number,2,Chao has no staplers.,Are there many staplers?,No
92,22,quantitative-properties,,number,2,Chao has no staplers.,Are there no staplers?,Yes
93,24,quantitative-properties,,antonym,1,Chao has a large amount of toothpaste.,Is there a lot of toothpaste?,Yes
94,24,quantitative-properties,,antonym,1,Chao has a large amount of toothpaste.,Is there a little toothpaste?,No
95,24,quantitative-properties,,antonym,2,Chao has a small amount of toothpaste.,Is there a lot of toothpaste?,No
96,24,quantitative-properties,,antonym,2,Chao has a small amount of toothpaste.,Is there a little toothpaste?,Yes
97,25,quantitative-properties,,antonym,1,Chao has five kilograms of toothpaste.,Is there a lot of toothpaste?,Yes
98,25,quantitative-properties,,antonym,1,Chao has five kilograms of toothpaste.,Is there a little toothpaste?,No
99,25,quantitative-properties,,antonym,2,Chao has five grams of toothpaste.,Is there a lot of toothpaste?,No
100,25,quantitative-properties,,antonym,2,Chao has five grams of toothpaste.,Is there a little toothpaste?,Yes
101,26,quantitative-properties,,antonym,1,The suitcase with toothpaste is big.,Is there a lot of toothpaste?,Yes
102,26,quantitative-properties,,antonym,1,The suitcase with toothpaste is big.,Is there a little toothpaste?,No
103,26,quantitative-properties,,antonym,2,The suitcase with toothpaste is small.,Is there a lot of toothpaste?,No
104,26,quantitative-properties,,antonym,2,The suitcase with toothpaste is small.,Is there a little toothpaste?,Yes
105,27,quantitative-properties,,antonym,1,Chao has a large amount of the toothpaste.,Is there a lot of toothpaste?,Yes
107,27,quantitative-properties,,antonym,2,Chao has none of the toothpaste.,Is there a lot of toothpaste?,No
108,27,quantitative-properties,,antonym,2,Chao has none of the toothpaste.,Is there no toothpaste?,Yes
109,28,quantitative-properties,,antonym,1,Chao has a hundred litres of toothpaste.,Is there a lot of toothpaste?,Yes
110,28,quantitative-properties,,antonym,1,Chao has a hundred litres of toothpaste.,Is there no toothpaste?,No
111,28,quantitative-properties,,antonym,2,Chao has zero litres of toothpaste.,Is there a lot of toothpaste?,No
112,28,quantitative-properties,,antonym,2,Chao has zero litres of toothpaste.,Is there no toothpaste?,Yes
113,29,quantitative-properties,,antonym,1,Chao has a sufficient amount of toothpaste.,Is there enough toothpaste?,Yes
114,29,quantitative-properties,,antonym,1,Chao has a sufficient amount of toothpaste.,Is there not enough toothpaste?,No
115,29,quantitative-properties,,antonym,2,Chao has an insufficient amount of toothpaste.,Is there enough toothpaste?,No
116,29,quantitative-properties,,antonym,2,Chao has an insufficient amount of toothpaste.,Is there not enough toothpaste?,Yes
117,30,quantitative-properties,,antonym,1,Chao does not need more toothpaste.,Is there enough toothpaste?,Yes
118,30,quantitative-properties,,antonym,1,Chao does not need more toothpaste.,Is there not enough toothpaste?,No
119,30,quantitative-properties,,antonym,2,Chao needs more toothpaste.,Is there enough toothpaste?,No
120,30,quantitative-properties,,antonym,2,Chao needs more toothpaste.,Is there not enough toothpaste?,Yes
121,31,quantitative-properties,,antonym,1,There are equal quantities of toothpaste and gel.,Is the amount of toothpaste and gel the same?,Yes
122,31,quantitative-properties,,antonym,1,There are equal quantities of toothpaste and gel.,Is the amount of toothpaste and gel different?,No
123,31,quantitative-properties,,antonym,2,There are unequal quantities of toothpaste and gel.,Is the amount of toothpaste and gel the same?,No
124,31,quantitative-properties,,antonym,2,There are unequal quantities of toothpaste and gel.,Is the amount of toothpaste and gel different?,Yes
125,32,quantitative-properties,,number,1,Chao has three litres of toothpaste and three litres of gel.,Is the amount of toothpaste and gel the same?,Yes
126,32,quantitative-properties,,number,1,Chao has three litres of toothpaste and three litres of gel.,Is the amount of toothpaste and gel different?,No
127,32,quantitative-properties,,number,2,Chao has three litres of toothpaste and five litres of gel.,Is the amount of toothpaste and gel the same?,No
128,32,quantitative-properties,,number,2,Chao has three litres of toothpaste and five litres of gel.,Is the amount of toothpaste and gel different?,Yes
129,33,quantitative-properties,,antonym,1,The amount of toothpaste is greater than the amount of gel.,Is there more toothpaste than gel?,Yes
130,33,quantitative-properties,,antonym,1,The amount of toothpaste is greater than the amount of gel.,Is there less toothpaste than gel?,No
131,33,quantitative-properties,,antonym,2,The amount of toothpaste is smaller than the amount of gel.,Is there more toothpaste than gel?,No
132,33,quantitative-properties,,antonym,2,The amount of toothpaste is smaller than the amount of gel.,Is there less toothpaste than gel?,Yes
133,34,quantitative-properties,,antonym,1,Toothpaste is added to the truck that initially contained the same amount of toothpaste and gel.,Is there more toothpaste than gel?,Yes
134,34,quantitative-properties,,antonym,1,Toothpaste is added to the truck that initially contained the same amount of toothpaste and gel.,Is there less toothpaste than gel?,No
135,34,quantitative-properties,,antonym,2,Toothpaste is removed from the truck that initially contained the same amount of toothpaste and gel.,Is there more toothpaste than gel?,No
136,34,quantitative-properties,,antonym,2,Toothpaste is removed from the truck that initially contained the same amount of toothpaste and gel.,Is there less toothpaste than gel?,Yes
137,35,quantitative-properties,,antonym,1,Chao has the greatest amount of toothpaste.,Does Chao have the most toothpate?,Yes
138,35,quantitative-properties,,antonym,1,Chao has the greatest amount of toothpaste.,Does Chao have the least toothpate?,No
139,35,quantitative-properties,,antonym,2,Chao has the smallest amount of toothpaste.,Does Chao have the most toothpate?,No
140,35,quantitative-properties,,antonym,2,Chao has the smallest amount of toothpaste.,Does Chao have the least toothpate?,Yes
141,36,quantitative-properties,,antonym,1,Nobody has more toothpaste than Chao.,Does Chao have the most toothpate?,Yes
142,36,quantitative-properties,,antonym,1,Nobody has more toothpaste than Chao.,Does Chao have the least toothpate?,No
143,36,quantitative-properties,,antonym,2,Nobody has less toothpaste than Chao.,Does Chao have the most toothpate?,No
144,36,quantitative-properties,,antonym,2,Nobody has less toothpaste than Chao.,Does Chao have the least toothpate?,Yes
145,37,quantitative-properties,,antonym,1,Chao has the greatest number of staplers.,Does Chao have the most staplers?,Yes
146,37,quantitative-properties,,antonym,1,Chao has the greatest number of staplers.,Does Chao have the fewest staplers?,No
147,37,quantitative-properties,,antonym,2,Chao has the smallest number of staplers.,Does Chao have the most staplers?,No
148,37,quantitative-properties,,antonym,2,Chao has the smallest number of staplers.,Does Chao have the fewest staplers?,Yes
149,38,quantitative-properties,,antonym,1,Nobody has more staplers than Chao.,Does Chao have the most staplers?,Yes
150,38,quantitative-properties,,antonym,1,Nobody has more staplers than Chao.,Does Chao have the fewest staplers?,No
151,38,quantitative-properties,,antonym,2,Nobody has less staplers than Chao.,Does Chao have the most staplers?,No
152,38,quantitative-properties,,antonym,2,Nobody has less staplers than Chao.,Does Chao have the fewest staplers?,Yes
1,1,physical-dynamics,,negation,1,The speck on the wheel is rotating.,Is the wheel rolling?,Yes
2,1,physical-dynamics,,negation,1,The speck on the wheel is rotating.,Is the wheel sliding?,No
3,1,physical-dynamics,,negation,2,The speck on the wheel is not rotating.,Is the wheel rolling?,No
4,1,physical-dynamics,,negation,2,The speck on the wheel is not rotating.,Is the wheel sliding?,Yes
5,2,physical-dynamics,,other,1,"In a moment, the top of the wheel will touch the floor.",Is the wheel rolling?,Yes
6,2,physical-dynamics,,other,1,"In a moment, the top of the wheel will touch the floor.",Is the wheel sliding?,No
7,2,physical-dynamics,,other,2,"In a moment, the top of the wheel will remain at the top.",Is the wheel rolling?,No
8,2,physical-dynamics,,other,2,"In a moment, the top of the wheel will remain at the top.",Is the wheel sliding?,Yes
9,3,physical-dynamics,,other,1,The wheel is moving forward on a surface. The surface is very flat.,Is the wheel rolling?,Yes
10,3,physical-dynamics,,other,1,The wheel is moving forward on a surface. The surface is very flat.,Is the wheel sliding?,No
11,3,physical-dynamics,,other,2,The wheel is moving forward on a surface. The surface is very slippery.,Is the wheel rolling?,No
12,3,physical-dynamics,,other,2,The wheel is moving forward on a surface. The surface is very slippery.,Is the wheel sliding?,Yes
13,4,physical-dynamics,,antonym,1,The wheel is moving down.,Is the wheel falling?,Yes
14,4,physical-dynamics,,antonym,1,The wheel is moving down.,Is the wheel rising?,No
15,4,physical-dynamics,,antonym,2,The wheel is moving up.,Is the wheel falling?,No
16,4,physical-dynamics,,antonym,2,The wheel is moving up.,Is the wheel rising?,Yes
17,5,physical-dynamics,,antonym,1,The wheel is getting closer to the ground.,Is the wheel falling?,Yes
18,5,physical-dynamics,,antonym,1,The wheel is getting closer to the ground.,Is the wheel rising?,No
19,5,physical-dynamics,,antonym,2,The wheel is getting closer to the sky.,Is the wheel falling?,No
20,5,physical-dynamics,,antonym,2,The wheel is getting closer to the sky.,Is the wheel rising?,Yes
21,6,physical-dynamics,,antonym,1,The wheel is losing altitude.,Is the wheel sinking?,Yes
22,6,physical-dynamics,,antonym,1,The wheel is losing altitude.,Is the wheel floating?,No
23,6,physical-dynamics,,antonym,2,The wheel is staying at the same altitude.,Is the wheel sinking?,No
24,6,physical-dynamics,,antonym,2,The wheel is staying at the same altitude.,Is the wheel floating?,Yes
25,7,physical-dynamics,,antonym,1,The wheel is going underwater.,Is the wheel sinking?,Yes
26,7,physical-dynamics,,antonym,1,The wheel is going underwater.,Is the wheel floating?,No
27,7,physical-dynamics,,antonym,2,The wheel is staying on the surface.,Is the wheel sinking?,No
28,7,physical-dynamics,,antonym,2,The wheel is staying on the surface.,Is the wheel floating?,Yes
29,8,physical-dynamics,,antonym,1,The wheel is heavy.,Is the wheel sinking?,Yes
30,8,physical-dynamics,,antonym,1,The wheel is heavy.,Is the wheel floating?,No
31,8,physical-dynamics,,antonym,2,The wheel is light.,Is the wheel sinking?,No
32,8,physical-dynamics,,antonym,2,The wheel is light.,Is the wheel floating?,Yes
33,9,physical-dynamics,,antonym,1,"In a minute, the wheel will disappear from view.",Is the wheel sinking?,Yes
34,9,physical-dynamics,,antonym,1,"In a minute, the wheel will disappear from view.",Is the wheel floating?,No
35,9,physical-dynamics,,antonym,2,"In a minute, the wheel will remain visible.",Is the wheel sinking?,No
36,9,physical-dynamics,,antonym,2,"In a minute, the wheel will remain visible.",Is the wheel floating?,Yes
37,10,physical-dynamics,,antonym,1,The wheel is larger than its initial size.,Is the wheel growing?,Yes
38,10,physical-dynamics,,antonym,1,The wheel is larger than its initial size.,Is the wheel shrinking?,No
39,10,physical-dynamics,,antonym,2,The wheel is smaller than its initial size.,Is the wheel growing?,No
40,10,physical-dynamics,,antonym,2,The wheel is smaller than its initial size.,Is the wheel shrinking?,Yes
41,11,physical-dynamics,,antonym,1,The wheel is inflating.,Is the wheel growing?,Yes
42,11,physical-dynamics,,antonym,1,The wheel is inflating.,Is the wheel shrinking?,No
43,11,physical-dynamics,,antonym,2,The wheel is deflating.,Is the wheel growing?,No
44,11,physical-dynamics,,antonym,2,The wheel is deflating.,Is the wheel shrinking?,Yes
45,12,physical-dynamics,,antonym,1,The speed of the wheel is increasing.,Is the wheel accelerating?,Yes
46,12,physical-dynamics,,antonym,1,The speed of the wheel is increasing.,Is the wheel slowing down?,No
47,12,physical-dynamics,,antonym,2,The speed of the wheel is decreasing.,Is the wheel accelerating?,No
48,12,physical-dynamics,,antonym,2,The speed of the wheel is decreasing.,Is the wheel slowing down?,Yes
49,13,physical-dynamics,,antonym,1,The wheel is about to crash. Why?,Is the wheel accelerating?,Yes
50,13,physical-dynamics,,antonym,1,The wheel is about to crash. Why?,Is the wheel slowing down?,No
51,13,physical-dynamics,,antonym,2,The wheel is about to stop. Why?,Is the wheel accelerating?,No
52,13,physical-dynamics,,antonym,2,The wheel is about to stop. Why?,Is the wheel slowing down?,Yes
53,14,physical-dynamics,,antonym,1,The speck on the wheel is moving back and forth.,Is the wheel oscillating?,Yes
54,14,physical-dynamics,,antonym,1,The speck on the wheel is moving back and forth.,Is the wheel spinning?,No
55,14,physical-dynamics,,antonym,2,The speck on the wheel is moving in a circle.,Is the wheel oscillating?,No
56,14,physical-dynamics,,antonym,2,The speck on the wheel is moving in a circle.,Is the wheel spinning?,Yes
57,15,physical-dynamics,,antonym,1,The wheel keeps accelerating and slowing down.,Is the wheel oscillating?,Yes
58,15,physical-dynamics,,antonym,1,The wheel keeps accelerating and slowing down.,Is the wheel spinning?,No
59,15,physical-dynamics,,antonym,2,The wheel moves at a constant speed.,Is the wheel oscillating?,No
60,15,physical-dynamics,,antonym,2,The wheel moves at a constant speed.,Is the wheel spinning?,Yes
1,1,physical-interactions,,variable_swap,1,The wheel and the nail are touching. Heat is flowing from the wheel to the nail.,Is the wheel heating the nail?,Yes
2,1,physical-interactions,,variable_swap,1,The wheel and the nail are touching. Heat is flowing from the wheel to the nail.,Is the wheel cooling the nail?,No
3,1,physical-interactions,,variable_swap,2,The wheel and the nail are touching. Heat is flowing from the nail to the wheel.,Is the wheel heating the nail?,No
4,1,physical-interactions,,variable_swap,2,The wheel and the nail are touching. Heat is flowing from the nail to the wheel.,Is the wheel cooling the nail?,Yes
6,1,physical-interactions,,variable_swap,1,The wheel and the nail are touching. Heat is flowing from the wheel to the nail.,Is the nail heating the wheel?,No
8,1,physical-interactions,,variable_swap,2,The wheel and the nail are touching. Heat is flowing from the nail to the wheel.,Is the nail heating the wheel?,Yes
9,1,physical-interactions,,variable_swap,1,The wheel and the nail are touching. Heat is flowing from the wheel to the nail.,Is the nail cooling the wheel?,Yes
11,1,physical-interactions,,variable_swap,2,The wheel and the nail are touching. Heat is flowing from the nail to the wheel.,Is the nail cooling the wheel?,No
13,2,physical-interactions,,antonym,1,The wheel and the nail are touching. The wheel is much hotter than the nail.,Is the wheel heating the nail?,Yes
14,2,physical-interactions,,antonym,1,The wheel and the nail are touching. The wheel is much hotter than the nail.,Is the wheel cooling the nail?,No
15,2,physical-interactions,,antonym,2,The wheel and the nail are touching. The wheel is much colder than the nail.,Is the wheel heating the nail?,No
16,2,physical-interactions,,antonym,2,The wheel and the nail are touching. The wheel is much colder than the nail.,Is the wheel cooling the nail?,Yes
19,2,physical-interactions,,variable swap,2,The nail and the wheel are touching. The nail is much hotter than the wheel.,Is the wheel heating the nail?,No
20,2,physical-interactions,,variable swap,2,The nail and the wheel are touching. The nail is much hotter than the wheel.,Is the wheel cooling the nail?,Yes
21,2,physical-interactions,,variable swap,1,The nail and the wheel are touching. The nail is much colder than the wheel.,Is the wheel heating the nail?,Yes
22,2,physical-interactions,,variable swap,1,The nail and the wheel are touching. The nail is much colder than the wheel.,Is the wheel cooling the nail?,No
26,2,physical-interactions,,antonym,1,The wheel and the nail are touching. The wheel is much hotter than the nail.,Is the nail heating the wheel?,No
28,2,physical-interactions,,antonym,2,The wheel and the nail are touching. The wheel is much colder than the nail.,Is the nail heating the wheel?,Yes
32,2,physical-interactions,,variable swap,2,The nail and the wheel are touching. The nail is much hotter than the wheel.,Is the nail heating the wheel?,Yes
34,2,physical-interactions,,variable swap,1,The nail and the wheel are touching. The nail is much colder than the wheel.,Is the nail heating the wheel?,No
37,2,physical-interactions,,antonym,1,The wheel and the nail are touching. The wheel is much hotter than the nail.,Is the nail cooling the wheel?,Yes
39,2,physical-interactions,,antonym,2,The wheel and the nail are touching. The wheel is much colder than the nail.,Is the nail cooling the wheel?,No
43,2,physical-interactions,,variable swap,2,The nail and the wheel are touching. The nail is much hotter than the wheel.,Is the nail cooling the wheel?,No
45,2,physical-interactions,,variable swap,1,The nail and the wheel are touching. The nail is much colder than the wheel.,Is the nail cooling the wheel?,Yes
49,3,physical-interactions,,antonym,1,The wheel is moving down.,Is Chao dropping the wheel?,Yes
50,3,physical-interactions,,antonym,1,The wheel is moving down.,Is Chao lifting the wheel?,No
51,3,physical-interactions,,antonym,2,The wheel is moving up.,Is Chao dropping the wheel?,No
52,3,physical-interactions,,antonym,2,The wheel is moving up.,Is Chao lifting the wheel?,Yes
53,4,physical-interactions,,antonym,1,The wheel is moving toward the ground.,Is Chao dropping the wheel?,Yes
54,4,physical-interactions,,antonym,1,The wheel is moving toward the ground.,Is Chao lifting the wheel?,No
55,4,physical-interactions,,antonym,2,The wheel is moving away from the ground.,Is Chao dropping the wheel?,No
56,4,physical-interactions,,antonym,2,The wheel is moving away from the ground.,Is Chao lifting the wheel?,Yes
57,5,physical-interactions,,antonym,1,The nail is moving closer to the magnet.,Is the magnet attracting the nail?,Yes
58,5,physical-interactions,,antonym,1,The nail is moving closer to the magnet.,Is the magnet repelling the nail?,No
59,5,physical-interactions,,antonym,2,The nail is moving away from the magnet.,Is the magnet attracting the nail?,No
60,5,physical-interactions,,antonym,2,The nail is moving away from the magnet.,Is the magnet repelling the nail?,Yes
61,6,physical-interactions,,antonym,1,The magnet is moving closer to the screwdriver.,Is the screwdriver attracting the magnet?,Yes
62,6,physical-interactions,,antonym,1,The magnet is moving closer to the screwdriver.,Is the screwdriver repelling the magnet?,No
63,6,physical-interactions,,antonym,2,The magnet is moving away from the screwdriver.,Is the screwdriver attracting the magnet?,No
64,6,physical-interactions,,antonym,2,The magnet is moving away from the screwdriver.,Is the screwdriver repelling the magnet?,Yes
65,7,physical-interactions,,antonym,1,The nail will collide with the magnet.,Is the magnet attracting the nail?,Yes
66,7,physical-interactions,,antonym,1,The nail will collide with the magnet.,Is the magnet repelling the nail?,No
67,7,physical-interactions,,antonym,2,The nail will move further from the magnet.,Is the magnet attracting the nail?,No
68,7,physical-interactions,,antonym,2,The nail will move further from the magnet.,Is the magnet repelling the nail?,Yes
69,8,physical-interactions,,antonym,1,The truck is moving forward but Chao is not.,Is Chao throwing the truck?,Yes
70,8,physical-interactions,,antonym,1,The truck is moving forward but Chao is not.,Is Chao climbing on the truck?,No
71,8,physical-interactions,,antonym,2,The truck is staying in the same spot but Chao is not.,Is Chao throwing the truck?,No
72,8,physical-interactions,,antonym,2,The truck is staying in the same spot but Chao is not.,Is Chao climbing on the truck?,Yes
73,9,physical-interactions,,antonym,1,Chao is staying in the same spot but the truck is not.,Is Chao throwing the truck?,Yes
74,9,physical-interactions,,antonym,1,Chao is staying in the same spot but the truck is not.,Is Chao climbing on the truck?,No
75,9,physical-interactions,,antonym,2,Chao is moving but the truck is not.,Is Chao throwing the truck?,No
76,9,physical-interactions,,antonym,2,Chao is moving but the truck is not.,Is Chao climbing on the truck?,Yes
77,10,physical-interactions,,antonym,1,The truck is in the air.,Is Chao throwing the truck?,Yes
78,10,physical-interactions,,antonym,1,The truck is in the air.,Is Chao climbing on the truck?,No
79,10,physical-interactions,,antonym,2,The truck is on the ground.,Is Chao throwing the truck?,No
80,10,physical-interactions,,antonym,2,The truck is on the ground.,Is Chao climbing on the truck?,Yes
81,11,physical-interactions,,antonym,1,Chao is on the ground but the truck is not.,Is Chao throwing the truck?,Yes
82,11,physical-interactions,,antonym,1,Chao is on the ground but the truck is not.,Is Chao climbing on the truck?,No
83,11,physical-interactions,,antonym,2,Chao is above the ground but the truck is not.,Is Chao throwing the truck?,No
84,11,physical-interactions,,antonym,2,Chao is above the ground but the truck is not.,Is Chao climbing on the truck?,Yes
85,12,physical-interactions,,antonym,1,The truck is smaller than Chao.,Is Chao throwing the truck?,Yes
86,12,physical-interactions,,antonym,1,The truck is smaller than Chao.,Is Chao climbing on the truck?,No
87,12,physical-interactions,,antonym,2,The truck is larger than Chao.,Is Chao throwing the truck?,No
88,12,physical-interactions,,antonym,2,The truck is larger than Chao.,Is Chao climbing on the truck?,Yes
89,13,physical-interactions,,antonym,1,The truck is lighter than Chao.,Is Chao throwing the truck?,Yes
90,13,physical-interactions,,antonym,1,The truck is lighter than Chao.,Is Chao climbing on the truck?,No
91,13,physical-interactions,,antonym,2,The truck is heavier than Chao.,Is Chao throwing the truck?,No
92,13,physical-interactions,,antonym,2,The truck is heavier than Chao.,Is Chao climbing on the truck?,Yes
93,14,physical-interactions,,antonym,1,The wheel is moving towards Chao.,Is Chao catching the wheel?,Yes
94,14,physical-interactions,,antonym,1,The wheel is moving towards Chao.,Is Chao throwing the wheel?,No
95,14,physical-interactions,,antonym,2,The wheel is moving away from Chao.,Is Chao catching the wheel?,No
96,14,physical-interactions,,antonym,2,The wheel is moving away from Chao.,Is Chao throwing the wheel?,Yes
97,15,physical-interactions,,antonym,1,Chao is making the wheel stop.,Is Chao catching the wheel?,Yes
98,15,physical-interactions,,antonym,1,Chao is making the wheel stop.,Is Chao throwing the wheel?,No
99,15,physical-interactions,,antonym,2,Chao is making the wheel move.,Is Chao catching the wheel?,No
100,15,physical-interactions,,antonym,2,Chao is making the wheel move.,Is Chao throwing the wheel?,Yes
101,16,physical-interactions,,antonym,1,The wheel is now within Chao's reach.,Is Chao catching the wheel?,Yes
102,16,physical-interactions,,antonym,1,The wheel is now within Chao's reach.,Is Chao throwing the wheel?,No
103,16,physical-interactions,,antonym,2,The wheel is now out of Chao's reach.,Is Chao catching the wheel?,No
104,16,physical-interactions,,antonym,2,The wheel is now out of Chao's reach.,Is Chao throwing the wheel?,Yes
105,17,physical-interactions,,antonym,1,The wheel is moving away from Chao.,Is Chao pushing the wheel?,Yes
106,17,physical-interactions,,antonym,1,The wheel is moving away from Chao.,Is Chao pulling the wheel?,No
107,17,physical-interactions,,antonym,2,The wheel is moving towards Chao.,Is Chao pushing the wheel?,No
108,17,physical-interactions,,antonym,2,The wheel is moving towards Chao.,Is Chao pulling the wheel?,Yes
109,18,physical-interactions,,antonym,1,The distance between Chao and the wheel is increasing.,Is Chao pushing the wheel?,Yes
110,18,physical-interactions,,antonym,1,The distance between Chao and the wheel is increasing.,Is Chao pulling the wheel?,No
111,18,physical-interactions,,antonym,2,The distance between Chao and the wheel is decreasing.,Is Chao pushing the wheel?,No
112,18,physical-interactions,,antonym,2,The distance between Chao and the wheel is decreasing.,Is Chao pulling the wheel?,Yes
113,19,physical-interactions,,antonym,1,"When the action is complete, Chao will no longer be touching the wheel.",Is Chao pushing the wheel?,Yes
114,19,physical-interactions,,antonym,1,"When the action is complete, Chao will no longer be touching the wheel.",Is Chao pulling the wheel?,No
115,19,physical-interactions,,antonym,2,"When the action is complete, Chao will still be touching the wheel.",Is Chao pushing the wheel?,No
116,19,physical-interactions,,antonym,2,"When the action is complete, Chao will still be touching the wheel.",Is Chao pulling the wheel?,Yes
117,20,physical-interactions,,other,1,The wheel is exerting force upon the nail.,Is the wheel pushing the nail?,Yes
118,20,physical-interactions,,other,1,The wheel is exerting force upon the nail.,Is the nail pushing the wheel?,No
119,20,physical-interactions,,other,2,The wheel is moving away from the nail.,Is the wheel pushing the nail?,No
120,20,physical-interactions,,other,2,The wheel is moving away from the nail.,Is the nail pushing the wheel?,Yes
123,20,physical-interactions,,variable swap,2,The nail is exerting force upon the wheel.,Is the wheel pushing the nail?,No
124,20,physical-interactions,,variable swap,2,The nail is exerting force upon the wheel.,Is the nail pushing the wheel?,Yes
125,20,physical-interactions,,variable swap,1,The nail is moving away from the wheel.,Is the wheel pushing the nail?,Yes
126,20,physical-interactions,,variable swap,1,The nail is moving away from the wheel.,Is the nail pushing the wheel?,No
129,22,physical-interactions,,other,1,The wheel is moving because of Chao.,Is Chao throwing the wheel?,Yes
130,22,physical-interactions,,other,1,The wheel is moving because of Chao.,Is Chao dropping the wheel?,No
131,22,physical-interactions,,other,2,The wheel is moving because of gravity.,Is Chao throwing the wheel?,No
132,22,physical-interactions,,other,2,The wheel is moving because of gravity.,Is Chao dropping the wheel?,Yes
133,23,physical-interactions,,antonym,1,The wheel will soon be in pieces.,Is Chao breaking the wheel?,Yes
134,23,physical-interactions,,antonym,1,The wheel will soon be in pieces.,Is Chao fixing the wheel?,No
135,23,physical-interactions,,antonym,2,The wheel will soon be in one piece.,Is Chao breaking the wheel?,No
136,23,physical-interactions,,antonym,2,The wheel will soon be in one piece.,Is Chao fixing the wheel?,Yes
137,24,physical-interactions,,antonym,1,The wheel is being damaged.,Is Chao breaking the wheel?,Yes
138,24,physical-interactions,,antonym,1,The wheel is being damaged.,Is Chao fixing the wheel?,No
139,24,physical-interactions,,antonym,2,The wheel is being repaired.,Is Chao breaking the wheel?,No
140,24,physical-interactions,,antonym,2,The wheel is being repaired.,Is Chao fixing the wheel?,Yes
141,26,physical-interactions,,antonym,1,Chao is repeatedly throwing the wheel.,Is Chao breaking the wheel?,Yes
142,26,physical-interactions,,antonym,1,Chao is repeatedly throwing the wheel.,Is Chao fixing the wheel?,No
143,26,physical-interactions,,antonym,2,Chao is putting together the wheel.,Is Chao breaking the wheel?,No
144,26,physical-interactions,,antonym,2,Chao is putting together the wheel.,Is Chao fixing the wheel?,Yes
145,27,physical-interactions,,antonym,1,The wheel is exerting force upon the nail.,Is the wheel colliding with the nail?,Yes
146,27,physical-interactions,,antonym,1,The wheel is exerting force upon the nail.,Is the nail colliding with the wheel?,No
147,27,physical-interactions,,antonym,2,The wheel is taking a hit from the nail.,Is the wheel colliding with the nail?,No
148,27,physical-interactions,,antonym,2,The wheel is taking a hit from the nail.,Is the nail colliding with the wheel?,Yes
151,27,physical-interactions,,variable swap,2,The nail is exerting force upon the wheel.,Is the wheel colliding with the nail?,No
152,27,physical-interactions,,variable swap,2,The nail is exerting force upon the wheel.,Is the nail colliding with the wheel?,Yes
153,27,physical-interactions,,variable swap,1,The nail is taking a hit from the wheel.,Is the wheel colliding with the nail?,Yes
154,27,physical-interactions,,variable swap,1,The nail is taking a hit from the wheel.,Is the nail colliding with the wheel?,No
157,28,physical-interactions,,antonym,1,"The wheel is moving, and the nail is not.",Is the wheel colliding with the nail?,Yes
158,28,physical-interactions,,antonym,1,"The wheel is moving, and the nail is not.",Is the nail colliding with the wheel?,No
159,28,physical-interactions,,antonym,2,"The wheel is stationary, and the nail is not.",Is the wheel colliding with the nail?,No
160,28,physical-interactions,,antonym,2,"The wheel is stationary, and the nail is not.",Is the nail colliding with the wheel?,Yes
161,29,physical-interactions,,other,1,Chao's foot is touching the wheel.,Is Chao kicking the wheel?,Yes
162,29,physical-interactions,,other,1,Chao's foot is touching the wheel.,Is Chao throwing the wheel?,No
163,29,physical-interactions,,other,2,Chao's hand is touching the wheel.,Is Chao kicking the wheel?,No
164,29,physical-interactions,,other,2,Chao's hand is touching the wheel.,Is Chao throwing the wheel?,Yes
165,30,physical-interactions,,antonym,1,The wheel is on the ground.,Is Chao kicking the wheel?,Yes
166,30,physical-interactions,,antonym,1,The wheel is on the ground.,Is Chao throwing the wheel?,No
167,30,physical-interactions,,antonym,2,The wheel is above the ground.,Is Chao kicking the wheel?,No
168,30,physical-interactions,,antonym,2,The wheel is above the ground.,Is Chao throwing the wheel?,Yes
169,31,physical-interactions,,antonym,1,Chao is applying significant force to the wheel.,Is Chao kicking the wheel?,Yes
170,31,physical-interactions,,antonym,1,Chao is applying significant force to the wheel.,Is Chao dropping the wheel?,No
171,31,physical-interactions,,antonym,2,Chao is applying negligible force to the wheel.,Is Chao kicking the wheel?,No
172,31,physical-interactions,,antonym,2,Chao is applying negligible force to the wheel.,Is Chao dropping the wheel?,Yes
173,32,physical-interactions,,other,1,The wheel is moving upward.,Is Chao kicking the wheel?,Yes
174,32,physical-interactions,,other,1,The wheel is moving upward.,Is Chao dropping the wheel?,No
175,32,physical-interactions,,other,2,The wheel is moving downward.,Is Chao kicking the wheel?,No
176,32,physical-interactions,,other,2,The wheel is moving downward.,Is Chao dropping the wheel?,Yes
178,33,physical-interactions,,antonym,1,Chao is applying significant force to the wheel.,Is Chao touching the wheel?,No
180,33,physical-interactions,,antonym,2,Chao is applying negligible force to the wheel.,Is Chao touching the wheel?,Yes
181,34,physical-interactions,,antonym,1,The speed of the wheel changes.,Is Chao kicking the wheel?,Yes
182,34,physical-interactions,,antonym,1,The speed of the wheel changes.,Is Chao touching the wheel?,No
183,34,physical-interactions,,antonym,2,The speed of the wheel remains the same.,Is Chao kicking the wheel?,No
184,34,physical-interactions,,antonym,2,The speed of the wheel remains the same.,Is Chao touching the wheel?,Yes
185,35,physical-interactions,,negation,1,"In a moment, the wheel will not be in the same place.",Is Chao kicking the wheel?,Yes
186,35,physical-interactions,,negation,1,"In a moment, the wheel will not be in the same place.",Is Chao touching the wheel?,No
187,35,physical-interactions,,negation,2,"In a moment, the wheel will be in the same place.",Is Chao kicking the wheel?,No
188,35,physical-interactions,,negation,2,"In a moment, the wheel will be in the same place.",Is Chao touching the wheel?,Yes
189,36,physical-interactions,,antonym,1,Chao is applying significant force to the wheel.,Is Chao throwing the wheel?,Yes
191,36,physical-interactions,,antonym,2,Chao is applying negligible force to the wheel.,Is Chao throwing the wheel?,No
193,37,physical-interactions,,antonym,1,The speed of the wheel changes.,Is Chao throwing the wheel?,Yes
195,37,physical-interactions,,antonym,2,The speed of the wheel remains the same.,Is Chao throwing the wheel?,No
197,38,physical-interactions,,negation,1,"In a moment, the wheel will not be in the same place.",Is Chao throwing the wheel?,Yes
199,38,physical-interactions,,negation,2,"In a moment, the wheel will be in the same place.",Is Chao throwing the wheel?,No
201,39,physical-interactions,,other,1,Chao's feet are beside the bed.,Is Chao sitting on the bed?,Yes
202,39,physical-interactions,,other,1,Chao's feet are beside the bed.,Is Chao standing on the bed?,No
203,39,physical-interactions,,other,2,Chao's feet are on the bed.,Is Chao sitting on the bed?,No
204,39,physical-interactions,,other,2,Chao's feet are on the bed.,Is Chao standing on the bed?,Yes
205,40,physical-interactions,,antonym,1,Chao is closer to the ground compared to when Chao was standing on the ground.,Is Chao sitting on the wheel?,Yes
206,40,physical-interactions,,antonym,1,Chao is closer to the ground compared to when Chao was standing on the ground.,Is Chao standing on the wheel?,No
207,40,physical-interactions,,antonym,2,Chao is closer to the sky compared to when Chao was standing on the ground.,Is Chao sitting on the wheel?,No
208,40,physical-interactions,,antonym,2,Chao is closer to the sky compared to when Chao was standing on the ground.,Is Chao standing on the wheel?,Yes
209,41,physical-interactions,,antonym,1,Chao is closer to the floor compared to when Chao was standing on the ground.,Is Chao sitting on the wheel?,Yes
210,41,physical-interactions,,antonym,1,Chao is closer to the floor compared to when Chao was standing on the ground.,Is Chao standing on the wheel?,No
211,41,physical-interactions,,antonym,2,Chao is farther from the floor compared to when Chao was standing on the ground.,Is Chao sitting on the wheel?,No
212,41,physical-interactions,,antonym,2,Chao is farther from the floor compared to when Chao was standing on the ground.,Is Chao standing on the wheel?,Yes
213,42,physical-interactions,,antonym,1,The distance between the wheel and the nail is constant over time.,Is the wheel revolving around the nail?,Yes
214,42,physical-interactions,,antonym,1,The distance between the wheel and the nail is constant over time.,Is the wheel approaching the nail?,No
215,42,physical-interactions,,antonym,2,The distance between the wheel and the nail decreases over time.,Is the wheel revolving around the nail?,No
216,42,physical-interactions,,antonym,2,The distance between the wheel and the nail decreases over time.,Is the wheel approaching the nail?,Yes
217,43,physical-interactions,,antonym,1,The wheel and the nail will stay apart.,Is the wheel revolving around the nail?,Yes
218,43,physical-interactions,,antonym,1,The wheel and the nail will stay apart.,Is the wheel approaching the nail?,No
219,43,physical-interactions,,antonym,2,The wheel and the nail will make contact.,Is the wheel revolving around the nail?,No
220,43,physical-interactions,,antonym,2,The wheel and the nail will make contact.,Is the wheel approaching the nail?,Yes
221,44,physical-interactions,,variable swap,1,"The wheel is moving, and the nail is stationary.",Is the wheel revolving around the nail?,Yes
222,44,physical-interactions,,variable swap,1,"The wheel is moving, and the nail is stationary.",Is the nail revolving around the wheel?,No
223,44,physical-interactions,,variable swap,2,"The nail is moving, and the wheel is stationary.",Is the wheel revolving around the nail?,No
224,44,physical-interactions,,variable swap,2,"The nail is moving, and the wheel is stationary.",Is the nail revolving around the wheel?,Yes
1,1,material-properties,,negation,1,Chao can see through the wheel.,Is the wheel transparent?,Yes
2,1,material-properties,,negation,1,Chao can see through the wheel.,Is the wheel opaque?,No
3,1,material-properties,,negation,2,Chao cannot see through the wheel.,Is the wheel transparent?,No
4,1,material-properties,,negation,2,Chao cannot see through the wheel.,Is the wheel opaque?,Yes
5,2,material-properties,,material,1,The wheel is made of polyethylene.,Is the wheel transparent?,Yes
6,2,material-properties,,material,1,The wheel is made of polyethylene.,Is the wheel opaque?,No
7,2,material-properties,,material,2,The wheel is made of bronze.,Is the wheel transparent?,No
8,2,material-properties,,material,2,The wheel is made of bronze.,Is the wheel opaque?,Yes
9,3,material-properties,,antonym,1,The surface of the wheel is completely flat.,Is the surface of the wheel smooth?,Yes
10,3,material-properties,,antonym,1,The surface of the wheel is completely flat.,Is the surface of the wheel rough?,No
11,3,material-properties,,antonym,2,The surface of the wheel is somewhat bumpy.,Is the surface of the wheel smooth?,No
12,3,material-properties,,antonym,2,The surface of the wheel is somewhat bumpy.,Is the surface of the wheel rough?,Yes
13,4,material-properties,,material,1,The wheel is made of polyethylene.,Is the surface of the wheel smooth?,Yes
14,4,material-properties,,material,1,The wheel is made of polyethylene.,Is the surface of the wheel rough?,No
15,4,material-properties,,material,2,The wheel is made of concrete.,Is the surface of the wheel smooth?,No
16,4,material-properties,,material,2,The wheel is made of concrete.,Is the surface of the wheel rough?,Yes
17,5,material-properties,,antonym,1,Chao squeezed the wheel. It changed its shape.,Is the wheel soft?,Yes
18,5,material-properties,,antonym,1,Chao squeezed the wheel. It changed its shape.,Is the wheel hard?,No
19,5,material-properties,,antonym,2,Chao squeezed the wheel. It kept its shape.,Is the wheel soft?,No
20,5,material-properties,,antonym,2,Chao squeezed the wheel. It kept its shape.,Is the wheel hard?,Yes
21,6,material-properties,,material,1,The wheel is made of flannel.,Is the wheel soft?,Yes
22,6,material-properties,,material,1,The wheel is made of flannel.,Is the wheel hard?,No
23,6,material-properties,,material,2,The wheel is made of bronze.,Is the wheel soft?,No
24,6,material-properties,,material,2,The wheel is made of bronze.,Is the wheel hard?,Yes
25,7,material-properties,,antonym,1,Chao squeezed the wheel. It changed its shape.,Is the surface of the wheel soft?,Yes
26,7,material-properties,,antonym,1,Chao squeezed the wheel. It changed its shape.,Is the surface of the wheel hard?,No
27,7,material-properties,,antonym,2,Chao squeezed the wheel. It kept its shape.,Is the surface of the wheel soft?,No
28,7,material-properties,,antonym,2,Chao squeezed the wheel. It kept its shape.,Is the surface of the wheel hard?,Yes
29,8,material-properties,,material,1,The wheel is made of flannel.,Is the surface of the wheel soft?,Yes
30,8,material-properties,,material,1,The wheel is made of flannel.,Is the surface of the wheel hard?,No
31,8,material-properties,,material,2,The wheel is made of bronze.,Is the surface of the wheel soft?,No
32,8,material-properties,,material,2,The wheel is made of bronze.,Is the surface of the wheel hard?,Yes
33,9,material-properties,,antonym,1,The wheel is stretchy.,Is the wheel elastic?,Yes
34,9,material-properties,,antonym,1,The wheel is stretchy.,Is the wheel inelastic?,No
35,9,material-properties,,antonym,2,The wheel is rigid.,Is the wheel elastic?,No
36,9,material-properties,,antonym,2,The wheel is rigid.,Is the wheel inelastic?,Yes
37,10,material-properties,,antonym,1,Chao pulled on the wheel with both hands. It changed its shape.,Is the wheel elastic?,Yes
38,10,material-properties,,antonym,1,Chao pulled on the wheel with both hands. It changed its shape.,Is the wheel inelastic?,No
39,10,material-properties,,antonym,2,Chao pulled on the wheel with both hands. It kept its shape.,Is the wheel elastic?,No
40,10,material-properties,,antonym,2,Chao pulled on the wheel with both hands. It kept its shape.,Is the wheel inelastic?,Yes
41,11,material-properties,,material,1,The wheel is made of flannel.,Is the wheel elastic?,Yes
42,11,material-properties,,material,1,The wheel is made of flannel.,Is the wheel inelastic?,No
43,11,material-properties,,material,2,The wheel is made of bronze.,Is the wheel elastic?,No
44,11,material-properties,,material,2,The wheel is made of bronze.,Is the wheel inelastic?,Yes
45,12,material-properties,,antonym,1,The wheel looks shiny.,Is the surface of the wheel glossy?,Yes
46,12,material-properties,,antonym,1,The wheel looks shiny.,Is the surface of the wheel matte?,No
47,12,material-properties,,antonym,2,The wheel looks dim.,Is the surface of the wheel glossy?,No
48,12,material-properties,,antonym,2,The wheel looks dim.,Is the surface of the wheel matte?,Yes
49,13,material-properties,,antonym,1,The surface of the wheel reflects sunlight.,Is the surface of the wheel glossy?,Yes
50,13,material-properties,,antonym,1,The surface of the wheel reflects sunlight.,Is the surface of the wheel matte?,No
51,13,material-properties,,antonym,2,The surface of the wheel does not reflect sunlight.,Is the surface of the wheel glossy?,No
52,13,material-properties,,antonym,2,The surface of the wheel does not reflect sunlight.,Is the surface of the wheel matte?,Yes
53,14,material-properties,,material,1,The wheel is made of aluminum.,Is the surface of the wheel glossy?,Yes
54,14,material-properties,,material,1,The wheel is made of aluminum.,Is the surface of the wheel matte?,No
55,14,material-properties,,material,2,The wheel is made of concrete.,Is the surface of the wheel glossy?,No
56,14,material-properties,,material,2,The wheel is made of concrete.,Is the surface of the wheel matte?,Yes
57,15,material-properties,,antonym,1,The wheel is easy to break.,Is the wheel fragile?,Yes
58,15,material-properties,,antonym,1,The wheel is easy to break.,Is the wheel sturdy?,No
59,15,material-properties,,antonym,2,The wheel is hard to break.,Is the wheel fragile?,No
60,15,material-properties,,antonym,2,The wheel is hard to break.,Is the wheel sturdy?,Yes
61,16,material-properties,,antonym,1,Chao applied pressure to the wheel. It broke.,Is the wheel fragile?,Yes
62,16,material-properties,,antonym,1,Chao applied pressure to the wheel. It broke.,Is the wheel sturdy?,No
63,16,material-properties,,antonym,2,Chao applied pressure to the wheel. It remained intact.,Is the wheel fragile?,No
64,16,material-properties,,antonym,2,Chao applied pressure to the wheel. It remained intact.,Is the wheel sturdy?,Yes
65,17,material-properties,,material,1,The wheel is made of ceramic.,Is the wheel fragile?,Yes
66,17,material-properties,,material,1,The wheel is made of ceramic.,Is the wheel sturdy?,No
67,17,material-properties,,material,2,The wheel is made of bronze.,Is the wheel fragile?,No
68,17,material-properties,,material,2,The wheel is made of bronze.,Is the wheel sturdy?,Yes
69,18,material-properties,,antonym,1,The wheel's temperature is lower than Chao's hand'.,Is the wheel cold?,Yes
70,18,material-properties,,antonym,1,The wheel's temperature is lower than Chao's hand'.,Is the wheel warm?,No
71,18,material-properties,,antonym,2,The wheel's temperature is the same than Chao's hand'.,Is the wheel cold?,No
72,18,material-properties,,antonym,2,The wheel's temperature is the same than Chao's hand'.,Is the wheel warm?,Yes
73,19,material-properties,,antonym,1,The wheel's temperature is lower than Chao's hand'.,Is the surface of the wheel cold?,Yes
74,19,material-properties,,antonym,1,The wheel's temperature is lower than Chao's hand'.,Is the surface of the wheel warm?,No
75,19,material-properties,,antonym,2,The wheel's temperature is the same than Chao's hand'.,Is the surface of the wheel cold?,No
76,19,material-properties,,antonym,2,The wheel's temperature is the same than Chao's hand'.,Is the surface of the wheel warm?,Yes
77,20,material-properties,,antonym,1,"Chao dropped the wheel, and saw it jumping off the floor.",Is the wheel bouncy?,Yes
78,20,material-properties,,antonym,1,"Chao dropped the wheel, and saw it jumping off the floor.",Is the wheel not bouncy?,No
79,20,material-properties,,antonym,2,"Chao dropped the wheel, and saw it lying on the floor.",Is the wheel bouncy?,No
80,20,material-properties,,antonym,2,"Chao dropped the wheel, and saw it lying on the floor.",Is the wheel not bouncy?,Yes
81,21,material-properties,,material,1,Chao threw the wheel against the wall. The wheel hit the wall and flew in the opposite direction.,Is the wheel bouncy?,Yes
82,21,material-properties,,material,1,Chao threw the wheel against the wall. The wheel hit the wall and flew in the opposite direction.,Is the wheel not bouncy?,No
83,21,material-properties,,material,2,Chao threw the wheel against the wall. The wheel hit the wall and remained by the wall.,Is the wheel bouncy?,No
84,21,material-properties,,material,2,Chao threw the wheel against the wall. The wheel hit the wall and remained by the wall.,Is the wheel not bouncy?,Yes
85,22,material-properties,,material,1,The wheel is made of latex.,Is the wheel bouncy?,Yes
86,22,material-properties,,material,1,The wheel is made of latex.,Is the wheel not bouncy?,No
87,22,material-properties,,material,2,The wheel is made of bronze.,Is the wheel bouncy?,No
88,22,material-properties,,material,2,The wheel is made of bronze.,Is the wheel not bouncy?,Yes
89,23,material-properties,,antonym,1,The wheel weighs a lot.,Is the wheel heavy?,Yes
90,23,material-properties,,antonym,1,The wheel weighs a lot.,Is the wheel light?,No
91,23,material-properties,,antonym,2,The wheel weighs little.,Is the wheel heavy?,No
92,23,material-properties,,antonym,2,The wheel weighs little.,Is the wheel light?,Yes
93,24,material-properties,,antonym,1,Chao exerts significant force to hold the wheel.,Is the wheel heavy?,Yes
94,24,material-properties,,antonym,1,Chao exerts significant force to hold the wheel.,Is the wheel light?,No
95,24,material-properties,,antonym,2,Chao exerts little force to hold the wheel.,Is the wheel heavy?,No
96,24,material-properties,,antonym,2,Chao exerts little force to hold the wheel.,Is the wheel light?,Yes
97,25,material-properties,,material,1,The wheel is made of aluminum.,Is the wheel heavy?,Yes
98,25,material-properties,,material,1,The wheel is made of aluminum.,Is the wheel light?,No
99,25,material-properties,,material,2,The wheel is made of wool.,Is the wheel heavy?,No
100,25,material-properties,,material,2,The wheel is made of wool.,Is the wheel light?,Yes
1,1,physical-relations,,antonym,1,The truck is in front of the bed.,Is the truck blocking the bed?,Yes
2,1,physical-relations,,antonym,1,The truck is in front of the bed.,Is the bed blocking the truck?,No
3,1,physical-relations,,antonym,2,The truck is behind the bed.,Is the truck blocking the bed?,No
4,1,physical-relations,,antonym,2,The truck is behind the bed.,Is the bed blocking the truck?,Yes
7,1,physical-relations,,variable swap,2,The bed is in front of the truck.,Is the truck blocking the bed?,No
8,1,physical-relations,,variable swap,2,The bed is in front of the truck.,Is the bed blocking the truck?,Yes
9,1,physical-relations,,variable swap,1,The bed is behind the truck.,Is the truck blocking the bed?,Yes
10,1,physical-relations,,variable swap,1,The bed is behind the truck.,Is the bed blocking the truck?,No
13,2,physical-relations,,variable swap,1,Chao needs to move the truck to reach the bed.,Is the truck blocking the bed?,Yes
14,2,physical-relations,,variable swap,1,Chao needs to move the truck to reach the bed.,Is the bed blocking the truck?,No
15,2,physical-relations,,variable swap,2,Chao needs to move the bed to reach the truck.,Is the truck blocking the bed?,No
16,2,physical-relations,,variable swap,2,Chao needs to move the bed to reach the truck.,Is the bed blocking the truck?,Yes
17,3,physical-relations,,antonym,1,The truck occupies more space than the bed.,Is the truck bigger than the bed?,Yes
18,3,physical-relations,,antonym,1,The truck occupies more space than the bed.,Is the truck smaller than the bed?,No
19,3,physical-relations,,antonym,2,The truck occupies less space than the bed.,Is the truck bigger than the bed?,No
20,3,physical-relations,,antonym,2,The truck occupies less space than the bed.,Is the truck smaller than the bed?,Yes
23,3,physical-relations,,variable swap,2,The bed occupies more space than the truck.,Is the truck bigger than the bed?,No
24,3,physical-relations,,variable swap,2,The bed occupies more space than the truck.,Is the truck smaller than the bed?,Yes
25,3,physical-relations,,variable swap,1,The bed occupies less space than the truck.,Is the truck bigger than the bed?,Yes
26,3,physical-relations,,variable swap,1,The bed occupies less space than the truck.,Is the truck smaller than the bed?,No
30,3,physical-relations,,antonym,1,The truck occupies more space than the bed.,Is the bed bigger than the truck?,No
32,3,physical-relations,,antonym,2,The truck occupies less space than the bed.,Is the bed bigger than the truck?,Yes
36,3,physical-relations,,variable swap,2,The bed occupies more space than the truck.,Is the bed bigger than the truck?,Yes
38,3,physical-relations,,variable swap,1,The bed occupies less space than the truck.,Is the bed bigger than the truck?,No
41,3,physical-relations,,antonym,1,The truck occupies more space than the bed.,Is the bed smaller than the truck?,Yes
43,3,physical-relations,,antonym,2,The truck occupies less space than the bed.,Is the bed smaller than the truck?,No
47,3,physical-relations,,variable swap,2,The bed occupies more space than the truck.,Is the bed smaller than the truck?,No
49,3,physical-relations,,variable swap,1,The bed occupies less space than the truck.,Is the bed smaller than the truck?,Yes
53,4,physical-relations,,antonym,1,The truck can completely hide the bed from view.,Is the truck bigger than the bed?,Yes
54,4,physical-relations,,antonym,1,The truck can completely hide the bed from view.,Is the truck smaller than the bed?,No
55,4,physical-relations,,antonym,2,The truck can only partially hide the bed from view.,Is the truck bigger than the bed?,No
56,4,physical-relations,,antonym,2,The truck can only partially hide the bed from view.,Is the truck smaller than the bed?,Yes
59,4,physical-relations,,variable swap,2,The bed can completely hide the truck from view.,Is the truck bigger than the bed?,No
60,4,physical-relations,,variable swap,2,The bed can completely hide the truck from view.,Is the truck smaller than the bed?,Yes
61,4,physical-relations,,variable swap,1,The bed can only partially hide the truck from view.,Is the truck bigger than the bed?,Yes
62,4,physical-relations,,variable swap,1,The bed can only partially hide the truck from view.,Is the truck smaller than the bed?,No
66,4,physical-relations,,antonym,1,The truck can completely hide the bed from view.,Is the bed bigger than the truck?,No
68,4,physical-relations,,antonym,2,The truck can only partially hide the bed from view.,Is the bed bigger than the truck?,Yes
72,4,physical-relations,,variable swap,2,The bed can completely hide the truck from view.,Is the bed bigger than the truck?,Yes
74,4,physical-relations,,variable swap,1,The bed can only partially hide the truck from view.,Is the bed bigger than the truck?,No
77,4,physical-relations,,antonym,1,The truck can completely hide the bed from view.,Is the bed smaller than the truck?,Yes
79,4,physical-relations,,antonym,2,The truck can only partially hide the bed from view.,Is the bed smaller than the truck?,No
83,4,physical-relations,,variable swap,2,The bed can completely hide the truck from view.,Is the bed smaller than the truck?,No
85,4,physical-relations,,variable swap,1,The bed can only partially hide the truck from view.,Is the bed smaller than the truck?,Yes
89,5,physical-relations,,other,1,The bed is inside the truck.,Does the truck contain the bed?,Yes
90,5,physical-relations,,other,1,The bed is inside the truck.,Does the truck support the bed?,No
91,5,physical-relations,,other,2,The bed is on top of the truck.,Does the truck contain the bed?,No
92,5,physical-relations,,other,2,The bed is on top of the truck.,Does the truck support the bed?,Yes
93,8,physical-relations,,antonym,1,The truck is touching the bed from below.,Does the truck contain the bed?,Yes
94,8,physical-relations,,antonym,1,The truck is touching the bed from below.,Does the truck cover the bed?,No
95,8,physical-relations,,antonym,2,The truck is touching the bed from above.,Does the truck contain the bed?,No
96,8,physical-relations,,antonym,2,The truck is touching the bed from above.,Does the truck cover the bed?,Yes
97,9,physical-relations,,antonym,1,"If Chao moves the truck, the airplane will move too.",Does the truck contain the airplane?,Yes
98,9,physical-relations,,antonym,1,"If Chao moves the truck, the airplane will move too.",Does the truck is outide the airplane?,No
99,9,physical-relations,,antonym,2,"If Chao moves the truck, the airplane will remain in its place.",Does the truck contain the airplane?,No
100,9,physical-relations,,antonym,2,"If Chao moves the truck, the airplane will remain in its place.",Does the truck is outide the airplane?,Yes
102,9,physical-relations,,antonym,1,"If Chao moves the truck, the airplane will move too.",Does the airplane contain the truck?,No
104,9,physical-relations,,antonym,2,"If Chao moves the truck, the airplane will remain in its place.",Does the airplane contain the truck?,Yes
106,10,physical-relations,,antonym,1,"If Chao moves the truck, the airplane will move too.",Does the truck is inide the airplane?,No
108,10,physical-relations,,antonym,2,"If Chao moves the truck, the airplane will remain in its place.",Does the truck is inide the airplane?,Yes
111,10,physical-relations,,variable swap,2,"If Chao moves the airplane, the truck will move too.",Does the truck contain the airplane?,No
112,10,physical-relations,,variable swap,2,"If Chao moves the airplane, the truck will move too.",Does the truck is inide the airplane?,Yes
113,10,physical-relations,,variable swap,1,"If Chao moves the airplane, the truck will remain in its place.",Does the truck contain the airplane?,Yes
114,10,physical-relations,,variable swap,1,"If Chao moves the airplane, the truck will remain in its place.",Does the truck is inide the airplane?,No
124,10,physical-relations,,variable swap,2,"If Chao moves the airplane, the truck will move too.",Does the airplane contain the truck?,Yes
126,10,physical-relations,,variable swap,1,"If Chao moves the airplane, the truck will remain in its place.",Does the airplane contain the truck?,No
129,10,physical-relations,,antonym,1,"If Chao moves the truck, the airplane will move too.",Is the airplane inside the truck?,Yes
130,10,physical-relations,,antonym,1,"If Chao moves the truck, the airplane will move too.",Is the truck inside the airplane?,No
131,10,physical-relations,,antonym,2,"If Chao moves the truck, the airplane will remain in its place.",Is the airplane inside the truck?,No
132,10,physical-relations,,antonym,2,"If Chao moves the truck, the airplane will remain in its place.",Is the truck inside the airplane?,Yes
135,10,physical-relations,,variable swap,2,"If Chao moves the airplane, the truck will move too.",Is the airplane inside the truck?,No
136,10,physical-relations,,variable swap,2,"If Chao moves the airplane, the truck will move too.",Is the truck inside the airplane?,Yes
137,10,physical-relations,,variable swap,1,"If Chao moves the airplane, the truck will remain in its place.",Is the airplane inside the truck?,Yes
138,10,physical-relations,,variable swap,1,"If Chao moves the airplane, the truck will remain in its place.",Is the truck inside the airplane?,No
141,12,physical-relations,,antonym,1,The truck is in front of the airplane.,Does the truck occlude the airplane?,Yes
142,12,physical-relations,,antonym,1,The truck is in front of the airplane.,Does the truck i occluded by the airplane?,No
143,12,physical-relations,,antonym,2,The truck is behind the airplane.,Does the truck occlude the airplane?,No
144,12,physical-relations,,antonym,2,The truck is behind the airplane.,Does the truck i occluded by the airplane?,Yes
145,13,physical-relations,,antonym,1,The truck is smaller than the airplane.,Is the truck inside the airplane?,Yes
146,13,physical-relations,,antonym,1,The truck is smaller than the airplane.,Is the truck outside the airplane?,No
147,13,physical-relations,,antonym,2,The truck is larger than the airplane.,Is the truck inside the airplane?,No
148,13,physical-relations,,antonym,2,The truck is larger than the airplane.,Is the truck outside the airplane?,Yes
151,13,physical-relations,,variable swap,2,The airplane is smaller than the truck.,Is the truck inside the airplane?,No
152,13,physical-relations,,variable swap,2,The airplane is smaller than the truck.,Is the truck outside the airplane?,Yes
153,13,physical-relations,,variable swap,1,The airplane is larger than the truck.,Is the truck inside the airplane?,Yes
154,13,physical-relations,,variable swap,1,The airplane is larger than the truck.,Is the truck outside the airplane?,No
158,13,physical-relations,,antonym,1,The truck is smaller than the airplane.,Is the airplane inside the truck?,No
160,13,physical-relations,,antonym,2,The truck is larger than the airplane.,Is the airplane inside the truck?,Yes
164,13,physical-relations,,variable swap,2,The airplane is smaller than the truck.,Is the airplane inside the truck?,Yes
166,13,physical-relations,,variable swap,1,The airplane is larger than the truck.,Is the airplane inside the truck?,No
169,14,physical-relations,,antonym,1,The truck moves with the airplane.,Is the truck inside the airplane?,Yes
170,14,physical-relations,,antonym,1,The truck moves with the airplane.,Is the truck outside the airplane?,No
171,14,physical-relations,,antonym,2,The truck moves independent of the airplane.,Is the truck inside the airplane?,No
172,14,physical-relations,,antonym,2,The truck moves independent of the airplane.,Is the truck outside the airplane?,Yes
173,15,physical-relations,,antonym,1,"If Chao moves the truck, the airplane will move too.",Is the truck inside the airplane?,Yes
174,15,physical-relations,,antonym,1,"If Chao moves the truck, the airplane will move too.",Is the truck outside the airplane?,No
175,15,physical-relations,,antonym,2,"If Chao moves the truck, the airplane will remain in its place.",Is the truck inside the airplane?,No
176,15,physical-relations,,antonym,2,"If Chao moves the truck, the airplane will remain in its place.",Is the truck outside the airplane?,Yes
177,17,physical-relations,,antonym,1,The truck rests against the bed.,Is the truck supported by the bed?,Yes
178,17,physical-relations,,antonym,1,The truck rests against the bed.,Is the truck attached to the bed?,No
179,17,physical-relations,,antonym,2,The truck is glued to the bed.,Is the truck supported by the bed?,No
180,17,physical-relations,,antonym,2,The truck is glued to the bed.,Is the truck attached to the bed?,Yes
182,17,physical-relations,,antonym,1,The truck rests against the bed.,Is the bed supported by the truck?,No
184,17,physical-relations,,antonym,2,The truck is glued to the bed.,Is the bed supported by the truck?,Yes
185,18,physical-relations,,antonym,1,"If Chao moves the truck, the bed will remain in its place.",Is the truck supported by the bed?,Yes
186,18,physical-relations,,antonym,1,"If Chao moves the truck, the bed will remain in its place.",Is the truck attached to the bed?,No
187,18,physical-relations,,antonym,2,"If Chao moves the truck, the bed will move too.",Is the truck supported by the bed?,No
188,18,physical-relations,,antonym,2,"If Chao moves the truck, the bed will move too.",Is the truck attached to the bed?,Yes
190,18,physical-relations,,antonym,1,"If Chao moves the truck, the bed will remain in its place.",Is the bed supported by the truck?,No
192,18,physical-relations,,antonym,2,"If Chao moves the truck, the bed will move too.",Is the bed supported by the truck?,Yes
193,19,physical-relations,,antonym,1,"If Chao moves the truck, the bed will move too.",Does the truck support the bed?,Yes
194,19,physical-relations,,antonym,1,"If Chao moves the truck, the bed will move too.",Does the truck is upported by the bed?,No
195,19,physical-relations,,antonym,2,"If Chao moves the truck, the bed will remain in its place.",Does the truck support the bed?,No
196,19,physical-relations,,antonym,2,"If Chao moves the truck, the bed will remain in its place.",Does the truck is upported by the bed?,Yes
199,19,physical-relations,,variable swap,2,"If Chao moves the bed, the truck will move too.",Does the truck support the bed?,No
200,19,physical-relations,,variable swap,2,"If Chao moves the bed, the truck will move too.",Does the truck is upported by the bed?,Yes
201,19,physical-relations,,variable swap,1,"If Chao moves the bed, the truck will remain in its place.",Does the truck support the bed?,Yes
202,19,physical-relations,,variable swap,1,"If Chao moves the bed, the truck will remain in its place.",Does the truck is upported by the bed?,No
206,19,physical-relations,,antonym,1,"If Chao moves the truck, the bed will move too.",Does the bed support the truck?,No
208,19,physical-relations,,antonym,2,"If Chao moves the truck, the bed will remain in its place.",Does the bed support the truck?,Yes
212,19,physical-relations,,variable swap,2,"If Chao moves the bed, the truck will move too.",Does the bed support the truck?,Yes
214,19,physical-relations,,variable swap,1,"If Chao moves the bed, the truck will remain in its place.",Does the bed support the truck?,No
223,19,physical-relations,,variable swap,2,"If Chao moves the bed, the truck will move too.",Is the bed supported by the truck?,No
224,19,physical-relations,,variable swap,2,"If Chao moves the bed, the truck will move too.",Is the truck supported by the bed?,Yes
225,19,physical-relations,,variable swap,1,"If Chao moves the bed, the truck will remain in its place.",Is the bed supported by the truck?,Yes
226,19,physical-relations,,variable swap,1,"If Chao moves the bed, the truck will remain in its place.",Is the truck supported by the bed?,No
229,20,physical-relations,,antonym,1,The truck is next to the bed.,Is the truck touching the bed?,Yes
230,20,physical-relations,,antonym,1,The truck is next to the bed.,Is the truck connected to the bed?,No
231,20,physical-relations,,antonym,2,The truck is some distance away from the bed.,Is the truck touching the bed?,No
232,20,physical-relations,,antonym,2,The truck is some distance away from the bed.,Is the truck connected to the bed?,Yes
233,21,physical-relations,,antonym,1,"If Chao moves the truck, the bed will remain in its place.",Is the truck touching the bed?,Yes
234,21,physical-relations,,antonym,1,"If Chao moves the truck, the bed will remain in its place.",Is the truck connected to the bed?,No
235,21,physical-relations,,antonym,2,"If Chao moves the truck, the bed will move too.",Is the truck touching the bed?,No
236,21,physical-relations,,antonym,2,"If Chao moves the truck, the bed will move too.",Is the truck connected to the bed?,Yes
237,22,physical-relations,,antonym,1,The bed moves independent of the truck.,Is the truck touching the bed?,Yes
238,22,physical-relations,,antonym,1,The bed moves independent of the truck.,Is the truck connected to the bed?,No
239,22,physical-relations,,antonym,2,The bed moves with the truck.,Is the truck touching the bed?,No
240,22,physical-relations,,antonym,2,The bed moves with the truck.,Is the truck connected to the bed?,Yes
241,23,physical-relations,,antonym,1,"If Chao picks up the cooler, the wheel will remain in its place.",Is the cooler touching the wheel?,Yes
242,23,physical-relations,,antonym,1,"If Chao picks up the cooler, the wheel will remain in its place.",Is the cooler attached to the wheel?,No
243,23,physical-relations,,antonym,2,"If Chao picks up the cooler, the wheel will move too.",Is the cooler touching the wheel?,No
244,23,physical-relations,,antonym,2,"If Chao picks up the cooler, the wheel will move too.",Is the cooler attached to the wheel?,Yes
245,24,physical-relations,,antonym,1,The truck is next to the bed.,Is the truck attached to the bed?,Yes
247,24,physical-relations,,antonym,2,The truck is some distance away from the bed.,Is the truck attached to the bed?,No
249,25,physical-relations,,antonym,1,There is no space between the truck and the bed.,Is the truck attached to the bed?,Yes
250,25,physical-relations,,antonym,1,There is no space between the truck and the bed.,Is the truck connected to the bed?,No
251,25,physical-relations,,antonym,2,There is some space between the truck and the bed.,Is the truck attached to the bed?,No
252,25,physical-relations,,antonym,2,There is some space between the truck and the bed.,Is the truck connected to the bed?,Yes
253,26,physical-relations,,antonym,1,The truck is below the bed.,Is the truck under the bed?,Yes
254,26,physical-relations,,antonym,1,The truck is below the bed.,Is the truck on the bed?,No
255,26,physical-relations,,antonym,2,The truck is above the bed.,Is the truck under the bed?,No
256,26,physical-relations,,antonym,2,The truck is above the bed.,Is the truck on the bed?,Yes
259,26,physical-relations,,variable swap,2,The bed is below the truck.,Is the truck under the bed?,No
260,26,physical-relations,,variable swap,2,The bed is below the truck.,Is the truck on the bed?,Yes
261,26,physical-relations,,variable swap,1,The bed is above the truck.,Is the truck under the bed?,Yes
262,26,physical-relations,,variable swap,1,The bed is above the truck.,Is the truck on the bed?,No
266,26,physical-relations,,antonym,1,The truck is below the bed.,Is the bed under the truck?,No
268,26,physical-relations,,antonym,2,The truck is above the bed.,Is the bed under the truck?,Yes
272,26,physical-relations,,variable swap,2,The bed is below the truck.,Is the bed under the truck?,Yes
274,26,physical-relations,,variable swap,1,The bed is above the truck.,Is the bed under the truck?,No
277,26,physical-relations,,antonym,1,The truck is below the bed.,Is the bed on the truck?,Yes
279,26,physical-relations,,antonym,2,The truck is above the bed.,Is the bed on the truck?,No
283,26,physical-relations,,variable swap,2,The bed is below the truck.,Is the bed on the truck?,No
285,26,physical-relations,,variable swap,1,The bed is above the truck.,Is the bed on the truck?,Yes
289,27,physical-relations,,antonym,1,The truck is lower down compared to the bed.,Is the truck under the bed?,Yes
290,27,physical-relations,,antonym,1,The truck is lower down compared to the bed.,Is the truck on the bed?,No
291,27,physical-relations,,antonym,2,The truck is higher up compared to the bed.,Is the truck under the bed?,No
292,27,physical-relations,,antonym,2,The truck is higher up compared to the bed.,Is the truck on the bed?,Yes
295,27,physical-relations,,variable swap,2,The bed is lower down compared to the truck.,Is the truck under the bed?,No
296,27,physical-relations,,variable swap,2,The bed is lower down compared to the truck.,Is the truck on the bed?,Yes
297,27,physical-relations,,variable swap,1,The bed is higher up compared to the truck.,Is the truck under the bed?,Yes
298,27,physical-relations,,variable swap,1,The bed is higher up compared to the truck.,Is the truck on the bed?,No
302,27,physical-relations,,antonym,1,The truck is lower down compared to the bed.,Is the bed under the truck?,No
304,27,physical-relations,,antonym,2,The truck is higher up compared to the bed.,Is the bed under the truck?,Yes
308,27,physical-relations,,variable swap,2,The bed is lower down compared to the truck.,Is the bed under the truck?,Yes
310,27,physical-relations,,variable swap,1,The bed is higher up compared to the truck.,Is the bed under the truck?,No
313,27,physical-relations,,antonym,1,The truck is lower down compared to the bed.,Is the bed on the truck?,Yes
315,27,physical-relations,,antonym,2,The truck is higher up compared to the bed.,Is the bed on the truck?,No
319,27,physical-relations,,variable swap,2,The bed is lower down compared to the truck.,Is the bed on the truck?,No
321,27,physical-relations,,variable swap,1,The bed is higher up compared to the truck.,Is the bed on the truck?,Yes
326,30,physical-relations,,antonym,1,"If Chao moves the truck, the bed will remain in its place.",Is the truck tied to the bed?,No
328,30,physical-relations,,antonym,2,"If Chao moves the truck, the bed will move too.",Is the truck tied to the bed?,Yes
330,31,physical-relations,,antonym,1,The bed moves independent of the truck.,Is the truck tied to the bed?,No
332,31,physical-relations,,antonym,2,The bed moves with the truck.,Is the truck tied to the bed?,Yes
1,1,spatial-relations,,antonym,1,The nail is to the right of the wheel.,Is the wheel to the left of the nail?,Yes
2,1,spatial-relations,,antonym,1,The nail is to the right of the wheel.,Is the wheel to the right of the nail?,No
3,1,spatial-relations,,antonym,2,The nail is to the left of the wheel.,Is the wheel to the left of the nail?,No
4,1,spatial-relations,,antonym,2,The nail is to the left of the wheel.,Is the wheel to the right of the nail?,Yes
5,2,spatial-relations,,antonym,1,The nail is next to the right side of the wheel.,Is the wheel to the left of the nail?,Yes
6,2,spatial-relations,,antonym,1,The nail is next to the right side of the wheel.,Is the wheel to the right of the nail?,No
7,2,spatial-relations,,antonym,2,The nail is next to the left side of the wheel.,Is the wheel to the left of the nail?,No
8,2,spatial-relations,,antonym,2,The nail is next to the left side of the wheel.,Is the wheel to the right of the nail?,Yes
10,2,spatial-relations,,antonym,1,The nail is next to the right side of the wheel.,Is the nail to the left of the wheel?,No
12,2,spatial-relations,,antonym,2,The nail is next to the left side of the wheel.,Is the nail to the left of the wheel?,Yes
13,2,spatial-relations,,antonym,1,The nail is next to the right side of the wheel.,Is the nail to the right of the wheel?,Yes
15,2,spatial-relations,,antonym,2,The nail is next to the left side of the wheel.,Is the nail to the right of the wheel?,No
17,3,spatial-relations,,antonym,1,The wheel is in front of Chao. Chao turns right.,Is the wheel to the left of Chao?,Yes
18,3,spatial-relations,,antonym,1,The wheel is in front of Chao. Chao turns right.,Is the wheel to the right of Chao?,No
19,3,spatial-relations,,antonym,2,The wheel is in front of Chao. Chao turns left.,Is the wheel to the left of Chao?,No
20,3,spatial-relations,,antonym,2,The wheel is in front of Chao. Chao turns left.,Is the wheel to the right of Chao?,Yes
21,4,spatial-relations,,antonym,1,The wheel is to the right of Chao. Chao turns around.,Is the wheel to the left of Chao?,Yes
22,4,spatial-relations,,antonym,1,The wheel is to the right of Chao. Chao turns around.,Is the wheel to the right of Chao?,No
23,4,spatial-relations,,antonym,2,The wheel is to the left of Chao. Chao turns around.,Is the wheel to the left of Chao?,No
24,4,spatial-relations,,antonym,2,The wheel is to the left of Chao. Chao turns around.,Is the wheel to the right of Chao?,Yes
25,5,spatial-relations,,antonym,1,"The shop is in front of Chao, and the zoo is behind. Chao turns right.",Is the shop to the left of Chao?,Yes
26,5,spatial-relations,,antonym,1,"The shop is in front of Chao, and the zoo is behind. Chao turns right.",Is the shop to the right of Chao?,No
27,5,spatial-relations,,antonym,2,"The shop is in front of Chao, and the zoo is behind. Chao turns left.",Is the shop to the left of Chao?,No
28,5,spatial-relations,,antonym,2,"The shop is in front of Chao, and the zoo is behind. Chao turns left.",Is the shop to the right of Chao?,Yes
31,5,spatial-relations,,variable swap,2,"The zoo is in front of Chao, and the shop is behind. Chao turns right.",Is the shop to the left of Chao?,No
32,5,spatial-relations,,variable swap,2,"The zoo is in front of Chao, and the shop is behind. Chao turns right.",Is the shop to the right of Chao?,Yes
33,5,spatial-relations,,variable swap,1,"The zoo is in front of Chao, and the shop is behind. Chao turns left.",Is the shop to the left of Chao?,Yes
34,5,spatial-relations,,variable swap,1,"The zoo is in front of Chao, and the shop is behind. Chao turns left.",Is the shop to the right of Chao?,No
37,6,spatial-relations,,antonym,1,The nail is below the wheel.,Is the wheel above the nail?,Yes
38,6,spatial-relations,,antonym,1,The nail is below the wheel.,Is the wheel below the nail?,No
39,6,spatial-relations,,antonym,2,The nail is above the wheel.,Is the wheel above the nail?,No
40,6,spatial-relations,,antonym,2,The nail is above the wheel.,Is the wheel below the nail?,Yes
41,7,spatial-relations,,antonym,1,The baseball bounced off the wheel from below.,Is the wheel above the baseball?,Yes
42,7,spatial-relations,,antonym,1,The baseball bounced off the wheel from below.,Is the wheel below the baseball?,No
43,7,spatial-relations,,antonym,2,The baseball bounced off the wheel from above.,Is the wheel above the baseball?,No
44,7,spatial-relations,,antonym,2,The baseball bounced off the wheel from above.,Is the wheel below the baseball?,Yes
45,8,spatial-relations,,antonym,1,The wheel and the nail are on the same surface. Then the wheel is moved higher.,Is the wheel above the nail?,Yes
46,8,spatial-relations,,antonym,1,The wheel and the nail are on the same surface. Then the wheel is moved higher.,Is the wheel below the nail?,No
47,8,spatial-relations,,antonym,2,The wheel and the nail are on the same surface. Then the wheel is moved lower.,Is the wheel above the nail?,No
48,8,spatial-relations,,antonym,2,The wheel and the nail are on the same surface. Then the wheel is moved lower.,Is the wheel below the nail?,Yes
51,8,spatial-relations,,variable swap,2,The nail and the wheel are on the same surface. Then the nail is moved higher.,Is the wheel above the nail?,No
52,8,spatial-relations,,variable swap,2,The nail and the wheel are on the same surface. Then the nail is moved higher.,Is the wheel below the nail?,Yes
53,8,spatial-relations,,variable swap,1,The nail and the wheel are on the same surface. Then the nail is moved lower.,Is the wheel above the nail?,Yes
54,8,spatial-relations,,variable swap,1,The nail and the wheel are on the same surface. Then the nail is moved lower.,Is the wheel below the nail?,No
58,8,spatial-relations,,antonym,1,The wheel and the nail are on the same surface. Then the wheel is moved higher.,Is the nail above the wheel?,No
60,8,spatial-relations,,antonym,2,The wheel and the nail are on the same surface. Then the wheel is moved lower.,Is the nail above the wheel?,Yes
64,8,spatial-relations,,variable swap,2,The nail and the wheel are on the same surface. Then the nail is moved higher.,Is the nail above the wheel?,Yes
66,8,spatial-relations,,variable swap,1,The nail and the wheel are on the same surface. Then the nail is moved lower.,Is the nail above the wheel?,No
69,8,spatial-relations,,antonym,1,The wheel and the nail are on the same surface. Then the wheel is moved higher.,Is the nail below the wheel?,Yes
71,8,spatial-relations,,antonym,2,The wheel and the nail are on the same surface. Then the wheel is moved lower.,Is the nail below the wheel?,No
75,8,spatial-relations,,variable swap,2,The nail and the wheel are on the same surface. Then the nail is moved higher.,Is the nail below the wheel?,No
77,8,spatial-relations,,variable swap,1,The nail and the wheel are on the same surface. Then the nail is moved lower.,Is the nail below the wheel?,Yes
81,9,spatial-relations,,antonym,1,Chao and Yan are on the same floor. Then Chao goes one floor up.,Is Chao above Yan?,Yes
82,9,spatial-relations,,antonym,1,Chao and Yan are on the same floor. Then Chao goes one floor up.,Is Chao below Yan?,No
83,9,spatial-relations,,antonym,2,Chao and Yan are on the same floor. Then Chao goes one floor down.,Is Chao above Yan?,No
84,9,spatial-relations,,antonym,2,Chao and Yan are on the same floor. Then Chao goes one floor down.,Is Chao below Yan?,Yes
87,9,spatial-relations,,variable swap,2,Yan and Chao are on the same floor. Then Yan goes one floor up.,Is Chao above Yan?,No
88,9,spatial-relations,,variable swap,2,Yan and Chao are on the same floor. Then Yan goes one floor up.,Is Chao below Yan?,Yes
89,9,spatial-relations,,variable swap,1,Yan and Chao are on the same floor. Then Yan goes one floor down.,Is Chao above Yan?,Yes
90,9,spatial-relations,,variable swap,1,Yan and Chao are on the same floor. Then Yan goes one floor down.,Is Chao below Yan?,No
94,9,spatial-relations,,antonym,1,Chao and Yan are on the same floor. Then Chao goes one floor up.,Is Yan above Chao?,No
96,9,spatial-relations,,antonym,2,Chao and Yan are on the same floor. Then Chao goes one floor down.,Is Yan above Chao?,Yes
100,9,spatial-relations,,variable swap,2,Yan and Chao are on the same floor. Then Yan goes one floor up.,Is Yan above Chao?,Yes
102,9,spatial-relations,,variable swap,1,Yan and Chao are on the same floor. Then Yan goes one floor down.,Is Yan above Chao?,No
105,9,spatial-relations,,antonym,1,Chao and Yan are on the same floor. Then Chao goes one floor up.,Is Yan below Chao?,Yes
107,9,spatial-relations,,antonym,2,Chao and Yan are on the same floor. Then Chao goes one floor down.,Is Yan below Chao?,No
111,9,spatial-relations,,variable swap,2,Yan and Chao are on the same floor. Then Yan goes one floor up.,Is Yan below Chao?,No
113,9,spatial-relations,,variable swap,1,Yan and Chao are on the same floor. Then Yan goes one floor down.,Is Yan below Chao?,Yes
117,10,spatial-relations,,antonym,1,Chao touched the wheel from below.,Is the wheel above Chao?,Yes
118,10,spatial-relations,,antonym,1,Chao touched the wheel from below.,Is the wheel below Chao?,No
119,10,spatial-relations,,antonym,2,Chao touched the wheel from above.,Is the wheel above Chao?,No
120,10,spatial-relations,,antonym,2,Chao touched the wheel from above.,Is the wheel below Chao?,Yes
121,11,spatial-relations,,antonym,1,The nail is south of the wheel.,Is the wheel north of the nail?,Yes
122,11,spatial-relations,,antonym,1,The nail is south of the wheel.,Is the wheel south of the nail?,No
123,11,spatial-relations,,antonym,2,The nail is north of the wheel.,Is the wheel north of the nail?,No
124,11,spatial-relations,,antonym,2,The nail is north of the wheel.,Is the wheel south of the nail?,Yes
125,12,spatial-relations,,antonym,1,The wheel is north of Chao. Chao turns around.,Is the wheel north of Chao?,Yes
126,12,spatial-relations,,antonym,1,The wheel is north of Chao. Chao turns around.,Is the wheel south of Chao?,No
127,12,spatial-relations,,antonym,2,The wheel is south of Chao. Chao turns around.,Is the wheel north of Chao?,No
128,12,spatial-relations,,antonym,2,The wheel is south of Chao. Chao turns around.,Is the wheel south of Chao?,Yes
129,13,spatial-relations,,antonym,1,The wheel is south of Chao. Chao reaches the wheel and continues to move straight ahead.,Is the wheel north of Chao?,Yes
130,13,spatial-relations,,antonym,1,The wheel is south of Chao. Chao reaches the wheel and continues to move straight ahead.,Is the wheel south of Chao?,No
131,13,spatial-relations,,antonym,2,The wheel is north of Chao. Chao reaches the wheel and continues to move straight ahead.,Is the wheel north of Chao?,No
132,13,spatial-relations,,antonym,2,The wheel is north of Chao. Chao reaches the wheel and continues to move straight ahead.,Is the wheel south of Chao?,Yes
133,14,spatial-relations,,antonym,1,The shop is north of Chao. Chao turns around.,Is the shop north of Chao?,Yes
134,14,spatial-relations,,antonym,1,The shop is north of Chao. Chao turns around.,Is the shop south of Chao?,No
135,14,spatial-relations,,antonym,2,The shop is south of Chao. Chao turns around.,Is the shop north of Chao?,No
136,14,spatial-relations,,antonym,2,The shop is south of Chao. Chao turns around.,Is the shop south of Chao?,Yes
137,15,spatial-relations,,antonym,1,The shop is south of Chao. Chao reaches the shop and exits on the other side.,Is the shop north of Chao?,Yes
138,15,spatial-relations,,antonym,1,The shop is south of Chao. Chao reaches the shop and exits on the other side.,Is the shop south of Chao?,No
139,15,spatial-relations,,antonym,2,The shop is north of Chao. Chao reaches the shop and exits on the other side.,Is the shop north of Chao?,No
140,15,spatial-relations,,antonym,2,The shop is north of Chao. Chao reaches the shop and exits on the other side.,Is the shop south of Chao?,Yes
141,16,spatial-relations,,antonym,1,The nail is west of the wheel.,Is the wheel east of the nail?,Yes
142,16,spatial-relations,,antonym,1,The nail is west of the wheel.,Is the wheel west of the nail?,No
143,16,spatial-relations,,antonym,2,The nail is east of the wheel.,Is the wheel east of the nail?,No
144,16,spatial-relations,,antonym,2,The nail is east of the wheel.,Is the wheel west of the nail?,Yes
145,17,spatial-relations,,antonym,1,The wheel is east of Chao. Chao turns around.,Is the wheel east of Chao?,Yes
146,17,spatial-relations,,antonym,1,The wheel is east of Chao. Chao turns around.,Is the wheel west of Chao?,No
147,17,spatial-relations,,antonym,2,The wheel is west of Chao. Chao turns around.,Is the wheel east of Chao?,No
148,17,spatial-relations,,antonym,2,The wheel is west of Chao. Chao turns around.,Is the wheel west of Chao?,Yes
149,18,spatial-relations,,antonym,1,The wheel is west of Chao. Chao reaches the wheel and continues to move straight ahead.,Is the wheel east of Chao?,Yes
150,18,spatial-relations,,antonym,1,The wheel is west of Chao. Chao reaches the wheel and continues to move straight ahead.,Is the wheel west of Chao?,No
151,18,spatial-relations,,antonym,2,The wheel is east of Chao. Chao reaches the wheel and continues to move straight ahead.,Is the wheel east of Chao?,No
152,18,spatial-relations,,antonym,2,The wheel is east of Chao. Chao reaches the wheel and continues to move straight ahead.,Is the wheel west of Chao?,Yes
153,19,spatial-relations,,antonym,1,The shop is east of Chao. Chao turns around.,Is the shop east of Chao?,Yes
154,19,spatial-relations,,antonym,1,The shop is east of Chao. Chao turns around.,Is the shop west of Chao?,No
155,19,spatial-relations,,antonym,2,The shop is west of Chao. Chao turns around.,Is the shop east of Chao?,No
156,19,spatial-relations,,antonym,2,The shop is west of Chao. Chao turns around.,Is the shop west of Chao?,Yes
157,20,spatial-relations,,antonym,1,The shop is west of Chao. Chao reaches the shop and exits on the other side.,Is the shop east of Chao?,Yes
158,20,spatial-relations,,antonym,1,The shop is west of Chao. Chao reaches the shop and exits on the other side.,Is the shop west of Chao?,No
159,20,spatial-relations,,antonym,2,The shop is east of Chao. Chao reaches the shop and exits on the other side.,Is the shop east of Chao?,No
160,20,spatial-relations,,antonym,2,The shop is east of Chao. Chao reaches the shop and exits on the other side.,Is the shop west of Chao?,Yes
161,21,spatial-relations,,antonym,1,The nail is behind the wheel.,Is the wheel in front of the nail?,Yes
162,21,spatial-relations,,antonym,1,The nail is behind the wheel.,Is the wheel behind the nail?,No
163,21,spatial-relations,,antonym,2,The nail is in front of the wheel.,Is the wheel in front of the nail?,No
164,21,spatial-relations,,antonym,2,The nail is in front of the wheel.,Is the wheel behind the nail?,Yes
165,22,spatial-relations,,antonym,1,Chao can touch the wheel after making a step forward.,Is the wheel in front of Chao?,Yes
166,22,spatial-relations,,antonym,1,Chao can touch the wheel after making a step forward.,Is the wheel behind Chao?,No
167,22,spatial-relations,,antonym,2,Chao can touch the wheel after making a step backward.,Is the wheel in front of Chao?,No
168,22,spatial-relations,,antonym,2,Chao can touch the wheel after making a step backward.,Is the wheel behind Chao?,Yes
169,23,spatial-relations,,antonym,1,The wheel is to the right of Chao. Chao turns right.,Is the wheel in front of Chao?,Yes
170,23,spatial-relations,,antonym,1,The wheel is to the right of Chao. Chao turns right.,Is the wheel behind Chao?,No
171,23,spatial-relations,,antonym,2,The wheel is to the right of Chao. Chao turns left.,Is the wheel in front of Chao?,No
172,23,spatial-relations,,antonym,2,The wheel is to the right of Chao. Chao turns left.,Is the wheel behind Chao?,Yes
173,24,spatial-relations,,antonym,1,The wheel is to the left of Chao. Chao turns left.,Is the wheel in front of Chao?,Yes
174,24,spatial-relations,,antonym,1,The wheel is to the left of Chao. Chao turns left.,Is the wheel behind Chao?,No
175,24,spatial-relations,,antonym,2,The wheel is to the left of Chao. Chao turns right.,Is the wheel in front of Chao?,No
176,24,spatial-relations,,antonym,2,The wheel is to the left of Chao. Chao turns right.,Is the wheel behind Chao?,Yes
177,25,spatial-relations,,antonym,1,The shop is to the right of Chao. Chao turns right.,Is the shop in front of Chao?,Yes
178,25,spatial-relations,,antonym,1,The shop is to the right of Chao. Chao turns right.,Is the shop behind Chao?,No
179,25,spatial-relations,,antonym,2,The shop is to the right of Chao. Chao turns left.,Is the shop in front of Chao?,No
180,25,spatial-relations,,antonym,2,The shop is to the right of Chao. Chao turns left.,Is the shop behind Chao?,Yes
181,26,spatial-relations,,antonym,1,The shop is to the left of Chao. Chao turns left.,Is the shop in front of Chao?,Yes
182,26,spatial-relations,,antonym,1,The shop is to the left of Chao. Chao turns left.,Is the shop behind Chao?,No
183,26,spatial-relations,,antonym,2,The shop is to the left of Chao. Chao turns right.,Is the shop in front of Chao?,No
184,26,spatial-relations,,antonym,2,The shop is to the left of Chao. Chao turns right.,Is the shop behind Chao?,Yes
185,27,spatial-relations,,antonym,1,The nail is close to the wheel.,Is the wheel close to the nail?,Yes
186,27,spatial-relations,,antonym,1,The nail is close to the wheel.,Is the wheel far from the nail?,No
187,27,spatial-relations,,antonym,2,The nail is far from the wheel.,Is the wheel close to the nail?,No
188,27,spatial-relations,,antonym,2,The nail is far from the wheel.,Is the wheel far from the nail?,Yes
189,28,spatial-relations,,antonym,1,Chao is close to the wheel.,Is the wheel close to Chao?,Yes
190,28,spatial-relations,,antonym,1,Chao is close to the wheel.,Is the wheel far from Chao?,No
191,28,spatial-relations,,antonym,2,Chao is far from the wheel.,Is the wheel close to Chao?,No
192,28,spatial-relations,,antonym,2,Chao is far from the wheel.,Is the wheel far from Chao?,Yes
193,29,spatial-relations,,negation,1,Chao can touch the wheel.,Is the wheel close to Chao?,Yes
194,29,spatial-relations,,negation,1,Chao can touch the wheel.,Is the wheel far from Chao?,No
195,29,spatial-relations,,negation,2,Chao cannot touch the wheel.,Is the wheel close to Chao?,No
196,29,spatial-relations,,negation,2,Chao cannot touch the wheel.,Is the wheel far from Chao?,Yes
1,1,agent-properties,1,negation,1,Chao is looking at the wheel.,Does Chao see the wheel?,Yes
2,1,agent-properties,1,negation,2,Chao is not looking at the wheel.,Does Chao see the wheel?,No
3,1,agent-properties,1,negation,1,Chao is looking at the wheel.,Does Chao not see the wheel?,No
4,1,agent-properties,1,negation,2,Chao is not looking at the wheel.,Does Chao not see the wheel?,Yes
5,2,agent-properties,2,antonym,1,The wheel is in front of Chao. Chao is awake.,Does Chao see the wheel?,Yes
6,2,agent-properties,2,antonym,2,The wheel is in front of Chao. Chao is asleep.,Does Chao see the wheel?,No
7,2,agent-properties,2,antonym,1,The wheel is in front of Chao. Chao is awake.,Does Chao not see the wheel?,No
8,2,agent-properties,2,antonym,2,The wheel is in front of Chao. Chao is asleep.,Does Chao not see the wheel?,Yes
9,3,agent-properties,3,antonym,1,The wheel is in front of Chao. Chao's eyes are open.,Does Chao see the wheel?,Yes
10,3,agent-properties,3,antonym,2,The wheel is in front of Chao. Chao's eyes are closed.,Does Chao see the wheel?,No
11,3,agent-properties,3,antonym,1,The wheel is in front of Chao. Chao's eyes are open.,Does Chao not see the wheel?,No
12,3,agent-properties,3,antonym,2,The wheel is in front of Chao. Chao's eyes are closed.,Does Chao not see the wheel?,Yes
13,4,agent-properties,4,antonym,1,The wheel is in front of Chao.,Does Chao see the wheel?,Yes
14,4,agent-properties,4,antonym,2,The wheel is behind Chao.,Does Chao see the wheel?,No
15,4,agent-properties,4,antonym,1,The wheel is in front of Chao.,Does Chao not see the wheel?,No
16,4,agent-properties,4,antonym,2,The wheel is behind Chao.,Does Chao not see the wheel?,Yes
17,6,agent-properties,5,antonym,1,The bed is in the same room as Chao. The door is closed.,Does Chao see the bed?,Yes
18,6,agent-properties,5,antonym,2,The bed is in a different room than Chao. The door is closed.,Does Chao see the bed?,No
19,6,agent-properties,5,antonym,1,The bed is in the same room as Chao. The door is closed.,Does Chao not see the bed?,No
20,6,agent-properties,5,antonym,2,The bed is in a different room than Chao. The door is closed.,Does Chao not see the bed?,Yes
21,7,agent-properties,6,antonym,1,The airplane is making sounds. The airplane is within earshot of Chao.,Does Chao hear the airplane?,Yes
22,7,agent-properties,6,antonym,2,The airplane is making sounds. The airplane is out of earshot of Chao.,Does Chao hear the airplane?,No
23,7,agent-properties,6,antonym,1,The airplane is making sounds. The airplane is within earshot of Chao.,Does Chao not hear the airplane?,No
24,7,agent-properties,6,antonym,2,The airplane is making sounds. The airplane is out of earshot of Chao.,Does Chao not hear the airplane?,Yes
25,8,agent-properties,7,antonym,1,The airplane is making sounds. The airplane is in front of Chao. Chao is awake.,Does Chao hear the airplane?,Yes
26,8,agent-properties,7,antonym,2,The airplane is making sounds. The airplane is in front of Chao. Chao is asleep.,Does Chao hear the airplane?,No
27,8,agent-properties,7,antonym,1,The airplane is making sounds. The airplane is in front of Chao. Chao is awake.,Does Chao not hear the airplane?,No
28,8,agent-properties,7,antonym,2,The airplane is making sounds. The airplane is in front of Chao. Chao is asleep.,Does Chao not hear the airplane?,Yes
29,9,agent-properties,8,antonym,1,The airplane is making sounds. The airplane is in front of Chao. Chao's ears are uncovered.,Does Chao hear the airplane?,Yes
30,9,agent-properties,8,antonym,2,The airplane is making sounds. The airplane is in front of Chao. Chao's ears are covered.,Does Chao hear the airplane?,No
31,9,agent-properties,8,antonym,1,The airplane is making sounds. The airplane is in front of Chao. Chao's ears are uncovered.,Does Chao not hear the airplane?,No
32,9,agent-properties,8,antonym,2,The airplane is making sounds. The airplane is in front of Chao. Chao's ears are covered.,Does Chao not hear the airplane?,Yes
33,10,agent-properties,9,antonym,1,The airplane is making sounds. The airplane is in front of Chao. Chao is wearing goggles.,Does Chao hear the airplane?,Yes
34,10,agent-properties,9,antonym,2,The airplane is making sounds. The airplane is in front of Chao. Chao is wearing earplugs.,Does Chao hear the airplane?,No
35,10,agent-properties,9,antonym,1,The airplane is making sounds. The airplane is in front of Chao. Chao is wearing goggles.,Does Chao not hear the airplane?,No
36,10,agent-properties,9,antonym,2,The airplane is making sounds. The airplane is in front of Chao. Chao is wearing earplugs.,Does Chao not hear the airplane?,Yes
37,11,agent-properties,10,antonym,1,The airplane is making sounds. The airplane is near Chao.,Does Chao hear the airplane?,Yes
38,11,agent-properties,10,antonym,2,The airplane is making sounds. The airplane is far from Chao.,Does Chao hear the airplane?,No
39,11,agent-properties,10,antonym,1,The airplane is making sounds. The airplane is near Chao.,Does Chao not hear the airplane?,No
40,11,agent-properties,10,antonym,2,The airplane is making sounds. The airplane is far from Chao.,Does Chao not hear the airplane?,Yes
41,12,agent-properties,11,antonym,1,The airplane is making sounds. The airplane is in the same room as Chao.,Does Chao hear the airplane?,Yes
42,12,agent-properties,11,antonym,2,The airplane is making sounds. The airplane is in a different room than Chao.,Does Chao hear the airplane?,No
43,12,agent-properties,11,antonym,1,The airplane is making sounds. The airplane is in the same room as Chao.,Does Chao not hear the airplane?,No
44,12,agent-properties,11,antonym,2,The airplane is making sounds. The airplane is in a different room than Chao.,Does Chao not hear the airplane?,Yes
45,13,agent-properties,12,antonym,1,The candle is in front of Chao. Chao's nose is uncovered.,Does Chao smell the candle?,Yes
46,13,agent-properties,12,antonym,2,The candle is in front of Chao. Chao's nose is covered.,Does Chao smell the candle?,No
47,13,agent-properties,12,antonym,1,The candle is in front of Chao. Chao's nose is uncovered.,Does Chao not smell the candle?,No
48,13,agent-properties,12,antonym,2,The candle is in front of Chao. Chao's nose is covered.,Does Chao not smell the candle?,Yes
49,14,agent-properties,13,antonym,1,The candle is in front of Chao. Chao has a strong headache.,Does Chao smell the candle?,Yes
50,14,agent-properties,13,antonym,2,The candle is in front of Chao. Chao has a strong cold.,Does Chao smell the candle?,No
51,14,agent-properties,13,antonym,1,The candle is in front of Chao. Chao has a strong headache.,Does Chao not smell the candle?,No
52,14,agent-properties,13,antonym,2,The candle is in front of Chao. Chao has a strong cold.,Does Chao not smell the candle?,Yes
53,15,agent-properties,14,antonym,1,The candle is in the same room as Chao.,Does Chao smell the candle?,Yes
54,15,agent-properties,14,antonym,2,The candle is in a different room than Chao.,Does Chao smell the candle?,No
55,15,agent-properties,14,antonym,1,The candle is in the same room as Chao.,Does Chao not smell the candle?,No
56,15,agent-properties,14,antonym,2,The candle is in a different room than Chao.,Does Chao not smell the candle?,Yes
57,16,agent-properties,15,other,1,The sandwich is in Chao's mouth.,Does Chao taste the sandwich?,Yes
58,16,agent-properties,15,other,2,The sandwich is in Chao's bag.,Does Chao taste the sandwich?,No
59,16,agent-properties,15,other,1,The sandwich is in Chao's mouth.,Does Chao not taste the sandwich?,No
60,16,agent-properties,15,other,2,The sandwich is in Chao's bag.,Does Chao not taste the sandwich?,Yes
61,17,agent-properties,16,antonym,1,The sandwich is inside Chao's mouth.,Does Chao taste the sandwich?,Yes
62,17,agent-properties,16,antonym,2,The sandwich is outside Chao's mouth.,Does Chao taste the sandwich?,No
63,17,agent-properties,16,antonym,1,The sandwich is inside Chao's mouth.,Does Chao not taste the sandwich?,No
64,17,agent-properties,16,antonym,2,The sandwich is outside Chao's mouth.,Does Chao not taste the sandwich?,Yes
65,18,agent-properties,17,antonym,1,The sandwich is in Chao's mouth. Chao just had a very bland dish.,Does Chao taste the sandwich?,Yes
66,18,agent-properties,17,antonym,2,The sandwich is in Chao's mouth. Chao just had a very spicy dish.,Does Chao taste the sandwich?,No
67,18,agent-properties,17,antonym,1,The sandwich is in Chao's mouth. Chao just had a very bland dish.,Does Chao not taste the sandwich?,No
68,18,agent-properties,17,antonym,2,The sandwich is in Chao's mouth. Chao just had a very spicy dish.,Does Chao not taste the sandwich?,Yes
69,19,agent-properties,18,negation,1,Chao is touching the wheel.,Does Chao feel the wheel?,Yes
70,19,agent-properties,18,negation,2,Chao is not touching the wheel.,Does Chao feel the wheel?,No
71,19,agent-properties,18,negation,1,Chao is touching the wheel.,Does Chao not feel the wheel?,No
72,19,agent-properties,18,negation,2,Chao is not touching the wheel.,Does Chao not feel the wheel?,Yes
73,20,agent-properties,19,other,1,Chao's hand is touching the wheel.,Does Chao feel the wheel?,Yes
74,20,agent-properties,19,other,2,Chao's phone is touching the wheel.,Does Chao feel the wheel?,No
75,20,agent-properties,19,other,1,Chao's hand is touching the wheel.,Does Chao not feel the wheel?,No
76,20,agent-properties,19,other,2,Chao's phone is touching the wheel.,Does Chao not feel the wheel?,Yes
77,21,agent-properties,20,other,1,Chao's foot is touching the wheel.,Does Chao feel the wheel?,Yes
78,21,agent-properties,20,other,2,Chao's chair is touching the wheel.,Does Chao feel the wheel?,No
79,21,agent-properties,20,other,1,Chao's foot is touching the wheel.,Does Chao not feel the wheel?,No
80,21,agent-properties,20,other,2,Chao's chair is touching the wheel.,Does Chao not feel the wheel?,Yes
81,22,agent-properties,21,other,1,The wheel is in Chao's hand.,Does Chao feel the wheel?,Yes
82,22,agent-properties,21,other,2,The wheel is in Chao's closet.,Does Chao feel the wheel?,No
83,22,agent-properties,21,other,1,The wheel is in Chao's hand.,Does Chao not feel the wheel?,No
84,22,agent-properties,21,other,2,The wheel is in Chao's closet.,Does Chao not feel the wheel?,Yes
85,23,agent-properties,22,other,1,The airplane is in front of Chao. Chao's ears are covered.,Does Chao see the airplane?,Yes
86,23,agent-properties,22,other,2,The airplane is in front of Chao. Chao's eyes are covered.,Does Chao see the airplane?,No
87,23,agent-properties,22,other,1,The airplane is in front of Chao. Chao's ears are covered.,Does Chao hear the airplane?,No
88,23,agent-properties,22,other,2,The airplane is in front of Chao. Chao's eyes are covered.,Does Chao hear the airplane?,Yes
89,24,agent-properties,23,other,1,The airplane is in front of Chao. Chao is wearing earplugs.,Does Chao see the airplane?,Yes
90,24,agent-properties,23,other,2,The airplane is in front of Chao. Chao is wearing a sleep mask.,Does Chao see the airplane?,No
91,24,agent-properties,23,other,1,The airplane is in front of Chao. Chao is wearing earplugs.,Does Chao hear the airplane?,No
92,24,agent-properties,23,other,2,The airplane is in front of Chao. Chao is wearing a sleep mask.,Does Chao hear the airplane?,Yes
93,26,agent-properties,24,other,1,Chao is looking at the sandwich.,Does Chao see the sandwich?,Yes
94,26,agent-properties,24,other,2,Chao is swallowing the sandwich.,Does Chao see the sandwich?,No
95,26,agent-properties,24,other,1,Chao is looking at the sandwich.,Does Chao taste the sandwich?,No
96,26,agent-properties,24,other,2,Chao is swallowing the sandwich.,Does Chao taste the sandwich?,Yes
97,27,agent-properties,25,other,1,The sandwich is in Chao's hand.,Does Chao see the sandwich?,Yes
98,27,agent-properties,25,other,2,The sandwich is in Chao's mouth.,Does Chao see the sandwich?,No
99,27,agent-properties,25,other,1,The sandwich is in Chao's hand.,Does Chao taste the sandwich?,No
101,28,agent-properties,26,antonym,1,The sandwich is outside Chao's mouth.,Does Chao see the sandwich?,Yes
102,28,agent-properties,26,antonym,2,The sandwich is inside Chao's mouth.,Does Chao see the sandwich?,No
105,29,agent-properties,27,other,1,Chao is taking a picture of the wheel.,Does Chao see the wheel?,Yes
106,29,agent-properties,27,other,2,Chao is sitting on top of the wheel.,Does Chao see the wheel?,No
107,29,agent-properties,27,other,1,Chao is taking a picture of the wheel.,Does Chao feel the wheel?,No
108,29,agent-properties,27,other,2,Chao is sitting on top of the wheel.,Does Chao feel the wheel?,Yes
109,30,agent-properties,28,negation,1,Chao is in the shop. Chao sees the bed inside.,Does Chao believe that the bed is in the shop?,Yes
110,30,agent-properties,28,negation,2,Chao is in the shop. Chao doesn't see the bed inside.,Does Chao believe that the bed is in the shop?,No
111,30,agent-properties,28,negation,1,Chao is in the shop. Chao sees the bed inside.,Does Chao doubt that the bed is in the shop?,No
112,30,agent-properties,28,negation,2,Chao is in the shop. Chao doesn't see the bed inside.,Does Chao doubt that the bed is in the shop?,Yes
113,31,agent-properties,29,antonym,1,Chao is in the shop. Chao sees the wheel inside.,Does Chao believe that the wheel is in the shop?,Yes
114,31,agent-properties,29,antonym,2,Chao is in the shop. Chao sees the wheel outside.,Does Chao believe that the wheel is in the shop?,No
115,31,agent-properties,29,antonym,1,Chao is in the shop. Chao sees the wheel inside.,Does Chao doubt that the wheel is in the shop?,No
116,31,agent-properties,29,antonym,2,Chao is in the shop. Chao sees the wheel outside.,Does Chao doubt that the wheel is in the shop?,Yes
117,32,agent-properties,30,antonym,1,"Chao recently saw the wheel inside the shop. Earlier, Chao saw the wheel inside the zoo.",Does Chao believe that the wheel is in the shop?,Yes
118,32,agent-properties,30,antonym,2,"Chao recently saw the wheel inside the shop. Later, Chao saw the wheel inside the zoo.",Does Chao believe that the wheel is in the shop?,No
119,32,agent-properties,30,antonym,1,"Chao recently saw the wheel inside the shop. Earlier, Chao saw the wheel inside the zoo.",Does Chao doubt that the wheel is in the shop?,No
120,32,agent-properties,30,antonym,2,"Chao recently saw the wheel inside the shop. Later, Chao saw the wheel inside the zoo.",Does Chao doubt that the wheel is in the shop?,Yes
121,33,agent-properties,31,antonym,1,Chao moved the wheel inside the shop.,Does Chao believe that the wheel is in the shop?,Yes
122,33,agent-properties,31,antonym,2,Chao moved the wheel outside the shop.,Does Chao believe that the wheel is in the shop?,No
123,33,agent-properties,31,antonym,1,Chao moved the wheel inside the shop.,Does Chao doubt that the wheel is in the shop?,No
124,33,agent-properties,31,antonym,2,Chao moved the wheel outside the shop.,Does Chao doubt that the wheel is in the shop?,Yes
125,34,agent-properties,32,other,1,"The wheel is in the shop. Then, Chao sees that the wheel is moved to the other side of the shop.",Does Chao believe that the wheel is in the shop?,Yes
126,34,agent-properties,32,other,2,"The wheel is in the shop. Then, Chao sees that the wheel is removed from the shop.",Does Chao believe that the wheel is in the shop?,No
127,34,agent-properties,32,other,1,"The wheel is in the shop. Then, Chao sees that the wheel is moved to the other side of the shop.",Does Chao doubt that the wheel is in the shop?,No
128,34,agent-properties,32,other,2,"The wheel is in the shop. Then, Chao sees that the wheel is removed from the shop.",Does Chao doubt that the wheel is in the shop?,Yes
129,35,agent-properties,33,antonym,1,Chao has learned that the wheel was moved to the shop.,Does Chao believe that the wheel is in the shop?,Yes
130,35,agent-properties,33,antonym,2,Chao has learned that the wheel was moved from the shop.,Does Chao believe that the wheel is in the shop?,No
131,35,agent-properties,33,antonym,1,Chao has learned that the wheel was moved to the shop.,Does Chao doubt that the wheel is in the shop?,No
132,35,agent-properties,33,antonym,2,Chao has learned that the wheel was moved from the shop.,Does Chao doubt that the wheel is in the shop?,Yes
133,36,agent-properties,34,antonym,1,Chao was mistakenly informed that the wheel was moved to the shop.,Does Chao believe that the wheel is in the shop?,Yes
134,36,agent-properties,34,antonym,2,Chao was mistakenly informed that the wheel was moved from the shop.,Does Chao believe that the wheel is in the shop?,No
135,36,agent-properties,34,antonym,1,Chao was mistakenly informed that the wheel was moved to the shop.,Does Chao doubt that the wheel is in the shop?,No
136,36,agent-properties,34,antonym,2,Chao was mistakenly informed that the wheel was moved from the shop.,Does Chao doubt that the wheel is in the shop?,Yes
137,37,agent-properties,35,antonym,1,Yan successfully lied to Chao that the wheel was moved to the shop.,Does Chao believe that the wheel is in the shop?,Yes
138,37,agent-properties,35,antonym,2,Yan successfully lied to Chao that the wheel was moved from the shop.,Does Chao believe that the wheel is in the shop?,No
139,37,agent-properties,35,antonym,1,Yan successfully lied to Chao that the wheel was moved to the shop.,Does Chao doubt that the wheel is in the shop?,No
140,37,agent-properties,35,antonym,2,Yan successfully lied to Chao that the wheel was moved from the shop.,Does Chao doubt that the wheel is in the shop?,Yes
142,37,agent-properties,36,variable swap,2,Chao successfully lied to Yan that the wheel was moved to the shop.,Does Chao believe that the wheel is in the shop?,No
144,37,agent-properties,36,variable swap,2,Chao successfully lied to Yan that the wheel was moved to the shop.,Does Chao doubt that the wheel is in the shop?,Yes
145,37,agent-properties,37,variable swap,1,Chao successfully lied to Yan that the wheel was moved from the shop.,Does Chao believe that the wheel is in the shop?,Yes
147,37,agent-properties,37,variable swap,1,Chao successfully lied to Yan that the wheel was moved from the shop.,Does Chao doubt that the wheel is in the shop?,No
149,38,agent-properties,38,antonym,1,Chao wishes that the wheel was moved from the shop.,Does Chao believe that the wheel is in the shop?,Yes
150,38,agent-properties,38,antonym,2,Chao wishes that the wheel was moved to the shop.,Does Chao believe that the wheel is in the shop?,No
151,38,agent-properties,38,antonym,1,Chao wishes that the wheel was moved from the shop.,Does Chao doubt that the wheel is in the shop?,No
152,38,agent-properties,38,antonym,2,Chao wishes that the wheel was moved to the shop.,Does Chao doubt that the wheel is in the shop?,Yes
153,39,agent-properties,39,other,1,Chao sees that the wheel is in the shop.,Does Chao believe that the wheel is in the shop?,Yes
154,39,agent-properties,39,other,2,Chao pretends that the wheel is in the shop.,Does Chao believe that the wheel is in the shop?,No
155,39,agent-properties,39,other,1,Chao sees that the wheel is in the shop.,Does Chao imagine that the wheel is in the shop?,No
156,39,agent-properties,39,other,2,Chao pretends that the wheel is in the shop.,Does Chao imagine that the wheel is in the shop?,Yes
157,40,agent-properties,40,negation,1,Chao knows that the wheel is in the shop.,Does Chao believe that the wheel is in the shop?,Yes
158,40,agent-properties,40,negation,2,Chao knows that the wheel is not in the shop.,Does Chao believe that the wheel is in the shop?,No
159,40,agent-properties,40,negation,1,Chao knows that the wheel is in the shop.,Does Chao imagine that the wheel is in the shop?,No
160,40,agent-properties,40,negation,2,Chao knows that the wheel is not in the shop.,Does Chao imagine that the wheel is in the shop?,Yes
161,41,agent-properties,41,antonym,1,"When choosing between playing football and playing pool, Chao always decides in favor of playing football.",Does Chao prefer football over pool?,Yes
162,41,agent-properties,41,antonym,2,"When choosing between playing football and playing pool, Chao always decides against playing football.",Does Chao prefer football over pool?,No
163,41,agent-properties,41,antonym,1,"When choosing between playing football and playing pool, Chao always decides in favor of playing football.",Does Chao prefer pool over football?,No
164,41,agent-properties,41,antonym,2,"When choosing between playing football and playing pool, Chao always decides against playing football.",Does Chao prefer pool over football?,Yes
165,42,agent-properties,42,game,1,"When choosing between playing football and playing pool, Chao always decides to play football.",Does Chao prefer football over pool?,Yes
166,42,agent-properties,42,game,2,"When choosing between playing football and playing pool, Chao always decides to play pool.",Does Chao prefer football over pool?,No
167,42,agent-properties,42,game,1,"When choosing between playing football and playing pool, Chao always decides to play football.",Does Chao prefer pool over football?,No
168,42,agent-properties,42,game,2,"When choosing between playing football and playing pool, Chao always decides to play pool.",Does Chao prefer pool over football?,Yes
169,43,agent-properties,43,game,1,"When choosing between playing football and playing pool, Chao decides against playing pool.",Does Chao prefer football over pool?,Yes
170,43,agent-properties,43,game,2,"When choosing between playing football and playing pool, Chao decides against playing football.",Does Chao prefer football over pool?,No
171,43,agent-properties,43,game,1,"When choosing between playing football and playing pool, Chao decides against playing pool.",Does Chao prefer pool over football?,No
172,43,agent-properties,43,game,2,"When choosing between playing football and playing pool, Chao decides against playing football.",Does Chao prefer pool over football?,Yes
173,44,agent-properties,44,antonym,1,Chao likes the wheel more than the truck.,Does Chao prefer the wheel over the truck?,Yes
174,44,agent-properties,44,antonym,2,Chao likes the wheel less than the truck.,Does Chao prefer the wheel over the truck?,No
175,44,agent-properties,44,antonym,1,Chao likes the wheel more than the truck.,Does Chao prefer the truck over the wheel?,No
176,44,agent-properties,44,antonym,2,Chao likes the wheel less than the truck.,Does Chao prefer the truck over the wheel?,Yes
178,44,agent-properties,45,variable swap,2,Chao likes the truck more than the wheel.,Does Chao prefer the wheel over the truck?,No
180,44,agent-properties,45,variable swap,2,Chao likes the truck more than the wheel.,Does Chao prefer the truck over the wheel?,Yes
181,44,agent-properties,46,variable swap,1,Chao likes the truck less than the wheel.,Does Chao prefer the wheel over the truck?,Yes
183,44,agent-properties,46,variable swap,1,Chao likes the truck less than the wheel.,Does Chao prefer the truck over the wheel?,No
185,45,agent-properties,47,antonym,1,Chao hates the wheel less than the truck.,Does Chao prefer the wheel over the truck?,Yes
186,45,agent-properties,47,antonym,2,Chao hates the wheel more than the truck.,Does Chao prefer the wheel over the truck?,No
187,45,agent-properties,47,antonym,1,Chao hates the wheel less than the truck.,Does Chao prefer the truck over the wheel?,No
188,45,agent-properties,47,antonym,2,Chao hates the wheel more than the truck.,Does Chao prefer the truck over the wheel?,Yes
190,45,agent-properties,48,variable swap,2,Chao hates the truck less than the wheel.,Does Chao prefer the wheel over the truck?,No
192,45,agent-properties,48,variable swap,2,Chao hates the truck less than the wheel.,Does Chao prefer the truck over the wheel?,Yes
193,45,agent-properties,49,variable swap,1,Chao hates the truck more than the wheel.,Does Chao prefer the wheel over the truck?,Yes
195,45,agent-properties,49,variable swap,1,Chao hates the truck more than the wheel.,Does Chao prefer the truck over the wheel?,No
197,46,agent-properties,50,antonym,1,Chao always chooses the wheel over the truck.,Does Chao prefer the wheel over the truck?,Yes
198,46,agent-properties,50,antonym,2,Chao never chooses the wheel over the truck.,Does Chao prefer the wheel over the truck?,No
199,46,agent-properties,50,antonym,1,Chao always chooses the wheel over the truck.,Does Chao prefer the truck over the wheel?,No
200,46,agent-properties,50,antonym,2,Chao never chooses the wheel over the truck.,Does Chao prefer the truck over the wheel?,Yes
202,46,agent-properties,51,variable swap,2,Chao always chooses the truck over the wheel.,Does Chao prefer the wheel over the truck?,No
204,46,agent-properties,51,variable swap,2,Chao always chooses the truck over the wheel.,Does Chao prefer the truck over the wheel?,Yes
205,46,agent-properties,52,variable swap,1,Chao never chooses the truck over the wheel.,Does Chao prefer the wheel over the truck?,Yes
207,46,agent-properties,52,variable swap,1,Chao never chooses the truck over the wheel.,Does Chao prefer the truck over the wheel?,No
209,47,agent-properties,53,antonym,1,"When presented with the wheel and the truck, Chao reached for the wheel but not the truck.",Does Chao prefer the wheel over the truck?,Yes
210,47,agent-properties,53,antonym,2,"When presented with the wheel and the truck, Chao avoided the wheel but not the truck.",Does Chao prefer the wheel over the truck?,No
211,47,agent-properties,53,antonym,1,"When presented with the wheel and the truck, Chao reached for the wheel but not the truck.",Does Chao prefer the truck over the wheel?,No
212,47,agent-properties,53,antonym,2,"When presented with the wheel and the truck, Chao avoided the wheel but not the truck.",Does Chao prefer the truck over the wheel?,Yes
214,47,agent-properties,54,variable swap,2,"When presented with the truck and the wheel, Chao reached for the truck but not the wheel.",Does Chao prefer the wheel over the truck?,No
216,47,agent-properties,54,variable swap,2,"When presented with the truck and the wheel, Chao reached for the truck but not the wheel.",Does Chao prefer the truck over the wheel?,Yes
217,47,agent-properties,55,variable swap,1,"When presented with the truck and the wheel, Chao avoided the truck but not the wheel.",Does Chao prefer the wheel over the truck?,Yes
219,47,agent-properties,55,variable swap,1,"When presented with the truck and the wheel, Chao avoided the truck but not the wheel.",Does Chao prefer the truck over the wheel?,No
221,48,agent-properties,56,antonym,1,"When presented with the wheel and the truck, Chao decided to get the wheel but not the truck.",Does Chao prefer the wheel over the truck?,Yes
222,48,agent-properties,56,antonym,2,"When presented with the wheel and the truck, Chao decided to leave the wheel but not the truck.",Does Chao prefer the wheel over the truck?,No
223,48,agent-properties,56,antonym,1,"When presented with the wheel and the truck, Chao decided to get the wheel but not the truck.",Does Chao prefer the truck over the wheel?,No
224,48,agent-properties,56,antonym,2,"When presented with the wheel and the truck, Chao decided to leave the wheel but not the truck.",Does Chao prefer the truck over the wheel?,Yes
226,48,agent-properties,57,variable swap,2,"When presented with the truck and the wheel, Chao decided to get the truck but not the wheel.",Does Chao prefer the wheel over the truck?,No
228,48,agent-properties,57,variable swap,2,"When presented with the truck and the wheel, Chao decided to get the truck but not the wheel.",Does Chao prefer the truck over the wheel?,Yes
229,48,agent-properties,58,variable swap,1,"When presented with the truck and the wheel, Chao decided to leave the truck but not the wheel.",Does Chao prefer the wheel over the truck?,Yes
231,48,agent-properties,58,variable swap,1,"When presented with the truck and the wheel, Chao decided to leave the truck but not the wheel.",Does Chao prefer the truck over the wheel?,No
233,49,agent-properties,59,antonym,1,"When presented with the wheel and the truck, Chao moved toward the wheel but not the truck.",Does Chao prefer the wheel over the truck?,Yes
234,49,agent-properties,59,antonym,2,"When presented with the wheel and the truck, Chao moved away from the wheel but not the truck.",Does Chao prefer the wheel over the truck?,No
235,49,agent-properties,59,antonym,1,"When presented with the wheel and the truck, Chao moved toward the wheel but not the truck.",Does Chao prefer the truck over the wheel?,No
236,49,agent-properties,59,antonym,2,"When presented with the wheel and the truck, Chao moved away from the wheel but not the truck.",Does Chao prefer the truck over the wheel?,Yes
238,49,agent-properties,60,variable swap,2,"When presented with the truck and the wheel, Chao moved toward the truck but not the wheel.",Does Chao prefer the wheel over the truck?,No
240,49,agent-properties,60,variable swap,2,"When presented with the truck and the wheel, Chao moved toward the truck but not the wheel.",Does Chao prefer the truck over the wheel?,Yes
241,49,agent-properties,61,variable swap,1,"When presented with the truck and the wheel, Chao moved away from the truck but not the wheel.",Does Chao prefer the wheel over the truck?,Yes
243,49,agent-properties,61,variable swap,1,"When presented with the truck and the wheel, Chao moved away from the truck but not the wheel.",Does Chao prefer the truck over the wheel?,No
245,50,agent-properties,62,antonym,1,"Upon seeing Yan and Ali, Chao started walking towards Yan but not Ali.",Does Chao prefer Yan over Ali?,Yes
246,50,agent-properties,62,antonym,2,"Upon seeing Yan and Ali, Chao started walking away from Yan but not Ali.",Does Chao prefer Yan over Ali?,No
247,50,agent-properties,62,antonym,1,"Upon seeing Yan and Ali, Chao started walking towards Yan but not Ali.",Does Chao prefer Ali over Yan?,No
248,50,agent-properties,62,antonym,2,"Upon seeing Yan and Ali, Chao started walking away from Yan but not Ali.",Does Chao prefer Ali over Yan?,Yes
250,50,agent-properties,63,variable swap,2,"Upon seeing Ali and Yan, Chao started walking towards Ali but not Yan.",Does Chao prefer Yan over Ali?,No
252,50,agent-properties,63,variable swap,2,"Upon seeing Ali and Yan, Chao started walking towards Ali but not Yan.",Does Chao prefer Ali over Yan?,Yes
253,50,agent-properties,64,variable swap,1,"Upon seeing Ali and Yan, Chao started walking away from Ali but not Yan.",Does Chao prefer Yan over Ali?,Yes
255,50,agent-properties,64,variable swap,1,"Upon seeing Ali and Yan, Chao started walking away from Ali but not Yan.",Does Chao prefer Ali over Yan?,No
257,51,agent-properties,65,antonym,1,Chao decided to talk to Yan but not Ali.,Does Chao prefer Yan over Ali?,Yes
258,51,agent-properties,65,antonym,2,Chao decided to avoid Yan but not Ali.,Does Chao prefer Yan over Ali?,No
259,51,agent-properties,65,antonym,1,Chao decided to talk to Yan but not Ali.,Does Chao prefer Ali over Yan?,No
260,51,agent-properties,65,antonym,2,Chao decided to avoid Yan but not Ali.,Does Chao prefer Ali over Yan?,Yes
262,51,agent-properties,66,variable swap,2,Chao decided to talk to Ali but not Yan.,Does Chao prefer Yan over Ali?,No
264,51,agent-properties,66,variable swap,2,Chao decided to talk to Ali but not Yan.,Does Chao prefer Ali over Yan?,Yes
265,51,agent-properties,67,variable swap,1,Chao decided to avoid Ali but not Yan.,Does Chao prefer Yan over Ali?,Yes
267,51,agent-properties,67,variable swap,1,Chao decided to avoid Ali but not Yan.,Does Chao prefer Ali over Yan?,No
269,52,agent-properties,68,antonym,1,"When presented with the choice between the wheel and the truck, Chao randomly chose the wheel.",Does Chao ha no preference for the wheel over the truck?,Yes
270,52,agent-properties,68,antonym,2,"When presented with the choice between the wheel and the truck, Chao intentionally chose the wheel.",Does Chao ha no preference for the wheel over the truck?,No
271,52,agent-properties,68,antonym,1,"When presented with the choice between the wheel and the truck, Chao randomly chose the wheel.",Does Chao prefer the wheel over the truck?,No
272,52,agent-properties,68,antonym,2,"When presented with the choice between the wheel and the truck, Chao intentionally chose the wheel.",Does Chao prefer the wheel over the truck?,Yes
273,53,agent-properties,69,antonym,1,"When presented with the choice between the wheel and the truck, Chao flipped a coin and then chose the wheel.",Does Chao ha no preference for the wheel over the truck?,Yes
274,53,agent-properties,69,antonym,2,"When presented with the choice between the wheel and the truck, Chao deliberated and then chose the wheel.",Does Chao ha no preference for the wheel over the truck?,No
275,53,agent-properties,69,antonym,1,"When presented with the choice between the wheel and the truck, Chao flipped a coin and then chose the wheel.",Does Chao prefer the wheel over the truck?,No
276,53,agent-properties,69,antonym,2,"When presented with the choice between the wheel and the truck, Chao deliberated and then chose the wheel.",Does Chao prefer the wheel over the truck?,Yes
277,54,agent-properties,70,antonym,1,Chao decides in favor of playing football.,Does Chao intend to play football?,Yes
278,54,agent-properties,70,antonym,2,Chao decides against playing football.,Does Chao intend to play football?,No
279,54,agent-properties,70,antonym,1,Chao decides in favor of playing football.,Does Chao not intend to play football?,No
280,54,agent-properties,70,antonym,2,Chao decides against playing football.,Does Chao not intend to play football?,Yes
281,55,agent-properties,71,antonym,1,Chao has decided in favor of getting the wheel.,Does Chao intend to get the wheel?,Yes
282,55,agent-properties,71,antonym,2,Chao has decided against getting the wheel.,Does Chao intend to get the wheel?,No
283,55,agent-properties,71,antonym,1,Chao has decided in favor of getting the wheel.,Does Chao not intend to get the wheel?,No
284,55,agent-properties,71,antonym,2,Chao has decided against getting the wheel.,Does Chao not intend to get the wheel?,Yes
285,56,agent-properties,72,antonym,1,Chao is moving toward the wheel.,Does Chao intend to get the wheel?,Yes
286,56,agent-properties,72,antonym,2,Chao is moving away from the wheel.,Does Chao intend to get the wheel?,No
287,56,agent-properties,72,antonym,1,Chao is moving toward the wheel.,Does Chao not intend to get the wheel?,No
288,56,agent-properties,72,antonym,2,Chao is moving away from the wheel.,Does Chao not intend to get the wheel?,Yes
290,57,agent-properties,73,other,2,Chao is moving past the wheel.,Does Chao intend to get the wheel?,No
292,57,agent-properties,73,other,2,Chao is moving past the wheel.,Does Chao not intend to get the wheel?,Yes
293,58,agent-properties,74,other,1,Chao is reaching for the wheel.,Does Chao intend to get the wheel?,Yes
294,58,agent-properties,74,other,2,Chao is turning away from the wheel.,Does Chao intend to get the wheel?,No
295,58,agent-properties,74,other,1,Chao is reaching for the wheel.,Does Chao not intend to get the wheel?,No
296,58,agent-properties,74,other,2,Chao is turning away from the wheel.,Does Chao not intend to get the wheel?,Yes
297,59,agent-properties,75,antonym,1,Chao is deliberately moving toward the wheel.,Does Chao intend to get the wheel?,Yes
298,59,agent-properties,75,antonym,2,Chao is inadvertently moving toward the wheel.,Does Chao intend to get the wheel?,No
299,59,agent-properties,75,antonym,1,Chao is deliberately moving toward the wheel.,Does Chao not intend to get the wheel?,No
300,59,agent-properties,75,antonym,2,Chao is inadvertently moving toward the wheel.,Does Chao not intend to get the wheel?,Yes
301,60,agent-properties,76,antonym,1,Chao is knowingly moving toward the wheel.,Does Chao intend to get the wheel?,Yes
302,60,agent-properties,76,antonym,2,Chao is unknowingly moving toward the wheel.,Does Chao intend to get the wheel?,No
303,60,agent-properties,76,antonym,1,Chao is knowingly moving toward the wheel.,Does Chao not intend to get the wheel?,No
304,60,agent-properties,76,antonym,2,Chao is unknowingly moving toward the wheel.,Does Chao not intend to get the wheel?,Yes
305,61,agent-properties,77,other,1,"In the store, Chao asks about the wheel.",Does Chao intend to get the wheel?,Yes
306,61,agent-properties,77,other,2,"In the store, Chao walks past the wheel.",Does Chao intend to get the wheel?,No
307,61,agent-properties,77,other,1,"In the store, Chao asks about the wheel.",Does Chao not intend to get the wheel?,No
308,61,agent-properties,77,other,2,"In the store, Chao walks past the wheel.",Does Chao not intend to get the wheel?,Yes
309,62,agent-properties,78,antonym,1,Chao has decided in favor of speaking to Yan.,Does Chao intend to interact with Yan?,Yes
310,62,agent-properties,78,antonym,2,Chao has decided against speaking to Yan.,Does Chao intend to interact with Yan?,No
311,62,agent-properties,78,antonym,1,Chao has decided in favor of speaking to Yan.,Does Chao not intend to interact with Yan?,No
312,62,agent-properties,78,antonym,2,Chao has decided against speaking to Yan.,Does Chao not intend to interact with Yan?,Yes
313,63,agent-properties,79,antonym,1,Chao is deliberately moving toward Yan.,Does Chao intend to interact with Yan?,Yes
314,63,agent-properties,79,antonym,2,Chao is inadvertently moving toward Yan.,Does Chao intend to interact with Yan?,No
315,63,agent-properties,79,antonym,1,Chao is deliberately moving toward Yan.,Does Chao not intend to interact with Yan?,No
316,63,agent-properties,79,antonym,2,Chao is inadvertently moving toward Yan.,Does Chao not intend to interact with Yan?,Yes
317,64,agent-properties,80,antonym,1,Chao is knowingly moving toward Yan.,Does Chao intend to interact with Yan?,Yes
318,64,agent-properties,80,antonym,2,Chao is unknowingly moving toward Yan.,Does Chao intend to interact with Yan?,No
319,64,agent-properties,80,antonym,1,Chao is knowingly moving toward Yan.,Does Chao not intend to interact with Yan?,No
320,64,agent-properties,80,antonym,2,Chao is unknowingly moving toward Yan.,Does Chao not intend to interact with Yan?,Yes
321,65,agent-properties,81,antonym,1,Chao is moving toward Yan.,Does Chao intend to interact with Yan?,Yes
322,65,agent-properties,81,antonym,2,Chao is moving away from Yan.,Does Chao intend to interact with Yan?,No
323,65,agent-properties,81,antonym,1,Chao is moving toward Yan.,Does Chao not intend to interact with Yan?,No
324,65,agent-properties,81,antonym,2,Chao is moving away from Yan.,Does Chao not intend to interact with Yan?,Yes
326,66,agent-properties,82,other,2,Chao is moving past Yan.,Does Chao intend to interact with Yan?,No
328,66,agent-properties,82,other,2,Chao is moving past Yan.,Does Chao not intend to interact with Yan?,Yes
329,67,agent-properties,83,antonym,1,Chao is starting a conversation with Yan.,Does Chao intend to interact with Yan?,Yes
330,67,agent-properties,83,antonym,2,Chao is ending a conversation with Yan.,Does Chao intend to interact with Yan?,No
331,67,agent-properties,83,antonym,1,Chao is starting a conversation with Yan.,Does Chao not intend to interact with Yan?,No
332,67,agent-properties,83,antonym,2,Chao is ending a conversation with Yan.,Does Chao not intend to interact with Yan?,Yes
333,68,agent-properties,84,negation,1,Chao is trying to win a game of football.,Does Chao make an effort to play football?,Yes
334,68,agent-properties,84,negation,2,Chao is not trying to win a game of football.,Does Chao make an effort to play football?,No
335,68,agent-properties,84,negation,1,Chao is trying to win a game of football.,Does Chao make no effort to play football?,No
336,68,agent-properties,84,negation,2,Chao is not trying to win a game of football.,Does Chao make no effort to play football?,Yes
337,69,agent-properties,85,negation,1,Chao wants to play football.,Does Chao make an effort to play football?,Yes
338,69,agent-properties,85,negation,2,Chao doesn't want to play football.,Does Chao make an effort to play football?,No
339,69,agent-properties,85,negation,1,Chao wants to play football.,Does Chao make no effort to play football?,No
340,69,agent-properties,85,negation,2,Chao doesn't want to play football.,Does Chao make no effort to play football?,Yes
341,70,agent-properties,86,antonym,1,Chao has decided in favor of playing football.,Does Chao make an effort to play football?,Yes
342,70,agent-properties,86,antonym,2,Chao has decided against playing football.,Does Chao make an effort to play football?,No
343,70,agent-properties,86,antonym,1,Chao has decided in favor of playing football.,Does Chao make no effort to play football?,No
344,70,agent-properties,86,antonym,2,Chao has decided against playing football.,Does Chao make no effort to play football?,Yes
345,71,agent-properties,87,negation,1,Chao is trying to get the wheel.,Does Chao make an effort to get the wheel?,Yes
346,71,agent-properties,87,negation,2,Chao is not trying to get the wheel.,Does Chao make an effort to get the wheel?,No
347,71,agent-properties,87,negation,1,Chao is trying to get the wheel.,Does Chao make no effort to get the wheel?,No
348,71,agent-properties,87,negation,2,Chao is not trying to get the wheel.,Does Chao make no effort to get the wheel?,Yes
349,72,agent-properties,88,negation,1,Chao wants the wheel.,Does Chao make an effort to get the wheel?,Yes
350,72,agent-properties,88,negation,2,Chao doesn't want the wheel.,Does Chao make an effort to get the wheel?,No
351,72,agent-properties,88,negation,1,Chao wants the wheel.,Does Chao make no effort to get the wheel?,No
352,72,agent-properties,88,negation,2,Chao doesn't want the wheel.,Does Chao make no effort to get the wheel?,Yes
353,73,agent-properties,89,antonym,1,Chao has decided in favor of getting the wheel.,Does Chao make an effort to get the wheel?,Yes
354,73,agent-properties,89,antonym,2,Chao has decided against getting the wheel.,Does Chao make an effort to get the wheel?,No
355,73,agent-properties,89,antonym,1,Chao has decided in favor of getting the wheel.,Does Chao make no effort to get the wheel?,No
356,73,agent-properties,89,antonym,2,Chao has decided against getting the wheel.,Does Chao make no effort to get the wheel?,Yes
357,74,agent-properties,90,antonym,1,Chao deliberately approaches Yan.,Does Chao make an effort to interact with Yan?,Yes
358,74,agent-properties,90,antonym,2,Chao accidentally approaches Yan.,Does Chao make an effort to interact with Yan?,No
359,74,agent-properties,90,antonym,1,Chao deliberately approaches Yan.,Does Chao make no effort to interact with Yan?,No
360,74,agent-properties,90,antonym,2,Chao accidentally approaches Yan.,Does Chao make no effort to interact with Yan?,Yes
361,75,agent-properties,91,antonym,1,Chao wants to see Yan.,Does Chao make an effort to interact with Yan?,Yes
362,75,agent-properties,91,antonym,2,Chao wants to avoid Yan.,Does Chao make an effort to interact with Yan?,No
363,75,agent-properties,91,antonym,1,Chao wants to see Yan.,Does Chao make no effort to interact with Yan?,No
364,75,agent-properties,91,antonym,2,Chao wants to avoid Yan.,Does Chao make no effort to interact with Yan?,Yes
365,76,agent-properties,92,antonym,1,Chao has decided in favor of speaking to Yan.,Does Chao make an effort to interact with Yan?,Yes
366,76,agent-properties,92,antonym,2,Chao has decided against speaking to Yan.,Does Chao make an effort to interact with Yan?,No
367,76,agent-properties,92,antonym,1,Chao has decided in favor of speaking to Yan.,Does Chao make no effort to interact with Yan?,No
368,76,agent-properties,92,antonym,2,Chao has decided against speaking to Yan.,Does Chao make no effort to interact with Yan?,Yes
369,77,agent-properties,93,antonym,1,Chao is more intent on playing football than on playing pool.,Does Chao make more effort to play football than to play pool?,Yes
370,77,agent-properties,93,antonym,2,Chao is less intent on playing football than on playing pool.,Does Chao make more effort to play football than to play pool?,No
371,77,agent-properties,93,antonym,1,Chao is more intent on playing football than on playing pool.,Does Chao make less effort to play football than to play pool?,No
372,77,agent-properties,93,antonym,2,Chao is less intent on playing football than on playing pool.,Does Chao make less effort to play football than to play pool?,Yes
374,77,agent-properties,94,variable swap,2,Chao is more intent on playing pool than on playing football.,Does Chao make more effort to play football than to play pool?,No
376,77,agent-properties,94,variable swap,2,Chao is more intent on playing pool than on playing football.,Does Chao make less effort to play football than to play pool?,Yes
377,77,agent-properties,95,variable swap,1,Chao is less intent on playing pool than on playing football.,Does Chao make more effort to play football than to play pool?,Yes
379,77,agent-properties,95,variable swap,1,Chao is less intent on playing pool than on playing football.,Does Chao make less effort to play football than to play pool?,No
383,77,agent-properties,96,antonym,1,Chao is more intent on playing football than on playing pool.,Does Chao make more effort to play pool than to play football?,No
384,77,agent-properties,96,antonym,2,Chao is less intent on playing football than on playing pool.,Does Chao make more effort to play pool than to play football?,Yes
388,77,agent-properties,97,variable swap,2,Chao is more intent on playing pool than on playing football.,Does Chao make more effort to play pool than to play football?,Yes
391,77,agent-properties,98,variable swap,1,Chao is less intent on playing pool than on playing football.,Does Chao make more effort to play pool than to play football?,No
393,77,agent-properties,99,antonym,1,Chao is more intent on playing football than on playing pool.,Does Chao make less effort to play pool than to play football?,Yes
394,77,agent-properties,99,antonym,2,Chao is less intent on playing football than on playing pool.,Does Chao make less effort to play pool than to play football?,No
398,77,agent-properties,100,variable swap,2,Chao is more intent on playing pool than on playing football.,Does Chao make less effort to play pool than to play football?,No
401,77,agent-properties,101,variable swap,1,Chao is less intent on playing pool than on playing football.,Does Chao make less effort to play pool than to play football?,Yes
405,78,agent-properties,102,antonym,1,Chao is less hesitant to play football than to play pool.,Does Chao make more effort to play football than to play pool?,Yes
406,78,agent-properties,102,antonym,2,Chao is more hesitant to play football than to play pool.,Does Chao make more effort to play football than to play pool?,No
407,78,agent-properties,102,antonym,1,Chao is less hesitant to play football than to play pool.,Does Chao make less effort to play football than to play pool?,No
408,78,agent-properties,102,antonym,2,Chao is more hesitant to play football than to play pool.,Does Chao make less effort to play football than to play pool?,Yes
410,78,agent-properties,103,variable swap,2,Chao is less hesitant to play pool than to play football.,Does Chao make more effort to play football than to play pool?,No
412,78,agent-properties,103,variable swap,2,Chao is less hesitant to play pool than to play football.,Does Chao make less effort to play football than to play pool?,Yes
413,78,agent-properties,104,variable swap,1,Chao is more hesitant to play pool than to play football.,Does Chao make more effort to play football than to play pool?,Yes
415,78,agent-properties,104,variable swap,1,Chao is more hesitant to play pool than to play football.,Does Chao make less effort to play football than to play pool?,No
419,78,agent-properties,105,antonym,1,Chao is less hesitant to play football than to play pool.,Does Chao make more effort to play pool than to play football?,No
420,78,agent-properties,105,antonym,2,Chao is more hesitant to play football than to play pool.,Does Chao make more effort to play pool than to play football?,Yes
424,78,agent-properties,106,variable swap,2,Chao is less hesitant to play pool than to play football.,Does Chao make more effort to play pool than to play football?,Yes
427,78,agent-properties,107,variable swap,1,Chao is more hesitant to play pool than to play football.,Does Chao make more effort to play pool than to play football?,No
429,78,agent-properties,108,antonym,1,Chao is less hesitant to play football than to play pool.,Does Chao make less effort to play pool than to play football?,Yes
430,78,agent-properties,108,antonym,2,Chao is more hesitant to play football than to play pool.,Does Chao make less effort to play pool than to play football?,No
434,78,agent-properties,109,variable swap,2,Chao is less hesitant to play pool than to play football.,Does Chao make less effort to play pool than to play football?,No
437,78,agent-properties,110,variable swap,1,Chao is more hesitant to play pool than to play football.,Does Chao make less effort to play pool than to play football?,Yes
441,79,agent-properties,111,antonym,1,Chao hates playing football less than playing pool.,Does Chao make more effort to play football than to play pool?,Yes
442,79,agent-properties,111,antonym,2,Chao hates playing football more than playing pool.,Does Chao make more effort to play football than to play pool?,No
443,79,agent-properties,111,antonym,1,Chao hates playing football less than playing pool.,Does Chao make less effort to play football than to play pool?,No
444,79,agent-properties,111,antonym,2,Chao hates playing football more than playing pool.,Does Chao make less effort to play football than to play pool?,Yes
446,79,agent-properties,112,variable swap,2,Chao hates playing pool less than playing football.,Does Chao make more effort to play football than to play pool?,No
448,79,agent-properties,112,variable swap,2,Chao hates playing pool less than playing football.,Does Chao make less effort to play football than to play pool?,Yes
449,79,agent-properties,113,variable swap,1,Chao hates playing pool more than playing football.,Does Chao make more effort to play football than to play pool?,Yes
451,79,agent-properties,113,variable swap,1,Chao hates playing pool more than playing football.,Does Chao make less effort to play football than to play pool?,No
455,79,agent-properties,114,antonym,1,Chao hates playing football less than playing pool.,Does Chao make more effort to play pool than to play football?,No
456,79,agent-properties,114,antonym,2,Chao hates playing football more than playing pool.,Does Chao make more effort to play pool than to play football?,Yes
460,79,agent-properties,115,variable swap,2,Chao hates playing pool less than playing football.,Does Chao make more effort to play pool than to play football?,Yes
463,79,agent-properties,116,variable swap,1,Chao hates playing pool more than playing football.,Does Chao make more effort to play pool than to play football?,No
465,79,agent-properties,117,antonym,1,Chao hates playing football less than playing pool.,Does Chao make less effort to play pool than to play football?,Yes
466,79,agent-properties,117,antonym,2,Chao hates playing football more than playing pool.,Does Chao make less effort to play pool than to play football?,No
470,79,agent-properties,118,variable swap,2,Chao hates playing pool less than playing football.,Does Chao make less effort to play pool than to play football?,No
473,79,agent-properties,119,variable swap,1,Chao hates playing pool more than playing football.,Does Chao make less effort to play pool than to play football?,Yes
477,80,agent-properties,120,antonym,1,Chao is more intent on getting the wheel than getting the truck.,Does Chao make more effort to get the wheel than to get the truck?,Yes
478,80,agent-properties,120,antonym,2,Chao is less intent on getting the wheel than getting the truck.,Does Chao make more effort to get the wheel than to get the truck?,No
479,80,agent-properties,120,antonym,1,Chao is more intent on getting the wheel than getting the truck.,Does Chao make less effort to get the wheel than to get the truck?,No
480,80,agent-properties,120,antonym,2,Chao is less intent on getting the wheel than getting the truck.,Does Chao make less effort to get the wheel than to get the truck?,Yes
482,80,agent-properties,121,variable swap,2,Chao is more intent on getting the truck than getting the wheel.,Does Chao make more effort to get the wheel than to get the truck?,No
484,80,agent-properties,121,variable swap,2,Chao is more intent on getting the truck than getting the wheel.,Does Chao make less effort to get the wheel than to get the truck?,Yes
485,80,agent-properties,122,variable swap,1,Chao is less intent on getting the truck than getting the wheel.,Does Chao make more effort to get the wheel than to get the truck?,Yes
487,80,agent-properties,122,variable swap,1,Chao is less intent on getting the truck than getting the wheel.,Does Chao make less effort to get the wheel than to get the truck?,No
491,80,agent-properties,123,antonym,1,Chao is more intent on getting the wheel than getting the truck.,Does Chao make more effort to get the truck than to get the wheel?,No
492,80,agent-properties,123,antonym,2,Chao is less intent on getting the wheel than getting the truck.,Does Chao make more effort to get the truck than to get the wheel?,Yes
496,80,agent-properties,124,variable swap,2,Chao is more intent on getting the truck than getting the wheel.,Does Chao make more effort to get the truck than to get the wheel?,Yes
499,80,agent-properties,125,variable swap,1,Chao is less intent on getting the truck than getting the wheel.,Does Chao make more effort to get the truck than to get the wheel?,No
501,80,agent-properties,126,antonym,1,Chao is more intent on getting the wheel than getting the truck.,Does Chao make less effort to get the truck than to get the wheel?,Yes
502,80,agent-properties,126,antonym,2,Chao is less intent on getting the wheel than getting the truck.,Does Chao make less effort to get the truck than to get the wheel?,No
506,80,agent-properties,127,variable swap,2,Chao is more intent on getting the truck than getting the wheel.,Does Chao make less effort to get the truck than to get the wheel?,No
509,80,agent-properties,128,variable swap,1,Chao is less intent on getting the truck than getting the wheel.,Does Chao make less effort to get the truck than to get the wheel?,Yes
513,81,agent-properties,129,antonym,1,Chao is less hesitant to get the wheel than to get the truck.,Does Chao make more effort to get the wheel than to get the truck?,Yes
514,81,agent-properties,129,antonym,2,Chao is more hesitant to get the wheel than to get the truck.,Does Chao make more effort to get the wheel than to get the truck?,No
515,81,agent-properties,129,antonym,1,Chao is less hesitant to get the wheel than to get the truck.,Does Chao make less effort to get the wheel than to get the truck?,No
516,81,agent-properties,129,antonym,2,Chao is more hesitant to get the wheel than to get the truck.,Does Chao make less effort to get the wheel than to get the truck?,Yes
518,81,agent-properties,130,variable swap,2,Chao is less hesitant to get the truck than to get the wheel.,Does Chao make more effort to get the wheel than to get the truck?,No
520,81,agent-properties,130,variable swap,2,Chao is less hesitant to get the truck than to get the wheel.,Does Chao make less effort to get the wheel than to get the truck?,Yes
521,81,agent-properties,131,variable swap,1,Chao is more hesitant to get the truck than to get the wheel.,Does Chao make more effort to get the wheel than to get the truck?,Yes
523,81,agent-properties,131,variable swap,1,Chao is more hesitant to get the truck than to get the wheel.,Does Chao make less effort to get the wheel than to get the truck?,No
527,81,agent-properties,132,antonym,1,Chao is less hesitant to get the wheel than to get the truck.,Does Chao make more effort to get the truck than to get the wheel?,No
528,81,agent-properties,132,antonym,2,Chao is more hesitant to get the wheel than to get the truck.,Does Chao make more effort to get the truck than to get the wheel?,Yes
532,81,agent-properties,133,variable swap,2,Chao is less hesitant to get the truck than to get the wheel.,Does Chao make more effort to get the truck than to get the wheel?,Yes
535,81,agent-properties,134,variable swap,1,Chao is more hesitant to get the truck than to get the wheel.,Does Chao make more effort to get the truck than to get the wheel?,No
537,81,agent-properties,135,antonym,1,Chao is less hesitant to get the wheel than to get the truck.,Does Chao make less effort to get the truck than to get the wheel?,Yes
538,81,agent-properties,135,antonym,2,Chao is more hesitant to get the wheel than to get the truck.,Does Chao make less effort to get the truck than to get the wheel?,No
542,81,agent-properties,136,variable swap,2,Chao is less hesitant to get the truck than to get the wheel.,Does Chao make less effort to get the truck than to get the wheel?,No
545,81,agent-properties,137,variable swap,1,Chao is more hesitant to get the truck than to get the wheel.,Does Chao make less effort to get the truck than to get the wheel?,Yes
549,82,agent-properties,138,antonym,1,Chao wants the wheel more than the truck.,Does Chao make more effort to get the wheel than to get the truck?,Yes
550,82,agent-properties,138,antonym,2,Chao wants the wheel less than the truck.,Does Chao make more effort to get the wheel than to get the truck?,No
551,82,agent-properties,138,antonym,1,Chao wants the wheel more than the truck.,Does Chao make less effort to get the wheel than to get the truck?,No
552,82,agent-properties,138,antonym,2,Chao wants the wheel less than the truck.,Does Chao make less effort to get the wheel than to get the truck?,Yes
554,82,agent-properties,139,variable swap,2,Chao wants the truck more than the wheel.,Does Chao make more effort to get the wheel than to get the truck?,No
556,82,agent-properties,139,variable swap,2,Chao wants the truck more than the wheel.,Does Chao make less effort to get the wheel than to get the truck?,Yes
557,82,agent-properties,140,variable swap,1,Chao wants the truck less than the wheel.,Does Chao make more effort to get the wheel than to get the truck?,Yes
559,82,agent-properties,140,variable swap,1,Chao wants the truck less than the wheel.,Does Chao make less effort to get the wheel than to get the truck?,No
563,82,agent-properties,141,antonym,1,Chao wants the wheel more than the truck.,Does Chao make more effort to get the truck than to get the wheel?,No
564,82,agent-properties,141,antonym,2,Chao wants the wheel less than the truck.,Does Chao make more effort to get the truck than to get the wheel?,Yes
568,82,agent-properties,142,variable swap,2,Chao wants the truck more than the wheel.,Does Chao make more effort to get the truck than to get the wheel?,Yes
571,82,agent-properties,143,variable swap,1,Chao wants the truck less than the wheel.,Does Chao make more effort to get the truck than to get the wheel?,No
573,82,agent-properties,144,antonym,1,Chao wants the wheel more than the truck.,Does Chao make less effort to get the truck than to get the wheel?,Yes
574,82,agent-properties,144,antonym,2,Chao wants the wheel less than the truck.,Does Chao make less effort to get the truck than to get the wheel?,No
578,82,agent-properties,145,variable swap,2,Chao wants the truck more than the wheel.,Does Chao make less effort to get the truck than to get the wheel?,No
581,82,agent-properties,146,variable swap,1,Chao wants the truck less than the wheel.,Does Chao make less effort to get the truck than to get the wheel?,Yes
585,83,agent-properties,147,antonym,1,Chao hates the wheel less than the truck.,Does Chao make more effort to get the wheel than to get the truck?,Yes
586,83,agent-properties,147,antonym,2,Chao hates the wheel more than the truck.,Does Chao make more effort to get the wheel than to get the truck?,No
587,83,agent-properties,147,antonym,1,Chao hates the wheel less than the truck.,Does Chao make less effort to get the wheel than to get the truck?,No
588,83,agent-properties,147,antonym,2,Chao hates the wheel more than the truck.,Does Chao make less effort to get the wheel than to get the truck?,Yes
590,83,agent-properties,148,variable swap,2,Chao hates the truck less than the wheel.,Does Chao make more effort to get the wheel than to get the truck?,No
592,83,agent-properties,148,variable swap,2,Chao hates the truck less than the wheel.,Does Chao make less effort to get the wheel than to get the truck?,Yes
593,83,agent-properties,149,variable swap,1,Chao hates the truck more than the wheel.,Does Chao make more effort to get the wheel than to get the truck?,Yes
595,83,agent-properties,149,variable swap,1,Chao hates the truck more than the wheel.,Does Chao make less effort to get the wheel than to get the truck?,No
599,83,agent-properties,150,antonym,1,Chao hates the wheel less than the truck.,Does Chao make more effort to get the truck than to get the wheel?,No
600,83,agent-properties,150,antonym,2,Chao hates the wheel more than the truck.,Does Chao make more effort to get the truck than to get the wheel?,Yes
604,83,agent-properties,151,variable swap,2,Chao hates the truck less than the wheel.,Does Chao make more effort to get the truck than to get the wheel?,Yes
607,83,agent-properties,152,variable swap,1,Chao hates the truck more than the wheel.,Does Chao make more effort to get the truck than to get the wheel?,No
609,83,agent-properties,153,antonym,1,Chao hates the wheel less than the truck.,Does Chao make less effort to get the truck than to get the wheel?,Yes
610,83,agent-properties,153,antonym,2,Chao hates the wheel more than the truck.,Does Chao make less effort to get the truck than to get the wheel?,No
614,83,agent-properties,154,variable swap,2,Chao hates the truck less than the wheel.,Does Chao make less effort to get the truck than to get the wheel?,No
617,83,agent-properties,155,variable swap,1,Chao hates the truck more than the wheel.,Does Chao make less effort to get the truck than to get the wheel?,Yes
621,84,agent-properties,156,antonym,1,Chao is more intent on meeting Yan than meeting Ali.,Does Chao make more effort to interact with Yan than with Ali?,Yes
622,84,agent-properties,156,antonym,2,Chao is less intent on meeting Yan than meeting Ali.,Does Chao make more effort to interact with Yan than with Ali?,No
624,84,agent-properties,156,antonym,2,Chao is less intent on meeting Yan than meeting Ali.,Does Chao make less effort to interact with Yan than with Ali?,Yes
626,84,agent-properties,157,variable swap,2,Chao is more intent on meeting Ali than meeting Yan.,Does Chao make more effort to interact with Yan than with Ali?,No
628,84,agent-properties,157,variable swap,2,Chao is more intent on meeting Ali than meeting Yan.,Does Chao make less effort to interact with Yan than with Ali?,Yes
629,84,agent-properties,158,variable swap,1,Chao is less intent on meeting Ali than meeting Yan.,Does Chao make more effort to interact with Yan than with Ali?,Yes
631,84,agent-properties,158,variable swap,1,Chao is less intent on meeting Ali than meeting Yan.,Does Chao make less effort to interact with Yan than with Ali?,No
635,84,agent-properties,159,antonym,1,Chao is more intent on meeting Yan than meeting Ali.,Does Chao make more effort to interact with Ali than with Yan?,No
636,84,agent-properties,159,antonym,2,Chao is less intent on meeting Yan than meeting Ali.,Does Chao make more effort to interact with Ali than with Yan?,Yes
640,84,agent-properties,160,variable swap,2,Chao is more intent on meeting Ali than meeting Yan.,Does Chao make more effort to interact with Ali than with Yan?,Yes
643,84,agent-properties,161,variable swap,1,Chao is less intent on meeting Ali than meeting Yan.,Does Chao make more effort to interact with Ali than with Yan?,No
645,84,agent-properties,162,antonym,1,Chao is more intent on meeting Yan than meeting Ali.,Does Chao make less effort to interact with Ali than with Yan?,Yes
646,84,agent-properties,162,antonym,2,Chao is less intent on meeting Yan than meeting Ali.,Does Chao make less effort to interact with Ali than with Yan?,No
650,84,agent-properties,163,variable swap,2,Chao is more intent on meeting Ali than meeting Yan.,Does Chao make less effort to interact with Ali than with Yan?,No
653,84,agent-properties,164,variable swap,1,Chao is less intent on meeting Ali than meeting Yan.,Does Chao make less effort to interact with Ali than with Yan?,Yes
657,85,agent-properties,165,antonym,1,Chao is less hesitant to meet with Yan than with Ali.,Does Chao make more effort to interact with Yan than with Ali?,Yes
658,85,agent-properties,165,antonym,2,Chao is more hesitant to meet with Yan than with Ali.,Does Chao make more effort to interact with Yan than with Ali?,No
659,85,agent-properties,165,antonym,1,Chao is less hesitant to meet with Yan than with Ali.,Does Chao make less effort to interact with Yan than with Ali?,No
660,85,agent-properties,165,antonym,2,Chao is more hesitant to meet with Yan than with Ali.,Does Chao make less effort to interact with Yan than with Ali?,Yes
662,85,agent-properties,166,variable swap,2,Chao is less hesitant to meet with Ali than with Yan.,Does Chao make more effort to interact with Yan than with Ali?,No
664,85,agent-properties,166,variable swap,2,Chao is less hesitant to meet with Ali than with Yan.,Does Chao make less effort to interact with Yan than with Ali?,Yes
665,85,agent-properties,167,variable swap,1,Chao is more hesitant to meet with Ali than with Yan.,Does Chao make more effort to interact with Yan than with Ali?,Yes
667,85,agent-properties,167,variable swap,1,Chao is more hesitant to meet with Ali than with Yan.,Does Chao make less effort to interact with Yan than with Ali?,No
671,85,agent-properties,168,antonym,1,Chao is less hesitant to meet with Yan than with Ali.,Does Chao make more effort to interact with Ali than with Yan?,No
672,85,agent-properties,168,antonym,2,Chao is more hesitant to meet with Yan than with Ali.,Does Chao make more effort to interact with Ali than with Yan?,Yes
676,85,agent-properties,169,variable swap,2,Chao is less hesitant to meet with Ali than with Yan.,Does Chao make more effort to interact with Ali than with Yan?,Yes
679,85,agent-properties,170,variable swap,1,Chao is more hesitant to meet with Ali than with Yan.,Does Chao make more effort to interact with Ali than with Yan?,No
681,85,agent-properties,171,antonym,1,Chao is less hesitant to meet with Yan than with Ali.,Does Chao make less effort to interact with Ali than with Yan?,Yes
682,85,agent-properties,171,antonym,2,Chao is more hesitant to meet with Yan than with Ali.,Does Chao make less effort to interact with Ali than with Yan?,No
686,85,agent-properties,172,variable swap,2,Chao is less hesitant to meet with Ali than with Yan.,Does Chao make less effort to interact with Ali than with Yan?,No
689,85,agent-properties,173,variable swap,1,Chao is more hesitant to meet with Ali than with Yan.,Does Chao make less effort to interact with Ali than with Yan?,Yes
693,86,agent-properties,174,antonym,1,Chao likes Yan more than Ali.,Does Chao make more effort to interact with Yan than with Ali?,Yes
694,86,agent-properties,174,antonym,2,Chao likes Yan less than Ali.,Does Chao make more effort to interact with Yan than with Ali?,No
695,86,agent-properties,174,antonym,1,Chao likes Yan more than Ali.,Does Chao make less effort to interact with Yan than with Ali?,No
696,86,agent-properties,174,antonym,2,Chao likes Yan less than Ali.,Does Chao make less effort to interact with Yan than with Ali?,Yes
698,86,agent-properties,175,variable swap,2,Chao likes Ali more than Yan.,Does Chao make more effort to interact with Yan than with Ali?,No
700,86,agent-properties,175,variable swap,2,Chao likes Ali more than Yan.,Does Chao make less effort to interact with Yan than with Ali?,Yes
701,86,agent-properties,176,variable swap,1,Chao likes Ali less than Yan.,Does Chao make more effort to interact with Yan than with Ali?,Yes
703,86,agent-properties,176,variable swap,1,Chao likes Ali less than Yan.,Does Chao make less effort to interact with Yan than with Ali?,No
707,86,agent-properties,177,antonym,1,Chao likes Yan more than Ali.,Does Chao make more effort to interact with Ali than with Yan?,No
708,86,agent-properties,177,antonym,2,Chao likes Yan less than Ali.,Does Chao make more effort to interact with Ali than with Yan?,Yes
712,86,agent-properties,178,variable swap,2,Chao likes Ali more than Yan.,Does Chao make more effort to interact with Ali than with Yan?,Yes
715,86,agent-properties,179,variable swap,1,Chao likes Ali less than Yan.,Does Chao make more effort to interact with Ali than with Yan?,No
717,86,agent-properties,180,antonym,1,Chao likes Yan more than Ali.,Does Chao make less effort to interact with Ali than with Yan?,Yes
718,86,agent-properties,180,antonym,2,Chao likes Yan less than Ali.,Does Chao make less effort to interact with Ali than with Yan?,No
722,86,agent-properties,181,variable swap,2,Chao likes Ali more than Yan.,Does Chao make less effort to interact with Ali than with Yan?,No
725,86,agent-properties,182,variable swap,1,Chao likes Ali less than Yan.,Does Chao make less effort to interact with Ali than with Yan?,Yes
729,87,agent-properties,183,antonym,1,Chao hates Yan less than Ali.,Does Chao make more effort to interact with Yan than with Ali?,Yes
730,87,agent-properties,183,antonym,2,Chao hates Yan more than Ali.,Does Chao make more effort to interact with Yan than with Ali?,No
731,87,agent-properties,183,antonym,1,Chao hates Yan less than Ali.,Does Chao make less effort to interact with Yan than with Ali?,No
732,87,agent-properties,183,antonym,2,Chao hates Yan more than Ali.,Does Chao make less effort to interact with Yan than with Ali?,Yes
734,87,agent-properties,184,variable swap,2,Chao hates Ali less than Yan.,Does Chao make more effort to interact with Yan than with Ali?,No
736,87,agent-properties,184,variable swap,2,Chao hates Ali less than Yan.,Does Chao make less effort to interact with Yan than with Ali?,Yes
737,87,agent-properties,185,variable swap,1,Chao hates Ali more than Yan.,Does Chao make more effort to interact with Yan than with Ali?,Yes
739,87,agent-properties,185,variable swap,1,Chao hates Ali more than Yan.,Does Chao make less effort to interact with Yan than with Ali?,No
743,87,agent-properties,186,antonym,1,Chao hates Yan less than Ali.,Does Chao make more effort to interact with Ali than with Yan?,No
744,87,agent-properties,186,antonym,2,Chao hates Yan more than Ali.,Does Chao make more effort to interact with Ali than with Yan?,Yes
748,87,agent-properties,187,variable swap,2,Chao hates Ali less than Yan.,Does Chao make more effort to interact with Ali than with Yan?,Yes
751,87,agent-properties,188,variable swap,1,Chao hates Ali more than Yan.,Does Chao make more effort to interact with Ali than with Yan?,No
753,87,agent-properties,189,antonym,1,Chao hates Yan less than Ali.,Does Chao make less effort to interact with Ali than with Yan?,Yes
754,87,agent-properties,189,antonym,2,Chao hates Yan more than Ali.,Does Chao make less effort to interact with Ali than with Yan?,No
758,87,agent-properties,190,variable swap,2,Chao hates Ali less than Yan.,Does Chao make less effort to interact with Ali than with Yan?,No
761,87,agent-properties,191,variable swap,1,Chao hates Ali more than Yan.,Does Chao make less effort to interact with Ali than with Yan?,Yes
765,88,agent-properties,192,antonym,1,Chao enjoys playing football more than playing pool.,Does Chao choose football over pool?,Yes
766,88,agent-properties,192,antonym,2,Chao enjoys playing football less than playing pool.,Does Chao choose football over pool?,No
767,88,agent-properties,192,antonym,1,Chao enjoys playing football more than playing pool.,Does Chao choose pool over football?,No
768,88,agent-properties,192,antonym,2,Chao enjoys playing football less than playing pool.,Does Chao choose pool over football?,Yes
770,88,agent-properties,193,variable swap,2,Chao enjoys playing pool more than playing football.,Does Chao choose football over pool?,No
772,88,agent-properties,193,variable swap,2,Chao enjoys playing pool more than playing football.,Does Chao choose pool over football?,Yes
773,88,agent-properties,194,variable swap,1,Chao enjoys playing pool less than playing football.,Does Chao choose football over pool?,Yes
775,88,agent-properties,194,variable swap,1,Chao enjoys playing pool less than playing football.,Does Chao choose pool over football?,No
777,89,agent-properties,195,antonym,1,Chao thinks that playing football requires less effort than playing pool. Chao is tired.,Does Chao choose football over pool?,Yes
778,89,agent-properties,195,antonym,2,Chao thinks that playing football requires more effort than playing pool. Chao is tired.,Does Chao choose football over pool?,No
779,89,agent-properties,195,antonym,1,Chao thinks that playing football requires less effort than playing pool. Chao is tired.,Does Chao choose pool over football?,No
780,89,agent-properties,195,antonym,2,Chao thinks that playing football requires more effort than playing pool. Chao is tired.,Does Chao choose pool over football?,Yes
782,89,agent-properties,196,variable swap,2,Chao thinks that playing pool requires less effort than playing football. Chao is tired.,Does Chao choose football over pool?,No
784,89,agent-properties,196,variable swap,2,Chao thinks that playing pool requires less effort than playing football. Chao is tired.,Does Chao choose pool over football?,Yes
785,89,agent-properties,197,variable swap,1,Chao thinks that playing pool requires more effort than playing football. Chao is tired.,Does Chao choose football over pool?,Yes
787,89,agent-properties,197,variable swap,1,Chao thinks that playing pool requires more effort than playing football. Chao is tired.,Does Chao choose pool over football?,No
789,90,agent-properties,198,antonym,1,Chao will be more satisfied after getting the wheel than after getting the truck.,Does Chao choose the wheel over the truck?,Yes
790,90,agent-properties,198,antonym,2,Chao will be less satisfied after getting the wheel than after getting the truck.,Does Chao choose the wheel over the truck?,No
791,90,agent-properties,198,antonym,1,Chao will be more satisfied after getting the wheel than after getting the truck.,Does Chao choose the truck over the wheel?,No
792,90,agent-properties,198,antonym,2,Chao will be less satisfied after getting the wheel than after getting the truck.,Does Chao choose the truck over the wheel?,Yes
794,90,agent-properties,199,variable swap,2,Chao will be more satisfied after getting the truck than after getting the wheel.,Does Chao choose the wheel over the truck?,No
796,90,agent-properties,199,variable swap,2,Chao will be more satisfied after getting the truck than after getting the wheel.,Does Chao choose the truck over the wheel?,Yes
797,90,agent-properties,200,variable swap,1,Chao will be less satisfied after getting the truck than after getting the wheel.,Does Chao choose the wheel over the truck?,Yes
799,90,agent-properties,200,variable swap,1,Chao will be less satisfied after getting the truck than after getting the wheel.,Does Chao choose the truck over the wheel?,No
801,91,agent-properties,201,antonym,1,Chao wants either the wheel or the truck. The wheel costs less than the truck.,Does Chao choose the wheel over the truck?,Yes
802,91,agent-properties,201,antonym,2,Chao wants either the wheel or the truck. The wheel costs more than the truck.,Does Chao choose the wheel over the truck?,No
803,91,agent-properties,201,antonym,1,Chao wants either the wheel or the truck. The wheel costs less than the truck.,Does Chao choose the truck over the wheel?,No
804,91,agent-properties,201,antonym,2,Chao wants either the wheel or the truck. The wheel costs more than the truck.,Does Chao choose the truck over the wheel?,Yes
806,91,agent-properties,202,variable swap,2,Chao wants either the truck or the wheel. The truck costs less than the wheel.,Does Chao choose the wheel over the truck?,No
808,91,agent-properties,202,variable swap,2,Chao wants either the truck or the wheel. The truck costs less than the wheel.,Does Chao choose the truck over the wheel?,Yes
809,91,agent-properties,203,variable swap,1,Chao wants either the truck or the wheel. The truck costs more than the wheel.,Does Chao choose the wheel over the truck?,Yes
811,91,agent-properties,203,variable swap,1,Chao wants either the truck or the wheel. The truck costs more than the wheel.,Does Chao choose the truck over the wheel?,No
813,92,agent-properties,204,antonym,1,Chao wants either the wheel or the truck. The wheel is closer to Chao than the truck.,Does Chao choose the wheel over the truck?,Yes
814,92,agent-properties,204,antonym,2,Chao wants either the wheel or the truck. The wheel is farther from Chao than the truck.,Does Chao choose the wheel over the truck?,No
815,92,agent-properties,204,antonym,1,Chao wants either the wheel or the truck. The wheel is closer to Chao than the truck.,Does Chao choose the truck over the wheel?,No
816,92,agent-properties,204,antonym,2,Chao wants either the wheel or the truck. The wheel is farther from Chao than the truck.,Does Chao choose the truck over the wheel?,Yes
818,92,agent-properties,205,variable swap,2,Chao wants either the truck or the wheel. The truck is closer to Chao than the wheel.,Does Chao choose the wheel over the truck?,No
820,92,agent-properties,205,variable swap,2,Chao wants either the truck or the wheel. The truck is closer to Chao than the wheel.,Does Chao choose the truck over the wheel?,Yes
821,92,agent-properties,206,variable swap,1,Chao wants either the truck or the wheel. The truck is farther from Chao than the wheel.,Does Chao choose the wheel over the truck?,Yes
823,92,agent-properties,206,variable swap,1,Chao wants either the truck or the wheel. The truck is farther from Chao than the wheel.,Does Chao choose the truck over the wheel?,No
825,93,agent-properties,207,antonym,1,Chao likes both the wheel and the truck. Getting the wheel takes less time than getting the truck.,Does Chao choose the wheel over the truck?,Yes
826,93,agent-properties,207,antonym,2,Chao likes both the wheel and the truck. Getting the wheel takes more time than getting the truck.,Does Chao choose the wheel over the truck?,No
827,93,agent-properties,207,antonym,1,Chao likes both the wheel and the truck. Getting the wheel takes less time than getting the truck.,Does Chao choose the truck over the wheel?,No
828,93,agent-properties,207,antonym,2,Chao likes both the wheel and the truck. Getting the wheel takes more time than getting the truck.,Does Chao choose the truck over the wheel?,Yes
830,93,agent-properties,208,variable swap,2,Chao likes both the truck and the wheel. Getting the truck takes less time than getting the wheel.,Does Chao choose the wheel over the truck?,No
832,93,agent-properties,208,variable swap,2,Chao likes both the truck and the wheel. Getting the truck takes less time than getting the wheel.,Does Chao choose the truck over the wheel?,Yes
833,93,agent-properties,209,variable swap,1,Chao likes both the truck and the wheel. Getting the truck takes more time than getting the wheel.,Does Chao choose the wheel over the truck?,Yes
835,93,agent-properties,209,variable swap,1,Chao likes both the truck and the wheel. Getting the truck takes more time than getting the wheel.,Does Chao choose the truck over the wheel?,No
837,94,agent-properties,210,antonym,1,Chao likes Yan more than Ali.,Does Chao choose Yan over Ali?,Yes
838,94,agent-properties,210,antonym,2,Chao likes Yan less than Ali.,Does Chao choose Yan over Ali?,No
839,94,agent-properties,210,antonym,1,Chao likes Yan more than Ali.,Does Chao choose Ali over Yan?,No
840,94,agent-properties,210,antonym,2,Chao likes Yan less than Ali.,Does Chao choose Ali over Yan?,Yes
842,94,agent-properties,211,variable swap,2,Chao likes Ali more than Yan.,Does Chao choose Yan over Ali?,No
844,94,agent-properties,211,variable swap,2,Chao likes Ali more than Yan.,Does Chao choose Ali over Yan?,Yes
845,94,agent-properties,212,variable swap,1,Chao likes Ali less than Yan.,Does Chao choose Yan over Ali?,Yes
847,94,agent-properties,212,variable swap,1,Chao likes Ali less than Yan.,Does Chao choose Ali over Yan?,No
849,95,agent-properties,213,antonym,1,Chao hates Yan less than Ali.,Does Chao choose Yan over Ali?,Yes
850,95,agent-properties,213,antonym,2,Chao hates Yan more than Ali.,Does Chao choose Yan over Ali?,No
851,95,agent-properties,213,antonym,1,Chao hates Yan less than Ali.,Does Chao choose Ali over Yan?,No
852,95,agent-properties,213,antonym,2,Chao hates Yan more than Ali.,Does Chao choose Ali over Yan?,Yes
854,95,agent-properties,214,variable swap,2,Chao hates Ali less than Yan.,Does Chao choose Yan over Ali?,No
856,95,agent-properties,214,variable swap,2,Chao hates Ali less than Yan.,Does Chao choose Ali over Yan?,Yes
857,95,agent-properties,215,variable swap,1,Chao hates Ali more than Yan.,Does Chao choose Yan over Ali?,Yes
859,95,agent-properties,215,variable swap,1,Chao hates Ali more than Yan.,Does Chao choose Ali over Yan?,No
861,96,agent-properties,216,antonym,1,Chao needs to see either Yan or Ali. Yan charges less than Ali.,Does Chao choose Yan over Ali?,Yes
862,96,agent-properties,216,antonym,2,Chao needs to see either Yan or Ali. Yan charges more than Ali.,Does Chao choose Yan over Ali?,No
863,96,agent-properties,216,antonym,1,Chao needs to see either Yan or Ali. Yan charges less than Ali.,Does Chao choose Ali over Yan?,No
864,96,agent-properties,216,antonym,2,Chao needs to see either Yan or Ali. Yan charges more than Ali.,Does Chao choose Ali over Yan?,Yes
866,96,agent-properties,217,variable swap,2,Chao needs to see either Ali or Yan. Ali charges less than Yan.,Does Chao choose Yan over Ali?,No
868,96,agent-properties,217,variable swap,2,Chao needs to see either Ali or Yan. Ali charges less than Yan.,Does Chao choose Ali over Yan?,Yes
869,96,agent-properties,218,variable swap,1,Chao needs to see either Ali or Yan. Ali charges more than Yan.,Does Chao choose Yan over Ali?,Yes
871,96,agent-properties,218,variable swap,1,Chao needs to see either Ali or Yan. Ali charges more than Yan.,Does Chao choose Ali over Yan?,No
873,97,agent-properties,219,antonym,1,Chao needs to see either Yan or Ali. Yan lives closer than Ali.,Does Chao choose Yan over Ali?,Yes
874,97,agent-properties,219,antonym,2,Chao needs to see either Yan or Ali. Yan lives further than Ali.,Does Chao choose Yan over Ali?,No
875,97,agent-properties,219,antonym,1,Chao needs to see either Yan or Ali. Yan lives closer than Ali.,Does Chao choose Ali over Yan?,No
876,97,agent-properties,219,antonym,2,Chao needs to see either Yan or Ali. Yan lives further than Ali.,Does Chao choose Ali over Yan?,Yes
878,97,agent-properties,220,variable swap,2,Chao needs to see either Ali or Yan. Ali lives closer than Yan.,Does Chao choose Yan over Ali?,No
880,97,agent-properties,220,variable swap,2,Chao needs to see either Ali or Yan. Ali lives closer than Yan.,Does Chao choose Ali over Yan?,Yes
881,97,agent-properties,221,variable swap,1,Chao needs to see either Ali or Yan. Ali lives further than Yan.,Does Chao choose Yan over Ali?,Yes
883,97,agent-properties,221,variable swap,1,Chao needs to see either Ali or Yan. Ali lives further than Yan.,Does Chao choose Ali over Yan?,No
885,98,agent-properties,222,antonym,1,Chao needs to see either Yan or Ali. It will take less time to see Yan than Ali.,Does Chao choose Yan over Ali?,Yes
886,98,agent-properties,222,antonym,2,Chao needs to see either Yan or Ali. It will take more time to see Yan than Ali.,Does Chao choose Yan over Ali?,No
887,98,agent-properties,222,antonym,1,Chao needs to see either Yan or Ali. It will take less time to see Yan than Ali.,Does Chao choose Ali over Yan?,No
888,98,agent-properties,222,antonym,2,Chao needs to see either Yan or Ali. It will take more time to see Yan than Ali.,Does Chao choose Ali over Yan?,Yes
890,98,agent-properties,223,variable swap,2,Chao needs to see either Ali or Yan. It will take less time to see Ali than Yan.,Does Chao choose Yan over Ali?,No
892,98,agent-properties,223,variable swap,2,Chao needs to see either Ali or Yan. It will take less time to see Ali than Yan.,Does Chao choose Ali over Yan?,Yes
893,98,agent-properties,224,variable swap,1,Chao needs to see either Ali or Yan. It will take more time to see Ali than Yan.,Does Chao choose Yan over Ali?,Yes
895,98,agent-properties,224,variable swap,1,Chao needs to see either Ali or Yan. It will take more time to see Ali than Yan.,Does Chao choose Ali over Yan?,No