property,prefix,Context,Question,Correct Answer,negative_sample_type
allows movement,a finger,'',Does a finger allow movement?,Yes,random
basks in the sun,an iguana,'',Does an iguana bask in the sun?,Yes,random
basks in the sun,a trolley,'',Does a trolley bask in the sun?,No,random
beats its chest,a butterfly,'',Does a butterfly beat its chest?,No,random
belongs to the onion family,a monkey,'',Does a monkey belong to the onion family?,No,random
bruises over time,gloves,'',Does gloves bruise over time?,No,random
buries head in sand,an ostrich,'',Does an ostrich burie head in sand?,Yes,random
can absorb shocks,a lion,'',Can a lion absorb shocks?,No,random
can affect urine,hair,'',Can hair affect urine?,No,random
can ambush its prey,a yacht,'',Can a yacht ambush its prey?,No,random
can attract insects,a lobster,'',Can a lobster attract insects?,No,random
can bark,an arrow,'',Can an arrow bark?,No,random
can be a distraction,a television,'',Can a television be a distraction?,Yes,random
can be a distraction,cider,'',Can cider be a distraction?,No,random
can be a source of entertainment,a guitar,'',Can a guitar be a source of entertainment?,Yes,random
can be a source of entertainment,an armor,'',Can an armor be a source of entertainment?,No,random
can be acoustic,a limousine,'',Can a limousine be acoustic?,No,random
can be added to a hot drink,a rollerskate,'',Can a rollerskate be added to a hot drink?,No,random
can be added to alcoholic drinks,a buffalo,'',Can a buffalo be added to alcoholic drinks?,No,random
can be added to cake,cabbage,'',Can cabbage be added to cake?,No,random
can be added to cereal,cabbage,'',Can cabbage be added to cereal?,No,random
can be airborne,chocolate,'',Can chocolate be airborne?,No,random
can be attached to a DVD player,a caterpillar,'',Can a caterpillar be attached to a dvd player?,No,random
can be attached to a car,an ear,'',Can an ear be attached to a car?,No,random
can be attached to a tractor,hair,'',Can hair be attached to a tractor?,No,random
can be attached to a tree,a swing,'',Can a swing be attached to a tree?,Yes,random
can be attached to an oven,a stove,'',Can a stove be attached to an oven?,Yes,random
can be attached to bicycles,a toad,'',Can a toad be attached to bicycles?,No,random
can be bad for the teeth,lemonade,'',Can lemonade be bad for the teeth?,Yes,random
can be baked,a bean,'',Can a bean be baked?,Yes,random
can be baked,broccoli,'',Can broccoli be baked?,No,random
can be bald,an owl,'',Can an owl be bald?,No,random
can be banned in a drought,a boomerang,'',Can a boomerang be banned in a drought?,No,random
can be bass,a guitar,'',Can a guitar be bass?,Yes,random
can be bent,a leg,'',Can a leg be bent?,Yes,random
can be bent,an owl,'',Can an owl be bent?,No,random
can be bitter in taste,cider,'',Can cider be bitter in taste?,Yes,random
can be blonde,hair,'',Can hair be blonde?,Yes,random
can be blonde,an ambulance,'',Can an ambulance be blonde?,No,random
can be blunt,a bayonet,'',Can a bayonet be blunt?,Yes,random
can be broken,a sweater,'',Can a sweater be broken?,No,random
can be button shaped,mushroom,'',Can mushroom be button shaped?,Yes,random
can be carbonated,lemonade,'',Can lemonade be carbonated?,Yes,random
can be claustrophobic,a squirrel,'',Can a squirrel be claustrophobic?,No,random
can be coated with flavor,a donut,'',Can a donut be coated with flavor?,Yes,random
can be cold,a plow,'',Can a plow be cold?,No,random
can be cooked,cheese,'',Can cheese be cooked?,Yes,random
can be covered,butter,'',Can butter be covered?,No,random
can be covered in chocolate,a seagull,'',Can a seagull be covered in chocolate?,No,random
can be covered in lip gloss,a lip,'',Can a lip be covered in lip gloss?,Yes,random
can be covered in lip gloss,a harpsichord,'',Can a harpsichord be covered in lip gloss?,No,random
can be crumbly,a bagpipe,'',Can a bagpipe be crumbly?,No,random
can be crushed,garlic,'',Can garlic be crushed?,Yes,random
can be crushed,a bikini,'',Can a bikini be crushed?,No,random
can be curly,hair,'',Can hair be curly?,Yes,random
can be cut into slices,mango,'',Can mango be cut into slices?,Yes,random
can be cut into slices,a spider,'',Can a spider be cut into slices?,No,random
can be dangerous,a centipede,'',Can a centipede be dangerous?,No,random
can be decaffeinated,a trombone,'',Can a trombone be decaffeinated?,No,random
can be decorative,a corkscrew,'',Can a corkscrew be decorative?,No,random
can be deflated,a balloon,'',Can a balloon be deflated?,Yes,random
can be deflated,flour,'',Can flour be deflated?,No,random
can be difficult to digest,corn,'',Can corn be difficult to digest?,Yes,random
can be dressed up,a doll,'',Can a doll be dressed up?,Yes,random
can be driven,a motorcycle,'',Can a motorcycle be driven?,Yes,random
can be driven,satsuma,'',Can satsuma be driven?,No,random
can be eaten cold,a date,'',Can a date be eaten cold?,Yes,random
can be eaten dried,an apricot,'',Can an apricot be eaten dried?,Yes,random
can be eaten raw,tomato,'',Can tomato be eaten raw?,Yes,random
can be eaten raw,a caravan,'',Can a caravan be eaten raw?,No,random
can be eaten with chips,a deer,'',Can a deer be eaten with chips?,No,random
can be emptied,a bolt,'',Can a bolt be emptied?,No,random
can be empty,a barrel,'',Can a barrel be empty?,Yes,random
can be environmentally friendly,a coach,'',Can a coach be environmentally friendly?,Yes,random
can be environmentally friendly,a trumpet,'',Can a trumpet be environmentally friendly?,No,random
can be fair,a piano,'',Can a piano be fair?,No,random
can be fastened,a caravan,'',Can a caravan be fastened?,No,random
can be filled,a bathtub,'',Can a bathtub be filled?,Yes,random
can be filled with custard,cucumber,'',Can cucumber be filled with custard?,No,random
can be filled with helium,a lorry,'',Can a lorry be filled with helium?,No,random
can be filled with jam,a donut,'',Can a donut be filled with jam?,Yes,random
can be filling,a houseboat,'',Can a houseboat be filling?,No,random
can be fished,a herring,'',Can a herring be fished?,Yes,random
can be flared,a trouser,'',Can a trouser be flared?,Yes,random
can be flavored,a camel,'',Can a camel be flavored?,No,random
can be flavored with lemon,lettuce,'',Can lettuce be flavored with lemon?,No,random
can be fluffy,a banjo,'',Can a banjo be fluffy?,No,random
can be folded,a finger,'',Can a finger be folded?,No,random
can be found at orchestras,a flute,'',Can a flute be found at orchestras?,Yes,random
can be found by the fire,an onion,'',Can an onion be found by the fire?,No,random
can be found in a kitchen drawer,a peeler,'',Can a peeler be found in a kitchen drawer?,Yes,random
can be found in bedrooms,a bed,'',Can a bed be found in bedrooms?,Yes,random
can be found in bedrooms,a squirrel,'',Can a squirrel be found in bedrooms?,No,random
can be found in boats or ships,a deckchair,'',Can a deckchair be found in boats or ships?,Yes,random
can be found in boats or ships,a trout,'',Can a trout be found in boats or ships?,No,random
can be found in cars,a clamp,'',Can a clamp be found in cars?,Yes,random
can be found in cars,a soup,'',Can a soup be found in cars?,No,random
can be found in cold climate,a pie,'',Can a pie be found in cold climate?,No,random
can be found in dark places,a millipede,'',Can a millipede be found in dark places?,Yes,random
can be found in factories,a spoon,'',Can a spoon be found in factories?,No,random
can be found in forests,a skunk,'',Can a skunk be found in forests?,Yes,random
can be found in forests,a strainer,'',Can a strainer be found in forests?,No,random
can be found in gardens,a bowl,'',Can a bowl be found in gardens?,No,random
can be found in hot climate,an iguana,'',Can an iguana be found in hot climate?,Yes,random
can be found in hot climate,a bomb,'',Can a bomb be found in hot climate?,No,random
can be found in houses,a peeler,'',Can a peeler be found in houses?,Yes,random
can be found in houses,a thumb,'',Can a thumb be found in houses?,No,random
can be found in nests,a termite,'',Can a termite be found in nests?,Yes,random
can be found in nests,an organ,'',Can an organ be found in nests?,No,random
can be found in offices,a coffee maker,'',Can a coffee maker be found in offices?,Yes,random
can be found in pet shops,a toad,'',Can a toad be found in pet shops?,No,random
can be found in rock pools,a crab,'',Can a crab be found in rock pools?,Yes,random
can be found in seas,a speedboat,'',Can a speedboat be found in seas?,Yes,random
can be found in seas,a spatula,'',Can a spatula be found in seas?,No,random
can be found in sheds,a cradle,'',Can a cradle be found in sheds?,No,random
can be found in shops,a willow tree,'',Can a willow tree be found in shops?,No,random
can be found in swamps,a crocodile,'',Can a crocodile be found in swamps?,Yes,random
can be found in the pubic region,a bikini,'',Can a bikini be found in the pubic region?,No,random
can be found in the study,a scythe,'',Can a scythe be found in the study?,No,random
can be found in the tool box,a television,'',Can a television be found in the tool box?,No,random
can be found in the wild,a wren,'',Can a wren be found in the wild?,Yes,random
can be found in utility rooms,a coffee maker,'',Can a coffee maker be found in utility rooms?,Yes,random
can be found in vanity cabinets,a mirror,'',Can a mirror be found in vanity cabinets?,Yes,random
can be found in vanity cabinets,a drum,'',Can a drum be found in vanity cabinets?,No,random
can be found in zoos,a speedboat,'',Can a speedboat be found in zoos?,No,random
can be found living in large groups,a hippo,'',Can a hippo be found living in large groups?,No,random
can be found near the toilet,a scorpion,'',Can a scorpion be found near the toilet?,No,random
can be found on beaches,a clam,'',Can a clam be found on beaches?,Yes,random
can be found on canals,a tugboat,'',Can a tugboat be found on canals?,Yes,random
can be found on cupboards,a plate,'',Can a plate be found on cupboards?,Yes,random
can be found on cupboards,a buttercup,'',Can a buttercup be found on cupboards?,No,random
can be found on driveways,a caravan,'',Can a caravan be found on driveways?,Yes,random
can be found on farms,a pig,'',Can a pig be found on farms?,Yes,random
can be found on farms,a shrimp,'',Can a shrimp be found on farms?,No,random
can be found on furry animals,a flea,'',Can a flea be found on furry animals?,Yes,random
can be found on lakes,a bench,'',Can a bench be found on lakes?,No,random
can be found on land,a buffalo,'',Can a buffalo be found on land?,Yes,random
can be found on legs,sweet potato,'',Can sweet potato be found on legs?,No,random
can be found on plants,a cricket,'',Can a cricket be found on plants?,Yes,random
can be found on ponds,a goose,'',Can a goose be found on ponds?,Yes,random
can be found on ponds,a hoe,'',Can a hoe be found on ponds?,No,random
can be found on rivers,a cake,'',Can a cake be found on rivers?,No,random
can be found on tables,a bottle,'',Can a bottle be found on tables?,Yes,random
can be found on tables,a porcupine,'',Can a porcupine be found on tables?,No,random
can be found underground,milk,'',Can milk be found underground?,No,random
can be found underwater,a strainer,'',Can a strainer be found underwater?,No,random
can be fried,a wren,'',Can a wren be fried?,No,random
can be gifted,an orchid,'',Can an orchid be gifted?,Yes,random
can be gifted,a screwdriver,'',Can a screwdriver be gifted?,No,random
can be grated,a drill,'',Can a drill be grated?,No,random
can be grown,lemon,'',Can lemon be grown?,Yes,random
can be hard to clean,a jar,'',Can a jar be hard to clean?,No,random
can be healed,a bone,'',Can a bone be healed?,Yes,random
can be healed,a scallop,'',Can a scallop be healed?,No,random
can be held in the palm,ketchup,'',Can ketchup be held in the palm?,No,random
can be high definition,a television,'',Can a television be high definition?,Yes,random
can be high definition,peach,'',Can peach be high definition?,No,random
can be hit with a hammer,a nail,'',Can a nail be hit with a hammer?,Yes,random
can be infected,an ear,'',Can an ear be infected?,Yes,random
can be infected,a seahorse,'',Can a seahorse be infected?,No,random
can be kept in a bowl,a goldfish,'',Can a goldfish be kept in a bowl?,Yes,random
can be kept in a bowl,a rhino,'',Can a rhino be kept in a bowl?,No,random
can be kneaded,a refrigerator,'',Can a refrigerator be kneaded?,No,random
can be laid on its side,a crossbow,'',Can a crossbow be laid on its side?,Yes,random
can be lied on,a sofa,'',Can a sofa be lied on?,Yes,random
can be lied on,a piano,'',Can a piano be lied on?,No,random
can be listened to,a seagull,'',Can a seagull be listened to?,No,random
can be locked,a spear,'',Can a spear be locked?,No,random
can be long,a boat,'',Can a boat be long?,Yes,random
can be long and thin in shape,a ball,'',Can a ball be long and thin in shape?,No,random
can be loose,a nectarine,'',Can a nectarine be loose?,No,random
can be made from barley,whiskey,'',Can whiskey be made from barley?,Yes,random
can be made from goat's milk,a hamster,'',Can a hamster be made from goat's milk?,No,random
can be made from wheat,flour,'',Can flour be made from wheat?,Yes,random
can be made in a teapot,a jacket,'',Can a jacket be made in a teapot?,No,random
can be made into juice,a date,'',Can a date be made into juice?,Yes,random
can be made into juice,a eucalyptus tree,'',Can a eucalyptus tree be made into juice?,No,random
can be made of blackcurrant,jam,'',Can jam be made of blackcurrant?,Yes,random
can be made of bronze,a falcon,'',Can a falcon be made of bronze?,No,random
can be made of canvas material,a deckchair,'',Can a deckchair be made of canvas material?,Yes,random
can be made of cardboard,a willow tree,'',Can a willow tree be made of cardboard?,No,random
can be made of cashmere,a shawl,'',Can a shawl be made of cashmere?,Yes,random
can be made of cashmere,a lizard,'',Can a lizard be made of cashmere?,No,random
can be made of ceramic,a bowl,'',Can a bowl be made of ceramic?,Yes,random
can be made of chainmail,a stocking,'',Can a stocking be made of chainmail?,No,random
can be made of corduroy,a shovel,'',Can a shovel be made of corduroy?,No,random
can be made of denim,a jacket,'',Can a jacket be made of denim?,Yes,random
can be made of ebony,leek,'',Can leek be made of ebony?,No,random
can be made of fabric,pumpkin,'',Can pumpkin be made of fabric?,No,random
can be made of gold,a chandelier,'',Can a chandelier be made of gold?,Yes,random
can be made of gold,blueberry,'',Can blueberry be made of gold?,No,random
can be made of ivory,a piano,'',Can a piano be made of ivory?,Yes,random
can be made of ivory,a coach,'',Can a coach be made of ivory?,No,random
can be made of kevlar,an armor,'',Can an armor be made of kevlar?,Yes,random
can be made of lace,a hornet,'',Can a hornet be made of lace?,No,random
can be made of linen,a blouse,'',Can a blouse be made of linen?,Yes,random
can be made of metal and plastic,a whisk,'',Can a whisk be made of metal and plastic?,Yes,random
can be made of metal and plastic,mayonnaise,'',Can mayonnaise be made of metal and plastic?,No,random
can be made of nylon,a cape,'',Can a cape be made of nylon?,Yes,random
can be made of nylon,a grenade,'',Can a grenade be made of nylon?,No,random
can be made of plastic,a toe,'',Can a toe be made of plastic?,No,random
can be made of satin,a gown,'',Can a gown be made of satin?,Yes,random
can be made of silk,a cape,'',Can a cape be made of silk?,Yes,random
can be made of soft fabric,a skirt,'',Can a skirt be made of soft fabric?,Yes,random
can be made of soft fabric,rhubarb,'',Can rhubarb be made of soft fabric?,No,random
can be made of steel,a ship,'',Can a ship be made of steel?,Yes,random
can be made of wood,a stool,'',Can a stool be made of wood?,Yes,random
can be made of wood,a dressing gown,'',Can a dressing gown be made of wood?,No,random
can be made of wood and fabric,a bagpipe,'',Can a bagpipe be made of wood and fabric?,Yes,random
can be made using a kettle,tea,'',Can tea be made using a kettle?,Yes,random
can be made using a tire,a swing,'',Can a swing be made using a tire?,Yes,random
can be made using a tire,cauliflower,'',Can cauliflower be made using a tire?,No,random
can be made with a stick,a catapult,'',Can a catapult be made with a stick?,Yes,random
can be matured,cheese,'',Can cheese be matured?,Yes,random
can be messy to eat,peach,'',Can peach be messy to eat?,Yes,random
can be messy to eat,a submarine,'',Can a submarine be messy to eat?,No,random
can be mild in taste,a fir tree,'',Can a fir tree be mild in taste?,No,random
can be milked by a machine,a pansy,'',Can a pansy be milked by a machine?,No,random
can be oily,a wallet,'',Can a wallet be oily?,No,random
can be operated by pirates,a radio,'',Can a radio be operated by pirates?,No,random
can be padded with straw and hay,a hutch,'',Can a hutch be padded with straw and hay?,Yes,random
can be part of an armor,plum,'',Can plum be part of an armor?,No,random
can be pinstriped,a drum,'',Can a drum be pinstriped?,No,random
can be pitted,an olive,'',Can an olive be pitted?,Yes,random
can be played,a saxophone,'',Can a saxophone be played?,Yes,random
can be played,a scalpel,'',Can a scalpel be played?,No,random
can be plucked,a cello,'',Can a cello be plucked?,Yes,random
can be pulled by a tractor,a plow,'',Can a plow be pulled by a tractor?,Yes,random
can be pulled by animals,a hawk,'',Can a hawk be pulled by animals?,No,random
can be pumped,a football,'',Can a football be pumped?,Yes,random
can be pushed by the person sitting in it,a wheelchair,'',Can a wheelchair be pushed by the person sitting in it?,Yes,random
can be pushed by the person sitting in it,a mitten,'',Can a mitten be pushed by the person sitting in it?,No,random
can be rectangular in shape,a microwave,'',Can a microwave be rectangular in shape?,Yes,random
can be rectangular in shape,a soup,'',Can a soup be rectangular in shape?,No,random
can be refreshing,cider,'',Can cider be refreshing?,Yes,random
can be refreshing,a crayfish,'',Can a crayfish be refreshing?,No,random
can be rented,a limousine,'',Can a limousine be rented?,Yes,random
can be resilient,mango,'',Can mango be resilient?,No,random
can be rickety,a trolley,'',Can a trolley be rickety?,Yes,random
can be ridden,a drill,'',Can a drill be ridden?,No,random
can be ridden on paths,a bicycle,'',Can a bicycle be ridden on paths?,Yes,random
can be rolled,a cape,'',Can a cape be rolled?,No,random
can be rowed,a canoe,'',Can a canoe be rowed?,Yes,random
can be scary,a scarf,'',Can a scarf be scary?,No,random
can be served from a tap,a whisk,'',Can a whisk be served from a tap?,No,random
can be served in a cup,cider,'',Can cider be served in a cup?,Yes,random
can be served in a cup,a fox,'',Can a fox be served in a cup?,No,random
can be served in a glass,a parka,'',Can a parka be served in a glass?,No,random
can be served with butter,an asparagus,'',Can an asparagus be served with butter?,Yes,random
can be shaved,hair,'',Can hair be shaved?,Yes,random
can be shaved,a clock,'',Can a clock be shaved?,No,random
can be short,a finger,'',Can a finger be short?,Yes,random
can be shriveled,a bean,'',Can a bean be shriveled?,No,random
can be skimmed,beer,'',Can beer be skimmed?,No,random
can be skinny,jeans,'',Can jeans be skinny?,Yes,random
can be skinny,a heart,'',Can a heart be skinny?,No,random
can be slow,a hedgehog,'',Can a hedgehog be slow?,Yes,random
can be slow,a buttercup,'',Can a buttercup be slow?,No,random
can be soft,bread,'',Can bread be soft?,Yes,random
can be soundproof,earmuffs,'',Can earmuffs be soundproof?,Yes,random
can be spicy and tangy,a caterpillar,'',Can a caterpillar be spicy and tangy?,No,random
can be spongy,a cake,'',Can a cake be spongy?,Yes,random
can be spread on bread,butter,'',Can butter be spread on bread?,Yes,random
can be squashy,a worm,'',Can a worm be squashy?,Yes,random
can be stacked,a dog,'',Can a dog be stacked?,No,random
can be stored in tins,a cookie,'',Can a cookie be stored in tins?,Yes,random
can be stretched,a bow,'',Can a bow be stretched?,Yes,random
can be stubbed,a toe,'',Can a toe be stubbed?,Yes,random
can be stubbed,a eucalyptus tree,'',Can a eucalyptus tree be stubbed?,No,random
can be stuffed,a turkey,'',Can a turkey be stuffed?,Yes,random
can be swung,a finger,'',Can a finger be swung?,No,random
can be tailored,an airplane,'',Can an airplane be tailored?,No,random
can be taken on walks,a beaver,'',Can a beaver be taken on walks?,No,random
can be thick in shape,a puppet,'',Can a puppet be thick in shape?,No,random
can be tied,an elm tree,'',Can an elm tree be tied?,No,random
can be tied around the waist,a dressing gown,'',Can a dressing gown be tied around the waist?,Yes,random
can be topped with flakes,ice cream,'',Can ice cream be topped with flakes?,Yes,random
can be trained,a cockerel,'',Can a cockerel be trained?,No,random
can be uncomfortable,a peacock,'',Can a peacock be uncomfortable?,No,random
can be unsalted,a herring,'',Can a herring be unsalted?,No,random
can be used as a container,an owl,'',Can an owl be used as a container?,No,random
can be used as an alarm,a clock,'',Can a clock be used as an alarm?,Yes,random
can be used as an alarm,a sofa,'',Can a sofa be used as an alarm?,No,random
can be used by babies,a salmon,'',Can a salmon be used by babies?,No,random
can be used by carpenters,a nail,'',Can a nail be used by carpenters?,Yes,random
can be used for announcements,a spear,'',Can a spear be used for announcements?,No,random
can be used for building and repairing,a screwdriver,'',Can a screwdriver be used for building and repairing?,Yes,random
can be used for frying,a tarantula,'',Can a tarantula be used for frying?,No,random
can be used for relaxing,a clock,'',Can a clock be used for relaxing?,No,random
can be used for sawing,a saw,'',Can a saw be used for sawing?,Yes,random
can be used for storage,a bottle,'',Can a bottle be used for storage?,Yes,random
can be used for storage,a nightingale,'',Can a nightingale be used for storage?,No,random
can be used for sweeping,a mackerel,'',Can a mackerel be used for sweeping?,No,random
can be used for transport,a leg,'',Can a leg be used for transport?,No,random
can be used for transportation,a cart,'',Can a cart be used for transportation?,Yes,random
can be used in construction,a helicopter,'',Can a helicopter be used in construction?,No,random
can be used in pies,a speedboat,'',Can a speedboat be used in pies?,No,random
can be used in sandwiches,lettuce,'',Can lettuce be used in sandwiches?,Yes,random
can be used on a beach,a ball,'',Can a ball be used on a beach?,Yes,random
can be used on a frying pan,butter,'',Can butter be used on a frying pan?,Yes,random
can be used on a frying pan,a duck,'',Can a duck be used on a frying pan?,No,random
can be used on eyes,cucumber,'',Can cucumber be used on eyes?,Yes,random
can be used on rough waters,a coffee maker,'',Can a coffee maker be used on rough waters?,No,random
can be used to blend,a chisel,'',Can a chisel be used to blend?,No,random
can be used to carry around documents,a satchel,'',Can a satchel be used to carry around documents?,Yes,random
can be used to clean floors,a broom,'',Can a broom be used to clean floors?,Yes,random
can be used to communicate,a radio,'',Can a radio be used to communicate?,Yes,random
can be used to denote numbers,a toe,'',Can a toe be used to denote numbers?,Yes,random
can be used to eat cereal,a bowl,'',Can a bowl be used to eat cereal?,Yes,random
can be used to eat cereal,a leotard,'',Can a leotard be used to eat cereal?,No,random
can be used to eat food,a coat,'',Can a coat be used to eat food?,No,random
can be used to fill pools,a hose,'',Can a hose be used to fill pools?,Yes,random
can be used to fill pools,a moped,'',Can a moped be used to fill pools?,No,random
can be used to flip food,a spatula,'',Can a spatula be used to flip food?,Yes,random
can be used to guide blind people,a dog,'',Can a dog be used to guide blind people?,Yes,random
can be used to guide blind people,blueberry,'',Can blueberry be used to guide blind people?,No,random
can be used to hide a secret passageway,a cup,'',Can a cup be used to hide a secret passageway?,No,random
can be used to hit,a club,'',Can a club be used to hit?,Yes,random
can be used to hunt,a harpoon,'',Can a harpoon be used to hunt?,Yes,random
can be used to keep clean,an apron,'',Can an apron be used to keep clean?,Yes,random
can be used to keep clean,a squid,'',Can a squid be used to keep clean?,No,random
can be used to keep pets,a crayfish,'',Can a crayfish be used to keep pets?,No,random
can be used to make bread,pineapple,'',Can pineapple be used to make bread?,No,random
can be used to make cakes,butter,'',Can butter be used to make cakes?,Yes,random
can be used to make cakes,a stick insect,'',Can a stick insect be used to make cakes?,No,random
can be used to make drinks,a harp,'',Can a harp be used to make drinks?,No,random
can be used to make sandcastles,champagne,'',Can champagne be used to make sandcastles?,No,random
can be used to make smoothies,rhubarb,'',Can rhubarb be used to make smoothies?,Yes,random
can be used to make smoothies,gin,'',Can gin be used to make smoothies?,No,random
can be used to make stew,a pea,'',Can a pea be used to make stew?,Yes,random
can be used to make stew,a cake,'',Can a cake be used to make stew?,No,random
can be used to organize,a chest of drawers,'',Can a chest of drawers be used to organize?,Yes,random
can be used to play baseball,a guitar,'',Can a guitar be used to play baseball?,No,random
can be used to play cricket,a ball,'',Can a ball be used to play cricket?,Yes,random
can be used to play hockey,a ball,'',Can a ball be used to play hockey?,Yes,random
can be used to play squash,a millipede,'',Can a millipede be used to play squash?,No,random
can be used to pour things,a cricket,'',Can a cricket be used to pour things?,No,random
can be used to shape stones,a budgie,'',Can a budgie be used to shape stones?,No,random
can be used to throw over long distances,a catapult,'',Can a catapult be used to throw over long distances?,Yes,random
can be used to throw over long distances,an ashtray,'',Can an ashtray be used to throw over long distances?,No,random
can be used to wash cars,a television,'',Can a television be used to wash cars?,No,random
can be used while cooking pasta,a salmon,'',Can a salmon be used while cooking pasta?,No,random
can be used with toast,butter,'',Can butter be used with toast?,Yes,random
can be used with toast,a nut,'',Can a nut be used with toast?,No,random
can be without a back,a bench,'',Can a bench be without a back?,Yes,random
can be without a brim,a cap,'',Can a cap be without a brim?,Yes,random
can be worn,a rose,'',Can a rose be worn?,No,random
can be worn for workouts,a sweater,'',Can a sweater be worn for workouts?,No,random
can be worn with a tie,a shirt,'',Can a shirt be worn with a tie?,Yes,random
can be worn with cufflinks,a dress,'',Can a dress be worn with cufflinks?,No,random
can be worn with scarves,a hawk,'',Can a hawk be worn with scarves?,No,random
can be wrapped around the body,a skirt,'',Can a skirt be wrapped around the body?,Yes,random
can be wrinkly,a thumb,'',Can a thumb be wrinkly?,Yes,random
can beat,a heart,'',Can a heart beat?,Yes,random
can beat,an ox,'',Can an ox beat?,No,random
can become a plague,a locust,'',Can a locust become a plague?,Yes,random
can become a plague,earmuffs,'',Can earmuffs become a plague?,No,random
can beep,a microwave,'',Can a microwave beep?,Yes,random
can bite,a revolver,'',Can a revolver bite?,No,random
can bleed,a typewriter,'',Can a typewriter bleed?,No,random
can block out sunlight,an oak tree,'',Can an oak tree block out sunlight?,Yes,random
can blow in the wind,a tulip,'',Can a tulip blow in the wind?,Yes,random
can bob its head,a pigeon,'',Can a pigeon bob its head?,Yes,random
can bob its head,lemon,'',Can lemon bob its head?,No,random
can boil water,a rose,'',Can a rose boil water?,No,random
can bounce,a canary,'',Can a canary bounce?,No,random
can box,a helicopter,'',Can a helicopter box?,No,random
can bray,a raccoon,'',Can a raccoon bray?,No,random
can break when dropped,a wasp,'',Can a wasp break when dropped?,No,random
can broadcast,a jar,'',Can a jar broadcast?,No,random
can build,a beaver,'',Can a beaver build?,Yes,random
can build natural dams,a beaver,'',Can a beaver build natural dams?,Yes,random
can build nests,radish,'',Can radish build nests?,No,random
can burst,pliers,'',Can pliers burst?,No,random
can camouflage,a lizard,'',Can a lizard camouflage?,Yes,random
can camouflage,a cheetah,'',Can a cheetah camouflage?,No,random
can canter,turnip,'',Can turnip canter?,No,random
can capture memories,celery,'',Can celery capture memories?,No,random
can carry a lot of people,a van,'',Can a van carry a lot of people?,Yes,random
can carry leaves,a rollerskate,'',Can a rollerskate carry leaves?,No,random
can carry objects,a sledge,'',Can a sledge carry objects?,Yes,random
can carry salmonella,a chicken,'',Can a chicken carry salmonella?,Yes,random
can cause an itch,a daisy,'',Can a daisy cause an itch?,No,random
can cause injuries,a corkscrew,'',Can a corkscrew cause injuries?,No,random
can cause tears when chopped,a sledge,'',Can a sledge cause tears when chopped?,No,random
can chew,a dog,'',Can a dog chew?,Yes,random
can chill food,a refrigerator,'',Can a refrigerator chill food?,Yes,random
can chirp,an oven,'',Can an oven chirp?,No,random
can chop food,a ship,'',Can a ship chop food?,No,random
can climb,a coffee maker,'',Can a coffee maker climb?,No,random
can cling to rocks,a sheep,'',Can a sheep cling to rocks?,No,random
can collect nectar,an ox,'',Can an ox collect nectar?,No,random
can come in bars,chocolate,'',Can chocolate come in bars?,Yes,random
can come in multiple shapes,bread,'',Can bread come in multiple shapes?,Yes,random
can come in pieces,a glider,'',Can a glider come in pieces?,No,random
can contain a ring,a thumb,'',Can a thumb contain a ring?,Yes,random
can contain a spring,a chair,'',Can a chair contain a spring?,No,random
can contain a waistcoat,a piano,'',Can a piano contain a waistcoat?,No,random
can contain alcohol,jelly,'',Can jelly contain alcohol?,Yes,random
can contain alcohol,a lamb,'',Can a lamb contain alcohol?,No,random
can contain bubbles,champagne,'',Can champagne contain bubbles?,Yes,random
can contain bubbles,a gorilla,'',Can a gorilla contain bubbles?,No,random
can contain chocolate,chocolate,'',Can chocolate contain chocolate?,Yes,random
can contain cloth material,a chair,'',Can a chair contain cloth material?,Yes,random
can contain decoration,a sardine,'',Can a sardine contain decoration?,No,random
can contain eggs,a carp,'',Can a carp contain eggs?,No,random
can contain flowers,a basket,'',Can a basket contain flowers?,Yes,random
can contain fruit,a dolphin,'',Can a dolphin contain fruit?,No,random
can contain hot water,coffee,'',Can coffee contain hot water?,Yes,random
can contain icing,a donut,'',Can a donut contain icing?,Yes,random
can contain leather,an arrow,'',Can an arrow contain leather?,No,random
can contain meat,a sandwich,'',Can a sandwich contain meat?,Yes,random
can contain metal,a helmet,'',Can a helmet contain metal?,Yes,random
can contain pasta or noodles,a soup,'',Can a soup contain pasta or noodles?,Yes,random
can contain pasta or noodles,cheese,'',Can cheese contain pasta or noodles?,No,random
can contain pastrami,a sandwich,'',Can a sandwich contain pastrami?,Yes,random
can contain pastrami,lime,'',Can lime contain pastrami?,No,random
can contain photos,a wallet,'',Can a wallet contain photos?,Yes,random
can contain photos,sweet potato,'',Can sweet potato contain photos?,No,random
can contain rodents,whiskey,'',Can whiskey contain rodents?,No,random
can contain springs,a rocket,'',Can a rocket contain springs?,No,random
can contain tea,a deckchair,'',Can a deckchair contain tea?,No,random
can cool the body down,a dragonfly,'',Can a dragonfly cool the body down?,No,random
can crawl,a coffee maker,'',Can a coffee maker crawl?,No,random
can crease,a shawl,'',Can a shawl crease?,Yes,random
can croak,a frog,'',Can a frog croak?,Yes,random
can crush things,an owl,'',Can an owl crush things?,No,random
can curl up,a shrimp,'',Can a shrimp curl up?,Yes,random
can curl up,a sardine,'',Can a sardine curl up?,No,random
can cut and chop wood,a chainsaw,'',Can a chainsaw cut and chop wood?,Yes,random
can cut and chop wood,mushroom,'',Can mushroom cut and chop wood?,No,random
can cut down trees,an axe,'',Can an axe cut down trees?,Yes,random
can cut flesh,a bayonet,'',Can a bayonet cut flesh?,Yes,random
can cut through fabric,scissors,'',Can scissors cut through fabric?,Yes,random
can cut through forrest vegetation,a goose,'',Can a goose cut through forrest vegetation?,No,random
can cut through metal,a saw,'',Can a saw cut through metal?,Yes,random
can cut through metal,a washing machine,'',Can a washing machine cut through metal?,No,random
can cut through paper,champagne,'',Can champagne cut through paper?,No,random
can damage buildings,a lamb,'',Can a lamb damage buildings?,No,random
can damage crops,a grasshopper,'',Can a grasshopper damage crops?,Yes,random
can dart around in the air,a truck,'',Can a truck dart around in the air?,No,random
can defrost food,an oven,'',Can an oven defrost food?,Yes,random
can detect light,a bin,'',Can a bin detect light?,No,random
can detect vibrations,an ear,'',Can an ear detect vibrations?,Yes,random
can die after stinging,a bee,'',Can a bee die after stinging?,Yes,random
can dive underwater,a locust,'',Can a locust dive underwater?,No,random
can drain water,a dishwasher,'',Can a dishwasher drain water?,Yes,random
can drink,jelly,'',Can jelly drink?,No,random
can drool,a calf,'',Can a calf drool?,Yes,random
can drown its prey,a crocodile,'',Can a crocodile drown its prey?,Yes,random
can eat other birds,a shovel,'',Can a shovel eat other birds?,No,random
can eat plants,a refrigerator,'',Can a refrigerator eat plants?,No,random
can eat smaller birds,a pelican,'',Can a pelican eat smaller birds?,Yes,random
can entertain,a clam,'',Can a clam entertain?,No,random
can fall,a goat,'',Can a goat fall?,No,random
can fetch ball,a dog,'',Can a dog fetch ball?,Yes,random
can filter,jam,'',Can jam filter?,No,random
can filter water,a chopping board,'',Can a chopping board filter water?,No,random
can fire arrows,ham,'',Can ham fire arrows?,No,random
can fire long range,a rifle,'',Can a rifle fire long range?,Yes,random
can flash,a camera,'',Can a camera flash?,Yes,random
can flash,a hyacinth,'',Can a hyacinth flash?,No,random
can flatten,a budgie,'',Can a budgie flatten?,No,random
can float in air,a jacket,'',Can a jacket float in air?,No,random
can flutter,an oven,'',Can an oven flutter?,No,random
can fly,a unicycle,'',Can a unicycle fly?,No,random
can fly backwards,a hummingbird,'',Can a hummingbird fly backwards?,Yes,random
can fly backwards,a donut,'',Can a donut fly backwards?,No,random
can fly fast,a hummingbird,'',Can a hummingbird fly fast?,Yes,random
can fly fast,a parka,'',Can a parka fly fast?,No,random
can get cold,a mackerel,'',Can a mackerel get cold?,No,random
can get congested,a bicycle,'',Can a bicycle get congested?,No,random
can get full,a bin,'',Can a bin get full?,Yes,random
can get knotted,a catapult,'',Can a catapult get knotted?,No,random
can give birth to mules,a throne,'',Can a throne give birth to mules?,No,random
can glide,a buzzard,'',Can a buzzard glide?,Yes,random
can glide,a rhino,'',Can a rhino glide?,No,random
can go into a shoe,a foot,'',Can a foot go into a shoe?,Yes,random
can go into a sock,a flea,'',Can a flea go into a sock?,No,random
can go into wall,a nail,'',Can a nail go into wall?,Yes,random
can go stale,a ladle,'',Can a ladle go stale?,No,random
can go through corks,a corkscrew,'',Can a corkscrew go through corks?,Yes,random
can go through corks,a woodpecker,'',Can a woodpecker go through corks?,No,random
can go without drinking water,an apple,'',Can an apple go without drinking water?,No,random
can grate,a grater,'',Can a grater grate?,Yes,random
can grate vegetables,turnip,'',Can turnip grate vegetables?,No,random
can grow,a leg,'',Can a leg grow?,Yes,random
can growl,whiskey,'',Can whiskey growl?,No,random
can hang from the ceiling,a moped,'',Can a moped hang from the ceiling?,No,random
can have a baby seat,a trolley,'',Can a trolley have a baby seat?,Yes,random
can have a basket,a trolley,'',Can a trolley have a basket?,Yes,random
can have a bell,a trumpet,'',Can a trumpet have a bell?,Yes,random
can have a bin bag,a bin,'',Can a bin have a bin bag?,Yes,random
can have a cork,a spatula,'',Can a spatula have a cork?,No,random
can have a duvet,ham,'',Can ham have a duvet?,No,random
can have a hammer shaped head,kiwi,'',Can kiwi have a hammer shaped head?,No,random
can have a headboard,a bed,'',Can a bed have a headboard?,Yes,random
can have a hot temperature,an oven,'',Can an oven have a hot temperature?,Yes,random
can have a kidney shape,a bean,'',Can a bean have a kidney shape?,Yes,random
can have a label,butter,'',Can butter have a label?,No,random
can have a large surface area,a yacht,'',Can a yacht have a large surface area?,No,random
can have a lever,pliers,'',Can pliers have a lever?,Yes,random
can have a lever,a clam,'',Can a clam have a lever?,No,random
can have a lid,a basket,'',Can a basket have a lid?,Yes,random
can have a minibar,a limousine,'',Can a limousine have a minibar?,Yes,random
can have a motor,a tongue,'',Can a tongue have a motor?,No,random
can have a rough texture,grapefruit,'',Can grapefruit have a rough texture?,Yes,random
can have a rubber band,a catapult,'',Can a catapult have a rubber band?,Yes,random
can have a smooth texture,an elm tree,'',Can an elm tree have a smooth texture?,No,random
can have a tap for warm and cold water,a trout,'',Can a trout have a tap for warm and cold water?,No,random
can have a triangular shape,a sandwich,'',Can a sandwich have a triangular shape?,Yes,random
can have a visor,a helmet,'',Can a helmet have a visor?,Yes,random
can have a wooden handle,a spatula,'',Can a spatula have a wooden handle?,Yes,random
can have a wooden handle,a cockroach,'',Can a cockroach have a wooden handle?,No,random
can have cabins,a houseboat,'',Can a houseboat have cabins?,Yes,random
can have candles,a cat,'',Can a cat have candles?,No,random
can have decorations,a desk,'',Can a desk have decorations?,No,random
can have engravings on it,a cookie,'',Can a cookie have engravings on it?,Yes,random
can have engravings on it,a moped,'',Can a moped have engravings on it?,No,random
can have flat or curved leaves,parsley,'',Can parsley have flat or curved leaves?,Yes,random
can have fruity bits in it,a mussel,'',Can a mussel have fruity bits in it?,No,random
can have hexagonal heads,a chopping board,'',Can a chopping board have hexagonal heads?,No,random
can have lice,hair,'',Can hair have lice?,Yes,random
can have long sleeves,a colander,'',Can a colander have long sleeves?,No,random
can have multiple taps,a bathtub,'',Can a bathtub have multiple taps?,Yes,random
can have multiple taps,a toe,'',Can a toe have multiple taps?,No,random
can have one hump,a camel,'',Can a camel have one hump?,Yes,random
can have rooms,a caravan,'',Can a caravan have rooms?,Yes,random
can have rough edges,a tweezer,'',Can a tweezer have rough edges?,Yes,random
can have rough edges,a dinghy,'',Can a dinghy have rough edges?,No,random
can have sharp blades,a sword,'',Can a sword have sharp blades?,Yes,random
can have short sleeves,a wetsuit,'',Can a wetsuit have short sleeves?,Yes,random
can have short sleeves,a pony,'',Can a pony have short sleeves?,No,random
can have six wheels,a coach,'',Can a coach have six wheels?,Yes,random
can have split ends,hair,'',Can hair have split ends?,Yes,random
can have striped patterns,a chainsaw,'',Can a chainsaw have striped patterns?,No,random
can have two decks,a bus,'',Can a bus have two decks?,Yes,random
can have two decks,a chair,'',Can a chair have two decks?,No,random
can have white petals,a lily,'',Can a lily have white petals?,Yes,random
can have wire mesh,butter,'',Can butter have wire mesh?,No,random
can heat water,a lamp,'',Can a lamp heat water?,No,random
can help organize schedules,a clock,'',Can a clock help organize schedules?,Yes,random
can hibernate,a bear,'',Can a bear hibernate?,Yes,random
can hit people,an accordion,'',Can an accordion hit people?,No,random
can hold books,a bookcase,'',Can a bookcase hold books?,Yes,random
can hold drinks,a porcupine,'',Can a porcupine hold drinks?,No,random
can hold fruit,a platypus,'',Can a platypus hold fruit?,No,random
can hold sand,a bucket,'',Can a bucket hold sand?,Yes,random
can hold sand,an axe,'',Can an axe hold sand?,No,random
can hold things in place,a clamp,'',Can a clamp hold things in place?,Yes,random
can hold things together,a bagpipe,'',Can a bagpipe hold things together?,No,random
can hop,a grasshopper,'',Can a grasshopper hop?,Yes,random
can house birds,a brussels sprout,'',Can a brussels sprout house birds?,No,random
can hurt,a hedgehog,'',Can a hedgehog hurt?,No,random
can hurt people,a sandwich,'',Can a sandwich hurt people?,No,random
can hydrate the body,an ant,'',Can an ant hydrate the body?,No,random
can improve eyesight,a gerbil,'',Can a gerbil improve eyesight?,No,random
can infect pets,a harpsichord,'',Can a harpsichord infect pets?,No,random
can join things,a tuna,'',Can a tuna join things?,No,random
can jump out of the water,a dolphin,'',Can a dolphin jump out of the water?,Yes,random
can keep the ears warm,earmuffs,'',Can earmuffs keep the ears warm?,Yes,random
can keep the head warm,a tongue,'',Can a tongue keep the head warm?,No,random
can kill,strawberry,'',Can strawberry kill?,No,random
can kill people,a sword,'',Can a sword kill people?,Yes,random
can last a long time,jam,'',Can jam last a long time?,Yes,random
can live long,a turtle,'',Can a turtle live long?,Yes,random
can live long,a parakeet,'',Can a parakeet live long?,No,random
can live near the water,a swan,'',Can a swan live near the water?,Yes,random
can maim,a crossbow,'',Can a crossbow maim?,Yes,random
can make a clucking noise,a turkey,'',Can a turkey make a clucking noise?,Yes,random
can make a crashing sound,a speedboat,'',Can a speedboat make a crashing sound?,No,random
can make a honking noise,potato,'',Can potato make a honking noise?,No,random
can make a hooting sound,an owl,'',Can an owl make a hooting sound?,Yes,random
can make a hooting sound,a moose,'',Can a moose make a hooting sound?,No,random
can make a loud noise,a cymbal,'',Can a cymbal make a loud noise?,Yes,random
can make a twangy sound,a harpsichord,'',Can a harpsichord make a twangy sound?,Yes,random
can make butter,milk,'',Can milk make butter?,Yes,random
can make coffee,a coffee maker,'',Can a coffee maker make coffee?,Yes,random
can make coffee,leek,'',Can leek make coffee?,No,random
can make honey,a bee,'',Can a bee make honey?,Yes,random
can make loud sounds,a fox,'',Can a fox make loud sounds?,Yes,random
can make music,broccoli,'',Can broccoli make music?,No,random
can make people feel seasick,a shrimp,'',Can a shrimp make people feel seasick?,No,random
can make puree,a blender,'',Can a blender make puree?,Yes,random
can make raisins,a caterpillar,'',Can a caterpillar make raisins?,No,random
can make you drunk,whiskey,'',Can whiskey make you drunk?,Yes,random
can make you fall,tangerine,'',Can tangerine make you fall?,No,random
can melt,cheese,'',Can cheese melt?,Yes,random
can melt in the mouth,whiskey,'',Can whiskey melt in the mouth?,No,random
can melt under heat,ice cream,'',Can ice cream melt under heat?,Yes,random
can meow,a cat,'',Can a cat meow?,Yes,random
can meow,a mirror,'',Can a mirror meow?,No,random
can migrate,a bathtub,'',Can a bathtub migrate?,No,random
can mix ingredients,a blender,'',Can a blender mix ingredients?,Yes,random
can open,a clam,'',Can a clam open?,Yes,random
can open cans,a can opener,'',Can a can opener open cans?,Yes,random
can peck,a peacock,'',Can a peacock peck?,Yes,random
can pierce or impale,a knife,'',Can a knife pierce or impale?,Yes,random
can pierce or impale,a rat,'',Can a rat pierce or impale?,No,random
can play audio,a canary,'',Can a canary play audio?,No,random
can pollinate,a hummingbird,'',Can a hummingbird pollinate?,Yes,random
can pollinate flowers,a bee,'',Can a bee pollinate flowers?,Yes,random
can pounce,a budgie,'',Can a budgie pounce?,No,random
can prance,a horse,'',Can a horse prance?,Yes,random
can prance,an owl,'',Can an owl prance?,No,random
can press,a finger,'',Can a finger press?,Yes,random
can prevent mess,a chipmunk,'',Can a chipmunk prevent mess?,No,random
can produce cider,pear,'',Can pear produce cider?,Yes,random
can produce cider,an eel,'',Can an eel produce cider?,No,random
can protect against weapons,an armor,'',Can an armor protect against weapons?,Yes,random
can protect from spills,an apron,'',Can an apron protect from spills?,Yes,random
can provide fitness,a bicycle,'',Can a bicycle provide fitness?,Yes,random
can provide shade,a pine tree,'',Can a pine tree provide shade?,Yes,random
can provide shelter,a houseboat,'',Can a houseboat provide shelter?,Yes,random
can provide support,a bra,'',Can a bra provide support?,Yes,random
can provide water,an elephant,'',Can an elephant provide water?,No,random
can pull things,a starling,'',Can a starling pull things?,No,random
can quack,a duck,'',Can a duck quack?,Yes,random
can regenerate,a wolf,'',Can a wolf regenerate?,No,random
can reproduce quickly,a bagpipe,'',Can a bagpipe reproduce quickly?,No,random
can require electricity,a crayfish,'',Can a crayfish require electricity?,No,random
can rip,a box,'',Can a box rip?,No,random
can roll,a bra,'',Can a bra roll?,No,random
can rotate its head,an owl,'',Can an owl rotate its head?,Yes,random
can rub its wings,a bowl,'',Can a bowl rub its wings?,No,random
can run,a wheelbarrow,'',Can a wheelbarrow run?,No,random
can run on nuclear power,cheese,'',Can cheese run on nuclear power?,No,random
can save time,a dishwasher,'',Can a dishwasher save time?,Yes,random
can save time,an oak tree,'',Can an oak tree save time?,No,random
can scavenge in bins,a raccoon,'',Can a raccoon scavenge in bins?,Yes,random
can scuttle,a clarinet,'',Can a clarinet scuttle?,No,random
can secure things,a clamp,'',Can a clamp secure things?,Yes,random
can see,an eye,'',Can an eye see?,Yes,random
can see in the dark,an owl,'',Can an owl see in the dark?,Yes,random
can see in the dark,a monkey,'',Can a monkey see in the dark?,No,random
can separate food from water,a hummingbird,'',Can a hummingbird separate food from water?,No,random
can serve food on board,a train,'',Can a train serve food on board?,Yes,random
can serve food on board,a kayak,'',Can a kayak serve food on board?,No,random
can shine,a lamp,'',Can a lamp shine?,Yes,random
can shoot spikes,a porcupine,'',Can a porcupine shoot spikes?,Yes,random
can shoot spikes,a ship,'',Can a ship shoot spikes?,No,random
can sieve,broccoli,'',Can broccoli sieve?,No,random
can sing,a budgie,'',Can a budgie sing?,Yes,random
can sing,an ox,'',Can an ox sing?,No,random
can skip traffic lights,an ambulance,'',Can an ambulance skip traffic lights?,Yes,random
can slide,a sledge,'',Can a sledge slide?,Yes,random
can sniff,a gun,'',Can a gun sniff?,No,random
can spill oil,an oil tanker,'',Can an oil tanker spill oil?,Yes,random
can spill oil,a microwave,'',Can a microwave spill oil?,No,random
can spin,a canary,'',Can a canary spin?,No,random
can spray liquid,a hose,'',Can a hose spray liquid?,Yes,random
can sprout,potato,'',Can potato sprout?,Yes,random
can squawk,a parakeet,'',Can a parakeet squawk?,Yes,random
can squirt ink,a grater,'',Can a grater squirt ink?,No,random
can stab,leek,'',Can leek stab?,No,random
can stain,ketchup,'',Can ketchup stain?,Yes,random
can stand on one leg,a saw,'',Can a saw stand on one leg?,No,random
can stand up vertically,a kangaroo,'',Can a kangaroo stand up vertically?,Yes,random
can stand up vertically,a lion,'',Can a lion stand up vertically?,No,random
can sting,an ant,'',Can an ant sting?,Yes,random
can stop,a car,'',Can a car stop?,No,random
can stop bullets,a mug,'',Can a mug stop bullets?,No,random
can store beer and ale,a french horn,'',Can a french horn store beer and ale?,No,random
can store chutney,a football,'',Can a football store chutney?,No,random
can store food in its cheeks,a hamster,'',Can a hamster store food in its cheeks?,Yes,random
can store jam,a jar,'',Can a jar store jam?,Yes,random
can store milk,a bottle,'',Can a bottle store milk?,Yes,random
can store water,a daisy,'',Can a daisy store water?,No,random
can strut,banana,'',Can banana strut?,No,random
can suck blood,tights,'',Can tights suck blood?,No,random
can support body weight,satsuma,'',Can satsuma support body weight?,No,random
can support spectacles,an ear,'',Can an ear support spectacles?,Yes,random
can support spectacles,a hose,'',Can a hose support spectacles?,No,random
can support the body,a squirrel,'',Can a squirrel support the body?,No,random
can survive nuclear attacks,a tugboat,'',Can a tugboat survive nuclear attacks?,No,random
can take up a lot of space,a buggy,'',Can a buggy take up a lot of space?,No,random
can taste,a heron,'',Can a heron taste?,No,random
can thicken,a helmet,'',Can a helmet thicken?,No,random
can throw rocks,a catapult,'',Can a catapult throw rocks?,Yes,random
can trample,an elephant,'',Can an elephant trample?,Yes,random
can transmit malaria,a chopping board,'',Can a chopping board transmit malaria?,No,random
can transport goods,a box,'',Can a box transport goods?,Yes,random
can transport people,a truck,'',Can a truck transport people?,Yes,random
can travel across countries,an airplane,'',Can an airplane travel across countries?,Yes,random
can travel long distances,a canoe,'',Can a canoe travel long distances?,No,random
can trot,a pony,'',Can a pony trot?,Yes,random
can trot,a tongue,'',Can a tongue trot?,No,random
can turn into a pupa,a table,'',Can a table turn into a pupa?,No,random
can unravel,a yoyo,'',Can a yoyo unravel?,Yes,random
can vibrate,a beetle,'',Can a beetle vibrate?,No,random
can waddle,a walrus,'',Can a walrus waddle?,Yes,random
can wade,potato,'',Can potato wade?,No,random
can wag its tail,a dog,'',Can a dog wag its tail?,Yes,random
can wake someone up,a cow,'',Can a cow wake someone up?,No,random
can wallow,a buffalo,'',Can a buffalo wallow?,Yes,random
can wallow,a nightingale,'',Can a nightingale wallow?,No,random
can water,a housefly,'',Can a housefly water?,No,random
can whip cream,a whisk,'',Can a whisk whip cream?,Yes,random
can whip cream,mushroom,'',Can mushroom whip cream?,No,random
can wink,an eye,'',Can an eye wink?,Yes,random
can work in teams,an otter,'',Can an otter work in teams?,Yes,random
can wriggle,a caterpillar,'',Can a caterpillar wriggle?,Yes,random
cannot fly,a peacock,'',Does a peacock cannot fly?,Yes,random
carries food and drinks,a tray,'',Does a tray carrie food and drinks?,Yes,random
carries food and drinks,a toad,'',Does a toad carrie food and drinks?,No,random
carries its young one in its pouch,a kangaroo,'',Does a kangaroo carrie its young one in its pouch?,Yes,random
carries one person,garlic,'',Does garlic carrie one person?,No,random
chases balls,a dog,'',Does a dog chase balls?,Yes,random
collects food,a satchel,'',Does a satchel collect food?,No,random
comes from cows,a housefly,'',Does a housefly come from cows?,No,random
comes from grains,whiskey,'',Does whiskey come from grains?,Yes,random
comes in different designs,a football,'',Does a football come in different designs?,Yes,random
comes in flavors,chocolate,'',Does chocolate come in flavors?,Yes,random
comes in loaves,a bottle,'',Does a bottle come in loaves?,No,random
contains a calf,castanets,'',Does castanets contain a calf?,No,random
contains a tibia,a leg,'',Does a leg contain a tibia?,Yes,random
contains a tibia,bacon,'',Does bacon contain a tibia?,No,random
contains air bubbles,a spirit level,'',Does a spirit level contain air bubbles?,Yes,random
contains calcium,milk,'',Does milk contain calcium?,Yes,random
contains cartilage,an ear,'',Does an ear contain cartilage?,Yes,random
contains chemicals,a bomb,'',Does a bomb contain chemicals?,Yes,random
contains chemicals,an elephant,'',Does an elephant contain chemicals?,No,random
contains chlorophyll,spinach,'',Does spinach contain chlorophyll?,Yes,random
contains chlorophyll,butter,'',Does butter contain chlorophyll?,No,random
contains credit cards,a wallet,'',Does a wallet contain credit cards?,Yes,random
contains credit cards,a lobster,'',Does a lobster contain credit cards?,No,random
contains explosive material,a wolf,'',Does a wolf contain explosive material?,No,random
contains fabric parts,a marigold,'',Does a marigold contain fabric parts?,No,random
contains fat,milk,'',Does milk contain fat?,Yes,random
contains fiber,a stick insect,'',Does a stick insect contain fiber?,No,random
contains high cholesterol,a bra,'',Does a bra contain high cholesterol?,No,random
contains identification,a wallet,'',Does a wallet contain identification?,Yes,random
contains juice,a melon,'',Does a melon contain juice?,Yes,random
contains ligament,a bottle,'',Does a bottle contain ligament?,No,random
contains liquid,a corkscrew,'',Does a corkscrew contain liquid?,No,random
contains money,a unicycle,'',Does a unicycle contain money?,No,random
contains nerves,a toe,'',Does a toe contain nerves?,Yes,random
contains nerves,lemon,'',Does lemon contain nerves?,No,random
contains oil and fat,a radio,'',Does a radio contain oil and fat?,No,random
contains potassium,pear,'',Does pear contain potassium?,No,random
contains receipts,a wallet,'',Does a wallet contain receipts?,Yes,random
contains screws,a corkscrew,'',Does a corkscrew contain screws?,Yes,random
contains screws,a rose,'',Does a rose contain screws?,No,random
contains stock,a soup,'',Does a soup contain stock?,Yes,random
contains stock,a glider,'',Does a glider contain stock?,No,random
contains strings,a eucalyptus tree,'',Does a eucalyptus tree contain strings?,No,random
contains tubes,an ear,'',Does an ear contain tubes?,Yes,random
contains tubes,pineapple,'',Does pineapple contain tubes?,No,random
contains vinegar,a buggy,'',Does a buggy contain vinegar?,No,random
contains yeast,beer,'',Does beer contain yeast?,Yes,random
displays minutes,a harpsichord,'',Does a harpsichord display minutes?,No,random
displays numbers,a carnation,'',Does a carnation display numbers?,No,random
does jump long distances,a kangaroo,'',Does a kangaroo doe jump long distances?,Yes,random
does not cover much skin,a yacht,'',Does a yacht doe not cover much skin?,No,random
does not decompose,a flamingo,'',Does a flamingo doe not decompose?,No,random
does not die when it stings,a wasp,'',Does a wasp doe not die when it stings?,Yes,random
does not die when it stings,a hummingbird,'',Does a hummingbird doe not die when it stings?,No,random
does not have any passengers,a camera,'',Does a camera doe not have any passengers?,No,random
does not have seeds,a moth,'',Does a moth doe not have seeds?,No,random
does not lay eggs,a cockerel,'',Does a cockerel doe not lay eggs?,Yes,random
does not lay eggs,a machete,'',Does a machete doe not lay eggs?,No,random
drags itself along,a walrus,'',Does a walrus drag itself along?,Yes,random
drinks milk for nourishment,a kingfisher,'',Does a kingfisher drink milk for nourishment?,No,random
eats,a marigold,'',Does a marigold eat?,No,random
eats cheese,a mouse,'',Does a mouse eat cheese?,Yes,random
eats cheese,a spider,'',Does a spider eat cheese?,No,random
eats from branches,a giraffe,'',Does a giraffe eat from branches?,Yes,random
eats from trees,a giraffe,'',Does a giraffe eat from trees?,Yes,random
eats meat,a mirror,'',Does a mirror eat meat?,No,random
eats nectar,a hummingbird,'',Does a hummingbird eat nectar?,Yes,random
eats nuts,a squirrel,'',Does a squirrel eat nuts?,Yes,random
eats pet fish food,a goldfish,'',Does a goldfish eat pet fish food?,Yes,random
eats rabbits,a fox,'',Does a fox eat rabbits?,Yes,random
eats rabbits,a locust,'',Does a locust eat rabbits?,No,random
eats rodents and mice,a hawk,'',Does a hawk eat rodents and mice?,Yes,random
eats rodents and mice,a bicycle,'',Does a bicycle eat rodents and mice?,No,random
eats scraps,a pigeon,'',Does a pigeon eat scraps?,Yes,random
eats seeds,an emu,'',Does an emu eat seeds?,Yes,random
eats slugs,a hedgehog,'',Does a hedgehog eat slugs?,Yes,random
eats snails,a hedgehog,'',Does a hedgehog eat snails?,Yes,random
eats snails,a buttercup,'',Does a buttercup eat snails?,No,random
eats wood,a termite,'',Does a termite eat wood?,Yes,random
facilitates sight,an eye,'',Does an eye facilitate sight?,Yes,random
feeds on fish,a bomb,'',Does a bomb feed on fish?,No,random
follows a route,peach,'',Does peach follow a route?,No,random
gives birth to cygnets,a swan,'',Does a swan give birth to cygnets?,Yes,random
gives birth to cygnets,a magpie,'',Does a magpie give birth to cygnets?,No,random
gives birth to ducklings,a blender,'',Does a blender give birth to ducklings?,No,random
gives birth to joeys,a kangaroo,'',Does a kangaroo give birth to joeys?,Yes,random
gives birth to joeys,a harpsichord,'',Does a harpsichord give birth to joeys?,No,random
gives birth to lambs,a sheep,'',Does a sheep give birth to lambs?,Yes,random
gives birth to piglets,a pig,'',Does a pig give birth to piglets?,Yes,random
goes into space,a crayfish,'',Does a crayfish go into space?,No,random
goes through metamorphosis,a caterpillar,'',Does a caterpillar go through metamorphosis?,Yes,random
goes through metamorphosis,a falcon,'',Does a falcon go through metamorphosis?,No,random
grows from follicles,a hyena,'',Does a hyena grow from follicles?,No,random
grows in bunches,a cherry,'',Does a cherry grow in bunches?,Yes,random
grows in winter,a heart,'',Does a heart grow in winter?,No,random
grows on a stalk,plum,'',Does plum grow on a stalk?,Yes,random
grows on bushes,a trumpet,'',Does a trumpet grow on bushes?,No,random
grows on cobs,a stick insect,'',Does a stick insect grow on cobs?,No,random
grows on palm trees,a date,'',Does a date grow on palm trees?,Yes,random
grows on trees,kiwi,'',Does kiwi grow on trees?,Yes,random
grows slowly,a ladybird,'',Does a ladybird grow slowly?,No,random
grows underground,an onion,'',Does an onion grow underground?,Yes,random
has a back rest,an alligator,'',Does an alligator have a back rest?,No,random
has a bag of air,a rollerskate,'',Does a rollerskate have a bag of air?,No,random
has a base,a jug,'',Does a jug have a base?,Yes,random
has a base,a clam,'',Does a clam have a base?,No,random
has a basin,a sink,'',Does a sink have a basin?,Yes,random
has a bathroom,a houseboat,'',Does a houseboat have a bathroom?,Yes,random
has a beak,rice,'',Does rice have a beak?,No,random
has a beard,a goat,'',Does a goat have a beard?,Yes,random
has a beaver tail,a shirt,'',Does a shirt have a beaver tail?,No,random
has a bedroom,a houseboat,'',Does a houseboat have a bedroom?,Yes,random
has a bedroom,a frog,'',Does a frog have a bedroom?,No,random
has a big beak,an orange,'',Does an orange have a big beak?,No,random
has a big body,a tarantula,'',Does a tarantula have a big body?,Yes,random
has a big head,a spider,'',Does a spider have a big head?,No,random
has a big horn,an eel,'',Does an eel have a big horn?,No,random
has a big nose,a hippo,'',Does a hippo have a big nose?,Yes,random
has a big shell,a sofa,'',Does a sofa have a big shell?,No,random
has a blowhole,a pig,'',Does a pig have a blowhole?,No,random
has a boot,a lorry,'',Does a lorry have a boot?,Yes,random
has a bow at the front,a boat,'',Does a boat have a bow at the front?,Yes,random
has a bridge,a violin,'',Does a violin have a bridge?,Yes,random
has a brown center,a sunflower,'',Does a sunflower have a brown center?,Yes,random
has a brush,a broom,'',Does a broom have a brush?,Yes,random
has a bushy tail,a yoyo,'',Does a yoyo have a bushy tail?,No,random
has a call,a cockerel,'',Does a cockerel have a call?,Yes,random
has a center,plum,'',Does plum have a center?,Yes,random
has a center,an accordion,'',Does an accordion have a center?,No,random
has a circular head,a harmonica,'',Does a harmonica have a circular head?,No,random
has a collar,a chair,'',Does a chair have a collar?,No,random
has a cork stopper,a desk,'',Does a desk have a cork stopper?,No,random
has a covered deck,a kayak,'',Does a kayak have a covered deck?,Yes,random
has a crest,a cockerel,'',Does a cockerel have a crest?,Yes,random
has a crushing bite,a seahorse,'',Does a seahorse have a crushing bite?,No,random
has a curly shape,a french horn,'',Does a french horn have a curly shape?,Yes,random
has a curly tail,a scorpion,'',Does a scorpion have a curly tail?,Yes,random
has a curly tail,a van,'',Does a van have a curly tail?,No,random
has a curved beak,a drill,'',Does a drill have a curved beak?,No,random
has a curvy end,a ladle,'',Does a ladle have a curvy end?,Yes,random
has a cuticle,a cod,'',Does a cod have a cuticle?,No,random
has a deep sound,a bagpipe,'',Does a bagpipe have a deep sound?,Yes,random
has a dial,a cup,'',Does a cup have a dial?,No,random
has a disc shape,a shrimp,'',Does a shrimp have a disc shape?,No,random
has a dorsal fin,a stick insect,'',Does a stick insect have a dorsal fin?,No,random
has a drain hole,satsuma,'',Does satsuma have a drain hole?,No,random
has a dreamy sound,a harp,'',Does a harp have a dreamy sound?,Yes,random
has a face,a walrus,'',Does a walrus have a face?,Yes,random
has a fanned tail,a peacock,'',Does a peacock have a fanned tail?,Yes,random
has a fanned tail,a wetsuit,'',Does a wetsuit have a fanned tail?,No,random
has a fatal sting,a llama,'',Does a llama have a fatal sting?,No,random
has a fee counter,a taxi,'',Does a taxi have a fee counter?,Yes,random
has a fee counter,an oyster,'',Does an oyster have a fee counter?,No,random
has a finger loop,a yoyo,'',Does a yoyo have a finger loop?,Yes,random
has a finger loop,a corkscrew,'',Does a corkscrew have a finger loop?,No,random
has a firm flesh,a robin,'',Does a robin have a firm flesh?,No,random
has a flame,a nut,'',Does a nut have a flame?,No,random
has a flap,a satchel,'',Does a satchel have a flap?,Yes,random
has a flat beak,a duck,'',Does a duck have a flat beak?,Yes,random
has a flat blade,a spade,'',Does a spade have a flat blade?,Yes,random
has a flat blade,a drum,'',Does a drum have a flat blade?,No,random
has a flat screen,a television,'',Does a television have a flat screen?,Yes,random
has a flat surface,a mirror,'',Does a mirror have a flat surface?,Yes,random
has a flat surface,a violin,'',Does a violin have a flat surface?,No,random
has a flat tail,a moth,'',Does a moth have a flat tail?,No,random
has a flat top,an alligator,'',Does an alligator have a flat top?,No,random
has a floor,a hutch,'',Does a hutch have a floor?,Yes,random
has a fluffy tail,a beetle,'',Does a beetle have a fluffy tail?,No,random
has a forked tongue,a rattlesnake,'',Does a rattlesnake have a forked tongue?,Yes,random
has a freezer,a refrigerator,'',Does a refrigerator have a freezer?,Yes,random
has a fretboard,a banjo,'',Does a banjo have a fretboard?,Yes,random
has a furry texture,a bra,'',Does a bra have a furry texture?,No,random
has a glass door,an oven,'',Does an oven have a glass door?,Yes,random
has a glossy surface,a clarinet,'',Does a clarinet have a glossy surface?,Yes,random
has a grip,a cockroach,'',Does a cockroach have a grip?,No,random
has a handle,a football,'',Does a football have a handle?,No,random
has a hard core,pineapple,'',Does pineapple have a hard core?,Yes,random
has a hard exoskeleton,a typewriter,'',Does a typewriter have a hard exoskeleton?,No,random
has a hard seed,an eye,'',Does an eye have a hard seed?,No,random
has a hard shell,a chestnut tree,'',Does a chestnut tree have a hard shell?,No,random
has a harsh sound,a french horn,'',Does a french horn have a harsh sound?,Yes,random
has a hatch for entering,a submarine,'',Does a submarine have a hatch for entering?,Yes,random
has a heart shaped center,a fork,'',Does a fork have a heart shaped center?,No,random
has a helmet,an armor,'',Does an armor have a helmet?,Yes,random
has a high pitch,a gong,'',Does a gong have a high pitch?,Yes,random
has a hole in its center,a cymbal,'',Does a cymbal have a hole in its center?,Yes,random
has a hole to blow in air,a hatchet,'',Does a hatchet have a hole to blow in air?,No,random
has a hook,a jug,'',Does a jug have a hook?,No,random
has a horn on its nose,a rhino,'',Does a rhino have a horn on its nose?,Yes,random
has a hundred legs,a centipede,'',Does a centipede have a hundred legs?,Yes,random
has a jacket,a suit,'',Does a suit have a jacket?,Yes,random
has a jelly like texture,a dressing gown,'',Does a dressing gown have a jelly like texture?,No,random
has a large gun,a barge,'',Does a barge have a large gun?,No,random
has a large mouth,a crocodile,'',Does a crocodile have a large mouth?,Yes,random
has a large wingspan,a wheelchair,'',Does a wheelchair have a large wingspan?,No,random
has a lemony taste,lemonade,'',Does lemonade have a lemony taste?,Yes,random
has a lever,a corkscrew,'',Does a corkscrew have a lever?,Yes,random
has a lever,a coat,'',Does a coat have a lever?,No,random
has a line in the middle,a blender,'',Does a blender have a line in the middle?,No,random
has a lobe,an ear,'',Does an ear have a lobe?,Yes,random
has a lobe,a stick insect,'',Does a stick insect have a lobe?,No,random
has a long beak,a crane,'',Does a crane have a long beak?,Yes,random
has a long blade,a scythe,'',Does a scythe have a long blade?,Yes,random
has a long body,a rhino,'',Does a rhino have a long body?,Yes,random
has a long face,a pony,'',Does a pony have a long face?,Yes,random
has a long face,a crowbar,'',Does a crowbar have a long face?,No,random
has a long handle,a rake,'',Does a rake have a long handle?,Yes,random
has a long nose,a gun,'',Does a gun have a long nose?,No,random
has a long stem,an orchid,'',Does an orchid have a long stem?,Yes,random
has a long stem,a rocking chair,'',Does a rocking chair have a long stem?,No,random
has a long tail,a bicycle,'',Does a bicycle have a long tail?,No,random
has a loud cry,a cockerel,'',Does a cockerel have a loud cry?,Yes,random
has a luggage area,a ship,'',Does a ship have a luggage area?,No,random
has a mane,a pony,'',Does a pony have a mane?,Yes,random
has a mast,a hatchet,'',Does a hatchet have a mast?,No,random
has a mattress,a bed,'',Does a bed have a mattress?,Yes,random
has a memory card,a skirt,'',Does a skirt have a memory card?,No,random
has a metal frame,a bus,'',Does a bus have a metal frame?,Yes,random
has a motor,a blender,'',Does a blender have a motor?,Yes,random
has a moving blade,a chainsaw,'',Does a chainsaw have a moving blade?,Yes,random
has a narrow body,a coffee maker,'',Does a coffee maker have a narrow body?,No,random
has a nose,a carriage,'',Does a carriage have a nose?,No,random
has a nozzle,a hose,'',Does a hose have a nozzle?,Yes,random
has a padded ball,a foot,'',Does a foot have a padded ball?,Yes,random
has a pilot,ham,'',Does ham have a pilot?,No,random
has a pixelated screen,a daisy,'',Does a daisy have a pixelated screen?,No,random
has a plug,a toaster,'',Does a toaster have a plug?,Yes,random
has a pointy end,a knife,'',Does a knife have a pointy end?,Yes,random
has a pommel,potato,'',Does potato have a pommel?,No,random
has a port side,turnip,'',Does turnip have a port side?,No,random
has a prong,an ox,'',Does an ox have a prong?,No,random
has a pulp,an apple,'',Does an apple have a pulp?,Yes,random
has a pupil,a harmonica,'',Does a harmonica have a pupil?,No,random
has a queen,a rocket,'',Does a rocket have a queen?,No,random
has a red breast,a robin,'',Does a robin have a red breast?,Yes,random
has a red breast,a worm,'',Does a worm have a red breast?,No,random
has a reed,a club,'',Does a club have a reed?,No,random
has a remote control,a dresser,'',Does a dresser have a remote control?,No,random
has a rotating chamber,an ant,'',Does an ant have a rotating chamber?,No,random
has a rotating dish,a microwave,'',Does a microwave have a rotating dish?,Yes,random
has a rotating dish,a beaver,'',Does a beaver have a rotating dish?,No,random
has a round door,a washing machine,'',Does a washing machine have a round door?,Yes,random
has a rudder,a chestnut tree,'',Does a chestnut tree have a rudder?,No,random
has a saddle,a bicycle,'',Does a bicycle have a saddle?,Yes,random
has a safety catch,a rifle,'',Does a rifle have a safety catch?,Yes,random
has a saggy neck,a turkey,'',Does a turkey have a saggy neck?,Yes,random
has a saggy neck,a boomerang,'',Does a boomerang have a saggy neck?,No,random
has a screla,an eye,'',Does an eye have a screla?,Yes,random
has a semi circular shape,plum,'',Does plum have a semi circular shape?,No,random
has a septum,a nose,'',Does a nose have a septum?,Yes,random
has a shade,a lamp,'',Does a lamp have a shade?,Yes,random
has a sharp blade,kiwi,'',Does kiwi have a sharp blade?,No,random
has a sharp point,a drill,'',Does a drill have a sharp point?,Yes,random
has a sharp point,an oven,'',Does an oven have a sharp point?,No,random
has a shell on its back,a jellyfish,'',Does a jellyfish have a shell on its back?,No,random
has a shell shape,a helmet,'',Does a helmet have a shell shape?,Yes,random
has a shin,a leg,'',Does a leg have a shin?,Yes,random
has a shin,a robin,'',Does a robin have a shin?,No,random
has a shirt,a suit,'',Does a suit have a shirt?,Yes,random
has a short tail,a bottle,'',Does a bottle have a short tail?,No,random
has a siphon,a pansy,'',Does a pansy have a siphon?,No,random
has a siren,an ambulance,'',Does an ambulance have a siren?,Yes,random
has a skirt,a bolt,'',Does a bolt have a skirt?,No,random
has a slot for detergent,a dishwasher,'',Does a dishwasher have a slot for detergent?,Yes,random
has a small beak,a trumpet,'',Does a trumpet have a small beak?,No,random
has a smooth skin,a dolphin,'',Does a dolphin have a smooth skin?,Yes,random
has a smooth texture,a lizard,'',Does a lizard have a smooth texture?,Yes,random
has a sole,a foot,'',Does a foot have a sole?,Yes,random
has a spike,a cello,'',Does a cello have a spike?,Yes,random
has a spiky back,an iguana,'',Does an iguana have a spiky back?,Yes,random
has a spiky skin,a porcupine,'',Does a porcupine have a spiky skin?,Yes,random
has a steering wheel,a bra,'',Does a bra have a steering wheel?,No,random
has a stick,a gong,'',Does a gong have a stick?,Yes,random
has a sticky tongue,a yoyo,'',Does a yoyo have a sticky tongue?,No,random
has a sting,a robe,'',Does a robe have a sting?,No,random
has a stock,a crossbow,'',Does a crossbow have a stock?,Yes,random
has a storage area,a cupboard,'',Does a cupboard have a storage area?,Yes,random
has a strap,a satchel,'',Does a satchel have a strap?,Yes,random
has a streamlined body,a minnow,'',Does a minnow have a streamlined body?,Yes,random
has a strong back,a donkey,'',Does a donkey have a strong back?,Yes,random
has a strong bite,a barge,'',Does a barge have a strong bite?,No,random
has a strong flavor,a ladybird,'',Does a ladybird have a strong flavor?,No,random
has a strong recoil,a shotgun,'',Does a shotgun have a strong recoil?,Yes,random
has a strong recoil,pumpkin,'',Does pumpkin have a strong recoil?,No,random
has a strong smell,a dog,'',Does a dog have a strong smell?,Yes,random
has a strong smell,a scorpion,'',Does a scorpion have a strong smell?,No,random
has a stumpy tail,a hamster,'',Does a hamster have a stumpy tail?,Yes,random
has a switch,a tricycle,'',Does a tricycle have a switch?,No,random
has a symmetrical shape,a geranium,'',Does a geranium have a symmetrical shape?,No,random
has a tail,a buzzard,'',Does a buzzard have a tail?,Yes,random
has a tail,a wallet,'',Does a wallet have a tail?,No,random
has a tail for balance,a kangaroo,'',Does a kangaroo have a tail for balance?,Yes,random
has a tail rotor,a helicopter,'',Does a helicopter have a tail rotor?,Yes,random
has a tap,a basin,'',Does a basin have a tap?,Yes,random
has a taxi driver,a taxi,'',Does a taxi have a taxi driver?,Yes,random
has a thick shell,a lip,'',Does a lip have a thick shell?,No,random
has a thin beak,a hummingbird,'',Does a hummingbird have a thin beak?,Yes,random
has a thin beak,a tulip,'',Does a tulip have a thin beak?,No,random
has a thorax,a heron,'',Does a heron have a thorax?,Yes,random
has a thorax,a chest of drawers,'',Does a chest of drawers have a thorax?,No,random
has a throat pouch,a speedboat,'',Does a speedboat have a throat pouch?,No,random
has a tight seal,a jar,'',Does a jar have a tight seal?,Yes,random
has a tight surface,a foot,'',Does a foot have a tight surface?,No,random
has a tip which fits the screw,a screwdriver,'',Does a screwdriver have a tip which fits the screw?,Yes,random
has a tongue,a carp,'',Does a carp have a tongue?,Yes,random
has a top,a pajama,'',Does a pajama have a top?,Yes,random
has a triangular shape,a boomerang,'',Does a boomerang have a triangular shape?,Yes,random
has a tuner,a radio,'',Does a radio have a tuner?,Yes,random
has a tuner,a chicken,'',Does a chicken have a tuner?,No,random
has a turret,a sparrow,'',Does a sparrow have a turret?,No,random
has a twitchy nose,a deckchair,'',Does a deckchair have a twitchy nose?,No,random
has a waistband,a skirt,'',Does a skirt have a waistband?,Yes,random
has a wet nose,a rabbit,'',Does a rabbit have a wet nose?,Yes,random
has a wet nose,a buttercup,'',Does a buttercup have a wet nose?,No,random
has a wheel,a flounder,'',Does a flounder have a wheel?,No,random
has a wide end,a boat,'',Does a boat have a wide end?,No,random
has a woolen coat,a sheep,'',Does a sheep have a woolen coat?,Yes,random
has a woolen coat,a rose,'',Does a rose have a woolen coat?,No,random
has a yellow and orange beak,a seagull,'',Does a seagull have a yellow and orange beak?,Yes,random
has a yellow and orange beak,a chipmunk,'',Does a chipmunk have a yellow and orange beak?,No,random
has a yellow center,a daisy,'',Does a daisy have a yellow center?,Yes,random
has a yellow center,a sandwich,'',Does a sandwich have a yellow center?,No,random
has a zip,a clamp,'',Does a clamp have a zip?,No,random
has an anchor,kiwi,'',Does kiwi have an anchor?,No,random
has an arm,a hyacinth,'',Does a hyacinth have an arm?,No,random
has an eardrum,a spear,'',Does a spear have an eardrum?,No,random
has an elastic string,a bow,'',Does a bow have an elastic string?,Yes,random
has an electric hook up,a caravan,'',Does a caravan have an electric hook up?,Yes,random
has an electric hook up,a wolf,'',Does a wolf have an electric hook up?,No,random
has an extravagant tail,a peacock,'',Does a peacock have an extravagant tail?,Yes,random
has an ink ribbon,a typewriter,'',Does a typewriter have an ink ribbon?,Yes,random
has an opening,a kangaroo,'',Does a kangaroo have an opening?,No,random
has an overflow channel,a sink,'',Does a sink have an overflow channel?,Yes,random
has an uneven surface,a walrus,'',Does a walrus have an uneven surface?,No,random
has ancient origins,an armchair,'',Does an armchair have ancient origins?,No,random
has antioxidants,a skirt,'',Does a skirt have antioxidants?,No,random
has antlers,a bat,'',Does a bat have antlers?,No,random
has arm holes,a unicycle,'',Does a unicycle have arm holes?,No,random
has armor,a tank,'',Does a tank have armor?,Yes,random
has atria,a heart,'',Does a heart have atria?,Yes,random
has attachment points,a bayonet,'',Does a bayonet have attachment points?,Yes,random
has babies that are called calves,a walrus,'',Does a walrus have babies that are called calves?,No,random
has babies that are called cubs,cauliflower,'',Does cauliflower have babies that are called cubs?,No,random
has barbs,a tambourine,'',Does a tambourine have barbs?,No,random
has bars,a sock,'',Does a sock have bars?,No,random
has beds,a porcupine,'',Does a porcupine have beds?,No,random
has bells,a canary,'',Does a canary have bells?,No,random
has beneficial properties,a boomerang,'',Does a boomerang have beneficial properties?,No,random
has bent legs,an oyster,'',Does an oyster have bent legs?,No,random
has big claws,a crab,'',Does a crab have big claws?,Yes,random
has big ears,a sparrow,'',Does a sparrow have big ears?,No,random
has big eyes,a frog,'',Does a frog have big eyes?,Yes,random
has big feet,an elephant,'',Does an elephant have big feet?,Yes,random
has big front teeth,a beaver,'',Does a beaver have big front teeth?,Yes,random
has big front teeth,a barge,'',Does a barge have big front teeth?,No,random
has big hind legs,a skunk,'',Does a skunk have big hind legs?,No,random
has big petals,a tulip,'',Does a tulip have big petals?,Yes,random
has bitter skin,plum,'',Does plum have bitter skin?,Yes,random
has black and yellow stripes,a bee,'',Does a bee have black and yellow stripes?,Yes,random
has black fur,a submarine,'',Does a submarine have black fur?,No,random
has black stripes,a monkey,'',Does a monkey have black stripes?,No,random
has blubber,tights,'',Does tights have blubber?,No,random
has blue lights,sugar,'',Does sugar have blue lights?,No,random
has bones,a llama,'',Does a llama have bones?,Yes,random
has bones,a blouse,'',Does a blouse have bones?,No,random
has brakes,a taxi,'',Does a taxi have brakes?,Yes,random
has branches,a eucalyptus tree,'',Does a eucalyptus tree have branches?,Yes,random
has bright feathers,an ambulance,'',Does an ambulance have bright feathers?,No,random
has brown spots,a leopard,'',Does a leopard have brown spots?,No,random
has buckles,a satchel,'',Does a satchel have buckles?,Yes,random
has buds,a flute,'',Does a flute have buds?,No,random
has capillaries,a bowl,'',Does a bowl have capillaries?,No,random
has casing,a bullet,'',Does a bullet have casing?,Yes,random
has chains,a boat,'',Does a boat have chains?,No,random
has chambers,a heart,'',Does a heart have chambers?,Yes,random
has chambers,a sock,'',Does a sock have chambers?,No,random
has channels,a radio,'',Does a radio have channels?,Yes,random
has claws,a taxi,'',Does a taxi have claws?,No,random
has clothes,a donkey,'',Does a donkey have clothes?,No,random
has compartments,a refrigerator,'',Does a refrigerator have compartments?,Yes,random
has compartments,a partridge,'',Does a partridge have compartments?,No,random
has cream,bacon,'',Does bacon have cream?,No,random
has curved legs,rice,'',Does rice have curved legs?,No,random
has cushions,a microwave,'',Does a microwave have cushions?,No,random
has depth,a bowl,'',Does a bowl have depth?,Yes,random
has dials,a violin,'',Does a violin have dials?,No,random
has dog food,a dog,'',Does a dog have dog food?,Yes,random
has doors,a houseboat,'',Does a houseboat have doors?,Yes,random
has dots,a dice,'',Does a dice have dots?,Yes,random
has dots,a cupboard,'',Does a cupboard have dots?,No,random
has drawers,mushroom,'',Does mushroom have drawers?,No,random
has edible seeds,cucumber,'',Does cucumber have edible seeds?,Yes,random
has eight eyes,a spider,'',Does a spider have eight eyes?,Yes,random
has eight legs,an octopus,'',Does an octopus have eight legs?,Yes,random
has eight tentacles,an octopus,'',Does an octopus have eight tentacles?,Yes,random
has eyelids,a turkey,'',Does a turkey have eyelids?,No,random
has feet,an arm,'',Does an arm have feet?,No,random
has fibrous skin,peach,'',Does peach have fibrous skin?,Yes,random
has fingerholes,scissors,'',Does scissors have fingerholes?,Yes,random
has fingerholes,a bicycle,'',Does a bicycle have fingerholes?,No,random
has fins,an eel,'',Does an eel have fins?,Yes,random
has flaky skin,a speedboat,'',Does a speedboat have flaky skin?,No,random
has flavor,cider,'',Does cider have flavor?,Yes,random
has flavor,a coffee maker,'',Does a coffee maker have flavor?,No,random
has folded skin,a jug,'',Does a jug have folded skin?,No,random
has footboard,a frog,'',Does a frog have footboard?,No,random
has footrests,a wheelchair,'',Does a wheelchair have footrests?,Yes,random
has four wings,a dresser,'',Does a dresser have four wings?,No,random
has friendly bacteria,a fork,'',Does a fork have friendly bacteria?,No,random
has frilly petals,a daisy,'',Does a daisy have frilly petals?,Yes,random
has frilly petals,a drum,'',Does a drum have frilly petals?,No,random
has fur,whiskey,'',Does whiskey have fur?,No,random
has furry skin,a nectarine,'',Does a nectarine have furry skin?,Yes,random
has gears,a car,'',Does a car have gears?,Yes,random
has gems,a shawl,'',Does a shawl have gems?,No,random
has geometric patterns,a football,'',Does a football have geometric patterns?,Yes,random
has giant axons,a squid,'',Does a squid have giant axons?,Yes,random
has giant axons,a date,'',Does a date have giant axons?,No,random
has gills,blueberry,'',Does blueberry have gills?,No,random
has green flesh,a peacock,'',Does a peacock have green flesh?,No,random
has grip tape,a skateboard,'',Does a skateboard have grip tape?,Yes,random
has grip tape,a sheep,'',Does a sheep have grip tape?,No,random
has grips,a can opener,'',Does a can opener have grips?,Yes,random
has grooves,a nail,'',Does a nail have grooves?,Yes,random
has grooves,a sweater,'',Does a sweater have grooves?,No,random
has hairy legs,a tarantula,'',Does a tarantula have hairy legs?,Yes,random
has handlebars,a bicycle,'',Does a bicycle have handlebars?,Yes,random
has handlebars,cheese,'',Does cheese have handlebars?,No,random
has hands,an onion,'',Does an onion have hands?,No,random
has hard and tough skin,potato,'',Does potato have hard and tough skin?,No,random
has heating plates,a kettle,'',Does a kettle have heating plates?,Yes,random
has heating plates,a bomb,'',Does a bomb have heating plates?,No,random
has helicopter seeds,a wetsuit,'',Does a wetsuit have helicopter seeds?,No,random
has high amounts of calories,a cello,'',Does a cello have high amounts of calories?,No,random
has holes,a spirit level,'',Does a spirit level have holes?,No,random
has horns,a goat,'',Does a goat have horns?,Yes,random
has humps,a camel,'',Does a camel have humps?,Yes,random
has humps,a flounder,'',Does a flounder have humps?,No,random
has information,a lily,'',Does a lily have information?,No,random
has ivory tusks,a hatchet,'',Does a hatchet have ivory tusks?,No,random
has joints,a nectarine,'',Does a nectarine have joints?,No,random
has knobs,a cupboard,'',Does a cupboard have knobs?,Yes,random
has knuckles,a puppet,'',Does a puppet have knuckles?,No,random
has laces,a rollerskate,'',Does a rollerskate have laces?,Yes,random
has large horns,an ox,'',Does an ox have large horns?,Yes,random
has large muscles,a camel,'',Does a camel have large muscles?,Yes,random
has large teeth,a lion,'',Does a lion have large teeth?,Yes,random
has layers,a marble,'',Does a marble have layers?,No,random
has leather straps,a rifle,'',Does a rifle have leather straps?,No,random
has leathery skin,a nectarine,'',Does a nectarine have leathery skin?,No,random
has lights,a motorcycle,'',Does a motorcycle have lights?,Yes,random
has little flowers,a jar,'',Does a jar have little flowers?,No,random
has long antenna,a lobster,'',Does a lobster have long antenna?,Yes,random
has long eyelashes,a hippo,'',Does a hippo have long eyelashes?,Yes,random
has long eyelashes,tights,'',Does tights have long eyelashes?,No,random
has long feathers,a peacock,'',Does a peacock have long feathers?,Yes,random
has long feathers,a date,'',Does a date have long feathers?,No,random
has long hair,a pony,'',Does a pony have long hair?,Yes,random
has long seats,a limousine,'',Does a limousine have long seats?,Yes,random
has long seats,a ladle,'',Does a ladle have long seats?,No,random
has low alcohol content,cider,'',Does cider have low alcohol content?,Yes,random
has many petals,an orchid,'',Does an orchid have many petals?,Yes,random
has many pipes,a satchel,'',Does a satchel have many pipes?,No,random
has medicinal properties,a dice,'',Does a dice have medicinal properties?,No,random
has metal bands,a barrel,'',Does a barrel have metal bands?,Yes,random
has moist skin,a snail,'',Does a snail have moist skin?,Yes,random
has multiple parts,a boat,'',Does a boat have multiple parts?,No,random
has nails,a finger,'',Does a finger have nails?,Yes,random
has numbers from one to 12,a trumpet,'',Does a trumpet have numbers from one to 12?,No,random
has oars,a canoe,'',Does a canoe have oars?,Yes,random
has oars,a taxi,'',Does a taxi have oars?,No,random
has one foot,a snail,'',Does a snail have one foot?,Yes,random
has one surface,a ball,'',Does a ball have one surface?,Yes,random
has paper,a typewriter,'',Does a typewriter have paper?,Yes,random
has patches on its body,a pajama,'',Does a pajama have patches on its body?,No,random
has paws,a spirit level,'',Does a spirit level have paws?,No,random
has pedals,a harp,'',Does a harp have pedals?,Yes,random
has pentagons,a football,'',Does a football have pentagons?,Yes,random
has pigments,an eye,'',Does an eye have pigments?,Yes,random
has pigments,pear,'',Does pear have pigments?,No,random
has pincers,a duck,'',Does a duck have pincers?,No,random
has pink flesh,a strainer,'',Does a strainer have pink flesh?,No,random
has pleats,a clamp,'',Does a clamp have pleats?,No,random
has pockets,a satchel,'',Does a satchel have pockets?,Yes,random
has pockets,spinach,'',Does spinach have pockets?,No,random
has powdery texture,a helicopter,'',Does a helicopter have powdery texture?,No,random
has propellers,a ship,'',Does a ship have propellers?,Yes,random
has protein,ham,'',Does ham have protein?,Yes,random
has puppies,a bone,'',Does a bone have puppies?,No,random
has racks,a chest of drawers,'',Does a chest of drawers have racks?,Yes,random
has radio stations,a raft,'',Does a raft have radio stations?,No,random
has red petals,a poppy,'',Does a poppy have red petals?,Yes,random
has red pulp,a rattle,'',Does a rattle have red pulp?,No,random
has residents,a houseboat,'',Does a houseboat have residents?,Yes,random
has residents,an apron,'',Does an apron have residents?,No,random
has ridges,a chandelier,'',Does a chandelier have ridges?,No,random
has rings,a bullet,'',Does a bullet have rings?,No,random
has rods,an eye,'',Does an eye have rods?,Yes,random
has rods,a tuba,'',Does a tuba have rods?,No,random
has roots,an asparagus,'',Does an asparagus have roots?,Yes,random
has rotating blades,a dragonfly,'',Does a dragonfly have rotating blades?,No,random
has rotating eyes,an iguana,'',Does an iguana have rotating eyes?,Yes,random
has rough skin,a crocodile,'',Does a crocodile have rough skin?,Yes,random
has rounded ears,a leopard,'',Does a leopard have rounded ears?,Yes,random
has rounded ears,a leotard,'',Does a leotard have rounded ears?,No,random
has ruffles,a bee,'',Does a bee have ruffles?,No,random
has scissors,a penknife,'',Does a penknife have scissors?,Yes,random
has seams,ketchup,'',Does ketchup have seams?,No,random
has seatbelts,a coach,'',Does a coach have seatbelts?,Yes,random
has seeds,pear,'',Does pear have seeds?,Yes,random
has seeds,a shrimp,'',Does a shrimp have seeds?,No,random
has sensitive bones,an ear,'',Does an ear have sensitive bones?,Yes,random
has several eyes,a hammer,'',Does a hammer have several eyes?,No,random
has sharp claws,a bear,'',Does a bear have sharp claws?,No,random
has sharp edges,a hummingbird,'',Does a hummingbird have sharp edges?,No,random
has sharp spines,a porcupine,'',Does a porcupine have sharp spines?,Yes,random
has sharp talons,an eagle,'',Does an eagle have sharp talons?,Yes,random
has sharp teeth,a wren,'',Does a wren have sharp teeth?,No,random
has sheets,a bed,'',Does a bed have sheets?,Yes,random
has shelves,a dresser,'',Does a dresser have shelves?,Yes,random
has short front limbs,a soup,'',Does a soup have short front limbs?,No,random
has silent flight,an owl,'',Does an owl have silent flight?,Yes,random
has six strings,a guitar,'',Does a guitar have six strings?,Yes,random
has sleeves,a bathtub,'',Does a bathtub have sleeves?,No,random
has slimy skin,a minnow,'',Does a minnow have slimy skin?,Yes,random
has slimy skin,rhubarb,'',Does rhubarb have slimy skin?,No,random
has slots for five fingers,sultana,'',Does sultana have slots for five fingers?,No,random
has slots for legs,a pajama,'',Does a pajama have slots for legs?,Yes,random
has slots for legs,a stove,'',Does a stove have slots for legs?,No,random
has small front wheels,a tractor,'',Does a tractor have small front wheels?,Yes,random
has small front wheels,a pelican,'',Does a pelican have small front wheels?,No,random
has small holes,an oyster,'',Does an oyster have small holes?,No,random
has small paws,a finger,'',Does a finger have small paws?,No,random
has small petals,a hyacinth,'',Does a hyacinth have small petals?,Yes,random
has small petals,a camel,'',Does a camel have small petals?,No,random
has small seeds,kiwi,'',Does kiwi have small seeds?,Yes,random
has small seeds,a cat,'',Does a cat have small seeds?,No,random
has soft meat,an organ,'',Does an organ have soft meat?,No,random
has soft wood,a willow tree,'',Does a willow tree have soft wood?,Yes,random
has soft wool,a llama,'',Does a llama have soft wool?,Yes,random
has soft wool,a willow tree,'',Does a willow tree have soft wool?,No,random
has spiked feet,a cockerel,'',Does a cockerel have spiked feet?,Yes,random
has spiked feet,a heron,'',Does a heron have spiked feet?,No,random
has spirals,a french horn,'',Does a french horn have spirals?,Yes,random
has stitching,a bullet,'',Does a bullet have stitching?,No,random
has strong jaws,a crocodile,'',Does a crocodile have strong jaws?,Yes,random
has strong legs,cabbage,'',Does cabbage have strong legs?,No,random
has strong muscles,a swan,'',Does a swan have strong muscles?,No,random
has strong teeth,a beaver,'',Does a beaver have strong teeth?,Yes,random
has structure,a slug,'',Does a slug have structure?,No,random
has suckers,an octopus,'',Does an octopus have suckers?,Yes,random
has tannins,wine,'',Does wine have tannins?,Yes,random
has tastebuds,a cockerel,'',Does a cockerel have tastebuds?,No,random
has technology,a pajama,'',Does a pajama have technology?,No,random
has temperature controls,a cymbal,'',Does a cymbal have temperature controls?,No,random
has tentacles,a slug,'',Does a slug have tentacles?,Yes,random
has thick scales,an alligator,'',Does an alligator have thick scales?,Yes,random
has thick scales,a bone,'',Does a bone have thick scales?,No,random
has thin leaves,a parakeet,'',Does a parakeet have thin leaves?,No,random
has thin petals,a rocket,'',Does a rocket have thin petals?,No,random
has thin stems,a kangaroo,'',Does a kangaroo have thin stems?,No,random
has three keys,a sparrow,'',Does a sparrow have three keys?,No,random
has three major bones,an arm,'',Does an arm have three major bones?,Yes,random
has thrusters,a rocket,'',Does a rocket have thrusters?,Yes,random
has tires,a unicycle,'',Does a unicycle have tires?,Yes,random
has toes,a monkey,'',Does a monkey have toes?,Yes,random
has transistors,a radio,'',Does a radio have transistors?,Yes,random
has transistors,a goldfish,'',Does a goldfish have transistors?,No,random
has tubes,a car,'',Does a car have tubes?,No,random
has tusks,an elephant,'',Does an elephant have tusks?,Yes,random
has twigs,a ladle,'',Does a ladle have twigs?,No,random
has two arm rests,a rocking chair,'',Does a rocking chair have two arm rests?,Yes,random
has two atria,a heart,'',Does a heart have two atria?,Yes,random
has two blades,an axe,'',Does an axe have two blades?,Yes,random
has two eyes,a bagpipe,'',Does a bagpipe have two eyes?,No,random
has two legs,a fir tree,'',Does a fir tree have two legs?,No,random
has two lines,a rocking chair,'',Does a rocking chair have two lines?,No,random
has two or more slots,a toaster,'',Does a toaster have two or more slots?,Yes,random
has two shells,a scallop,'',Does a scallop have two shells?,Yes,random
has two shells,a goat,'',Does a goat have two shells?,No,random
has two ventricles,a dolphin,'',Does a dolphin have two ventricles?,No,random
has two wheels,a wheelbarrow,'',Does a wheelbarrow have two wheels?,Yes,random
has underwire,a bra,'',Does a bra have underwire?,Yes,random
has underwire,a lobster,'',Does a lobster have underwire?,No,random
has velcro,a wetsuit,'',Does a wetsuit have velcro?,Yes,random
has ventricles,a heart,'',Does a heart have ventricles?,Yes,random
has ventricles,an ox,'',Does an ox have ventricles?,No,random
has volume control,a television,'',Does a television have volume control?,Yes,random
has waxy skin,a nail,'',Does a nail have waxy skin?,No,random
has weapons,a tank,'',Does a tank have weapons?,Yes,random
has weapons,a pine tree,'',Does a pine tree have weapons?,No,random
has webbed feet,a turtle,'',Does a turtle have webbed feet?,No,random
has white speckles,a bagpipe,'',Does a bagpipe have white speckles?,No,random
has white stripes,a satchel,'',Does a satchel have white stripes?,No,random
has wind blowing through it,a willow tree,'',Does a willow tree have wind blowing through it?,Yes,random
has windows,a leotard,'',Does a leotard have windows?,No,random
has wings,a seagull,'',Does a seagull have wings?,Yes,random
has wings,a bolt,'',Does a bolt have wings?,No,random
has wipers,a car,'',Does a car have wipers?,Yes,random
has wire loops,a dolphin,'',Does a dolphin have wire loops?,No,random
has yellow eyes,an alligator,'',Does an alligator have yellow eyes?,Yes,random
has yellow eyes,wine,'',Does wine have yellow eyes?,No,random
has yellow flesh,a taxi,'',Does a taxi have yellow flesh?,No,random
hatches from a chrysalis,a shawl,'',Does a shawl hatche from a chrysalis?,No,random
hears through its legs,a spade,'',Does a spade hear through its legs?,No,random
holds the body,a bus,'',Does a bus hold the body?,No,random
hunts gazelles and antelopes,a tiger,'',Does a tiger hunt gazelles and antelopes?,Yes,random
hunts in packs,a wolf,'',Does a wolf hunt in packs?,Yes,random
hunts seals,a tray,'',Does a tray hunt seals?,No,random
is a baby cow,a daffodil,'',Is a daffodil a baby cow?,No,random
is a baby sheep,a spirit level,'',Is a spirit level a baby sheep?,No,random
is a ball,a ball,'',Is a ball a ball?,Yes,random
is a big boat,a ship,'',Is a ship a big boat?,Yes,random
is a big seed,a turtle,'',Is a turtle a big seed?,No,random
is a big spider,a cupboard,'',Is a cupboard a big spider?,No,random
is a big spoon,a ladle,'',Is a ladle a big spoon?,Yes,random
is a bike,a unicycle,'',Is a unicycle a bike?,Yes,random
is a bike,pineapple,'',Is pineapple a bike?,No,random
is a bivalve,a wheelchair,'',Is a wheelchair a bivalve?,No,random
is a canal boat,a houseboat,'',Is a houseboat a canal boat?,Yes,random
is a canal boat,an owl,'',Is an owl a canal boat?,No,random
is a cephalopod,an octopus,'',Is an octopus a cephalopod?,Yes,random
is a chair with wheels,a wheelchair,'',Is a wheelchair a chair with wheels?,Yes,random
is a citrus fruit,peach,'',Is peach a citrus fruit?,No,random
is a clam,a mussel,'',Is a mussel a clam?,Yes,random
is a companion for humans,a dog,'',Is a dog a companion for humans?,Yes,random
is a condiment,butter,'',Is butter a condiment?,Yes,random
is a cooking utensil,a spatula,'',Is a spatula a cooking utensil?,Yes,random
is a cooking utensil,a shovel,'',Is a shovel a cooking utensil?,No,random
is a delicacy,a lobster,'',Is a lobster a delicacy?,Yes,random
is a digit,a thumb,'',Is a thumb a digit?,Yes,random
is a dress,a dress,'',Is a dress a dress?,Yes,random
is a dress,a sledge,'',Is a sledge a dress?,No,random
is a dried grape,a horse,'',Is a horse a dried grape?,No,random
is a dried plum,an onion,'',Is an onion a dried plum?,No,random
is a drink,beer,'',Is beer a drink?,Yes,random
is a fashion accessory,a cap,'',Is a cap a fashion accessory?,Yes,random
is a firework,a toaster,'',Is a toaster a firework?,No,random
is a fish,a bear,'',Is a bear a fish?,No,random
is a flatfish,a flounder,'',Is a flounder a flatfish?,Yes,random
is a flatfish,a woodpecker,'',Is a woodpecker a flatfish?,No,random
is a flowering plant,rhubarb,'',Is rhubarb a flowering plant?,No,random
is a flying rodent,a bat,'',Is a bat a flying rodent?,Yes,random
is a flying rodent,a duck,'',Is a duck a flying rodent?,No,random
is a fruit,a bomb,'',Is a bomb a fruit?,No,random
is a fungus,mushroom,'',Is mushroom a fungus?,Yes,random
is a garden tool,a hoe,'',Is a hoe a garden tool?,Yes,random
is a garnish,parsley,'',Is parsley a garnish?,Yes,random
is a gastropod,a snail,'',Is a snail a gastropod?,Yes,random
is a glove,a heron,'',Is a heron a glove?,No,random
is a grain,a frog,'',Is a frog a grain?,No,random
is a grape,sultana,'',Is sultana a grape?,Yes,random
is a herbivore,a lamb,'',Is a lamb a herbivore?,Yes,random
is a herbivore,a lip,'',Is a lip a herbivore?,No,random
is a horse,an orchid,'',Is an orchid a horse?,No,random
is a household item,a whisk,'',Is a whisk a household item?,Yes,random
is a kitchen utensil,a harmonica,'',Is a harmonica a kitchen utensil?,No,random
is a large cat,a hyena,'',Is a hyena a large cat?,Yes,random
is a large deer,a moose,'',Is a moose a large deer?,Yes,random
is a large vehicle,a knicker,'',Is a knicker a large vehicle?,No,random
is a larva,a caterpillar,'',Is a caterpillar a larva?,Yes,random
is a larva,a chipmunk,'',Is a chipmunk a larva?,No,random
is a limb,a leg,'',Is a leg a limb?,Yes,random
is a living thing,a buzzard,'',Is a buzzard a living thing?,Yes,random
is a living thing,a chisel,'',Is a chisel a living thing?,No,random
is a marine animal,a turtle,'',Is a turtle a marine animal?,Yes,random
is a marine animal,lettuce,'',Is lettuce a marine animal?,No,random
is a marsupial,a heron,'',Is a heron a marsupial?,No,random
is a media device,a television,'',Is a television a media device?,Yes,random
is a melon,watermelon,'',Is watermelon a melon?,Yes,random
is a melon,a geranium,'',Is a geranium a melon?,No,random
is a member of the carp family,a goldfish,'',Is a goldfish a member of the carp family?,Yes,random
is a mobile home,a caravan,'',Is a caravan a mobile home?,Yes,random
is a mobile home,a skunk,'',Is a skunk a mobile home?,No,random
is a mollusc,a slug,'',Is a slug a mollusc?,Yes,random
is a mouth organ,a harmonica,'',Is a harmonica a mouth organ?,Yes,random
is a mouth organ,a robe,'',Is a robe a mouth organ?,No,random
is a nut,a plate,'',Is a plate a nut?,No,random
is a pale grape,a buffalo,'',Is a buffalo a pale grape?,No,random
is a parrot,peach,'',Is peach a parrot?,No,random
is a part of the body,a geranium,'',Is a geranium a part of the body?,No,random
is a part of the primate body,a nose,'',Is a nose a part of the primate body?,Yes,random
is a percussion instrument,a kettle,'',Is a kettle a percussion instrument?,No,random
is a pest,a termite,'',Is a termite a pest?,Yes,random
is a pipe,lime,'',Is lime a pipe?,No,random
is a plant,a cage,'',Is a cage a plant?,No,random
is a power tool,a chainsaw,'',Is a chainsaw a power tool?,Yes,random
is a primate,a marble,'',Is a marble a primate?,No,random
is a public transportation,ice cream,'',Is ice cream a public transportation?,No,random
is a receptacle for water,a llama,'',Is a llama a receptacle for water?,No,random
is a rooster,a cockerel,'',Is a cockerel a rooster?,Yes,random
is a root vegetable,a mitten,'',Is a mitten a root vegetable?,No,random
is a salad vegetable,lettuce,'',Is lettuce a salad vegetable?,Yes,random
is a saw,lime,'',Is lime a saw?,No,random
is a seed,a nut,'',Is a nut a seed?,Yes,random
is a seed,a caterpillar,'',Is a caterpillar a seed?,No,random
is a sensory organ,a tongue,'',Is a tongue a sensory organ?,Yes,random
is a shellfish,a scallop,'',Is a scallop a shellfish?,Yes,random
is a ship,a crossbow,'',Is a crossbow a ship?,No,random
is a shoe with wheels,a rollerskate,'',Is a rollerskate a shoe with wheels?,Yes,random
is a shoe with wheels,a trowel,'',Is a trowel a shoe with wheels?,No,random
is a small bird,a magpie,'',Is a magpie a small bird?,Yes,random
is a small horse,a grasshopper,'',Is a grasshopper a small horse?,No,random
is a small knife,a penknife,'',Is a penknife a small knife?,Yes,random
is a small spade,a trowel,'',Is a trowel a small spade?,Yes,random
is a snack,a harpsichord,'',Is a harpsichord a snack?,No,random
is a soft drink,lemonade,'',Is lemonade a soft drink?,Yes,random
is a spade,a spade,'',Is a spade a spade?,Yes,random
is a squash,a birch tree,'',Is a birch tree a squash?,No,random
is a squirrel,a chipmunk,'',Is a chipmunk a squirrel?,Yes,random
is a squirrel,an artichoke,'',Is an artichoke a squirrel?,No,random
is a status symbol,butter,'',Is butter a status symbol?,No,random
is a stick,a club,'',Is a club a stick?,Yes,random
is a stick,a belt,'',Is a belt a stick?,No,random
is a stimulant,a violin,'',Is a violin a stimulant?,No,random
is a sword,a machete,'',Is a machete a sword?,Yes,random
is a symbol of peace,a dove,'',Is a dove a symbol of peace?,Yes,random
is a symbol of peace,a lizard,'',Is a lizard a symbol of peace?,No,random
is a symbol of power,a nail,'',Is a nail a symbol of power?,No,random
is a symbol of remembrance,a skirt,'',Is a skirt a symbol of remembrance?,No,random
is a symbol of war,a nail,'',Is a nail a symbol of war?,No,random
is a symbol of wisdom,an owl,'',Is an owl a symbol of wisdom?,Yes,random
is a tree,an elm tree,'',Is an elm tree a tree?,Yes,random
is a tube,a hose,'',Is a hose a tube?,Yes,random
is a type of ale,beer,'',Is beer a type of ale?,Yes,random
is a type of bag,carrot,'',Is carrot a type of bag?,No,random
is a type of clothing,a carp,'',Is a carp a type of clothing?,No,random
is a type of coat,a parka,'',Is a parka a type of coat?,Yes,random
is a type of furniture,a dresser,'',Is a dresser a type of furniture?,Yes,random
is a type of jacket,a parka,'',Is a parka a type of jacket?,Yes,random
is a type of mandarin orange,tangerine,'',Is tangerine a type of mandarin orange?,Yes,random
is a type of sock,a stocking,'',Is a stocking a type of sock?,Yes,random
is a type of spoon,a ladle,'',Is a ladle a type of spoon?,Yes,random
is a vulture,a houseboat,'',Is a houseboat a vulture?,No,random
is a water bird,a cradle,'',Is a cradle a water bird?,No,random
is a weed,a daisy,'',Is a daisy a weed?,Yes,random
is a wind instrument,an arrow,'',Is an arrow a wind instrument?,No,random
is a wine,champagne,'',Is champagne a wine?,Yes,random
is a zucchini,zucchini,'',Is zucchini a zucchini?,Yes,random
is about 100 microns thick,a bus,'',Is a bus about 100 microns thick?,No,random
is addictive,chocolate,'',Is chocolate addictive?,Yes,random
is aerodynamic,a kite,'',Is a kite aerodynamic?,Yes,random
is aged,whiskey,'',Is whiskey aged?,Yes,random
is agile,a panther,'',Is a panther agile?,Yes,random
is aimed at targets,a bow,'',Is a bow aimed at targets?,Yes,random
is an accessory,a bag,'',Is a bag an accessory?,Yes,random
is an aircraft,a helicopter,'',Is a helicopter an aircraft?,Yes,random
is an allergen,a satchel,'',Is a satchel an allergen?,No,random
is an alternative to showers,a plate,'',Is a plate an alternative to showers?,No,random
is an animal,a snail,'',Is a snail an animal?,Yes,random
is an animal,a car,'',Is a car an animal?,No,random
is an antique,a dresser,'',Is a dresser an antique?,Yes,random
is an aphrodisiac,mushroom,'',Is mushroom an aphrodisiac?,No,random
is an appliance,a buzzard,'',Is a buzzard an appliance?,No,random
is an arachnid,a scorpion,'',Is a scorpion an arachnid?,Yes,random
is an electrical appliance,an orange,'',Is an orange an electrical appliance?,No,random
is an electronic saw,a chainsaw,'',Is a chainsaw an electronic saw?,Yes,random
is an electronic saw,a minnow,'',Is a minnow an electronic saw?,No,random
is an emergency vehicle,an ambulance,'',Is an ambulance an emergency vehicle?,Yes,random
is an infant,a calf,'',Is a calf an infant?,Yes,random
is an infant,a slug,'',Is a slug an infant?,No,random
is an insect,a balloon,'',Is a balloon an insect?,No,random
is an invertebrate,chocolate,'',Is chocolate an invertebrate?,No,random
is an old version of a piano,a harpsichord,'',Is a harpsichord an old version of a piano?,Yes,random
is an old version of a piano,a gong,'',Is a gong an old version of a piano?,No,random
is an organ,a tongue,'',Is a tongue an organ?,Yes,random
is aquatic,a crab,'',Is a crab aquatic?,Yes,random
is aquatic,a deckchair,'',Is a deckchair aquatic?,No,random
is attached to a finger,a yoyo,'',Is a yoyo attached to a finger?,Yes,random
is attached to a gun,a bayonet,'',Is a bayonet attached to a gun?,Yes,random
is attached to a gun,a nose,'',Is a nose attached to a gun?,No,random
is attached to a string,a lorry,'',Is a lorry attached to a string?,No,random
is attached to the scalp,an organ,'',Is an organ attached to the scalp?,No,random
is attached to the skin,a chipmunk,'',Is a chipmunk attached to the skin?,No,random
is attached to the wrist,a melon,'',Is a melon attached to the wrist?,No,random
is attracted to light,a moth,'',Is a moth attracted to light?,Yes,random
is attracted to sweet things,a walrus,'',Is a walrus attracted to sweet things?,No,random
is baked in ovens,a cookie,'',Is a cookie baked in ovens?,Yes,random
is bell shaped,pear,'',Is pear bell shaped?,Yes,random
is biblical,a donkey,'',Is a donkey biblical?,Yes,random
is biotic,yoghurt,'',Is yoghurt biotic?,Yes,random
is blind,a bat,'',Is a bat blind?,Yes,random
is blind,a ladybird,'',Is a ladybird blind?,No,random
is blocked by nets,a mosquito,'',Is a mosquito blocked by nets?,Yes,random
is blocked by nets,a cockerel,'',Is a cockerel blocked by nets?,No,random
is boiled alive,a lobster,'',Is a lobster boiled alive?,Yes,random
is boiled alive,a mackerel,'',Is a mackerel boiled alive?,No,random
is bought from a butchers,an apricot,'',Is an apricot bought from a butchers?,No,random
is bred,a gerbil,'',Is a gerbil bred?,No,random
is brewed,beer,'',Is beer brewed?,Yes,random
is brittle,a finger,'',Is a finger brittle?,Yes,random
is brushed,hair,'',Is hair brushed?,Yes,random
is caught by tickling,a trout,'',Is a trout caught by tickling?,Yes,random
is caught by tickling,tangerine,'',Is tangerine caught by tickling?,No,random
is chewy,a squid,'',Is a squid chewy?,Yes,random
is coiled,blueberry,'',Is blueberry coiled?,No,random
is cold blooded,a minnow,'',Is a minnow cold blooded?,Yes,random
is common in developing countries,a car,'',Is a car common in developing countries?,No,random
is common in processed food,brandy,'',Is brandy common in processed food?,No,random
is common in summer,a dragonfly,'',Is a dragonfly common in summer?,Yes,random
is composed of florets,a trowel,'',Is a trowel composed of florets?,No,random
is concave in shape,a bowl,'',Is a bowl concave in shape?,Yes,random
is confining,a hutch,'',Is a hutch confining?,Yes,random
is conical in shape,a pine tree,'',Is a pine tree conical in shape?,Yes,random
is connected by strings,a bone,'',Is a bone connected by strings?,No,random
is connected to muscles,a bone,'',Is a bone connected to muscles?,Yes,random
is connected to the hip,a leg,'',Is a leg connected to the hip?,Yes,random
is construction material,a buggy,'',Is a buggy construction material?,No,random
is consumed by drinking,a carriage,'',Is a carriage consumed by drinking?,No,random
is consumed by licking,a balloon,'',Is a balloon consumed by licking?,No,random
is consumed to celebrate,a cookie,'',Is a cookie consumed to celebrate?,Yes,random
is consumed with tea,a seagull,'',Is a seagull consumed with tea?,No,random
is controlled,a skateboard,'',Is a skateboard controlled?,No,random
is controlled by a human,a puppet,'',Is a puppet controlled by a human?,Yes,random
is controlled by computers,a fork,'',Is a fork controlled by computers?,No,random
is cooked in water,a heron,'',Is a heron cooked in water?,No,random
is cruel,a catapult,'',Is a catapult cruel?,No,random
is crystalline,a heron,'',Is a heron crystalline?,No,random
is cuboid in shape,yoghurt,'',Is yoghurt cuboid in shape?,No,random
is curved in shape,banana,'',Is banana curved in shape?,Yes,random
is cut into rings,a tugboat,'',Is a tugboat cut into rings?,No,random
is cylindrical in shape,a barrel,'',Is a barrel cylindrical in shape?,Yes,random
is dark blue,blueberry,'',Is blueberry dark blue?,Yes,random
is decorative,an orchid,'',Is an orchid decorative?,Yes,random
is difficult to balance on,a gorilla,'',Is a gorilla difficult to balance on?,No,random
is digital,a radio,'',Is a radio digital?,Yes,random
is displayed on walls,a plate,'',Is a plate displayed on walls?,Yes,random
is distilled,an eye,'',Is an eye distilled?,No,random
is domesticated,a goldfish,'',Is a goldfish domesticated?,Yes,random
is draped,a gown,'',Is a gown draped?,Yes,random
is dried,a currant,'',Is a currant dried?,Yes,random
is driven on roads,a tractor,'',Is a tractor driven on roads?,Yes,random
is drunk alone,whiskey,'',Is whiskey drunk alone?,Yes,random
is drunk alone,a mug,'',Is a mug drunk alone?,No,random
is dry,a falcon,'',Is a falcon dry?,No,random
is durable,a hedgehog,'',Is a hedgehog durable?,No,random
is easy to carry,a box,'',Is a box easy to carry?,No,random
is easy to store,a deckchair,'',Is a deckchair easy to store?,Yes,random
is easy to store,a barge,'',Is a barge easy to store?,No,random
is eaten as beef,a cow,'',Is a cow eaten as beef?,Yes,random
is eaten at thanksgiving,a turkey,'',Is a turkey eaten at thanksgiving?,Yes,random
is eaten at thanksgiving,plum,'',Is plum eaten at thanksgiving?,No,random
is eaten by Koala bears,a eucalyptus tree,'',Is a eucalyptus tree eaten by koala bears?,Yes,random
is eaten by anteaters,a saxophone,'',Is a saxophone eaten by anteaters?,No,random
is eaten by caterpillars,lettuce,'',Is lettuce eaten by caterpillars?,Yes,random
is eaten by elephants,a desk,'',Is a desk eaten by elephants?,No,random
is eaten by humans,a crayfish,'',Is a crayfish eaten by humans?,Yes,random
is eaten by rabbits,a gown,'',Is a gown eaten by rabbits?,No,random
is eaten by squirrels,a nut,'',Is a nut eaten by squirrels?,Yes,random
is eaten by squirrels,a bullet,'',Is a bullet eaten by squirrels?,No,random
is eaten with a spoon,a dagger,'',Is a dagger eaten with a spoon?,No,random
is eaten with crackers,cheese,'',Is cheese eaten with crackers?,Yes,random
is eaten with crackers,a marble,'',Is a marble eaten with crackers?,No,random
is eaten with custard,a bagpipe,'',Is a bagpipe eaten with custard?,No,random
is eaten with eggs,bread,'',Is bread eaten with eggs?,Yes,random
is eaten with gravy,a skateboard,'',Is a skateboard eaten with gravy?,No,random
is eaten with wine,a ball,'',Is a ball eaten with wine?,No,random
is edged,a screwdriver,'',Is a screwdriver edged?,No,random
is emulsified,a drill,'',Is a drill emulsified?,No,random
is essential,a harpoon,'',Is a harpoon essential?,No,random
is evergreen,a mug,'',Is a mug evergreen?,No,random
is extinct in the United Kingdom,an elm tree,'',Is an elm tree extinct in the united kingdom?,Yes,random
is fastened at the front,a helmet,'',Is a helmet fastened at the front?,Yes,random
is fastened at the front,a duck,'',Is a duck fastened at the front?,No,random
is faster than walking,a bicycle,'',Is a bicycle faster than walking?,Yes,random
is fed to babies,milk,'',Is milk fed to babies?,Yes,random
is feminine,a fir tree,'',Is a fir tree feminine?,No,random
is fermented,whiskey,'',Is whiskey fermented?,Yes,random
is fine-grained,flour,'',Is flour fine-grained?,Yes,random
is fired from guns,a bullet,'',Is a bullet fired from guns?,Yes,random
is flaky,a cod,'',Is a cod flaky?,Yes,random
is flammable,a toaster,'',Is a toaster flammable?,No,random
is flown,a rocket,'',Is a rocket flown?,Yes,random
is footwear,a rollerskate,'',Is a rollerskate footwear?,Yes,random
is for a ruler,a thumb,'',Is a thumb for a ruler?,No,random
is for small animals,a scalpel,'',Is a scalpel for small animals?,No,random
is for toddlers,a cradle,'',Is a cradle for toddlers?,Yes,random
is for toddlers,a sweater,'',Is a sweater for toddlers?,No,random
is for work,a crab,'',Is a crab for work?,No,random
is found in a harbor,a tugboat,'',Is a tugboat found in a harbor?,Yes,random
is found in airports,an airplane,'',Is an airplane found in airports?,Yes,random
is found in bathrooms,a slug,'',Is a slug found in bathrooms?,No,random
is found in circuses,a pine tree,'',Is a pine tree found in circuses?,No,random
is found in grass,a buttercup,'',Is a buttercup found in grass?,Yes,random
is found in hospitals,an ambulance,'',Is an ambulance found in hospitals?,Yes,random
is found in libraries,a lip,'',Is a lip found in libraries?,No,random
is found in pods,a bean,'',Is a bean found in pods?,Yes,random
is found in pods,a refrigerator,'',Is a refrigerator found in pods?,No,random
is found in the arctic,an elm tree,'',Is an elm tree found in the arctic?,No,random
is found in the chest,a heart,'',Is a heart found in the chest?,Yes,random
is found in unhygienic conditions,a bagpipe,'',Is a bagpipe found in unhygienic conditions?,No,random
is found in warm waters,a seahorse,'',Is a seahorse found in warm waters?,Yes,random
is found on hills,a squirrel,'',Is a squirrel found on hills?,No,random
is found on ships,a harpoon,'',Is a harpoon found on ships?,Yes,random
is found on the side of head,an ear,'',Is an ear found on the side of head?,Yes,random
is found outdoors,a swing,'',Is a swing found outdoors?,Yes,random
is fragile and delicate,bacon,'',Is bacon fragile and delicate?,No,random
is frozen,yoghurt,'',Is yoghurt frozen?,Yes,random
is frozen,a wheelbarrow,'',Is a wheelbarrow frozen?,No,random
is fruity,jelly,'',Is jelly fruity?,Yes,random
is given on valentines day,a rose,'',Is a rose given on valentines day?,Yes,random
is gloopy,mayonnaise,'',Is mayonnaise gloopy?,Yes,random
is good for digestion,a prune,'',Is a prune good for digestion?,Yes,random
is good for soil,a worm,'',Is a worm good for soil?,Yes,random
is grainy,sugar,'',Is sugar grainy?,Yes,random
is ground,flour,'',Is flour ground?,Yes,random
is grown in fields,corn,'',Is corn grown in fields?,Yes,random
is grown in paddy fields,rice,'',Is rice grown in paddy fields?,Yes,random
is grown in paddy fields,a sword,'',Is a sword grown in paddy fields?,No,random
is grown in summer,an asparagus,'',Is an asparagus grown in summer?,Yes,random
is grown in summer,a goose,'',Is a goose grown in summer?,No,random
is grown in warm climate,a sandwich,'',Is a sandwich grown in warm climate?,No,random
is hard to get off,a pelican,'',Is a pelican hard to get off?,No,random
is hard to open,a television,'',Is a television hard to open?,No,random
is hard when raw,a cup,'',Is a cup hard when raw?,No,random
is headwear,a cap,'',Is a cap headwear?,Yes,random
is heart shaped,strawberry,'',Is strawberry heart shaped?,Yes,random
is held by ropes,a swing,'',Is a swing held by ropes?,Yes,random
is held in hand,a finger,'',Is a finger held in hand?,No,random
is held under the chin,a violin,'',Is a violin held under the chin?,Yes,random
is hit with a stick,a spatula,'',Is a spatula hit with a stick?,No,random
is hunted,an eel,'',Is an eel hunted?,Yes,random
is hunted by foxes,a chicken,'',Is a chicken hunted by foxes?,Yes,random
is hunted by humans,a hose,'',Is a hose hunted by humans?,No,random
is hunted by whales,a penguin,'',Is a penguin hunted by whales?,Yes,random
is in a tea bag,tea,'',Is tea in a tea bag?,Yes,random
is in the centre of the face,a nose,'',Is a nose in the centre of the face?,Yes,random
is indulgent,ice cream,'',Is ice cream indulgent?,Yes,random
is involved in movement,a seagull,'',Is a seagull involved in movement?,No,random
is ironed,a basin,'',Is a basin ironed?,No,random
is juicy,a moped,'',Is a moped juicy?,No,random
is kept in a hutch,a hedgehog,'',Is a hedgehog kept in a hutch?,No,random
is kept in falconries,a falcon,'',Is a falcon kept in falconries?,Yes,random
is kept in falconries,a swan,'',Is a swan kept in falconries?,No,random
is kept in vinegar,a gherkin,'',Is a gherkin kept in vinegar?,Yes,random
is killed by salt,a snail,'',Is a snail killed by salt?,Yes,random
is killed by salt,a kangaroo,'',Is a kangaroo killed by salt?,No,random
is killed for ivory,an elephant,'',Is an elephant killed for ivory?,Yes,random
is killed for ivory,a hornet,'',Is a hornet killed for ivory?,No,random
is knee length,a cannon,'',Is a cannon knee length?,No,random
is known as the king of the jungle,a lorry,'',Is a lorry known as the king of the jungle?,No,random
is known to have short memory,a goldfish,'',Is a goldfish known to have short memory?,Yes,random
is known to have short memory,a nightingale,'',Is a nightingale known to have short memory?,No,random
is known to headbutt,a shrimp,'',Is a shrimp known to headbutt?,No,random
is light when empty,a bucket,'',Is a bucket light when empty?,Yes,random
is liquid,beer,'',Is beer liquid?,Yes,random
is low-powered,a moped,'',Is a moped low-powered?,Yes,random
is luxurious,butter,'',Is butter luxurious?,No,random
is made by bakers,bread,'',Is bread made by bakers?,Yes,random
is made by boiling fruit,jam,'',Is jam made by boiling fruit?,Yes,random
is made by boiling fruit,a mug,'',Is a mug made by boiling fruit?,No,random
is made from grapes,wine,'',Is wine made from grapes?,Yes,random
is made from grapes,a bus,'',Is a bus made from grapes?,No,random
is made from sugarcane,a swing,'',Is a swing made from sugarcane?,No,random
is made in a mill,a soup,'',Is a soup made in a mill?,No,random
is made of alcohol,brandy,'',Is brandy made of alcohol?,Yes,random
is made of alcohol,a moose,'',Is a moose made of alcohol?,No,random
is made of blood vessels,a heart,'',Is a heart made of blood vessels?,Yes,random
is made of calcium carbonate,a scallop,'',Is a scallop made of calcium carbonate?,Yes,random
is made of churned milk,butter,'',Is butter made of churned milk?,Yes,random
is made of connective tissue,a thumb,'',Is a thumb made of connective tissue?,Yes,random
is made of elastic,a belt,'',Is a belt made of elastic?,Yes,random
is made of elastic,a spoon,'',Is a spoon made of elastic?,No,random
is made of fermented grain,a caterpillar,'',Is a caterpillar made of fermented grain?,No,random
is made of fermented milk,yoghurt,'',Is yoghurt made of fermented milk?,Yes,random
is made of fibres,a heart,'',Is a heart made of fibres?,Yes,random
is made of flesh,a barrel,'',Is a barrel made of flesh?,No,random
is made of fruit and sugar,jelly,'',Is jelly made of fruit and sugar?,Yes,random
is made of fruit and sugar,a wolf,'',Is a wolf made of fruit and sugar?,No,random
is made of grapes,wine,'',Is wine made of grapes?,Yes,random
is made of grapes,a shovel,'',Is a shovel made of grapes?,No,random
is made of ground grain,flour,'',Is flour made of ground grain?,Yes,random
is made of iron,a dice,'',Is a dice made of iron?,No,random
is made of juniper berries,gin,'',Is gin made of juniper berries?,Yes,random
is made of keratin,a dishwasher,'',Is a dishwasher made of keratin?,No,random
is made of malt,whiskey,'',Is whiskey made of malt?,Yes,random
is made of minerals,radish,'',Is radish made of minerals?,No,random
is made of muscles,an arm,'',Is an arm made of muscles?,Yes,random
is made of muscles,a club,'',Is a club made of muscles?,No,random
is made of neoprene,a wetsuit,'',Is a wetsuit made of neoprene?,Yes,random
is made of neoprene,butter,'',Is butter made of neoprene?,No,random
is made of sheer fabric,a veil,'',Is a veil made of sheer fabric?,Yes,random
is made of small parts,a chandelier,'',Is a chandelier made of small parts?,Yes,random
is made of stretchy material,a leotard,'',Is a leotard made of stretchy material?,Yes,random
is made of tissue,a buggy,'',Is a buggy made of tissue?,No,random
is made of two slices of bread,a sandwich,'',Is a sandwich made of two slices of bread?,Yes,random
is made using flour,bread,'',Is bread made using flour?,Yes,random
is made with jelly mix,pumpkin,'',Is pumpkin made with jelly mix?,No,random
is manmade,a jacket,'',Is a jacket manmade?,Yes,random
is manned by a crew,a ship,'',Is a ship manned by a crew?,Yes,random
is modern,a blender,'',Is a blender modern?,Yes,random
is moveable,a lorry,'',Is a lorry moveable?,Yes,random
is not flammable,a tambourine,'',Is a tambourine not flammable?,No,random
is often eaten for breakfast,a heart,'',Is a heart often eaten for breakfast?,No,random
is often eaten with cream,earmuffs,'',Is earmuffs often eaten with cream?,No,random
is often sold by kids,lemonade,'',Is lemonade often sold by kids?,Yes,random
is on Christmas cards,a robin,'',Is a robin on christmas cards?,Yes,random
is on the foot,kiwi,'',Is kiwi on the foot?,No,random
is operated by humans,an oil tanker,'',Is an oil tanker operated by humans?,Yes,random
is operated by humans,a sink,'',Is a sink operated by humans?,No,random
is operated by sailors,a boat,'',Is a boat operated by sailors?,Yes,random
is operated by sailors,a swimsuit,'',Is a swimsuit operated by sailors?,No,random
is ornamental,a typewriter,'',Is a typewriter ornamental?,No,random
is part of a suit,a jacket,'',Is a jacket part of a suit?,Yes,random
is part of the circulatory system,a dog,'',Is a dog part of the circulatory system?,No,random
is peaty,a belt,'',Is a belt peaty?,No,random
is perishable,cabbage,'',Is cabbage perishable?,Yes,random
is perishable,a salmon,'',Is a salmon perishable?,No,random
is pickled,cucumber,'',Is cucumber pickled?,Yes,random
is pickled,a ferry,'',Is a ferry pickled?,No,random
is pink when cooked,a prawn,'',Is a prawn pink when cooked?,Yes,random
is pink when cooked,a sardine,'',Is a sardine pink when cooked?,No,random
is planted,a tulip,'',Is a tulip planted?,Yes,random
is played by a saxophonist,a saxophone,'',Is a saxophone played by a saxophonist?,Yes,random
is played by a violinist,flour,'',Is flour played by a violinist?,No,random
is played by an organist,a robe,'',Is a robe played by an organist?,No,random
is played by cellists,a cello,'',Is a cello played by cellists?,Yes,random
is played by cellists,a peeler,'',Is a peeler played by cellists?,No,random
is played by music bands,grape,'',Is grape played by music bands?,No,random
is played by musicians,a guitar,'',Is a guitar played by musicians?,Yes,random
is played by people in kilts,a bagpipe,'',Is a bagpipe played by people in kilts?,Yes,random
is played by pressing keys,a harpsichord,'',Is a harpsichord played by pressing keys?,Yes,random
is played in brass bands,a tuba,'',Is a tuba played in brass bands?,Yes,random
is played sitting down,a piano,'',Is a piano played sitting down?,Yes,random
is played with,a ball,'',Is a ball played with?,Yes,random
is played with a bow,sugar,'',Is sugar played with a bow?,No,random
is played with a pick,a guitar,'',Is a guitar played with a pick?,Yes,random
is played with hands,a frisbee,'',Is a frisbee played with hands?,Yes,random
is played with hands,a deckchair,'',Is a deckchair played with hands?,No,random
is popular in country music,a banjo,'',Is a banjo popular in country music?,Yes,random
is pork,a rollerskate,'',Is a rollerskate pork?,No,random
is portable,a violin,'',Is a violin portable?,Yes,random
is powered by air,an owl,'',Is an owl powered by air?,No,random
is pressurised,a currant,'',Is a currant pressurised?,No,random
is preyed on by lions,a zebra,'',Is a zebra preyed on by lions?,Yes,random
is preyed on by lions,ham,'',Is ham preyed on by lions?,No,random
is prickly,pineapple,'',Is pineapple prickly?,Yes,random
is produced by distilling wine,brandy,'',Is brandy produced by distilling wine?,Yes,random
is produced by mammals,a car,'',Is a car produced by mammals?,No,random
is professional clothing,blueberry,'',Is blueberry professional clothing?,No,random
is protective,a cloak,'',Is a cloak protective?,Yes,random
is pulled back,a television,'',Is a television pulled back?,No,random
is pulled by dogs,a kettle,'',Is a kettle pulled by dogs?,No,random
is pulled by oxen,a plow,'',Is a plow pulled by oxen?,Yes,random
is purchased in sets,a plate,'',Is a plate purchased in sets?,Yes,random
is pushed,a wheelbarrow,'',Is a wheelbarrow pushed?,Yes,random
is pushed with feet,a penguin,'',Is a penguin pushed with feet?,No,random
is put into bouquets,a carnation,'',Is a carnation put into bouquets?,Yes,random
is quick to cook,bacon,'',Is bacon quick to cook?,Yes,random
is quick to grow,a caravan,'',Is a caravan quick to grow?,No,random
is red when ripe,a bowl,'',Is a bowl red when ripe?,No,random
is required for movement,a bone,'',Is a bone required for movement?,Yes,random
is required for movement,an oven,'',Is an oven required for movement?,No,random
is required for speaking,a tongue,'',Is a tongue required for speaking?,Yes,random
is reusable,a bag,'',Is a bag reusable?,Yes,random
is rhythmic,a fork,'',Is a fork rhythmic?,No,random
is rigid,a bolt,'',Is a bolt rigid?,Yes,random
is ripe in autumn,a minnow,'',Is a minnow ripe in autumn?,No,random
is seasonal,an asparagus,'',Is an asparagus seasonal?,Yes,random
is served with meat and potatoes,broccoli,'',Is broccoli served with meat and potatoes?,Yes,random
is served with tonic,a flute,'',Is a flute served with tonic?,No,random
is set free at weddings,a dove,'',Is a dove set free at weddings?,Yes,random
is set free at weddings,a fox,'',Is a fox set free at weddings?,No,random
is shaped like a box,a washing machine,'',Is a washing machine shaped like a box?,Yes,random
is shaped like a bulb,turnip,'',Is turnip shaped like a bulb?,Yes,random
is shaped like a bulb,a jellyfish,'',Is a jellyfish shaped like a bulb?,No,random
is shaped like a shell,jeans,'',Is jeans shaped like a shell?,No,random
is shaped like a tree,a dog,'',Is a dog shaped like a tree?,No,random
is slimy,a trout,'',Is a trout slimy?,Yes,random
is slow on land,a tortoise,'',Is a tortoise slow on land?,Yes,random
is slow on land,an apron,'',Is an apron slow on land?,No,random
is slow on roads,butter,'',Is butter slow on roads?,No,random
is smooth on the outside,tomato,'',Is tomato smooth on the outside?,Yes,random
is soft when ripe,a tugboat,'',Is a tugboat soft when ripe?,No,random
is sold at ice cream vans,ice cream,'',Is ice cream sold at ice cream vans?,Yes,random
is solidified,mango,'',Is mango solidified?,No,random
is solitary,a rhino,'',Is a rhino solitary?,Yes,random
is sparkling wine,champagne,'',Is champagne sparkling wine?,Yes,random
is sparkling wine,a beetle,'',Is a beetle sparkling wine?,No,random
is speckled,a locust,'',Is a locust speckled?,No,random
is spherical in shape,a chestnut tree,'',Is a chestnut tree spherical in shape?,Yes,random
is spiky,an artichoke,'',Is an artichoke spiky?,Yes,random
is steered,a houseboat,'',Is a houseboat steered?,Yes,random
is sticky,jelly,'',Is jelly sticky?,Yes,random
is stood on,scissors,'',Is scissors stood on?,No,random
is stored in a barrel,beer,'',Is beer stored in a barrel?,Yes,random
is streamlined,a penguin,'',Is a penguin streamlined?,Yes,random
is streamlined,gin,'',Is gin streamlined?,No,random
is struck,a gong,'',Is a gong struck?,Yes,random
is sturdy,a raft,'',Is a raft sturdy?,Yes,random
is taut,a bow,'',Is a bow taut?,Yes,random
is taut,a jacket,'',Is a jacket taut?,No,random
is territorial,a leopard,'',Is a leopard territorial?,Yes,random
is territorial,milk,'',Is milk territorial?,No,random
is the largest animal,a whale,'',Is a whale the largest animal?,Yes,random
is the leg of a pig,a rhino,'',Is a rhino the leg of a pig?,No,random
is the size of one's fist,a refrigerator,'',Is a refrigerator the size of one's fist?,No,random
is thought to be cunning,a jellyfish,'',Is a jellyfish thought to be cunning?,No,random
is thrown,a wolf,'',Is a wolf thrown?,No,random
is thrust,a spear,'',Is a spear thrust?,Yes,random
is tightened,tights,'',Is tights tightened?,No,random
is tropical,a cat,'',Is a cat tropical?,No,random
is underwear,a nut,'',Is a nut underwear?,No,random
is upright,a buttercup,'',Is a buttercup upright?,No,random
is upright while swimming,a kayak,'',Is a kayak upright while swimming?,No,random
is used against weeds,a hoe,'',Is a hoe used against weeds?,Yes,random
is used against weeds,a spear,'',Is a spear used against weeds?,No,random
is used as a shroud,a nectarine,'',Is a nectarine used as a shroud?,No,random
is used by bartenders,a drum,'',Is a drum used by bartenders?,No,random
is used by burglars,a crowbar,'',Is a crowbar used by burglars?,Yes,random
is used by burglars,a slug,'',Is a slug used by burglars?,No,random
is used by carpenters and masons,a chisel,'',Is a chisel used by carpenters and masons?,Yes,random
is used by carpenters and masons,an ambulance,'',Is an ambulance used by carpenters and masons?,No,random
is used by cavemen,a dog,'',Is a dog used by cavemen?,No,random
is used by chefs,an apron,'',Is an apron used by chefs?,Yes,random
is used by clowns,a unicycle,'',Is a unicycle used by clowns?,Yes,random
is used by doctors,a falcon,'',Is a falcon used by doctors?,No,random
is used by electricians,pliers,'',Is pliers used by electricians?,Yes,random
is used by hand,a spirit level,'',Is a spirit level used by hand?,Yes,random
is used by hand,corn,'',Is corn used by hand?,No,random
is used by lumberjacks,a cat,'',Is a cat used by lumberjacks?,No,random
is used by paramedics,a goldfish,'',Is a goldfish used by paramedics?,No,random
is used by parents,a bench,'',Is a bench used by parents?,No,random
is used by people who cannot walk,an asparagus,'',Is an asparagus used by people who cannot walk?,No,random
is used by people who smoke,an ashtray,'',Is an ashtray used by people who smoke?,Yes,random
is used by police,a revolver,'',Is a revolver used by police?,Yes,random
is used by soldiers,a bayonet,'',Is a bayonet used by soldiers?,Yes,random
is used by the navy,a canoe,'',Is a canoe used by the navy?,Yes,random
is used by the navy,a bee,'',Is a bee used by the navy?,No,random
is used by writers,a typewriter,'',Is a typewriter used by writers?,Yes,random
is used for boiling,a foot,'',Is a foot used for boiling?,No,random
is used for breathing,a nose,'',Is a nose used for breathing?,Yes,random
is used for cigarettes,an ashtray,'',Is an ashtray used for cigarettes?,Yes,random
is used for digging,a hoe,'',Is a hoe used for digging?,Yes,random
is used for eating,an arm,'',Is an arm used for eating?,Yes,random
is used for eating,an organ,'',Is an organ used for eating?,No,random
is used for farming,a buttercup,'',Is a buttercup used for farming?,No,random
is used for fighting,a tongue,'',Is a tongue used for fighting?,No,random
is used for grooming hair,a mirror,'',Is a mirror used for grooming hair?,Yes,random
is used for grooming hair,a cup,'',Is a cup used for grooming hair?,No,random
is used for heating food,a wren,'',Is a wren used for heating food?,No,random
is used for hiding,a submarine,'',Is a submarine used for hiding?,Yes,random
is used for hygiene,gloves,'',Is gloves used for hygiene?,Yes,random
is used for levelling,a scallop,'',Is a scallop used for levelling?,No,random
is used for lounging,a stool,'',Is a stool used for lounging?,No,random
is used for making cake,a whisk,'',Is a whisk used for making cake?,Yes,random
is used for plucking,a tweezer,'',Is a tweezer used for plucking?,Yes,random
is used for plucking,a belt,'',Is a belt used for plucking?,No,random
is used for pointing,a thumb,'',Is a thumb used for pointing?,Yes,random
is used for pointing,a stool,'',Is a stool used for pointing?,No,random
is used for safety,a helmet,'',Is a helmet used for safety?,Yes,random
is used for shopping,a sparrow,'',Is a sparrow used for shopping?,No,random
is used for standing,a leg,'',Is a leg used for standing?,Yes,random
is used for toasting,a toaster,'',Is a toaster used for toasting?,Yes,random
is used for toasting,a ladle,'',Is a ladle used for toasting?,No,random
is used for touching and feeling,lemon,'',Is lemon used for touching and feeling?,No,random
is used for typing,a typewriter,'',Is a typewriter used for typing?,Yes,random
is used for watering,a tarantula,'',Is a tarantula used for watering?,No,random
is used for watersports,a speedboat,'',Is a speedboat used for watersports?,Yes,random
is used for writing,a desk,'',Is a desk used for writing?,Yes,random
is used in Spanish dancing,a robe,'',Is a robe used in spanish dancing?,No,random
is used in agriculture,a tractor,'',Is a tractor used in agriculture?,Yes,random
is used in baroque music,a french horn,'',Is a french horn used in baroque music?,Yes,random
is used in cakes,a cello,'',Is a cello used in cakes?,No,random
is used in church,an organ,'',Is an organ used in church?,Yes,random
is used in combat,a daffodil,'',Is a daffodil used in combat?,No,random
is used in fall,a buffalo,'',Is a buffalo used in fall?,No,random
is used in fish and chips,a cod,'',Is a cod used in fish and chips?,Yes,random
is used in fishing,a harpoon,'',Is a harpoon used in fishing?,Yes,random
is used in folk music,rice,'',Is rice used in folk music?,No,random
is used in hospital,a scalpel,'',Is a scalpel used in hospital?,Yes,random
is used in hospital,a pig,'',Is a pig used in hospital?,No,random
is used in hot air balloons,a gong,'',Is a gong used in hot air balloons?,No,random
is used in jazz music,a drum,'',Is a drum used in jazz music?,Yes,random
is used in lab experiments,a monkey,'',Is a monkey used in lab experiments?,Yes,random
is used in laundromats,a washing machine,'',Is a washing machine used in laundromats?,Yes,random
is used in laundromats,a stool,'',Is a stool used in laundromats?,No,random
is used in locks,a bolt,'',Is a bolt used in locks?,Yes,random
is used in plays,a puppet,'',Is a puppet used in plays?,Yes,random
is used in plays,an eggplant,'',Is an eggplant used in plays?,No,random
is used in seas,a dinghy,'',Is a dinghy used in seas?,Yes,random
is used in snow,a sledge,'',Is a sledge used in snow?,Yes,random
is used in sponge cakes,a rocking chair,'',Is a rocking chair used in sponge cakes?,No,random
is used in stews,a bean,'',Is a bean used in stews?,Yes,random
is used in supermarkets,a chipmunk,'',Is a chipmunk used in supermarkets?,No,random
is used in the kitchen,a bottle,'',Is a bottle used in the kitchen?,Yes,random
is used in water sports,a fork,'',Is a fork used in water sports?,No,random
is used in workshops,a clamp,'',Is a clamp used in workshops?,Yes,random
is used manually,a can opener,'',Is a can opener used manually?,Yes,random
is used on Christmas pudding,a calf,'',Is a calf used on christmas pudding?,No,random
is used on ice,a sledge,'',Is a sledge used on ice?,Yes,random
is used on pavements,a drill,'',Is a drill used on pavements?,Yes,random
is used on rough terrains,an elephant,'',Is an elephant used on rough terrains?,No,random
is used to clear garden debris,a mitten,'',Is a mitten used to clear garden debris?,No,random
is used to clear leaves,a nightingale,'',Is a nightingale used to clear leaves?,No,random
is used to conceal,a lizard,'',Is a lizard used to conceal?,No,random
is used to cover the body,a knife,'',Is a knife used to cover the body?,No,random
is used to cut crops,a scythe,'',Is a scythe used to cut crops?,Yes,random
is used to cut grass,potato,'',Is potato used to cut grass?,No,random
is used to dig holes,a trowel,'',Is a trowel used to dig holes?,Yes,random
is used to dig holes,a dice,'',Is a dice used to dig holes?,No,random
is used to dissect,a spade,'',Is a spade used to dissect?,No,random
is used to eat food,a fork,'',Is a fork used to eat food?,Yes,random
is used to eat food,an ox,'',Is an ox used to eat food?,No,random
is used to grate cheese,a grater,'',Is a grater used to grate cheese?,Yes,random
is used to harvest,a pie,'',Is a pie used to harvest?,No,random
is used to hit nails,a gerbil,'',Is a gerbil used to hit nails?,No,random
is used to inhale air,a nose,'',Is a nose used to inhale air?,Yes,random
is used to inhale air,a ferry,'',Is a ferry used to inhale air?,No,random
is used to jump,a foot,'',Is a foot used to jump?,Yes,random
is used to loosen bolts,a spanner,'',Is a spanner used to loosen bolts?,Yes,random
is used to make a drink,a coffee maker,'',Is a coffee maker used to make a drink?,Yes,random
is used to make aspirin,mushroom,'',Is mushroom used to make aspirin?,No,random
is used to make chips,an olive,'',Is an olive used to make chips?,No,random
is used to make drugs,a poppy,'',Is a poppy used to make drugs?,Yes,random
is used to make guacamole,a jellyfish,'',Is a jellyfish used to make guacamole?,No,random
is used to make holes in walls,a drill,'',Is a drill used to make holes in walls?,Yes,random
is used to make holes in walls,pear,'',Is pear used to make holes in walls?,No,random
is used to make jam,strawberry,'',Is strawberry used to make jam?,Yes,random
is used to make lemonade,a mug,'',Is a mug used to make lemonade?,No,random
is used to make opium,a poppy,'',Is a poppy used to make opium?,Yes,random
is used to make statues,a gerbil,'',Is a gerbil used to make statues?,No,random
is used to mix eggs,a whisk,'',Is a whisk used to mix eggs?,Yes,random
is used to mix eggs,a buggy,'',Is a buggy used to mix eggs?,No,random
is used to pluck eyebrows,a tweezer,'',Is a tweezer used to pluck eyebrows?,Yes,random
is used to pluck eyebrows,castanets,'',Is castanets used to pluck eyebrows?,No,random
is used to pot plants,a tarantula,'',Is a tarantula used to pot plants?,No,random
is used to put out a fire,an alligator,'',Is an alligator used to put out a fire?,No,random
is used to raise toast,an apple,'',Is an apple used to raise toast?,No,random
is used to reach something at a height,a dressing gown,'',Is a dressing gown used to reach something at a height?,No,random
is used to scrape bowls,a spatula,'',Is a spatula used to scrape bowls?,Yes,random
is used to serve food,a ladle,'',Is a ladle used to serve food?,Yes,random
is used to serve food,a brussels sprout,'',Is a brussels sprout used to serve food?,No,random
is used to spread,a sweater,'',Is a sweater used to spread?,No,random
is used to stir,a ladle,'',Is a ladle used to stir?,Yes,random
is used to turn food,a goat,'',Is a goat used to turn food?,No,random
is used to warm food quickly,a microwave,'',Is a microwave used to warm food quickly?,Yes,random
is used to wash,a hose,'',Is a hose used to wash?,Yes,random
is used to wash,a ball,'',Is a ball used to wash?,No,random
is used to write,cheese,'',Is cheese used to write?,No,random
is used while eating,a lobster,'',Is a lobster used while eating?,No,random
is used with cutlery,a plate,'',Is a plate used with cutlery?,Yes,random
is used with saucepans,parsley,'',Is parsley used with saucepans?,No,random
is useful for athletics,banana,'',Is banana useful for athletics?,Yes,random
is usually sat on by old people,a limousine,'',Is a limousine usually sat on by old people?,No,random
is usually taller than wide,a bottle,'',Is a bottle usually taller than wide?,Yes,random
is usually taller than wide,a starling,'',Is a starling usually taller than wide?,No,random
is v-shaped,a boomerang,'',Is a boomerang v-shaped?,Yes,random
is violent,a crossbow,'',Is a crossbow violent?,Yes,random
is warm blooded,a washing machine,'',Is a washing machine warm blooded?,No,random
is watched,a television,'',Is a television watched?,Yes,random
is watched,an oven,'',Is an oven watched?,No,random
is wheeled,a wheelchair,'',Is a wheelchair wheeled?,Yes,random
is white inside,a gorilla,'',Is a gorilla white inside?,No,random
is wide in middle,a lizard,'',Is a lizard wide in middle?,No,random
is wide in shape,a machete,'',Is a machete wide in shape?,Yes,random
is wide in shape,an accordion,'',Is an accordion wide in shape?,No,random
is worn after bath,a robe,'',Is a robe worn after bath?,Yes,random
is worn after bath,a chestnut tree,'',Is a chestnut tree worn after bath?,No,random
is worn at bedtime,a raft,'',Is a raft worn at bedtime?,No,random
is worn by a bride,a zebra,'',Is a zebra worn by a bride?,No,random
is worn by goalkeepers,gloves,'',Is gloves worn by goalkeepers?,Yes,random
is worn by goalkeepers,a gown,'',Is a gown worn by goalkeepers?,No,random
is worn by humans,a gown,'',Is a gown worn by humans?,Yes,random
is worn by humans,leek,'',Is leek worn by humans?,No,random
is worn by laborers,gloves,'',Is gloves worn by laborers?,Yes,random
is worn by motorcyclists,a daffodil,'',Is a daffodil worn by motorcyclists?,No,random
is worn by nuns,a veil,'',Is a veil worn by nuns?,Yes,random
is worn in bed,a dressing gown,'',Is a dressing gown worn in bed?,Yes,random
is worn in the kitchen,an apron,'',Is an apron worn in the kitchen?,Yes,random
is worn in winter,gloves,'',Is gloves worn in winter?,Yes,random
is worn like a shoe,a rollerskate,'',Is a rollerskate worn like a shoe?,Yes,random
is worn like a shoe,a sweater,'',Is a sweater worn like a shoe?,No,random
is worn on breasts,a chair,'',Is a chair worn on breasts?,No,random
is worn on clothes,a jacket,'',Is a jacket worn on clothes?,Yes,random
is worn on hands,a poppy,'',Is a poppy worn on hands?,No,random
is worn on head,a veil,'',Is a veil worn on head?,Yes,random
is worn on head,an emu,'',Is an emu worn on head?,No,random
is worn on the face,a veil,'',Is a veil worn on the face?,Yes,random
is worn on the face,an ostrich,'',Is an ostrich worn on the face?,No,random
is worn on the hand,a whale,'',Is a whale worn on the hand?,No,random
is worn on the legs,butter,'',Is butter worn on the legs?,No,random
is worn on the lower half of the body,a skirt,'',Is a skirt worn on the lower half of the body?,Yes,random
is worn on upper body,a fork,'',Is a fork worn on upper body?,No,random
is worn outdoors,a parka,'',Is a parka worn outdoors?,Yes,random
is worn to interviews,a shirt,'',Is a shirt worn to interviews?,Yes,random
is worn to interviews,a harmonica,'',Is a harmonica worn to interviews?,No,random
is worn under shoes,a turkey,'',Is a turkey worn under shoes?,No,random
is worn under trousers,a knicker,'',Is a knicker worn under trousers?,Yes,random
is worn when cold,a caterpillar,'',Is a caterpillar worn when cold?,No,random
is worn with a suit,a shirt,'',Is a shirt worn with a suit?,Yes,random
is worn with a suit,a sock,'',Is a sock worn with a suit?,No,random
is worn with flippers,a gun,'',Is a gun worn with flippers?,No,random
is zesty,lime,'',Is lime zesty?,Yes,random
keeps food cool,a refrigerator,'',Does a refrigerator keep food cool?,Yes,random
keeps hands warm,gloves,'',Does gloves keep hands warm?,Yes,random
keeps hands warm,a seagull,'',Does a seagull keep hands warm?,No,random
keeps its eggs warm by its foot,a toe,'',Does a toe keep its eggs warm by its foot?,No,random
keeps legs warm,an eel,'',Does an eel keep legs warm?,No,random
lays larva,a housefly,'',Does a housefly lay larva?,Yes,random
lays larva,a cake,'',Does a cake lay larva?,No,random
likes flowers,a bee,'',Does a bee like flowers?,Yes,random
likes flowers,a leopard,'',Does a leopard like flowers?,No,random
likes to chase strings,a cat,'',Does a cat like to chase strings?,Yes,random
lives in Antarctica,a penguin,'',Does a penguin live in antarctica?,Yes,random
lives in a huddle,a penguin,'',Does a penguin live in a huddle?,Yes,random
lives in a mound,a termite,'',Does a termite live in a mound?,Yes,random
lives in burrows,a rabbit,'',Does a rabbit live in burrows?,Yes,random
lives in colonies,a termite,'',Does a termite live in colonies?,Yes,random
lives in colonies,an arrow,'',Does an arrow live in colonies?,No,random
lives in deep waters,broccoli,'',Does broccoli live in deep waters?,No,random
lives in shoals,a mackerel,'',Does a mackerel live in shoals?,Yes,random
lives in shoals,a rolling pin,'',Does a rolling pin live in shoals?,No,random
lives on the ground,a cricket,'',Does a cricket live on the ground?,Yes,random
lives under water,a clam,'',Does a clam live under water?,Yes,random
looks like a ruler,coffee,'',Does coffee look like a ruler?,No,random
looks like a small cabbage,a brussels sprout,'',Does a brussels sprout look like a small cabbage?,Yes,random
makes a bellowing sound,a hammer,'',Does a hammer make a bellowing sound?,No,random
makes a buzzing sound,a housefly,'',Does a housefly make a buzzing sound?,Yes,random
makes a buzzing sound,tomato,'',Does tomato make a buzzing sound?,No,random
makes a cooing sound,a pigeon,'',Does a pigeon make a cooing sound?,Yes,random
makes a cooing sound,an ambulance,'',Does an ambulance make a cooing sound?,No,random
makes a humming sound,a mosquito,'',Does a mosquito make a humming sound?,Yes,random
makes a neighing sound,a grenade,'',Does a grenade make a neighing sound?,No,random
makes a ribbit sound,a toad,'',Does a toad make a ribbit sound?,Yes,random
makes a sound when shaken,a tambourine,'',Does a tambourine make a sound when shaken?,Yes,random
makes big waves,a speedboat,'',Does a speedboat make big waves?,Yes,random
makes grunting sounds,lemonade,'',Does lemonade make grunting sounds?,No,random
makes noise with its legs,a cricket,'',Does a cricket make noise with its legs?,Yes,random
measures time,a clock,'',Does a clock measure time?,Yes,random
mimics human speech,a parakeet,'',Does a parakeet mimic human speech?,Yes,random
pecks trees,a ferry,'',Does a ferry peck trees?,No,random
performs photosynthesis,radish,'',Does radish perform photosynthesis?,Yes,random
performs photosynthesis,a broom,'',Does a broom perform photosynthesis?,No,random
produces mucus,a nose,'',Does a nose produce mucus?,Yes,random
produces pollen,a rose,'',Does a rose produce pollen?,Yes,random
produces wool,a llama,'',Does a llama produce wool?,Yes,random
produces wool,a toe,'',Does a toe produce wool?,No,random
protects feet,a sock,'',Does a sock protect feet?,Yes,random
protects the body from the cold,a camel,'',Does a camel protect the body from the cold?,No,random
provides light,a lamp,'',Does a lamp provide light?,Yes,random
provides strong wood,an oak tree,'',Does an oak tree provide strong wood?,Yes,random
pumps blood,jelly,'',Does jelly pump blood?,No,random
reflects light,a mirror,'',Does a mirror reflect light?,Yes,random
reports news,a television,'',Does a television report news?,Yes,random
requires a helmet,a moped,'',Does a moped require a helmet?,Yes,random
requires a ticket,a taxi,'',Does a taxi require a ticket?,Yes,random
requires a ticket to board,a coach,'',Does a coach require a ticket to board?,Yes,random
requires coffee beans,a coffee maker,'',Does a coffee maker require coffee beans?,Yes,random
requires corkscrew to open,wine,'',Does wine require corkscrew to open?,Yes,random
requires electricity,an oven,'',Does an oven require electricity?,Yes,random
requires pedaling,a bicycle,'',Does a bicycle require pedaling?,Yes,random
requires plumbing,a bathtub,'',Does a bathtub require plumbing?,Yes,random
requires skill to use,a swan,'',Does a swan require skill to use?,No,random
requires sunlight,a fir tree,'',Does a fir tree require sunlight?,Yes,random
requires sunlight,a barrel,'',Does a barrel require sunlight?,No,random
requires warm conditions,an iguana,'',Does an iguana require warm conditions?,Yes,random
requires wind,a kite,'',Does a kite require wind?,Yes,random
resembles a human,a doll,'',Does a doll resemble a human?,Yes,random
resembles a tortoise,a tortoise,'',Does a tortoise resemble a tortoise?,Yes,random
resembles the letter Y,a catapult,'',Does a catapult resemble the letter y?,Yes,random
returns back,a boomerang,'',Does a boomerang return back?,Yes,random
reverses the image,a mirror,'',Does a mirror reverse the image?,Yes,random
reverses the image,a dove,'',Does a dove reverse the image?,No,random
rinses water,a toad,'',Does a toad rinse water?,No,random
runs on tracks,a dress,'',Does a dress run on tracks?,No,random
runs on wheels,a hamster,'',Does a hamster run on wheels?,Yes,random
screens programs,a television,'',Does a television screen programs?,Yes,random
screens programs,a chicken,'',Does a chicken screen programs?,No,random
sheds leaves in autumn,a bra,'',Does a bra shed leaves in autumn?,No,random
shoots up in the sky,a rocket,'',Does a rocket shoot up in the sky?,Yes,random
shrinks when cooked,a brussels sprout,'',Does a brussels sprout shrink when cooked?,Yes,random
sits on a perch,a parakeet,'',Does a parakeet sit on a perch?,Yes,random
sits on branches,a cookie,'',Does a cookie sit on branches?,No,random
stores nuts for winter,a squirrel,'',Does a squirrel store nuts for winter?,Yes,random
submerges under water,a submarine,'',Does a submarine submerge under water?,Yes,random
swims fast,a tuna,'',Does a tuna swim fast?,Yes,random
swims fast,a barrel,'',Does a barrel swim fast?,No,random
takes time to ripen,an orange,'',Does an orange take time to ripen?,No,random
travels in an arc,a sock,'',Does a sock travel in an arc?,No,random
travels short distances,a tugboat,'',Does a tugboat travel short distances?,Yes,random
used to have antennas,a brussels sprout,'',Does a brussels sprout used to have antennas?,No,random
uses a drill bit,a drill,'',Does a drill use a drill bit?,Yes,random
uses conditioner,a chisel,'',Does a chisel use conditioner?,No,random
uses echolocation,a whale,'',Does a whale use echolocation?,Yes,random
uses electricity,a coffee maker,'',Does a coffee maker use electricity?,Yes,random
uses electricity,a marble,'',Does a marble use electricity?,No,random
uses gas,a drill,'',Does a drill use gas?,No,random
uses microwave radiation,a microwave,'',Does a microwave use microwave radiation?,Yes,random
uses microwave radiation,a cod,'',Does a cod use microwave radiation?,No,random
uses radiation,a canoe,'',Does a canoe use radiation?,No,random
was pulled by horses,a cart,'',Was a cart pulled by horses?,Yes,random
was used by miners,a canary,'',Was a canary used by miners?,Yes,random
was used in castles,a stick insect,'',Was a stick insect used in castles?,No,random
was used to siege castles,a cape,'',Was a cape used to siege castles?,No,random
washes fabrics,a washing machine,'',Does a washing machine wash fabrics?,Yes,random
washes fabrics,an ashtray,'',Does an ashtray wash fabrics?,No,random
