Question_Type,Target_Dataset,Source_Dataset,Transfer_Type,Model_Family,Model,Prompt,Batch_Size,median_acc,q25_acc,q75_acc,bias_median,acc_mean,best_run_acc,worst_run_acc
YN,ARITH,ARITH,Same,Falcon,Falcon3-3B-Base,zeroshot,500,0.8225,0.8206090011129661,0.8256249999999999,0.08083333333333331,0.8220706758885785,0.8291666666666667,0.8081534772182254
YN,ARITH,BABI,Cross,Falcon,Falcon3-3B-Base,zeroshot,500,0.7608333333333334,0.7466666666666667,0.7683333333333333,0.07416666666666669,0.757525,0.7825,0.73
YN,ARITH,COMPS,Cross,Falcon,Falcon3-3B-Base,zeroshot,500,0.6658333333333334,0.6572916666666666,0.675,0.26083333333333336,0.6670833333333333,0.695,0.6366666666666667
YN,ARITH,EWOK,Cross,Falcon,Falcon3-3B-Base,zeroshot,500,0.7466666666666667,0.743125,0.7533333333333333,0.09166666666666667,0.7480749999999999,0.7683333333333333,0.7233333333333334
YN,ARITH,ARITH,Same,Falcon,Falcon3-3B-Instruct,zeroshot,500,0.8033333333333333,0.8008342050209205,0.805,0.004166666666666652,0.8019422125431024,0.81,0.7692307692307693
YN,ARITH,BABI,Cross,Falcon,Falcon3-3B-Instruct,zeroshot,500,0.82,0.8158333333333333,0.8243750000000001,0.12,0.8199583333333332,0.8291666666666667,0.8075
YN,ARITH,COMPS,Cross,Falcon,Falcon3-3B-Instruct,zeroshot,500,0.7525,0.7508333333333334,0.755,0.09333333333333334,0.7525916666666665,0.7816666666666666,0.7333333333333333
YN,ARITH,EWOK,Cross,Falcon,Falcon3-3B-Instruct,zeroshot,500,0.8175,0.8158333333333333,0.8191666666666667,0.024583333333333346,0.8168666666666669,0.8266666666666667,0.8033333333333333
YN,ARITH,ARITH,Same,Falcon,Falcon3-10B-Base,zeroshot,500,0.8525,0.8508333333333333,0.8539583333333334,0.05666666666666664,0.8527528016456366,0.866877971473851,0.8462206776715899
YN,ARITH,BABI,Cross,Falcon,Falcon3-10B-Base,zeroshot,500,0.8533333333333334,0.8525,0.8533333333333334,0.05666666666666664,0.8525500000000003,0.855,0.845
YN,ARITH,COMPS,Cross,Falcon,Falcon3-10B-Base,zeroshot,500,0.8533333333333334,0.8483333333333334,0.8533333333333334,0.05500000000000002,0.8517083333333336,0.855,0.8425
YN,ARITH,EWOK,Cross,Falcon,Falcon3-10B-Base,zeroshot,500,0.8533333333333334,0.8525,0.8535416666666666,0.06416666666666668,0.8533500000000004,0.855,0.8516666666666667
YN,ARITH,ARITH,Same,Falcon,Falcon3-10B-Instruct,zeroshot,500,0.8658333333333333,0.865,0.8675,0.050833333333333314,0.8667632714145012,0.884310618066561,0.8608058608058609
YN,ARITH,BABI,Cross,Falcon,Falcon3-10B-Instruct,zeroshot,500,0.8558333333333333,0.8533333333333334,0.8616666666666667,0.11750000000000002,0.8559416666666667,0.8691666666666666,0.8191666666666667
YN,ARITH,COMPS,Cross,Falcon,Falcon3-10B-Instruct,zeroshot,500,0.8708333333333333,0.8691666666666666,0.8710416666666667,0.07166666666666666,0.8703000000000003,0.8725,0.8675
YN,ARITH,EWOK,Cross,Falcon,Falcon3-10B-Instruct,zeroshot,500,0.87,0.8691666666666666,0.8708333333333333,0.08416666666666664,0.8699250000000002,0.8716666666666667,0.8683333333333333
YN,ARITH,ARITH,Same,Gemma3,gemma-3-27b-pt,zeroshot,500,0.9266666666666666,0.925,0.9283333333333333,0.02833333333333332,0.9260100725461834,0.9308333333333333,0.9084249084249084
YN,ARITH,BABI,Cross,Gemma3,gemma-3-27b-pt,zeroshot,500,0.9,0.9,0.91,0.08833333333333335,0.9032083333333335,0.91,0.89
YN,ARITH,COMPS,Cross,Gemma3,gemma-3-27b-pt,zeroshot,500,0.9025,0.9025,0.9191666666666667,0.04416666666666669,0.9097916666666669,0.9191666666666667,0.8816666666666667
YN,ARITH,EWOK,Cross,Gemma3,gemma-3-27b-pt,zeroshot,500,0.89,0.8666666666666667,0.89,0.10499999999999998,0.8818416666666667,0.89,0.8666666666666667
YN,ARITH,ARITH,Same,Gemma3,gemma-3-27b-it,zeroshot,500,0.9883333333333333,0.9868468468468469,0.9883333333333333,0.008333333333333331,0.9876595528201648,0.9895038167938931,0.9829059829059829
YN,ARITH,BABI,Cross,Gemma3,gemma-3-27b-it,zeroshot,500,0.99,0.9889583333333333,0.99,0.003333333333333327,0.9895249999999999,0.9908333333333333,0.9883333333333333
YN,ARITH,COMPS,Cross,Gemma3,gemma-3-27b-it,zeroshot,500,0.985,0.9825,0.9866666666666667,0.011666666666666686,0.9847916666666666,0.9908333333333333,0.9766666666666667
YN,ARITH,EWOK,Cross,Gemma3,gemma-3-27b-it,zeroshot,500,0.9883333333333333,0.9883333333333333,0.9883333333333333,0.0050000000000000044,0.9883416666666665,0.9891666666666666,0.9883333333333333
YN,ARITH,ARITH,Same,Gemma3,gemma-3-12b-pt,zeroshot,500,0.8475,0.8441666666666666,0.8497093776463301,0.03500000000000002,0.846868169928756,0.8575380359612724,0.8358662613981763
YN,ARITH,BABI,Cross,Gemma3,gemma-3-12b-pt,zeroshot,500,0.8183333333333334,0.8183333333333334,0.8383333333333334,0.14666666666666664,0.8264999999999999,0.8425,0.7958333333333333
YN,ARITH,COMPS,Cross,Gemma3,gemma-3-12b-pt,zeroshot,500,0.645,0.645,0.645,0.355,0.6472083333333332,0.6666666666666666,0.6166666666666667
YN,ARITH,EWOK,Cross,Gemma3,gemma-3-12b-pt,zeroshot,500,0.8516666666666667,0.8516666666666667,0.8516666666666667,0.006666666666666682,0.8515750000000003,0.8616666666666667,0.8425
YN,ARITH,ARITH,Same,Gemma3,gemma-3-12b-it,zeroshot,500,0.8825,0.8808333333333334,0.8841666666666667,0.01416666666666666,0.8808338440039454,0.886744966442953,0.8534798534798534
YN,ARITH,BABI,Cross,Gemma3,gemma-3-12b-it,zeroshot,500,0.8691666666666666,0.8641666666666666,0.87,0.08833333333333335,0.8674083333333332,0.88,0.845
YN,ARITH,COMPS,Cross,Gemma3,gemma-3-12b-it,zeroshot,500,0.69,0.6791666666666667,0.6983333333333334,0.31000000000000005,0.6873416666666665,0.7116666666666667,0.6475
YN,ARITH,EWOK,Cross,Gemma3,gemma-3-12b-it,zeroshot,500,0.8525,0.85,0.8527083333333334,0.11250000000000002,0.8531416666666667,0.8641666666666666,0.845
YN,ARITH,ARITH,Same,Llama3,Llama-3.1-8B,zeroshot,500,0.7808333333333334,0.7780851196930519,0.7833333333333333,0.07250000000000001,0.7803519148971761,0.7875,0.7582417582417582
YN,ARITH,BABI,Cross,Llama3,Llama-3.1-8B,zeroshot,500,0.6691666666666667,0.6541666666666667,0.6722916666666666,0.26249999999999996,0.6656416666666667,0.7033333333333334,0.625
YN,ARITH,COMPS,Cross,Llama3,Llama-3.1-8B,zeroshot,500,0.54,0.5389583333333333,0.5483333333333333,0.45833333333333337,0.543575,0.5741666666666667,0.5258333333333334
YN,ARITH,EWOK,Cross,Llama3,Llama-3.1-8B,zeroshot,500,0.7775,0.7766666666666666,0.785,0.04833333333333334,0.7820083333333332,0.8008333333333333,0.7666666666666667
YN,ARITH,ARITH,Same,Llama3,Llama-3.1-8B-Instruct,zeroshot,500,0.8283333333333334,0.8260416666666667,0.83,0.035,0.8263142639903439,0.835,0.7961630695443646
YN,ARITH,BABI,Cross,Llama3,Llama-3.1-8B-Instruct,zeroshot,500,0.8241666666666667,0.819375,0.8266666666666667,0.06,0.8224666666666668,0.8433333333333334,0.7991666666666667
YN,ARITH,COMPS,Cross,Llama3,Llama-3.1-8B-Instruct,zeroshot,500,0.6558333333333334,0.6441666666666667,0.6741666666666667,0.3375,0.6578999999999999,0.6983333333333334,0.6191666666666666
YN,ARITH,EWOK,Cross,Llama3,Llama-3.1-8B-Instruct,zeroshot,500,0.8241666666666667,0.8225,0.8266666666666667,0.06833333333333334,0.8228083333333335,0.8366666666666667,0.7991666666666667
YN,ARITH,ARITH,Same,Llama3,Llama-3.1-70B,zeroshot,500,0.9347015142945441,0.9333333333333333,0.9358333333333333,0.030000000000000027,0.9339973044393046,0.9391666666666667,0.9157509157509157
YN,ARITH,BABI,Cross,Llama3,Llama-3.1-70B,zeroshot,500,0.9341666666666667,0.9341666666666667,0.935,0.03249999999999997,0.9343666666666668,0.9383333333333334,0.925
YN,ARITH,COMPS,Cross,Llama3,Llama-3.1-70B,zeroshot,500,0.75,0.7308333333333333,0.7566666666666667,0.24166666666666664,0.745475,0.8075,0.6683333333333333
YN,ARITH,EWOK,Cross,Llama3,Llama-3.1-70B,zeroshot,500,0.9170833333333333,0.9166666666666666,0.925,0.07333333333333333,0.9195583333333335,0.9341666666666667,0.9033333333333333
YN,ARITH,ARITH,Same,Llama3,Llama-3.1-70B-Instruct,zeroshot,500,0.9666666666666667,0.965,0.9681854838709678,0.0050000000000000044,0.9660765503207439,0.9708333333333333,0.9515669515669516
YN,ARITH,BABI,Cross,Llama3,Llama-3.1-70B-Instruct,zeroshot,500,0.9691666666666666,0.9666666666666667,0.9708333333333333,0.015,0.9685166666666666,0.9725,0.9575
YN,ARITH,COMPS,Cross,Llama3,Llama-3.1-70B-Instruct,zeroshot,500,0.8333333333333334,0.8258333333333333,0.8508333333333333,0.16416666666666668,0.8361666666666665,0.88,0.7883333333333333
YN,ARITH,EWOK,Cross,Llama3,Llama-3.1-70B-Instruct,zeroshot,500,0.97,0.9691666666666666,0.9708333333333333,0.0037499999999999895,0.9696416666666667,0.9716666666666667,0.9658333333333333
YN,ARITH,ARITH,Same,Falcon,Falcon3-3B-Base,instronly,500,0.8407004730105732,0.8383734309623432,0.8425,0.010000000000000009,0.839357459170877,0.8466666666666667,0.8148148148148148
YN,ARITH,BABI,Cross,Falcon,Falcon3-3B-Base,instronly,500,0.8441666666666666,0.8425,0.8483333333333334,0.03083333333333335,0.8455499999999999,0.855,0.8391666666666666
YN,ARITH,COMPS,Cross,Falcon,Falcon3-3B-Base,instronly,500,0.7112499999999999,0.7033333333333334,0.715,0.26208333333333333,0.7087583333333334,0.7241666666666666,0.6825
YN,ARITH,EWOK,Cross,Falcon,Falcon3-3B-Base,instronly,500,0.8408333333333333,0.8391666666666666,0.8425,0.011666666666666686,0.841025,0.8441666666666666,0.8375
YN,ARITH,ARITH,Same,Falcon,Falcon3-3B-Instruct,instronly,500,0.8225,0.8198897058823529,0.82457255147468,0.018333333333333313,0.8206771724512386,0.8268581081081081,0.7838827838827839
YN,ARITH,BABI,Cross,Falcon,Falcon3-3B-Instruct,instronly,500,0.8266666666666667,0.8233333333333334,0.83,0.011666666666666686,0.8266916666666666,0.835,0.82
YN,ARITH,COMPS,Cross,Falcon,Falcon3-3B-Instruct,instronly,500,0.7745833333333334,0.7629166666666667,0.7822916666666666,0.11499999999999999,0.7722916666666666,0.7958333333333333,0.7408333333333333
YN,ARITH,EWOK,Cross,Falcon,Falcon3-3B-Instruct,instronly,500,0.8266666666666667,0.8266666666666667,0.8283333333333334,0.0050000000000000044,0.8274750000000001,0.8325,0.8216666666666667
YN,ARITH,ARITH,Same,Falcon,Falcon3-10B-Base,instronly,500,0.8873774509803921,0.8850889121338912,0.8891666666666667,0.004583333333333328,0.8870567229236465,0.8932146829810901,0.8807017543859649
YN,ARITH,BABI,Cross,Falcon,Falcon3-10B-Base,instronly,500,0.8866666666666667,0.8858333333333334,0.8891666666666667,0.004583333333333328,0.8871083333333334,0.8916666666666667,0.88
YN,ARITH,COMPS,Cross,Falcon,Falcon3-10B-Base,instronly,500,0.80125,0.7852083333333334,0.8075,0.17708333333333331,0.796675,0.8266666666666667,0.7533333333333333
YN,ARITH,EWOK,Cross,Falcon,Falcon3-10B-Base,instronly,500,0.8783333333333333,0.8758333333333334,0.8791666666666667,0.043333333333333335,0.8773749999999998,0.8833333333333333,0.8725
YN,ARITH,ARITH,Same,Falcon,Falcon3-10B-Instruct,instronly,500,0.8995833333333334,0.8975,0.9014692982456141,0.015000000000000013,0.8994780417471595,0.9080824088748018,0.8872901678657075
YN,ARITH,BABI,Cross,Falcon,Falcon3-10B-Instruct,instronly,500,0.8916666666666667,0.89,0.8941666666666667,0.019166666666666665,0.8918250000000001,0.8975,0.885
YN,ARITH,COMPS,Cross,Falcon,Falcon3-10B-Instruct,instronly,500,0.8541666666666666,0.8491666666666666,0.8583333333333333,0.09083333333333332,0.853625,0.865,0.83
YN,ARITH,EWOK,Cross,Falcon,Falcon3-10B-Instruct,instronly,500,0.895,0.8925,0.8958333333333334,0.015000000000000013,0.8938499999999999,0.8991666666666667,0.8875
YN,ARITH,ARITH,Same,Gemma3,gemma-3-27b-pt,instronly,500,0.9254041589835089,0.9235745883101982,0.9266666666666666,0.003333333333333327,0.9241722430757796,0.9333333333333333,0.8974358974358975
YN,ARITH,BABI,Cross,Gemma3,gemma-3-27b-pt,instronly,500,0.8883333333333333,0.8883333333333333,0.8916666666666667,0.09166666666666667,0.8893750000000001,0.9016666666666666,0.8516666666666667
YN,ARITH,COMPS,Cross,Gemma3,gemma-3-27b-pt,instronly,500,0.8883333333333333,0.8883333333333333,0.8916666666666667,0.09166666666666667,0.8889416666666667,0.9016666666666666,0.8766666666666667
YN,ARITH,EWOK,Cross,Gemma3,gemma-3-27b-pt,instronly,500,0.8916666666666667,0.8883333333333333,0.8916666666666667,0.07666666666666666,0.8902083333333336,0.8916666666666667,0.8883333333333333
YN,ARITH,ARITH,Same,Gemma3,gemma-3-27b-it,instronly,500,0.9640917015341701,0.9625,0.9658190734557596,0.002516891891891873,0.9637590294761982,0.9683333333333334,0.9557399723374828
YN,ARITH,BABI,Cross,Gemma3,gemma-3-27b-it,instronly,500,0.9633333333333334,0.9625,0.9641666666666666,0.005833333333333357,0.9635583333333335,0.9666666666666667,0.9616666666666667
YN,ARITH,COMPS,Cross,Gemma3,gemma-3-27b-it,instronly,500,0.9470833333333333,0.9425,0.9483333333333334,0.042499999999999996,0.9457666666666666,0.9541666666666667,0.9308333333333333
YN,ARITH,EWOK,Cross,Gemma3,gemma-3-27b-it,instronly,500,0.9616666666666667,0.96,0.9625,0.023333333333333317,0.9614333333333334,0.9625,0.9575
YN,ARITH,ARITH,Same,Gemma3,gemma-3-12b-pt,instronly,500,0.8969977740678909,0.8934234234234234,0.900625,0.0050000000000000044,0.895155035812173,0.9058333333333334,0.8561151079136691
YN,ARITH,BABI,Cross,Gemma3,gemma-3-12b-pt,instronly,500,0.885,0.8775,0.885,0.025000000000000022,0.8842916666666666,0.9041666666666667,0.8666666666666667
YN,ARITH,COMPS,Cross,Gemma3,gemma-3-12b-pt,instronly,500,0.8775,0.8675,0.8775,0.04249999999999998,0.8745916666666664,0.885,0.8658333333333333
YN,ARITH,EWOK,Cross,Gemma3,gemma-3-12b-pt,instronly,500,0.9041666666666667,0.8941666666666667,0.9041666666666667,0.009166666666666656,0.9007666666666668,0.9041666666666667,0.8941666666666667
YN,ARITH,ARITH,Same,Gemma3,gemma-3-12b-it,instronly,500,0.8533333333333334,0.8516666666666667,0.8551725941422594,0.005014633873750521,0.8532577191833958,0.8616666666666667,0.8376068376068376
YN,ARITH,BABI,Cross,Gemma3,gemma-3-12b-it,instronly,500,0.8583333333333333,0.8533333333333334,0.8604166666666666,0.012916666666666646,0.8573916666666668,0.8658333333333333,0.8491666666666666
YN,ARITH,COMPS,Cross,Gemma3,gemma-3-12b-it,instronly,500,0.8283333333333334,0.8233333333333334,0.8316666666666667,0.11833333333333332,0.8253833333333332,0.845,0.7766666666666666
YN,ARITH,EWOK,Cross,Gemma3,gemma-3-12b-it,instronly,500,0.8633333333333333,0.86,0.8633333333333333,0.035833333333333356,0.8623916666666664,0.8658333333333333,0.8525
YN,ARITH,ARITH,Same,Llama3,Llama-3.1-8B,instronly,500,0.8014205816554809,0.7991478898426323,0.8033333333333333,0.0037499999999999895,0.8013754911139116,0.8131868131868132,0.7933130699088146
YN,ARITH,BABI,Cross,Llama3,Llama-3.1-8B,instronly,500,0.7916666666666666,0.7916666666666666,0.7916666666666666,0.033333333333333326,0.7926416666666668,0.8041666666666667,0.7916666666666666
YN,ARITH,COMPS,Cross,Llama3,Llama-3.1-8B,instronly,500,0.8041666666666667,0.7916666666666666,0.8041666666666667,0.004166666666666652,0.7990416666666667,0.8041666666666667,0.7916666666666666
YN,ARITH,EWOK,Cross,Llama3,Llama-3.1-8B,instronly,500,0.7970833333333334,0.7916666666666666,0.8041666666666667,0.01958333333333334,0.7979,0.8041666666666667,0.7916666666666666
YN,ARITH,ARITH,Same,Llama3,Llama-3.1-8B-Instruct,instronly,500,0.8075,0.8041666666666667,0.81,0.005416666666666681,0.8058859277482918,0.816722972972973,0.7765567765567766
YN,ARITH,BABI,Cross,Llama3,Llama-3.1-8B-Instruct,instronly,500,0.8104166666666667,0.81,0.8133333333333334,0.03833333333333333,0.8112666666666667,0.8133333333333334,0.81
YN,ARITH,COMPS,Cross,Llama3,Llama-3.1-8B-Instruct,instronly,500,0.7483333333333333,0.7483333333333333,0.7591666666666667,0.16166666666666665,0.7495666666666666,0.7675,0.7141666666666666
YN,ARITH,EWOK,Cross,Llama3,Llama-3.1-8B-Instruct,instronly,500,0.8066666666666666,0.7933333333333333,0.8066666666666666,0.015000000000000013,0.8004583333333335,0.8066666666666666,0.7858333333333334
YN,ARITH,ARITH,Same,Llama3,Llama-3.1-70B,instronly,500,0.9416666666666667,0.9391666666666667,0.9433333333333334,0.00392156862745098,0.9405605872592919,0.9468468468468468,0.9194139194139194
YN,ARITH,BABI,Cross,Llama3,Llama-3.1-70B,instronly,500,0.9383333333333334,0.9383333333333334,0.9441666666666667,0.04666666666666666,0.9399083333333332,0.9483333333333334,0.9208333333333333
YN,ARITH,COMPS,Cross,Llama3,Llama-3.1-70B,instronly,500,0.94625,0.9441666666666667,0.9483333333333334,0.029166666666666674,0.9462083333333332,0.9483333333333334,0.9383333333333334
YN,ARITH,EWOK,Cross,Llama3,Llama-3.1-70B,instronly,500,0.9258333333333333,0.9208333333333333,0.9258333333333333,0.0675,0.9233833333333332,0.9316666666666666,0.9175
YN,ARITH,ARITH,Same,Llama3,Llama-3.1-70B-Instruct,instronly,500,0.9799328859060403,0.9783333333333334,0.9808333333333333,0.0024999999999999745,0.9795564934788302,0.9866518353726362,0.9743589743589743
YN,ARITH,BABI,Cross,Llama3,Llama-3.1-70B-Instruct,instronly,500,0.9733333333333334,0.9733333333333334,0.975,0.013333333333333308,0.9741916666666665,0.98,0.9733333333333334
YN,ARITH,COMPS,Cross,Llama3,Llama-3.1-70B-Instruct,instronly,500,0.98,0.9791666666666666,0.9816666666666667,0.010000000000000009,0.9799583333333334,0.9825,0.975
YN,ARITH,EWOK,Cross,Llama3,Llama-3.1-70B-Instruct,instronly,500,0.98,0.9766666666666667,0.98,0.003333333333333327,0.9782000000000001,0.9808333333333333,0.9733333333333334
YN,ARITH,ARITH,Same,Falcon,Falcon3-3B-Base,fewshot,500,0.8549774774774774,0.8533333333333334,0.8558333333333333,0.0050000000000000044,0.8536521114517188,0.8620689655172413,0.8351648351648352
YN,ARITH,BABI,Cross,Falcon,Falcon3-3B-Base,fewshot,500,0.8683333333333333,0.8658333333333333,0.8683333333333333,0.09666666666666668,0.8676083333333334,0.8733333333333333,0.8633333333333333
YN,ARITH,COMPS,Cross,Falcon,Falcon3-3B-Base,fewshot,500,0.8683333333333333,0.8658333333333333,0.8716666666666667,0.05249999999999999,0.8675,0.8758333333333334,0.8541666666666666
YN,ARITH,EWOK,Cross,Falcon,Falcon3-3B-Base,fewshot,500,0.8566666666666667,0.855625,0.8575,0.025833333333333347,0.85665,0.865,0.8533333333333334
YN,ARITH,ARITH,Same,Falcon,Falcon3-3B-Instruct,fewshot,500,0.8733333333333333,0.8708333333333333,0.8741666666666666,0.004166666666666652,0.8718753358052076,0.88,0.8498168498168498
YN,ARITH,BABI,Cross,Falcon,Falcon3-3B-Instruct,fewshot,500,0.8525,0.8425,0.856875,0.13416666666666666,0.8508916666666668,0.8725,0.8258333333333333
YN,ARITH,COMPS,Cross,Falcon,Falcon3-3B-Instruct,fewshot,500,0.8741666666666666,0.8714583333333333,0.875,0.06791666666666667,0.8733500000000001,0.8766666666666667,0.8675
YN,ARITH,EWOK,Cross,Falcon,Falcon3-3B-Instruct,fewshot,500,0.8716666666666667,0.8666666666666667,0.8725,0.10916666666666666,0.8697166666666665,0.8758333333333334,0.8583333333333333
YN,ARITH,ARITH,Same,Falcon,Falcon3-10B-Base,fewshot,500,0.8991666666666667,0.8965350877192982,0.9008333333333334,0.003333333333333327,0.8979458462466239,0.9076751946607341,0.8717948717948718
YN,ARITH,BABI,Cross,Falcon,Falcon3-10B-Base,fewshot,500,0.9091666666666667,0.9075,0.9116666666666666,0.05916666666666667,0.9092416666666665,0.9141666666666667,0.9025
YN,ARITH,COMPS,Cross,Falcon,Falcon3-10B-Base,fewshot,500,0.8766666666666667,0.8733333333333333,0.8791666666666667,0.05791666666666667,0.8762999999999999,0.8933333333333333,0.8591666666666666
YN,ARITH,EWOK,Cross,Falcon,Falcon3-10B-Base,fewshot,500,0.9025,0.9008333333333334,0.9041666666666667,0.025000000000000022,0.9026500000000002,0.9066666666666666,0.8991666666666667
YN,ARITH,ARITH,Same,Falcon,Falcon3-10B-Instruct,fewshot,500,0.9271961938801806,0.9254720771394134,0.9291385135135135,0.003333333333333327,0.9266718756418152,0.9365962180200222,0.9116809116809117
YN,ARITH,BABI,Cross,Falcon,Falcon3-10B-Instruct,fewshot,500,0.915,0.9114583333333333,0.92,0.06166666666666665,0.9157916666666668,0.9275,0.9066666666666666
YN,ARITH,COMPS,Cross,Falcon,Falcon3-10B-Instruct,fewshot,500,0.9258333333333333,0.9241666666666667,0.9266666666666666,0.04000000000000001,0.9252583333333334,0.9316666666666666,0.9083333333333333
YN,ARITH,EWOK,Cross,Falcon,Falcon3-10B-Instruct,fewshot,500,0.9125,0.9091666666666667,0.9183333333333333,0.06583333333333333,0.9135666666666665,0.9275,0.9066666666666666
YN,ARITH,ARITH,Same,Gemma3,gemma-3-27b-pt,fewshot,500,0.9975,0.9966666666666667,0.9983333333333333,0.0008333333333333526,0.997587914682189,0.9991666666666666,0.9943502824858758
YN,ARITH,BABI,Cross,Gemma3,gemma-3-27b-pt,fewshot,500,0.995,0.9947916666666666,0.995,0.0050000000000000044,0.9945499999999999,0.9958333333333333,0.99
YN,ARITH,COMPS,Cross,Gemma3,gemma-3-27b-pt,fewshot,500,0.9991666666666666,0.9975,0.9991666666666666,0.0008333333333333526,0.9984916666666669,0.9991666666666666,0.9958333333333333
YN,ARITH,EWOK,Cross,Gemma3,gemma-3-27b-pt,fewshot,500,0.9958333333333333,0.995,0.9958333333333333,0.004166666666666652,0.9955000000000003,0.9958333333333333,0.9933333333333333
YN,ARITH,ARITH,Same,Gemma3,gemma-3-27b-it,fewshot,500,0.9958333333333333,0.995,0.9963556777116099,0.0009249956548095933,0.9956127203996532,1.0,0.9933333333333333
YN,ARITH,BABI,Cross,Gemma3,gemma-3-27b-it,fewshot,500,0.9883333333333333,0.9858333333333333,0.9891666666666666,0.011666666666666686,0.9873666666666665,0.99,0.9791666666666666
YN,ARITH,COMPS,Cross,Gemma3,gemma-3-27b-it,fewshot,500,0.9958333333333333,0.995,0.9958333333333333,0.0008333333333333526,0.9955750000000001,0.9966666666666667,0.995
YN,ARITH,EWOK,Cross,Gemma3,gemma-3-27b-it,fewshot,500,0.99,0.99,0.9908333333333333,0.008333333333333331,0.9904833333333332,0.9966666666666667,0.99
YN,ARITH,ARITH,Same,Gemma3,gemma-3-12b-pt,fewshot,500,0.9275,0.9252677161468614,0.9289583333333333,0.0033445190156599636,0.9255370853627115,0.9333333333333333,0.8937728937728938
YN,ARITH,BABI,Cross,Gemma3,gemma-3-12b-pt,fewshot,500,0.9283333333333333,0.9283333333333333,0.9283333333333333,0.010000000000000009,0.927658333333333,0.93,0.9241666666666667
YN,ARITH,COMPS,Cross,Gemma3,gemma-3-12b-pt,fewshot,500,0.9175,0.9175,0.9225,0.050833333333333314,0.9182666666666667,0.9241666666666667,0.9041666666666667
YN,ARITH,EWOK,Cross,Gemma3,gemma-3-12b-pt,fewshot,500,0.925,0.9241666666666667,0.925,0.023333333333333317,0.9253666666666667,0.9283333333333333,0.9225
YN,ARITH,ARITH,Same,Gemma3,gemma-3-12b-it,fewshot,500,0.9473903874879184,0.945,0.9491666666666667,0.003333333333333327,0.9464035445083254,0.9525,0.9267399267399268
YN,ARITH,BABI,Cross,Gemma3,gemma-3-12b-it,fewshot,500,0.9441666666666667,0.9422916666666666,0.9466666666666667,0.04083333333333336,0.9438916666666662,0.9475,0.9366666666666666
YN,ARITH,COMPS,Cross,Gemma3,gemma-3-12b-it,fewshot,500,0.9208333333333333,0.910625,0.925,0.06083333333333332,0.9183749999999999,0.935,0.9
YN,ARITH,EWOK,Cross,Gemma3,gemma-3-12b-it,fewshot,500,0.9508333333333333,0.9466666666666667,0.9508333333333333,0.004166666666666652,0.9488083333333336,0.9525,0.9375
YN,ARITH,ARITH,Same,Llama3,Llama-3.1-8B,fewshot,500,0.8683105369807498,0.865,0.87,0.003333333333333327,0.8674444696912325,0.8766666666666667,0.8433048433048433
YN,ARITH,BABI,Cross,Llama3,Llama-3.1-8B,fewshot,500,0.8758333333333334,0.8683333333333333,0.8758333333333334,0.06916666666666668,0.8729083333333334,0.8758333333333334,0.8633333333333333
YN,ARITH,COMPS,Cross,Llama3,Llama-3.1-8B,fewshot,500,0.8683333333333333,0.8575,0.8691666666666666,0.10916666666666666,0.8650083333333336,0.8758333333333334,0.8516666666666667
YN,ARITH,EWOK,Cross,Llama3,Llama-3.1-8B,fewshot,500,0.8475,0.8425,0.86,0.04916666666666669,0.8503333333333332,0.86,0.8425
YN,ARITH,ARITH,Same,Llama3,Llama-3.1-8B-Instruct,fewshot,500,0.8475542269187987,0.845,0.8504802596714361,0.0041806487695749545,0.845686156754553,0.855,0.8033573141486811
YN,ARITH,BABI,Cross,Llama3,Llama-3.1-8B-Instruct,fewshot,500,0.8425,0.8408333333333333,0.8475,0.05249999999999999,0.8436583333333334,0.8508333333333333,0.8358333333333333
YN,ARITH,COMPS,Cross,Llama3,Llama-3.1-8B-Instruct,fewshot,500,0.83,0.8191666666666667,0.83,0.08166666666666667,0.82485,0.85,0.7875
YN,ARITH,EWOK,Cross,Llama3,Llama-3.1-8B-Instruct,fewshot,500,0.83,0.8191666666666667,0.83,0.08166666666666667,0.8249333333333331,0.8325,0.8066666666666666
YN,ARITH,ARITH,Same,Llama3,Llama-3.1-70B,fewshot,500,0.9804033633820868,0.9791666666666666,0.9816666666666667,0.0016666666666666774,0.9804653543756784,0.9841666666666666,0.975
YN,ARITH,BABI,Cross,Llama3,Llama-3.1-70B,fewshot,500,0.9708333333333333,0.9683333333333334,0.9766666666666667,0.019166666666666665,0.9707166666666667,0.9816666666666667,0.95
YN,ARITH,COMPS,Cross,Llama3,Llama-3.1-70B,fewshot,500,0.98,0.9791666666666666,0.9808333333333333,0.007499999999999979,0.9798583333333335,0.9816666666666667,0.9725
YN,ARITH,EWOK,Cross,Llama3,Llama-3.1-70B,fewshot,500,0.98,0.98,0.98,0.006666666666666682,0.9798750000000003,0.9816666666666667,0.9708333333333333
YN,ARITH,ARITH,Same,Llama3,Llama-3.1-70B-Instruct,fewshot,500,0.995,0.9941666666666666,0.9958333333333333,0.0016666666666666774,0.9947932906321394,0.9968304278922345,0.9916666666666667
YN,ARITH,BABI,Cross,Llama3,Llama-3.1-70B-Instruct,fewshot,500,0.995,0.9925,0.995,0.0016666666666666774,0.9936666666666667,0.9966666666666667,0.9675
YN,ARITH,COMPS,Cross,Llama3,Llama-3.1-70B-Instruct,fewshot,500,0.9966666666666667,0.995,0.9966666666666667,0.0016666666666666774,0.9959083333333335,0.9966666666666667,0.9933333333333333
YN,ARITH,EWOK,Cross,Llama3,Llama-3.1-70B-Instruct,fewshot,500,0.9966666666666667,0.9958333333333333,0.9966666666666667,0.0,0.9962166666666668,0.9966666666666667,0.995
YN,BABI,BABI,Same,Falcon,Falcon3-3B-Base,zeroshot,500,0.8366666666666667,0.8341666666666666,0.8387616237482117,0.04208333333333332,0.8365865046307236,0.8416666666666667,0.83
YN,BABI,ARITH,Cross,Falcon,Falcon3-3B-Base,zeroshot,500,0.7633333333333333,0.7483333333333333,0.7666666666666667,0.20124999999999998,0.7584250000000001,0.7916666666666666,0.725
YN,BABI,COMPS,Cross,Falcon,Falcon3-3B-Base,zeroshot,500,0.795,0.7891666666666667,0.8008333333333333,0.10999999999999999,0.7948083333333333,0.8241666666666667,0.7633333333333333
YN,BABI,EWOK,Cross,Falcon,Falcon3-3B-Base,zeroshot,500,0.8366666666666667,0.8341666666666666,0.8377083333333334,0.03041666666666666,0.8362916666666667,0.8408333333333333,0.8325
YN,BABI,BABI,Same,Falcon,Falcon3-3B-Instruct,zeroshot,500,0.8333333333333334,0.8325,0.8358333333333333,0.027499999999999997,0.833981822883997,0.8425,0.8306306306306306
YN,BABI,ARITH,Cross,Falcon,Falcon3-3B-Instruct,zeroshot,500,0.8141666666666667,0.8075,0.8183333333333334,0.16416666666666668,0.8124833333333332,0.8308333333333333,0.7908333333333334
YN,BABI,COMPS,Cross,Falcon,Falcon3-3B-Instruct,zeroshot,500,0.7516666666666667,0.7483333333333333,0.7658333333333334,0.245,0.7534999999999998,0.785,0.7033333333333334
YN,BABI,EWOK,Cross,Falcon,Falcon3-3B-Instruct,zeroshot,500,0.8258333333333333,0.8233333333333334,0.8302083333333333,0.14166666666666666,0.8277666666666668,0.8458333333333333,0.8166666666666667
YN,BABI,BABI,Same,Falcon,Falcon3-10B-Base,zeroshot,500,0.9106531531531532,0.9091666666666667,0.9116666666666666,0.03208333333333331,0.9103856031149368,0.9141666666666667,0.9046025104602511
YN,BABI,ARITH,Cross,Falcon,Falcon3-10B-Base,zeroshot,500,0.9108333333333334,0.91,0.9116666666666666,0.03249999999999997,0.9101583333333332,0.9133333333333333,0.8883333333333333
YN,BABI,COMPS,Cross,Falcon,Falcon3-10B-Base,zeroshot,500,0.9108333333333334,0.9091666666666667,0.9116666666666666,0.035,0.9098749999999999,0.9133333333333333,0.8983333333333333
YN,BABI,EWOK,Cross,Falcon,Falcon3-10B-Base,zeroshot,500,0.9116666666666666,0.9108333333333334,0.9125,0.02041666666666668,0.9116999999999997,0.9133333333333333,0.9091666666666667
YN,BABI,BABI,Same,Falcon,Falcon3-10B-Instruct,zeroshot,500,0.9058333333333334,0.9041666666666667,0.9066666666666666,0.025833333333333347,0.9053833679899136,0.9087749782797567,0.9008333333333334
YN,BABI,ARITH,Cross,Falcon,Falcon3-10B-Instruct,zeroshot,500,0.9041666666666667,0.903125,0.905,0.033333333333333326,0.9038333333333333,0.9091666666666667,0.8983333333333333
YN,BABI,COMPS,Cross,Falcon,Falcon3-10B-Instruct,zeroshot,500,0.9116666666666666,0.9097916666666667,0.9125,0.01416666666666666,0.9107666666666665,0.9141666666666667,0.9041666666666667
YN,BABI,EWOK,Cross,Falcon,Falcon3-10B-Instruct,zeroshot,500,0.9108333333333334,0.9091666666666667,0.9116666666666666,0.0050000000000000044,0.9107,0.9141666666666667,0.9058333333333334
YN,BABI,BABI,Same,Gemma3,gemma-3-27b-pt,zeroshot,500,0.8633333333333333,0.8607752504173622,0.865,0.006666666666666682,0.8629252459825022,0.8677824267782427,0.8566666666666667
YN,BABI,ARITH,Cross,Gemma3,gemma-3-27b-pt,zeroshot,500,0.7641666666666667,0.7641666666666667,0.7966666666666666,0.1975,0.7778333333333333,0.8258333333333333,0.7308333333333333
YN,BABI,COMPS,Cross,Gemma3,gemma-3-27b-pt,zeroshot,500,0.6895833333333333,0.6641666666666667,0.6966666666666667,0.30875,0.6800333333333336,0.7008333333333333,0.6225
YN,BABI,EWOK,Cross,Gemma3,gemma-3-27b-pt,zeroshot,500,0.8491666666666666,0.8366666666666667,0.85,0.035833333333333356,0.8444916666666664,0.85,0.8366666666666667
YN,BABI,BABI,Same,Gemma3,gemma-3-27b-it,zeroshot,500,0.9241666666666667,0.9227830774523467,0.925,0.028749999999999998,0.9237861466798697,0.9283333333333333,0.9158333333333334
YN,BABI,ARITH,Cross,Gemma3,gemma-3-27b-it,zeroshot,500,0.9091666666666667,0.9058333333333334,0.9175,0.009166666666666656,0.9112083333333332,0.9258333333333333,0.8908333333333334
YN,BABI,COMPS,Cross,Gemma3,gemma-3-27b-it,zeroshot,500,0.9258333333333333,0.925,0.9258333333333333,0.0625,0.9255749999999998,0.9283333333333333,0.9241666666666667
YN,BABI,EWOK,Cross,Gemma3,gemma-3-27b-it,zeroshot,500,0.9175,0.9141666666666667,0.91875,0.01416666666666666,0.916675,0.9225,0.9091666666666667
YN,BABI,BABI,Same,Gemma3,gemma-3-12b-pt,zeroshot,500,0.7925,0.7891666666666667,0.795,0.12208333333333335,0.7925354050109399,0.8091666666666667,0.7816666666666666
YN,BABI,ARITH,Cross,Gemma3,gemma-3-12b-pt,zeroshot,500,0.8420833333333333,0.8383333333333334,0.8525,0.03208333333333334,0.8449416666666668,0.8525,0.8383333333333334
YN,BABI,COMPS,Cross,Gemma3,gemma-3-12b-pt,zeroshot,500,0.5108333333333334,0.5108333333333334,0.5141666666666667,0.48916666666666664,0.518075,0.5425,0.5075
YN,BABI,EWOK,Cross,Gemma3,gemma-3-12b-pt,zeroshot,500,0.8525,0.8525,0.8525,0.017499999999999988,0.8508583333333335,0.8525,0.8358333333333333
YN,BABI,BABI,Same,Gemma3,gemma-3-12b-it,zeroshot,500,0.9233783783783784,0.9225,0.925,0.017499999999999988,0.9234949093434787,0.9275,0.9163851351351351
YN,BABI,ARITH,Cross,Gemma3,gemma-3-12b-it,zeroshot,500,0.885,0.8783333333333333,0.8925,0.06166666666666665,0.8859916666666667,0.8966666666666666,0.8725
YN,BABI,COMPS,Cross,Gemma3,gemma-3-12b-it,zeroshot,500,0.7908333333333334,0.7808333333333334,0.8025,0.20750000000000002,0.7913499999999999,0.8366666666666667,0.7533333333333333
YN,BABI,EWOK,Cross,Gemma3,gemma-3-12b-it,zeroshot,500,0.9308333333333333,0.9266666666666666,0.9316666666666666,0.02833333333333332,0.9299666666666668,0.9316666666666666,0.925
YN,BABI,BABI,Same,Llama3,Llama-3.1-8B,zeroshot,500,0.7983333333333333,0.7963267543859649,0.8008333333333333,0.011666666666666686,0.7986404065703309,0.8075,0.7907949790794979
YN,BABI,ARITH,Cross,Llama3,Llama-3.1-8B,zeroshot,500,0.7008333333333333,0.7008333333333333,0.7091666666666666,0.2766666666666666,0.7046499999999999,0.7116666666666667,0.6941666666666667
YN,BABI,COMPS,Cross,Llama3,Llama-3.1-8B,zeroshot,500,0.6633333333333333,0.6575,0.6833333333333333,0.27625,0.6683666666666669,0.7308333333333333,0.6091666666666666
YN,BABI,EWOK,Cross,Llama3,Llama-3.1-8B,zeroshot,500,0.7091666666666666,0.7,0.7116666666666667,0.26083333333333336,0.7054916666666667,0.7366666666666667,0.6766666666666666
YN,BABI,BABI,Same,Llama3,Llama-3.1-8B-Instruct,zeroshot,500,0.8541666666666666,0.8525,0.8566666666666667,0.007499999999999979,0.8544099931155279,0.86,0.8466666666666667
YN,BABI,ARITH,Cross,Llama3,Llama-3.1-8B-Instruct,zeroshot,500,0.8491666666666666,0.8491666666666666,0.8516666666666667,0.007499999999999979,0.850275,0.8575,0.8433333333333334
YN,BABI,COMPS,Cross,Llama3,Llama-3.1-8B-Instruct,zeroshot,500,0.8108333333333333,0.8083333333333333,0.8175,0.15875,0.8124083333333333,0.8325,0.7741666666666667
YN,BABI,EWOK,Cross,Llama3,Llama-3.1-8B-Instruct,zeroshot,500,0.855,0.8541666666666666,0.8558333333333333,0.013333333333333308,0.8551666666666666,0.8633333333333333,0.8433333333333334
YN,BABI,BABI,Same,Llama3,Llama-3.1-70B,zeroshot,500,0.8283333333333334,0.8258333333333333,0.8308333333333333,0.006250000000000019,0.8281177458731563,0.8366666666666667,0.8208333333333333
YN,BABI,ARITH,Cross,Llama3,Llama-3.1-70B,zeroshot,500,0.8241666666666667,0.8241666666666667,0.8316666666666667,0.015833333333333338,0.8263250000000003,0.8358333333333333,0.8191666666666667
YN,BABI,COMPS,Cross,Llama3,Llama-3.1-70B,zeroshot,500,0.6504166666666666,0.6266666666666667,0.6533333333333333,0.3179166666666667,0.6432249999999999,0.6975,0.5908333333333333
YN,BABI,EWOK,Cross,Llama3,Llama-3.1-70B,zeroshot,500,0.8366666666666667,0.8358333333333333,0.8408333333333333,0.05500000000000002,0.8368999999999999,0.8416666666666667,0.8233333333333334
YN,BABI,BABI,Same,Llama3,Llama-3.1-70B-Instruct,zeroshot,500,0.9241666666666667,0.9220484658298466,0.925,0.0050000000000000044,0.9236521212541355,0.9283333333333333,0.9171171171171171
YN,BABI,ARITH,Cross,Llama3,Llama-3.1-70B-Instruct,zeroshot,500,0.9341666666666667,0.9316666666666666,0.9358333333333333,0.012499999999999983,0.9335916666666667,0.9366666666666666,0.9266666666666666
YN,BABI,COMPS,Cross,Llama3,Llama-3.1-70B-Instruct,zeroshot,500,0.9091666666666667,0.9066666666666666,0.9116666666666666,0.08083333333333331,0.9090750000000001,0.9225,0.8908333333333334
YN,BABI,EWOK,Cross,Llama3,Llama-3.1-70B-Instruct,zeroshot,500,0.9308333333333333,0.9291666666666667,0.9333333333333333,0.006250000000000019,0.9310583333333335,0.9358333333333333,0.9258333333333333
YN,BABI,BABI,Same,Falcon,Falcon3-3B-Base,instronly,500,0.8625,0.8607565789473685,0.8641666666666666,0.029166666666666674,0.8621887165753273,0.8683333333333333,0.855
YN,BABI,ARITH,Cross,Falcon,Falcon3-3B-Base,instronly,500,0.8583333333333333,0.8566666666666667,0.8608333333333333,0.05666666666666664,0.8587333333333333,0.8658333333333333,0.8558333333333333
YN,BABI,COMPS,Cross,Falcon,Falcon3-3B-Base,instronly,500,0.7754166666666666,0.77,0.78,0.21875,0.7752249999999999,0.79,0.7591666666666667
YN,BABI,EWOK,Cross,Falcon,Falcon3-3B-Base,instronly,500,0.8566666666666667,0.8558333333333333,0.8575,0.07416666666666669,0.8565916666666666,0.86,0.85
YN,BABI,BABI,Same,Falcon,Falcon3-3B-Instruct,instronly,500,0.8315261547022816,0.8291666666666667,0.8341666666666666,0.10666666666666669,0.8315637733336987,0.8391666666666666,0.8233333333333334
YN,BABI,ARITH,Cross,Falcon,Falcon3-3B-Instruct,instronly,500,0.825,0.8233333333333334,0.8275,0.12416666666666665,0.8250833333333334,0.8391666666666666,0.8108333333333333
YN,BABI,COMPS,Cross,Falcon,Falcon3-3B-Instruct,instronly,500,0.795,0.7939583333333333,0.7983333333333333,0.1741666666666667,0.7964333333333333,0.8075,0.7875
YN,BABI,EWOK,Cross,Falcon,Falcon3-3B-Instruct,instronly,500,0.835,0.8325,0.8366666666666667,0.10499999999999998,0.8341583333333332,0.8475,0.825
YN,BABI,BABI,Same,Falcon,Falcon3-10B-Base,instronly,500,0.8941666666666667,0.8914967811158798,0.8960416666666666,0.003333333333333327,0.8938065105489602,0.9016666666666666,0.8866666666666667
YN,BABI,ARITH,Cross,Falcon,Falcon3-10B-Base,instronly,500,0.8916666666666667,0.885,0.8991666666666667,0.01625,0.8916249999999999,0.9075,0.8508333333333333
YN,BABI,COMPS,Cross,Falcon,Falcon3-10B-Base,instronly,500,0.8516666666666667,0.8362499999999999,0.855,0.14500000000000002,0.8457166666666666,0.8708333333333333,0.7941666666666667
YN,BABI,EWOK,Cross,Falcon,Falcon3-10B-Base,instronly,500,0.8991666666666667,0.8991666666666667,0.9,0.05916666666666667,0.899475,0.9058333333333334,0.8933333333333333
YN,BABI,BABI,Same,Falcon,Falcon3-10B-Instruct,instronly,500,0.924780701754386,0.9233333333333333,0.9258333333333333,0.007499999999999979,0.9245358059711382,0.9291666666666667,0.92
YN,BABI,ARITH,Cross,Falcon,Falcon3-10B-Instruct,instronly,500,0.9075,0.8991666666666667,0.9125,0.04916666666666669,0.9043833333333334,0.9258333333333333,0.8533333333333334
YN,BABI,COMPS,Cross,Falcon,Falcon3-10B-Instruct,instronly,500,0.9116666666666666,0.9091666666666667,0.9125,0.04666666666666666,0.9105333333333331,0.9183333333333333,0.8925
YN,BABI,EWOK,Cross,Falcon,Falcon3-10B-Instruct,instronly,500,0.9241666666666667,0.9225,0.9258333333333333,0.015833333333333338,0.9239749999999998,0.9283333333333333,0.9175
YN,BABI,BABI,Same,Gemma3,gemma-3-27b-pt,instronly,500,0.9008333333333334,0.899155701754386,0.9025461409395973,0.0024999999999999745,0.9007830460367006,0.905,0.8958333333333334
YN,BABI,ARITH,Cross,Gemma3,gemma-3-27b-pt,instronly,500,0.8933333333333333,0.8933333333333333,0.8958333333333334,0.06333333333333335,0.8936749999999999,0.905,0.875
YN,BABI,COMPS,Cross,Gemma3,gemma-3-27b-pt,instronly,500,0.9025,0.8991666666666667,0.9025,0.010833333333333334,0.9012416666666669,0.9066666666666666,0.8991666666666667
YN,BABI,EWOK,Cross,Gemma3,gemma-3-27b-pt,instronly,500,0.8991666666666667,0.8991666666666667,0.9025,0.010833333333333334,0.9006166666666668,0.9041666666666667,0.8991666666666667
YN,BABI,BABI,Same,Gemma3,gemma-3-27b-it,instronly,500,0.91,0.9075,0.9125,0.003333333333333327,0.9100540580292139,0.9158798283261803,0.9016666666666666
YN,BABI,ARITH,Cross,Gemma3,gemma-3-27b-it,instronly,500,0.9033333333333333,0.8941666666666667,0.909375,0.018333333333333313,0.901375,0.9275,0.8425
YN,BABI,COMPS,Cross,Gemma3,gemma-3-27b-it,instronly,500,0.8933333333333333,0.8866666666666667,0.9041666666666667,0.10500000000000002,0.8927833333333333,0.9166666666666666,0.8525
YN,BABI,EWOK,Cross,Gemma3,gemma-3-27b-it,instronly,500,0.9316666666666666,0.93,0.9325,0.04916666666666669,0.9313083333333333,0.9333333333333333,0.9283333333333333
YN,BABI,BABI,Same,Gemma3,gemma-3-12b-pt,instronly,500,0.8900503355704699,0.8883333333333333,0.8925,0.003333333333333327,0.8907133645906715,0.8983333333333333,0.8858333333333334
YN,BABI,ARITH,Cross,Gemma3,gemma-3-12b-pt,instronly,500,0.8933333333333333,0.8933333333333333,0.8983333333333333,0.030000000000000027,0.8948749999999999,0.8983333333333333,0.8816666666666667
YN,BABI,COMPS,Cross,Gemma3,gemma-3-12b-pt,instronly,500,0.8816666666666667,0.8816666666666667,0.8841666666666667,0.015000000000000013,0.883083333333333,0.8941666666666667,0.8808333333333334
YN,BABI,EWOK,Cross,Gemma3,gemma-3-12b-pt,instronly,500,0.8933333333333333,0.8933333333333333,0.8983333333333333,0.030000000000000027,0.8950333333333331,0.8983333333333333,0.8933333333333333
YN,BABI,BABI,Same,Gemma3,gemma-3-12b-it,instronly,500,0.9225,0.9203765690376569,0.9241666666666667,0.004166666666666652,0.9221488245104231,0.9266666666666666,0.9166666666666666
YN,BABI,ARITH,Cross,Gemma3,gemma-3-12b-it,instronly,500,0.9233333333333333,0.9216666666666666,0.9241666666666667,0.007499999999999979,0.922375,0.9258333333333333,0.915
YN,BABI,COMPS,Cross,Gemma3,gemma-3-12b-it,instronly,500,0.9079166666666667,0.905625,0.9083333333333333,0.06333333333333335,0.9053916666666666,0.9141666666666667,0.8725
YN,BABI,EWOK,Cross,Gemma3,gemma-3-12b-it,instronly,500,0.9233333333333333,0.9216666666666666,0.9233333333333333,0.006666666666666682,0.9228583333333333,0.9258333333333333,0.9183333333333333
YN,BABI,BABI,Same,Llama3,Llama-3.1-8B,instronly,500,0.8558333333333333,0.8547916666666666,0.8575,0.005833333333333357,0.8560920263816005,0.8621621621621621,0.85
YN,BABI,ARITH,Cross,Llama3,Llama-3.1-8B,instronly,500,0.8575,0.8558333333333333,0.8591666666666666,0.050833333333333314,0.8559583333333333,0.8591666666666666,0.83
YN,BABI,COMPS,Cross,Llama3,Llama-3.1-8B,instronly,500,0.8575,0.8558333333333333,0.8591666666666666,0.050833333333333314,0.8573083333333333,0.86,0.8433333333333334
YN,BABI,EWOK,Cross,Llama3,Llama-3.1-8B,instronly,500,0.85625,0.8558333333333333,0.8591666666666666,0.009583333333333333,0.8574916666666667,0.8633333333333333,0.855
YN,BABI,BABI,Same,Llama3,Llama-3.1-8B-Instruct,instronly,500,0.8725,0.8708333333333333,0.8741666666666666,0.005852908277404922,0.8725508817867926,0.8783333333333333,0.8657718120805369
YN,BABI,ARITH,Cross,Llama3,Llama-3.1-8B-Instruct,instronly,500,0.8758333333333334,0.8758333333333334,0.8783333333333333,0.04249999999999998,0.8757999999999998,0.8783333333333333,0.8691666666666666
YN,BABI,COMPS,Cross,Llama3,Llama-3.1-8B-Instruct,instronly,500,0.8416666666666667,0.8416666666666667,0.85,0.15000000000000002,0.842575,0.8533333333333334,0.8125
YN,BABI,EWOK,Cross,Llama3,Llama-3.1-8B-Instruct,instronly,500,0.8783333333333333,0.87,0.8783333333333333,0.06333333333333335,0.8744,0.8783333333333333,0.8633333333333333
YN,BABI,BABI,Same,Llama3,Llama-3.1-70B,instronly,500,0.9153734576762882,0.9133333333333333,0.9166666666666666,0.007499999999999979,0.9153980141607045,0.9208333333333333,0.9108333333333334
YN,BABI,ARITH,Cross,Llama3,Llama-3.1-70B,instronly,500,0.9125,0.9091666666666667,0.9125,0.06166666666666665,0.9114666666666664,0.9183333333333333,0.9025
YN,BABI,COMPS,Cross,Llama3,Llama-3.1-70B,instronly,500,0.9158333333333334,0.9158333333333334,0.9175,0.016666666666666663,0.916466666666667,0.92,0.9133333333333333
YN,BABI,EWOK,Cross,Llama3,Llama-3.1-70B,instronly,500,0.9091666666666667,0.9016666666666666,0.9091666666666667,0.020833333333333343,0.9054500000000002,0.9133333333333333,0.8983333333333333
YN,BABI,BABI,Same,Llama3,Llama-3.1-70B-Instruct,instronly,500,0.9191666666666667,0.9175,0.9208333333333333,0.0024999999999999745,0.9190824822284788,0.9241666666666667,0.9116666666666666
YN,BABI,ARITH,Cross,Llama3,Llama-3.1-70B-Instruct,instronly,500,0.9266666666666666,0.925,0.9291666666666667,0.035833333333333356,0.9268499999999997,0.93,0.9166666666666666
YN,BABI,COMPS,Cross,Llama3,Llama-3.1-70B-Instruct,instronly,500,0.9241666666666667,0.9225,0.9258333333333333,0.05583333333333332,0.9240916666666665,0.9291666666666667,0.9166666666666666
YN,BABI,EWOK,Cross,Llama3,Llama-3.1-70B-Instruct,instronly,500,0.925,0.925,0.925,0.025000000000000022,0.9251249999999999,0.9266666666666666,0.9233333333333333
YN,BABI,BABI,Same,Falcon,Falcon3-3B-Base,fewshot,500,0.8812695749440715,0.88,0.8833333333333333,0.0024999999999999745,0.881435153894694,0.89,0.8766666666666667
YN,BABI,ARITH,Cross,Falcon,Falcon3-3B-Base,fewshot,500,0.8416666666666667,0.84,0.8441666666666666,0.1433333333333333,0.8416416666666667,0.8541666666666666,0.8333333333333334
YN,BABI,COMPS,Cross,Falcon,Falcon3-3B-Base,fewshot,500,0.8633333333333333,0.86,0.865,0.10208333333333335,0.8616499999999999,0.8666666666666667,0.8433333333333334
YN,BABI,EWOK,Cross,Falcon,Falcon3-3B-Base,fewshot,500,0.8441666666666666,0.8433333333333334,0.85,0.13333333333333333,0.84705,0.8608333333333333,0.8408333333333333
YN,BABI,BABI,Same,Falcon,Falcon3-3B-Instruct,fewshot,500,0.835,0.8333333333333334,0.8375,0.003333333333333327,0.8348333527941847,0.8408333333333333,0.8258333333333333
YN,BABI,ARITH,Cross,Falcon,Falcon3-3B-Instruct,fewshot,500,0.84,0.84,0.8416666666666667,0.11333333333333331,0.8409583333333335,0.8458333333333333,0.8383333333333334
YN,BABI,COMPS,Cross,Falcon,Falcon3-3B-Instruct,fewshot,500,0.8408333333333333,0.8408333333333333,0.8425,0.07041666666666666,0.8417333333333334,0.8458333333333333,0.8366666666666667
YN,BABI,EWOK,Cross,Falcon,Falcon3-3B-Instruct,fewshot,500,0.8404166666666666,0.8391666666666666,0.8433333333333334,0.033333333333333326,0.8410916666666667,0.845,0.8383333333333334
YN,BABI,BABI,Same,Falcon,Falcon3-10B-Base,fewshot,500,0.9031311018131102,0.9009633668903803,0.9058333333333334,0.002508389261744959,0.9032703535802058,0.9116666666666666,0.8966666666666666
YN,BABI,ARITH,Cross,Falcon,Falcon3-10B-Base,fewshot,500,0.9175,0.913125,0.9191666666666667,0.06416666666666668,0.9169666666666668,0.9291666666666667,0.9041666666666667
YN,BABI,COMPS,Cross,Falcon,Falcon3-10B-Base,fewshot,500,0.8879166666666667,0.8825,0.8916666666666667,0.10041666666666665,0.8885666666666665,0.9091666666666667,0.8683333333333333
YN,BABI,EWOK,Cross,Falcon,Falcon3-10B-Base,fewshot,500,0.9291666666666667,0.9266666666666666,0.9291666666666667,0.04749999999999999,0.9268666666666665,0.9308333333333333,0.9175
YN,BABI,BABI,Same,Falcon,Falcon3-10B-Instruct,fewshot,500,0.9220833333333334,0.9207005033557046,0.9233333333333333,0.010000000000000009,0.9217633909517526,0.9275,0.9158333333333334
YN,BABI,ARITH,Cross,Falcon,Falcon3-10B-Instruct,fewshot,500,0.92,0.92,0.92,0.04749999999999999,0.9199666666666667,0.9208333333333333,0.9175
YN,BABI,COMPS,Cross,Falcon,Falcon3-10B-Instruct,fewshot,500,0.9220833333333334,0.9208333333333333,0.9241666666666667,0.03666666666666665,0.9220333333333334,0.925,0.9141666666666667
YN,BABI,EWOK,Cross,Falcon,Falcon3-10B-Instruct,fewshot,500,0.9216666666666666,0.9183333333333333,0.9241666666666667,0.008333333333333331,0.9212333333333333,0.925,0.91
YN,BABI,BABI,Same,Gemma3,gemma-3-27b-pt,fewshot,500,0.9115350877192983,0.9091666666666667,0.9133333333333333,0.004349567688493844,0.9113777650021668,0.9191666666666667,0.905
YN,BABI,ARITH,Cross,Gemma3,gemma-3-27b-pt,fewshot,500,0.8958333333333334,0.8891666666666667,0.9058333333333334,0.10083333333333333,0.897275,0.9241666666666667,0.8658333333333333
YN,BABI,COMPS,Cross,Gemma3,gemma-3-27b-pt,fewshot,500,0.89,0.8875,0.8958333333333334,0.10666666666666669,0.8936666666666667,0.9158333333333334,0.8733333333333333
YN,BABI,EWOK,Cross,Gemma3,gemma-3-27b-pt,fewshot,500,0.92,0.9141666666666667,0.9225,0.025000000000000022,0.9180833333333333,0.9241666666666667,0.905
YN,BABI,BABI,Same,Gemma3,gemma-3-27b-it,fewshot,500,0.915,0.9141657725321889,0.9166666666666666,0.0024999999999999745,0.9151443513800448,0.9191666666666667,0.9108333333333334
YN,BABI,ARITH,Cross,Gemma3,gemma-3-27b-it,fewshot,500,0.9208333333333333,0.9066666666666666,0.9275,0.07583333333333331,0.9174166666666664,0.93,0.87
YN,BABI,COMPS,Cross,Gemma3,gemma-3-27b-it,fewshot,500,0.9154166666666668,0.90625,0.9183333333333333,0.08250000000000002,0.9130583333333334,0.9275,0.8941666666666667
YN,BABI,EWOK,Cross,Gemma3,gemma-3-27b-it,fewshot,500,0.9341666666666667,0.9325,0.9341666666666667,0.05416666666666667,0.9331916666666669,0.9366666666666666,0.9275
YN,BABI,BABI,Same,Gemma3,gemma-3-12b-pt,fewshot,500,0.9191666666666667,0.9175,0.9216666666666666,0.002150900900900879,0.9195934225320829,0.9261511728931364,0.9125
YN,BABI,ARITH,Cross,Gemma3,gemma-3-12b-pt,fewshot,500,0.9158333333333334,0.915,0.9175,0.013333333333333308,0.9164333333333334,0.9333333333333333,0.8925
YN,BABI,COMPS,Cross,Gemma3,gemma-3-12b-pt,fewshot,500,0.9266666666666666,0.9266666666666666,0.9308333333333333,0.053333333333333344,0.9283333333333335,0.9341666666666667,0.9216666666666666
YN,BABI,EWOK,Cross,Gemma3,gemma-3-12b-pt,fewshot,500,0.9283333333333333,0.9283333333333333,0.9327083333333334,0.013333333333333308,0.9274083333333333,0.9341666666666667,0.915
YN,BABI,BABI,Same,Gemma3,gemma-3-12b-it,fewshot,500,0.9183333333333333,0.9166666666666666,0.9211091412872473,0.003333333333333327,0.9187234592934393,0.9258333333333333,0.9125
YN,BABI,ARITH,Cross,Gemma3,gemma-3-12b-it,fewshot,500,0.9175,0.9166666666666666,0.92,0.0675,0.9180333333333334,0.925,0.9075
YN,BABI,COMPS,Cross,Gemma3,gemma-3-12b-it,fewshot,500,0.8958333333333334,0.8941666666666667,0.9,0.0975,0.8967083333333333,0.9033333333333333,0.8875
YN,BABI,EWOK,Cross,Gemma3,gemma-3-12b-it,fewshot,500,0.9175,0.9166666666666666,0.9191666666666667,0.0675,0.9181083333333335,0.9233333333333333,0.9108333333333334
YN,BABI,BABI,Same,Llama3,Llama-3.1-8B,fewshot,500,0.8816666666666667,0.88,0.8841666666666667,0.0029335585585585494,0.8818040642680219,0.8883333333333333,0.8741666666666666
YN,BABI,ARITH,Cross,Llama3,Llama-3.1-8B,fewshot,500,0.835,0.830625,0.8491666666666666,0.10333333333333336,0.8376416666666665,0.8741666666666666,0.7683333333333333
YN,BABI,COMPS,Cross,Llama3,Llama-3.1-8B,fewshot,500,0.875,0.8641666666666666,0.875,0.06333333333333335,0.8714083333333332,0.8858333333333334,0.8525
YN,BABI,EWOK,Cross,Llama3,Llama-3.1-8B,fewshot,500,0.7883333333333333,0.7683333333333333,0.8275,0.17833333333333334,0.798275,0.8291666666666667,0.7683333333333333
YN,BABI,BABI,Same,Llama3,Llama-3.1-8B-Instruct,fewshot,500,0.8897698744769875,0.8875,0.8916666666666667,0.003333333333333327,0.8895698653775136,0.8958333333333334,0.8833333333333333
YN,BABI,ARITH,Cross,Llama3,Llama-3.1-8B-Instruct,fewshot,500,0.8925,0.8925,0.8933333333333333,0.035,0.8928916666666666,0.8991666666666667,0.8875
YN,BABI,COMPS,Cross,Llama3,Llama-3.1-8B-Instruct,fewshot,500,0.89375,0.8916666666666667,0.8975,0.08166666666666667,0.8930083333333333,0.8991666666666667,0.8658333333333333
YN,BABI,EWOK,Cross,Llama3,Llama-3.1-8B-Instruct,fewshot,500,0.8941666666666667,0.8916666666666667,0.8941666666666667,0.08250000000000002,0.8933416666666669,0.8991666666666667,0.8908333333333334
YN,BABI,BABI,Same,Llama3,Llama-3.1-70B,fewshot,500,0.9198149787934846,0.9166666666666666,0.9208333333333333,0.0024999999999999745,0.9192202613801292,0.9241666666666667,0.9131190269331017
YN,BABI,ARITH,Cross,Llama3,Llama-3.1-70B,fewshot,500,0.9233333333333333,0.9233333333333333,0.925,0.04000000000000001,0.9220416666666668,0.9283333333333333,0.8958333333333334
YN,BABI,COMPS,Cross,Llama3,Llama-3.1-70B,fewshot,500,0.9116666666666666,0.9066666666666666,0.9158333333333334,0.07166666666666666,0.9107166666666666,0.925,0.89
YN,BABI,EWOK,Cross,Llama3,Llama-3.1-70B,fewshot,500,0.9258333333333333,0.925,0.9275,0.03083333333333335,0.9257583333333332,0.9291666666666667,0.9183333333333333
YN,BABI,BABI,Same,Llama3,Llama-3.1-70B-Instruct,fewshot,500,0.9225,0.9208333333333333,0.9237455293276109,0.0017029636933070386,0.9223332668189534,0.9283333333333333,0.9166666666666666
YN,BABI,ARITH,Cross,Llama3,Llama-3.1-70B-Instruct,fewshot,500,0.9304166666666667,0.925,0.9333333333333333,0.026666666666666644,0.9285916666666667,0.9358333333333333,0.9175
YN,BABI,COMPS,Cross,Llama3,Llama-3.1-70B-Instruct,fewshot,500,0.935,0.9333333333333333,0.9358333333333333,0.03749999999999998,0.9344333333333336,0.9366666666666666,0.9291666666666667
YN,BABI,EWOK,Cross,Llama3,Llama-3.1-70B-Instruct,fewshot,500,0.9275,0.9258333333333333,0.9283333333333333,0.015833333333333338,0.9275333333333332,0.9333333333333333,0.9216666666666666
YN,COMPS,COMPS,Same,Falcon,Falcon3-3B-Base,zeroshot,500,0.6761904761904762,0.6747619047619048,0.6776190476190476,0.005238095238095208,0.6763105771735961,0.6881188118811881,0.6706443914081146
YN,COMPS,ARITH,Cross,Falcon,Falcon3-3B-Base,zeroshot,500,0.6257142857142857,0.6223809523809524,0.6304761904761905,0.3304761904761905,0.6263714285714286,0.6414285714285715,0.6133333333333333
YN,COMPS,BABI,Cross,Falcon,Falcon3-3B-Base,zeroshot,500,0.669047619047619,0.6671428571428571,0.6695238095238095,0.1880952380952381,0.6691285714285715,0.680952380952381,0.6633333333333333
YN,COMPS,EWOK,Cross,Falcon,Falcon3-3B-Base,zeroshot,500,0.6695238095238095,0.669047619047619,0.6725,0.17523809523809528,0.6711333333333335,0.680952380952381,0.6666666666666666
YN,COMPS,COMPS,Same,Falcon,Falcon3-3B-Instruct,zeroshot,500,0.700952380952381,0.6995238095238095,0.7028248480243161,0.021428571428571436,0.7015380403332497,0.7129251700680272,0.6957142857142857
YN,COMPS,ARITH,Cross,Falcon,Falcon3-3B-Instruct,zeroshot,500,0.6938095238095238,0.69,0.6976190476190476,0.12380952380952381,0.693495238095238,0.7061904761904761,0.6804761904761905
YN,COMPS,BABI,Cross,Falcon,Falcon3-3B-Instruct,zeroshot,500,0.6307142857142858,0.6236904761904762,0.6366666666666667,0.31119047619047624,0.6301190476190477,0.6457142857142857,0.6133333333333333
YN,COMPS,EWOK,Cross,Falcon,Falcon3-3B-Instruct,zeroshot,500,0.6819047619047619,0.6794047619047618,0.6861904761904762,0.1704761904761905,0.6817047619047619,0.6914285714285714,0.6619047619047619
YN,COMPS,COMPS,Same,Falcon,Falcon3-10B-Base,zeroshot,500,0.7763509898341359,0.7747619047619048,0.7780952380952381,0.006190476190476191,0.7766956968881005,0.7877551020408163,0.7719047619047619
YN,COMPS,ARITH,Cross,Falcon,Falcon3-10B-Base,zeroshot,500,0.7771428571428571,0.7757142857142857,0.7780952380952381,0.012380952380952381,0.7767095238095238,0.7804761904761904,0.7647619047619048
YN,COMPS,BABI,Cross,Falcon,Falcon3-10B-Base,zeroshot,500,0.7761904761904762,0.7757142857142857,0.7776190476190477,0.014523809523809536,0.7766333333333334,0.7804761904761904,0.7728571428571429
YN,COMPS,EWOK,Cross,Falcon,Falcon3-10B-Base,zeroshot,500,0.7757142857142857,0.7738095238095238,0.7761904761904762,0.03238095238095241,0.7752952380952379,0.7804761904761904,0.7714285714285715
YN,COMPS,COMPS,Same,Falcon,Falcon3-10B-Instruct,zeroshot,500,0.7828571428571428,0.780952380952381,0.7842857142857143,0.004761904761904745,0.7833958035770439,0.806282722513089,0.7771428571428571
YN,COMPS,ARITH,Cross,Falcon,Falcon3-10B-Instruct,zeroshot,500,0.7876190476190477,0.7857142857142857,0.789047619047619,0.055714285714285716,0.7871809523809523,0.7904761904761904,0.7790476190476191
YN,COMPS,BABI,Cross,Falcon,Falcon3-10B-Instruct,zeroshot,500,0.7714285714285715,0.7690476190476191,0.7748809523809523,0.10761904761904767,0.7698666666666668,0.7819047619047619,0.731904761904762
YN,COMPS,EWOK,Cross,Falcon,Falcon3-10B-Instruct,zeroshot,500,0.780952380952381,0.78,0.7819047619047619,0.03190476190476192,0.780804761904762,0.7842857142857143,0.7780952380952381
YN,COMPS,COMPS,Same,Gemma3,gemma-3-27b-pt,zeroshot,500,0.680952380952381,0.679047619047619,0.6823809523809524,0.01715919923736889,0.6804864464234051,0.6871428571428572,0.6584158415841584
YN,COMPS,ARITH,Cross,Gemma3,gemma-3-27b-pt,zeroshot,500,0.6871428571428572,0.680952380952381,0.6871428571428572,0.1085714285714286,0.6851047619047619,0.6914285714285714,0.6795238095238095
YN,COMPS,BABI,Cross,Gemma3,gemma-3-27b-pt,zeroshot,500,0.659047619047619,0.659047619047619,0.679047619047619,0.2761904761904762,0.665738095238095,0.679047619047619,0.6466666666666666
YN,COMPS,EWOK,Cross,Gemma3,gemma-3-27b-pt,zeroshot,500,0.6442857142857142,0.6333333333333333,0.6466666666666666,0.30809523809523814,0.6413095238095238,0.6466666666666666,0.6323809523809524
YN,COMPS,COMPS,Same,Gemma3,gemma-3-27b-it,zeroshot,500,0.7919047619047619,0.7904761904761904,0.7933333333333333,0.017142857142857182,0.7919346038219203,0.8010471204188482,0.7842857142857143
YN,COMPS,ARITH,Cross,Gemma3,gemma-3-27b-it,zeroshot,500,0.7038095238095238,0.6871428571428572,0.7209523809523809,0.23619047619047623,0.7049380952380954,0.7519047619047619,0.6585714285714286
YN,COMPS,BABI,Cross,Gemma3,gemma-3-27b-it,zeroshot,500,0.7414285714285714,0.7314285714285714,0.7519047619047619,0.17,0.7426095238095237,0.7628571428571429,0.7047619047619048
YN,COMPS,EWOK,Cross,Gemma3,gemma-3-27b-it,zeroshot,500,0.7209523809523809,0.7142857142857143,0.7251190476190476,0.20952380952380953,0.7195333333333335,0.7314285714285714,0.7047619047619048
YN,COMPS,COMPS,Same,Gemma3,gemma-3-12b-pt,zeroshot,500,0.6514285714285715,0.6495238095238095,0.6538095238095238,0.023832221163012368,0.6516646745047121,0.6580952380952381,0.6438095238095238
YN,COMPS,ARITH,Cross,Gemma3,gemma-3-12b-pt,zeroshot,500,0.6126190476190476,0.6109523809523809,0.6285714285714286,0.3592857142857143,0.6191523809523809,0.6290476190476191,0.6109523809523809
YN,COMPS,BABI,Cross,Gemma3,gemma-3-12b-pt,zeroshot,500,0.5776190476190476,0.5747619047619048,0.5971428571428572,0.41000000000000003,0.5842380952380953,0.6090476190476191,0.5614285714285714
YN,COMPS,EWOK,Cross,Gemma3,gemma-3-12b-pt,zeroshot,500,0.6285714285714286,0.6285714285714286,0.6285714285714286,0.33619047619047626,0.6289142857142855,0.6442857142857142,0.6109523809523809
YN,COMPS,COMPS,Same,Gemma3,gemma-3-12b-it,zeroshot,500,0.735111958075274,0.7333333333333333,0.7361904761904762,0.018095238095238136,0.7347945908363805,0.7486910994764397,0.7267221801665406
YN,COMPS,ARITH,Cross,Gemma3,gemma-3-12b-it,zeroshot,500,0.5519047619047619,0.5503571428571429,0.5571428571428572,0.43952380952380954,0.5531761904761905,0.5671428571428572,0.5423809523809524
YN,COMPS,BABI,Cross,Gemma3,gemma-3-12b-it,zeroshot,500,0.6076190476190476,0.6028571428571429,0.6152380952380953,0.36476190476190484,0.608904761904762,0.6404761904761904,0.5861904761904762
YN,COMPS,EWOK,Cross,Gemma3,gemma-3-12b-it,zeroshot,500,0.6290476190476191,0.6271428571428571,0.6333333333333333,0.33666666666666667,0.6296380952380952,0.6404761904761904,0.6152380952380953
YN,COMPS,COMPS,Same,Llama3,Llama-3.1-8B,zeroshot,500,0.6204761904761905,0.6185714285714285,0.621919191919192,0.006190476190476191,0.6202053116927042,0.6285714285714286,0.6089108910891089
YN,COMPS,ARITH,Cross,Llama3,Llama-3.1-8B,zeroshot,500,0.6223809523809524,0.621904761904762,0.628095238095238,0.3090476190476191,0.6248095238095239,0.6285714285714286,0.6166666666666667
YN,COMPS,BABI,Cross,Llama3,Llama-3.1-8B,zeroshot,500,0.6523809523809524,0.6504761904761904,0.6533333333333333,0.14952380952380956,0.6525809523809525,0.6566666666666666,0.6476190476190476
YN,COMPS,EWOK,Cross,Llama3,Llama-3.1-8B,zeroshot,500,0.628095238095238,0.621904761904762,0.628095238095238,0.30047619047619056,0.6250761904761905,0.6404761904761904,0.6104761904761905
YN,COMPS,COMPS,Same,Llama3,Llama-3.1-8B-Instruct,zeroshot,500,0.6971428571428572,0.6952380952380952,0.6980952380952381,0.0104761904761905,0.6965295998371568,0.7120418848167539,0.6782178217821783
YN,COMPS,ARITH,Cross,Llama3,Llama-3.1-8B-Instruct,zeroshot,500,0.699047619047619,0.6980952380952381,0.699047619047619,0.1685714285714286,0.6987666666666665,0.7019047619047619,0.6961904761904761
YN,COMPS,BABI,Cross,Llama3,Llama-3.1-8B-Instruct,zeroshot,500,0.699047619047619,0.6980952380952381,0.7019047619047619,0.15261904761904763,0.699442857142857,0.7023809523809523,0.6938095238095238
YN,COMPS,EWOK,Cross,Llama3,Llama-3.1-8B-Instruct,zeroshot,500,0.699047619047619,0.6980952380952381,0.7019047619047619,0.14761904761904762,0.6999095238095238,0.7038095238095238,0.6961904761904761
YN,COMPS,COMPS,Same,Llama3,Llama-3.1-70B,zeroshot,500,0.6623809523809524,0.6596048366990775,0.6634485815602837,0.004761904761904745,0.6617493935031914,0.669047619047619,0.6460396039603961
YN,COMPS,ARITH,Cross,Llama3,Llama-3.1-70B,zeroshot,500,0.6569047619047619,0.6557142857142857,0.6576190476190477,0.2092857142857143,0.6568428571428572,0.660952380952381,0.6533333333333333
YN,COMPS,BABI,Cross,Llama3,Llama-3.1-70B,zeroshot,500,0.6557142857142857,0.6552380952380953,0.6571428571428571,0.21619047619047624,0.6560714285714286,0.6638095238095238,0.6461904761904762
YN,COMPS,EWOK,Cross,Llama3,Llama-3.1-70B,zeroshot,500,0.6461904761904762,0.6457142857142857,0.6466666666666666,0.2623809523809524,0.6458904761904762,0.6552380952380953,0.6352380952380953
YN,COMPS,COMPS,Same,Llama3,Llama-3.1-70B-Instruct,zeroshot,500,0.7566666666666667,0.7545894124126611,0.7584563529892414,0.0057142857142856995,0.7556815250526191,0.7623809523809524,0.7326732673267327
YN,COMPS,ARITH,Cross,Llama3,Llama-3.1-70B-Instruct,zeroshot,500,0.7252380952380952,0.72,0.7295238095238095,0.1919047619047619,0.7250523809523809,0.7390476190476191,0.7042857142857143
YN,COMPS,BABI,Cross,Llama3,Llama-3.1-70B-Instruct,zeroshot,500,0.6995238095238095,0.6813095238095238,0.71,0.24142857142857144,0.696452380952381,0.7323809523809524,0.6619047619047619
YN,COMPS,EWOK,Cross,Llama3,Llama-3.1-70B-Instruct,zeroshot,500,0.7183333333333333,0.7147619047619047,0.7209523809523809,0.20833333333333337,0.7177285714285714,0.7309523809523809,0.7042857142857143
YN,COMPS,COMPS,Same,Falcon,Falcon3-3B-Base,instronly,500,0.8104761904761905,0.8089400106928198,0.8119047619047619,0.0033333333333333826,0.8101070668802643,0.8161904761904762,0.7846534653465347
YN,COMPS,ARITH,Cross,Falcon,Falcon3-3B-Base,instronly,500,0.7038095238095239,0.6995238095238095,0.7096428571428571,0.24857142857142858,0.7039619047619048,0.7161904761904762,0.6847619047619048
YN,COMPS,BABI,Cross,Falcon,Falcon3-3B-Base,instronly,500,0.6871428571428572,0.680952380952381,0.6923809523809524,0.270952380952381,0.6868095238095238,0.7066666666666667,0.659047619047619
YN,COMPS,EWOK,Cross,Falcon,Falcon3-3B-Base,instronly,500,0.7121428571428572,0.709047619047619,0.7157142857142857,0.23666666666666666,0.7123666666666665,0.729047619047619,0.6995238095238095
YN,COMPS,COMPS,Same,Falcon,Falcon3-3B-Instruct,instronly,500,0.8180085755121487,0.8166666666666667,0.819047619047619,0.024077046548956677,0.8177875929991725,0.8304314912944739,0.7970297029702971
YN,COMPS,ARITH,Cross,Falcon,Falcon3-3B-Instruct,instronly,500,0.795952380952381,0.7928571428571428,0.7985714285714286,0.07833333333333335,0.795409523809524,0.8114285714285714,0.7733333333333333
YN,COMPS,BABI,Cross,Falcon,Falcon3-3B-Instruct,instronly,500,0.7876190476190477,0.78,0.7933333333333333,0.10190476190476191,0.7854714285714286,0.8038095238095239,0.7571428571428571
YN,COMPS,EWOK,Cross,Falcon,Falcon3-3B-Instruct,instronly,500,0.7845238095238095,0.7804761904761904,0.7876190476190477,0.11261904761904765,0.7843095238095238,0.7980952380952381,0.770952380952381
YN,COMPS,COMPS,Same,Falcon,Falcon3-10B-Base,instronly,500,0.8652380952380953,0.8638095238095238,0.8666666666666667,0.005238095238095236,0.8650909003114433,0.8709523809523809,0.8366336633663366
YN,COMPS,ARITH,Cross,Falcon,Falcon3-10B-Base,instronly,500,0.7257142857142858,0.7147619047619047,0.7452380952380953,0.24952380952380954,0.7285904761904761,0.7861904761904762,0.6685714285714286
YN,COMPS,BABI,Cross,Falcon,Falcon3-10B-Base,instronly,500,0.7316666666666667,0.7207142857142856,0.7448809523809523,0.2435714285714286,0.7334999999999999,0.7714285714285715,0.700952380952381
YN,COMPS,EWOK,Cross,Falcon,Falcon3-10B-Base,instronly,500,0.7980952380952381,0.7942857142857143,0.8019047619047619,0.1561904761904762,0.7982428571428573,0.810952380952381,0.78
YN,COMPS,COMPS,Same,Falcon,Falcon3-10B-Instruct,instronly,500,0.8428571428571429,0.8419047619047619,0.8443385612001364,0.023333333333333317,0.8428221592763632,0.8501135503406511,0.8267326732673267
YN,COMPS,ARITH,Cross,Falcon,Falcon3-10B-Instruct,instronly,500,0.8028571428571428,0.7933333333333333,0.810952380952381,0.12571428571428575,0.8032761904761907,0.8347619047619048,0.77
YN,COMPS,BABI,Cross,Falcon,Falcon3-10B-Instruct,instronly,500,0.8395238095238096,0.8357142857142857,0.8428571428571429,0.059523809523809534,0.8393428571428572,0.8461904761904762,0.8280952380952381
YN,COMPS,EWOK,Cross,Falcon,Falcon3-10B-Instruct,instronly,500,0.8352380952380952,0.8280952380952381,0.84,0.07023809523809528,0.8341619047619048,0.8457142857142858,0.8128571428571428
YN,COMPS,COMPS,Same,Gemma3,gemma-3-27b-pt,instronly,500,0.8757142857142857,0.8741289409722623,0.8771428571428571,0.002857142857142808,0.8755478980892326,0.8857142857142857,0.8638613861386139
YN,COMPS,ARITH,Cross,Gemma3,gemma-3-27b-pt,instronly,500,0.8285714285714286,0.8285714285714286,0.8423809523809523,0.11238095238095241,0.8320047619047618,0.8528571428571429,0.7961904761904762
YN,COMPS,BABI,Cross,Gemma3,gemma-3-27b-pt,instronly,500,0.8766666666666667,0.8747619047619047,0.8766666666666667,0.015714285714285764,0.8751333333333333,0.88,0.8590476190476191
YN,COMPS,EWOK,Cross,Gemma3,gemma-3-27b-pt,instronly,500,0.8747619047619047,0.8747619047619047,0.8766666666666667,0.015714285714285764,0.8756380952380954,0.8776190476190476,0.8747619047619047
YN,COMPS,COMPS,Same,Gemma3,gemma-3-27b-it,instronly,500,0.8752380952380953,0.8742857142857143,0.8773809523809524,0.0038131553860819845,0.8745257676314894,0.8809523809523809,0.8267326732673267
YN,COMPS,ARITH,Cross,Gemma3,gemma-3-27b-it,instronly,500,0.8276190476190476,0.8167857142857143,0.8369047619047619,0.13380952380952382,0.8262904761904762,0.8566666666666667,0.7766666666666666
YN,COMPS,BABI,Cross,Gemma3,gemma-3-27b-it,instronly,500,0.8376190476190476,0.8352380952380952,0.8428571428571429,0.11857142857142859,0.8376761904761905,0.8523809523809524,0.8085714285714286
YN,COMPS,EWOK,Cross,Gemma3,gemma-3-27b-it,instronly,500,0.861904761904762,0.8609523809523809,0.8661904761904762,0.08047619047619048,0.8632714285714285,0.8709523809523809,0.8595238095238096
YN,COMPS,COMPS,Same,Gemma3,gemma-3-12b-pt,instronly,500,0.8747619047619047,0.8735313001605136,0.8766666666666667,0.0047619047619048005,0.8747516627367945,0.8819047619047619,0.8613861386138614
YN,COMPS,ARITH,Cross,Gemma3,gemma-3-12b-pt,instronly,500,0.8333333333333334,0.8333333333333334,0.849047619047619,0.10761904761904767,0.8395428571428569,0.8761904761904762,0.7747619047619048
YN,COMPS,BABI,Cross,Gemma3,gemma-3-12b-pt,instronly,500,0.861904761904762,0.861904761904762,0.8747619047619047,0.04476190476190478,0.863261904761905,0.8795238095238095,0.8333333333333334
YN,COMPS,EWOK,Cross,Gemma3,gemma-3-12b-pt,instronly,500,0.8333333333333334,0.8333333333333334,0.849047619047619,0.10761904761904767,0.8386761904761904,0.849047619047619,0.8333333333333334
YN,COMPS,COMPS,Same,Gemma3,gemma-3-12b-it,instronly,500,0.8733333333333333,0.8718437060238776,0.875,0.0033333333333333826,0.8724506848243121,0.878095238095238,0.8366336633663366
YN,COMPS,ARITH,Cross,Gemma3,gemma-3-12b-it,instronly,500,0.8480952380952381,0.8465476190476191,0.8519047619047619,0.08047619047619048,0.8488714285714286,0.8657142857142858,0.8395238095238096
YN,COMPS,BABI,Cross,Gemma3,gemma-3-12b-it,instronly,500,0.8471428571428572,0.8414285714285714,0.8495238095238096,0.08809523809523812,0.8459952380952381,0.8657142857142858,0.8333333333333334
YN,COMPS,EWOK,Cross,Gemma3,gemma-3-12b-it,instronly,500,0.8404761904761905,0.8391666666666667,0.8414285714285714,0.10333333333333336,0.8402333333333333,0.8476190476190476,0.8333333333333334
YN,COMPS,COMPS,Same,Llama3,Llama-3.1-8B,instronly,500,0.8413530252501191,0.839047619047619,0.8425468975468975,0.00481000481000482,0.8402663830398956,0.8466666666666667,0.8094059405940595
YN,COMPS,ARITH,Cross,Llama3,Llama-3.1-8B,instronly,500,0.8438095238095238,0.8404761904761905,0.8461904761904762,0.02428571428571427,0.843247619047619,0.8461904761904762,0.8319047619047619
YN,COMPS,BABI,Cross,Llama3,Llama-3.1-8B,instronly,500,0.8395238095238096,0.8319047619047619,0.8395238095238096,0.025238095238095254,0.8368095238095239,0.8438095238095238,0.8319047619047619
YN,COMPS,EWOK,Cross,Llama3,Llama-3.1-8B,instronly,500,0.8409523809523809,0.8395238095238096,0.8438095238095238,0.0242857142857143,0.8417285714285715,0.8461904761904762,0.8395238095238096
YN,COMPS,COMPS,Same,Llama3,Llama-3.1-8B-Instruct,instronly,500,0.8528571428571429,0.8511904761904762,0.8538737356517786,0.003809523809523818,0.851745409845335,0.8590476190476191,0.8242574257425742
YN,COMPS,ARITH,Cross,Llama3,Llama-3.1-8B-Instruct,instronly,500,0.7980952380952381,0.7980952380952381,0.8152380952380952,0.14952380952380956,0.806352380952381,0.8280952380952381,0.7880952380952381
YN,COMPS,BABI,Cross,Llama3,Llama-3.1-8B-Instruct,instronly,500,0.7880952380952381,0.7733333333333333,0.7880952380952381,0.1757142857142857,0.7841333333333332,0.7980952380952381,0.7666666666666667
YN,COMPS,EWOK,Cross,Llama3,Llama-3.1-8B-Instruct,instronly,500,0.8166666666666667,0.8152380952380952,0.8280952380952381,0.12047619047619049,0.8212809523809529,0.8361904761904762,0.8152380952380952
YN,COMPS,COMPS,Same,Llama3,Llama-3.1-70B,instronly,500,0.8928571428571429,0.8913612313612314,0.8942857142857142,0.00302663438256659,0.8919178735047122,0.8978046934140802,0.8514851485148515
YN,COMPS,ARITH,Cross,Llama3,Llama-3.1-70B,instronly,500,0.8764285714285713,0.8728571428571429,0.8847619047619047,0.07166666666666666,0.8782190476190476,0.8933333333333333,0.8614285714285714
YN,COMPS,BABI,Cross,Llama3,Llama-3.1-70B,instronly,500,0.8876190476190476,0.8842857142857142,0.8933333333333333,0.037142857142857144,0.8856809523809523,0.8947619047619048,0.8452380952380952
YN,COMPS,EWOK,Cross,Llama3,Llama-3.1-70B,instronly,500,0.8471428571428572,0.8295238095238096,0.8471428571428572,0.09761904761904766,0.8384904761904761,0.8704761904761905,0.8076190476190476
YN,COMPS,COMPS,Same,Llama3,Llama-3.1-70B-Instruct,instronly,500,0.8814285714285715,0.88,0.882691420180407,0.0028571428571428636,0.8807826614714016,0.8856598380181039,0.849009900990099
YN,COMPS,ARITH,Cross,Llama3,Llama-3.1-70B-Instruct,instronly,500,0.8790476190476191,0.8747619047619047,0.8795238095238095,0.03333333333333338,0.8772,0.8852380952380953,0.849047619047619
YN,COMPS,BABI,Cross,Llama3,Llama-3.1-70B-Instruct,instronly,500,0.8457142857142858,0.8414285714285714,0.8523809523809524,0.11142857142857143,0.8457714285714286,0.8752380952380953,0.8104761904761905
YN,COMPS,EWOK,Cross,Llama3,Llama-3.1-70B-Instruct,instronly,500,0.8738095238095238,0.8733333333333333,0.8745238095238096,0.06142857142857147,0.8728714285714284,0.8766666666666667,0.8523809523809524
YN,COMPS,COMPS,Same,Falcon,Falcon3-3B-Base,fewshot,500,0.84,0.8385388665650547,0.8414285714285714,0.0038095238095237627,0.8387418197715933,0.8447619047619047,0.7920792079207921
YN,COMPS,ARITH,Cross,Falcon,Falcon3-3B-Base,fewshot,500,0.8319047619047619,0.8308333333333333,0.8325,0.0519047619047619,0.8314571428571429,0.8376190476190476,0.8223809523809524
YN,COMPS,BABI,Cross,Falcon,Falcon3-3B-Base,fewshot,500,0.8097619047619048,0.8061904761904762,0.8114285714285714,0.10500000000000002,0.808590476190476,0.8266666666666667,0.7923809523809524
YN,COMPS,EWOK,Cross,Falcon,Falcon3-3B-Base,fewshot,500,0.8352380952380952,0.8333333333333334,0.8371428571428572,0.037142857142857144,0.8353428571428572,0.840952380952381,0.8314285714285714
YN,COMPS,COMPS,Same,Falcon,Falcon3-3B-Instruct,fewshot,500,0.8085714285714286,0.8076190476190476,0.8104761904761905,0.004761904761904745,0.808499752736501,0.8180952380952381,0.7871287128712872
YN,COMPS,ARITH,Cross,Falcon,Falcon3-3B-Instruct,fewshot,500,0.8095238095238095,0.8085714285714286,0.810952380952381,0.0680952380952381,0.8091904761904763,0.8119047619047619,0.8004761904761905
YN,COMPS,BABI,Cross,Falcon,Falcon3-3B-Instruct,fewshot,500,0.7380952380952381,0.7254761904761905,0.7448809523809523,0.18833333333333335,0.7377333333333334,0.789047619047619,0.7042857142857143
YN,COMPS,EWOK,Cross,Falcon,Falcon3-3B-Instruct,fewshot,500,0.7785714285714286,0.7666666666666667,0.7866666666666666,0.09690476190476192,0.7773857142857143,0.799047619047619,0.7485714285714286
YN,COMPS,COMPS,Same,Falcon,Falcon3-10B-Base,fewshot,500,0.8842857142857142,0.8833333333333333,0.8852380952380953,0.0025614754098360615,0.8836925695685308,0.888095238095238,0.8613861386138614
YN,COMPS,ARITH,Cross,Falcon,Falcon3-10B-Base,fewshot,500,0.8707142857142858,0.8685714285714285,0.8744047619047619,0.05857142857142858,0.8709142857142856,0.8833333333333333,0.8523809523809524
YN,COMPS,BABI,Cross,Falcon,Falcon3-10B-Base,fewshot,500,0.820952380952381,0.8076190476190476,0.8314285714285714,0.1523809523809524,0.8209619047619047,0.8571428571428571,0.7880952380952381
YN,COMPS,EWOK,Cross,Falcon,Falcon3-10B-Base,fewshot,500,0.8609523809523809,0.8589285714285715,0.8642857142857143,0.09000000000000002,0.8612142857142857,0.8714285714285714,0.8428571428571429
YN,COMPS,COMPS,Same,Falcon,Falcon3-10B-Instruct,fewshot,500,0.8566666666666667,0.8557142857142858,0.8580952380952381,0.003333333333333327,0.8568962163306568,0.8623445825932504,0.8415841584158416
YN,COMPS,ARITH,Cross,Falcon,Falcon3-10B-Instruct,fewshot,500,0.8609523809523809,0.8604761904761905,0.8614285714285714,0.017142857142857126,0.8609285714285714,0.8623809523809524,0.8585714285714285
YN,COMPS,BABI,Cross,Falcon,Falcon3-10B-Instruct,fewshot,500,0.8514285714285714,0.85,0.8542857142857143,0.03857142857142859,0.8519095238095238,0.8604761904761905,0.8438095238095238
YN,COMPS,EWOK,Cross,Falcon,Falcon3-10B-Instruct,fewshot,500,0.8514285714285714,0.8498809523809524,0.853452380952381,0.045000000000000026,0.8508999999999999,0.8566666666666667,0.8385714285714285
YN,COMPS,COMPS,Same,Gemma3,gemma-3-27b-pt,fewshot,500,0.9039487726787621,0.9028571428571428,0.9057142857142857,0.003809523809523818,0.9039706126097077,0.9142857142857143,0.8861386138613861
YN,COMPS,ARITH,Cross,Gemma3,gemma-3-27b-pt,fewshot,500,0.9033333333333333,0.8994047619047619,0.9058333333333333,0.007619047619047581,0.9026904761904762,0.909047619047619,0.8819047619047619
YN,COMPS,BABI,Cross,Gemma3,gemma-3-27b-pt,fewshot,500,0.8580952380952381,0.8536904761904762,0.8647619047619047,0.09714285714285717,0.8590809523809523,0.8747619047619047,0.8380952380952381
YN,COMPS,EWOK,Cross,Gemma3,gemma-3-27b-pt,fewshot,500,0.8676190476190476,0.8647619047619047,0.8747619047619047,0.07904761904761909,0.8684190476190475,0.8819047619047619,0.849047619047619
YN,COMPS,COMPS,Same,Gemma3,gemma-3-27b-it,fewshot,500,0.89,0.8890476190476191,0.8914285714285715,0.002857142857142808,0.8890344741093487,0.8938095238095238,0.8465346534653465
YN,COMPS,ARITH,Cross,Gemma3,gemma-3-27b-it,fewshot,500,0.8890476190476191,0.8842857142857142,0.8914285714285715,0.021428571428571422,0.8864761904761906,0.8923809523809524,0.8638095238095238
YN,COMPS,BABI,Cross,Gemma3,gemma-3-27b-it,fewshot,500,0.789047619047619,0.7742857142857142,0.7933333333333333,0.20047619047619047,0.7832761904761903,0.8233333333333334,0.7233333333333334
YN,COMPS,EWOK,Cross,Gemma3,gemma-3-27b-it,fewshot,500,0.8628571428571429,0.8547619047619047,0.8657142857142858,0.1047619047619048,0.8615904761904761,0.8776190476190476,0.8404761904761905
YN,COMPS,COMPS,Same,Gemma3,gemma-3-12b-pt,fewshot,500,0.89,0.8882024782002315,0.8914285714285715,0.0038095238095237627,0.8890266354733164,0.8957142857142857,0.849009900990099
YN,COMPS,ARITH,Cross,Gemma3,gemma-3-12b-pt,fewshot,500,0.8547619047619047,0.8385714285714285,0.8629761904761905,0.07000000000000003,0.8481380952380952,0.8804761904761905,0.7871428571428571
YN,COMPS,BABI,Cross,Gemma3,gemma-3-12b-pt,fewshot,500,0.8642857142857143,0.8551190476190476,0.8661904761904762,0.05285714285714291,0.8631857142857142,0.8809523809523809,0.8385714285714285
YN,COMPS,EWOK,Cross,Gemma3,gemma-3-12b-pt,fewshot,500,0.8733333333333333,0.8732142857142857,0.8809523809523809,0.03619047619047619,0.8736857142857143,0.8876190476190476,0.8547619047619047
YN,COMPS,COMPS,Same,Gemma3,gemma-3-12b-it,fewshot,500,0.8861904761904762,0.8846227536535907,0.8871428571428571,0.002857142857142808,0.8853466587573121,0.8916464891041163,0.8514851485148515
YN,COMPS,ARITH,Cross,Gemma3,gemma-3-12b-it,fewshot,500,0.8728571428571429,0.8714285714285714,0.8761904761904762,0.05761904761904765,0.8733428571428571,0.8828571428571429,0.8657142857142858
YN,COMPS,BABI,Cross,Gemma3,gemma-3-12b-it,fewshot,500,0.8419047619047619,0.839047619047619,0.8457142857142858,0.12809523809523812,0.8420095238095238,0.8542857142857143,0.8257142857142857
YN,COMPS,EWOK,Cross,Gemma3,gemma-3-12b-it,fewshot,500,0.8728571428571429,0.871904761904762,0.8761904761904762,0.05761904761904765,0.8737095238095237,0.8790476190476191,0.8685714285714285
YN,COMPS,COMPS,Same,Llama3,Llama-3.1-8B,fewshot,500,0.8727965697951405,0.8713672885741522,0.8738095238095238,0.005238095238095236,0.8720514752868083,0.8778258778258778,0.8514851485148515
YN,COMPS,ARITH,Cross,Llama3,Llama-3.1-8B,fewshot,500,0.8614285714285714,0.8595238095238096,0.8638095238095238,0.08333333333333329,0.861590476190476,0.8685714285714285,0.8471428571428572
YN,COMPS,BABI,Cross,Llama3,Llama-3.1-8B,fewshot,500,0.8692857142857142,0.8671428571428571,0.8695238095238095,0.0357142857142857,0.8686190476190476,0.8747619047619047,0.8652380952380953
YN,COMPS,EWOK,Cross,Llama3,Llama-3.1-8B,fewshot,500,0.8519047619047619,0.8471428571428572,0.8590476190476191,0.10047619047619044,0.8528238095238093,0.8590476190476191,0.8471428571428572
YN,COMPS,COMPS,Same,Llama3,Llama-3.1-8B-Instruct,fewshot,500,0.8628571428571429,0.8604761904761905,0.8640476190476191,0.0033349213911386677,0.8616111742726221,0.8680952380952381,0.8242574257425742
YN,COMPS,ARITH,Cross,Llama3,Llama-3.1-8B-Instruct,fewshot,500,0.8609523809523809,0.8609523809523809,0.861904761904762,0.043809523809523826,0.8612190476190478,0.8647619047619047,0.8547619047619047
YN,COMPS,BABI,Cross,Llama3,Llama-3.1-8B-Instruct,fewshot,500,0.8552380952380952,0.8495238095238096,0.8576190476190476,0.06857142857142859,0.8544238095238096,0.861904761904762,0.8433333333333334
YN,COMPS,EWOK,Cross,Llama3,Llama-3.1-8B-Instruct,fewshot,500,0.8614285714285714,0.8609523809523809,0.8628571428571429,0.005952380952380973,0.8619095238095237,0.8638095238095238,0.8604761904761905
YN,COMPS,COMPS,Same,Llama3,Llama-3.1-70B,fewshot,500,0.9093113482056256,0.9078352503459697,0.9104761904761904,0.0023809523809523725,0.908739613109835,0.9142857142857143,0.8886138613861386
YN,COMPS,ARITH,Cross,Llama3,Llama-3.1-70B,fewshot,500,0.8976190476190476,0.8971428571428571,0.9052380952380953,0.03380952380952382,0.9000619047619048,0.910952380952381,0.8804761904761905
YN,COMPS,BABI,Cross,Llama3,Llama-3.1-70B,fewshot,500,0.8804761904761905,0.8747619047619047,0.8861904761904762,0.06333333333333335,0.8792238095238096,0.8971428571428571,0.8609523809523809
YN,COMPS,EWOK,Cross,Llama3,Llama-3.1-70B,fewshot,500,0.8928571428571429,0.8904761904761904,0.8928571428571429,0.041428571428571453,0.8925142857142858,0.9042857142857142,0.8804761904761905
YN,COMPS,COMPS,Same,Llama3,Llama-3.1-70B-Instruct,fewshot,500,0.8790476190476191,0.878095238095238,0.8805940355940356,0.0032017075773745907,0.8784513944919997,0.8861904761904762,0.844059405940594
YN,COMPS,ARITH,Cross,Llama3,Llama-3.1-70B-Instruct,fewshot,500,0.8771428571428571,0.8742857142857143,0.878095238095238,0.030476190476190518,0.8755904761904764,0.8814285714285715,0.8528571428571429
YN,COMPS,BABI,Cross,Llama3,Llama-3.1-70B-Instruct,fewshot,500,0.8738095238095238,0.8695238095238095,0.8742857142857143,0.0623809523809524,0.8697,0.8785714285714286,0.8095238095238095
YN,COMPS,EWOK,Cross,Llama3,Llama-3.1-70B-Instruct,fewshot,500,0.8752380952380953,0.8742857142857143,0.8776190476190476,0.04000000000000001,0.8758857142857144,0.8814285714285715,0.8728571428571429
YN,EWOK,EWOK,Same,Falcon,Falcon3-3B-Base,zeroshot,500,0.5894194756554307,0.586376404494382,0.5912921348314607,0.011001872659176057,0.5888968560850028,0.596441947565543,0.5805243445692884
YN,EWOK,ARITH,Cross,Falcon,Falcon3-3B-Base,zeroshot,500,0.5482209737827716,0.5454119850187266,0.5519662921348315,0.34480337078651685,0.5482537453183519,0.5660112359550562,0.5383895131086143
YN,EWOK,BABI,Cross,Falcon,Falcon3-3B-Base,zeroshot,500,0.5922284644194756,0.5888342696629214,0.5932818352059925,0.04681647940074907,0.5908005617977529,0.5955056179775281,0.5823970037453183
YN,EWOK,COMPS,Cross,Falcon,Falcon3-3B-Base,zeroshot,500,0.5711610486891385,0.5702247191011236,0.5735018726591761,0.31273408239700373,0.5719428838951313,0.5833333333333334,0.5599250936329588
YN,EWOK,EWOK,Same,Falcon,Falcon3-3B-Instruct,zeroshot,500,0.6179775280898876,0.6161048689138576,0.6198501872659176,0.004447565543071144,0.6179219356521721,0.6235955056179775,0.6128277153558053
YN,EWOK,ARITH,Cross,Falcon,Falcon3-3B-Instruct,zeroshot,500,0.6219569288389513,0.6203183520599251,0.6235955056179775,0.08380149812734083,0.6215870786516855,0.6245318352059925,0.6156367041198502
YN,EWOK,BABI,Cross,Falcon,Falcon3-3B-Instruct,zeroshot,500,0.6081460674157303,0.6067415730337079,0.6109550561797753,0.23408239700374533,0.6083848314606742,0.6179775280898876,0.5987827715355806
YN,EWOK,COMPS,Cross,Falcon,Falcon3-3B-Instruct,zeroshot,500,0.6025280898876404,0.6000702247191011,0.6040496254681648,0.2530430711610487,0.6019382022471911,0.6132958801498127,0.5912921348314607
YN,EWOK,EWOK,Same,Falcon,Falcon3-10B-Base,zeroshot,500,0.6680711610486891,0.6659195817092677,0.6690074906367042,0.01217228464419473,0.6676968813670042,0.6737623762376238,0.6591760299625468
YN,EWOK,ARITH,Cross,Falcon,Falcon3-10B-Base,zeroshot,500,0.6652621722846441,0.6629213483146067,0.6686563670411985,0.031132958801498134,0.6655617977528091,0.6722846441947565,0.6526217228464419
YN,EWOK,BABI,Cross,Falcon,Falcon3-10B-Base,zeroshot,500,0.6659644194756554,0.6633895131086143,0.6690074906367042,0.0294943820224719,0.6662078651685394,0.6713483146067416,0.6596441947565543
YN,EWOK,COMPS,Cross,Falcon,Falcon3-10B-Base,zeroshot,500,0.663623595505618,0.6624531835205992,0.6676029962546817,0.03979400749063669,0.6642977528089888,0.6704119850187266,0.6558988764044944
YN,EWOK,EWOK,Same,Falcon,Falcon3-10B-Instruct,zeroshot,500,0.7146535580524345,0.7121956928838952,0.7175795880149812,0.012989950680461312,0.714477046222906,0.7209737827715356,0.7059925093632958
YN,EWOK,ARITH,Cross,Falcon,Falcon3-10B-Instruct,zeroshot,500,0.6807116104868914,0.6797752808988764,0.6839887640449438,0.10486891385767791,0.6818352059925096,0.6919475655430711,0.6732209737827716
YN,EWOK,BABI,Cross,Falcon,Falcon3-10B-Instruct,zeroshot,500,0.7059925093632958,0.7055243445692884,0.7071629213483146,0.11657303370786518,0.7051029962546816,0.7181647940074907,0.6769662921348315
YN,EWOK,COMPS,Cross,Falcon,Falcon3-10B-Instruct,zeroshot,500,0.701310861423221,0.6942883895131086,0.7054073033707865,0.033707865168539325,0.7018258426966293,0.7209737827715356,0.6830524344569289
YN,EWOK,EWOK,Same,Gemma3,gemma-3-27b-pt,zeroshot,500,0.5973782771535581,0.5941011235955056,0.6000702247191011,0.009618700634108357,0.5972900983250412,0.6062734082397003,0.5903558052434457
YN,EWOK,ARITH,Cross,Gemma3,gemma-3-27b-pt,zeroshot,500,0.576310861423221,0.576310861423221,0.5856741573033708,0.3525280898876404,0.5798595505617979,0.5941011235955056,0.5632022471910112
YN,EWOK,BABI,Cross,Gemma3,gemma-3-27b-pt,zeroshot,500,0.6062734082397003,0.5987827715355806,0.6067415730337079,0.09737827715355807,0.6036376404494382,0.6086142322097379,0.5969101123595506
YN,EWOK,COMPS,Cross,Gemma3,gemma-3-27b-pt,zeroshot,500,0.5419007490636705,0.5365168539325843,0.549625468164794,0.43469101123595505,0.5428183520599249,0.550561797752809,0.5276217228464419
YN,EWOK,EWOK,Same,Gemma3,gemma-3-27b-it,zeroshot,500,0.7347705904673567,0.7331460674157303,0.7364232209737828,0.027384918561100965,0.7345213167386785,0.7401685393258427,0.7275280898876404
YN,EWOK,ARITH,Cross,Gemma3,gemma-3-27b-it,zeroshot,500,0.7345505617977528,0.7275280898876404,0.7364232209737828,0.029728464419475673,0.7310252808988761,0.7387640449438202,0.7078651685393258
YN,EWOK,BABI,Cross,Gemma3,gemma-3-27b-it,zeroshot,500,0.7294007490636704,0.726123595505618,0.7322097378277154,0.09878277153558054,0.7285955056179775,0.7373595505617978,0.7195692883895131
YN,EWOK,COMPS,Cross,Gemma3,gemma-3-27b-it,zeroshot,500,0.6764981273408239,0.6694756554307116,0.6835205992509363,0.2823033707865169,0.675814606741573,0.6952247191011236,0.653558052434457
YN,EWOK,EWOK,Same,Gemma3,gemma-3-12b-pt,zeroshot,500,0.586783504315258,0.5847378277153558,0.5884831460674157,0.007022471910112363,0.5865573190804786,0.5912921348314607,0.5814606741573034
YN,EWOK,ARITH,Cross,Gemma3,gemma-3-12b-pt,zeroshot,500,0.5856741573033708,0.5856741573033708,0.5861423220973783,0.06390449438202246,0.5859082397003748,0.5880149812734082,0.5842696629213483
YN,EWOK,BABI,Cross,Gemma3,gemma-3-12b-pt,zeroshot,500,0.5617977528089888,0.5589887640449438,0.576310861423221,0.20318352059925093,0.5667275280898877,0.5861423220973783,0.5543071161048689
YN,EWOK,COMPS,Cross,Gemma3,gemma-3-12b-pt,zeroshot,500,0.5393258426966292,0.5388576779026217,0.5393258426966292,0.44288389513108617,0.5400046816479399,0.549625468164794,0.525749063670412
YN,EWOK,EWOK,Same,Gemma3,gemma-3-12b-it,zeroshot,500,0.6879124098185396,0.6855102996254682,0.6891385767790262,0.011235955056179803,0.6873385085829264,0.6938202247191011,0.6807116104868914
YN,EWOK,ARITH,Cross,Gemma3,gemma-3-12b-it,zeroshot,500,0.6338951310861424,0.6301498127340824,0.6371722846441947,0.28838951310861427,0.632808988764045,0.6446629213483146,0.6165730337078652
YN,EWOK,BABI,Cross,Gemma3,gemma-3-12b-it,zeroshot,500,0.684691011235955,0.6835205992509363,0.6858614232209738,0.07116104868913856,0.6847144194756555,0.6900749063670412,0.6793071161048689
YN,EWOK,COMPS,Cross,Gemma3,gemma-3-12b-it,zeroshot,500,0.5692883895131086,0.5627340823970037,0.5739700374531835,0.4213483146067416,0.5684363295880149,0.5912921348314607,0.549625468164794
YN,EWOK,EWOK,Same,Llama3,Llama-3.1-8B,zeroshot,500,0.5557116104868914,0.5534878277153558,0.5575842696629213,0.028818924749316632,0.5556183675241383,0.5617977528089888,0.5491573033707865
YN,EWOK,ARITH,Cross,Llama3,Llama-3.1-8B,zeroshot,500,0.5552434456928839,0.5547752808988764,0.5557116104868914,0.046114232209737815,0.5551029962546816,0.5571161048689138,0.550561797752809
YN,EWOK,BABI,Cross,Llama3,Llama-3.1-8B,zeroshot,500,0.5533707865168539,0.5529026217228464,0.5561797752808989,0.24812734082397003,0.5544616104868912,0.5599250936329588,0.5472846441947565
YN,EWOK,COMPS,Cross,Llama3,Llama-3.1-8B,zeroshot,500,0.526685393258427,0.525749063670412,0.5280898876404494,0.4030898876404494,0.5262968164794007,0.5379213483146067,0.5149812734082397
YN,EWOK,EWOK,Same,Llama3,Llama-3.1-8B-Instruct,zeroshot,500,0.6385767790262172,0.6367041198501873,0.6404494382022472,0.006788389513108617,0.638107381710386,0.6427902621722846,0.6320224719101124
YN,EWOK,ARITH,Cross,Llama3,Llama-3.1-8B-Instruct,zeroshot,500,0.6381086142322098,0.6376404494382022,0.6404494382022472,0.03838951310861424,0.6388529962546817,0.6418539325842697,0.6371722846441947
YN,EWOK,BABI,Cross,Llama3,Llama-3.1-8B-Instruct,zeroshot,500,0.6395131086142322,0.6367041198501873,0.6404494382022472,0.017790262172284632,0.638000936329588,0.6418539325842697,0.6301498127340824
YN,EWOK,COMPS,Cross,Llama3,Llama-3.1-8B-Instruct,zeroshot,500,0.5880149812734082,0.5800561797752809,0.5936329588014981,0.27059925093632964,0.5866245318352061,0.5973782771535581,0.5660112359550562
YN,EWOK,EWOK,Same,Llama3,Llama-3.1-70B,zeroshot,500,0.611711288347033,0.6100187265917603,0.6137640449438202,0.0077247191011236005,0.6118074500095724,0.6198501872659176,0.6067415730337079
YN,EWOK,ARITH,Cross,Llama3,Llama-3.1-70B,zeroshot,500,0.6165730337078652,0.6147003745318352,0.6165730337078652,0.11750936329588013,0.6157303370786518,0.6179775280898876,0.6104868913857678
YN,EWOK,BABI,Cross,Llama3,Llama-3.1-70B,zeroshot,500,0.6147003745318352,0.6137640449438202,0.6165730337078652,0.09339887640449436,0.6148501872659176,0.6179775280898876,0.6067415730337079
YN,EWOK,COMPS,Cross,Llama3,Llama-3.1-70B,zeroshot,500,0.5674157303370787,0.5632022471910112,0.5683520599250936,0.38295880149812733,0.5676919475655431,0.5852059925093633,0.5510299625468165
YN,EWOK,EWOK,Same,Llama3,Llama-3.1-70B-Instruct,zeroshot,500,0.7064606741573034,0.7045880149812734,0.708684456928839,0.00514981273408241,0.7067221431384807,0.7173267326732673,0.701310861423221
YN,EWOK,ARITH,Cross,Llama3,Llama-3.1-70B-Instruct,zeroshot,500,0.7069288389513109,0.7055243445692884,0.7078651685393258,0.02598314606741571,0.7069101123595506,0.7102059925093633,0.7031835205992509
YN,EWOK,BABI,Cross,Llama3,Llama-3.1-70B-Instruct,zeroshot,500,0.7078651685393258,0.7055243445692884,0.7093867041198502,0.06835205992509363,0.707565543071161,0.7116104868913857,0.7031835205992509
YN,EWOK,COMPS,Cross,Llama3,Llama-3.1-70B-Instruct,zeroshot,500,0.6427902621722846,0.6365870786516854,0.6508661048689138,0.3017322097378277,0.6435440074906367,0.6676029962546817,0.6179775280898876
YN,EWOK,EWOK,Same,Falcon,Falcon3-3B-Base,instronly,500,0.6259363295880149,0.6240636704119851,0.6278089887640449,0.016385767790262157,0.6259279292047031,0.6337209302325582,0.6207865168539326
YN,EWOK,ARITH,Cross,Falcon,Falcon3-3B-Base,instronly,500,0.6254681647940075,0.6245318352059925,0.6259363295880149,0.0273876404494382,0.6253511235955056,0.6278089887640449,0.6207865168539326
YN,EWOK,BABI,Cross,Falcon,Falcon3-3B-Base,instronly,500,0.6245318352059925,0.6230102996254682,0.6264044943820225,0.08146067415730338,0.6249953183520599,0.6306179775280899,0.6207865168539326
YN,EWOK,COMPS,Cross,Falcon,Falcon3-3B-Base,instronly,500,0.5990168539325842,0.596441947565543,0.6058052434456929,0.35791198501872656,0.5995505617977528,0.6076779026217228,0.5809925093632958
YN,EWOK,EWOK,Same,Falcon,Falcon3-3B-Instruct,instronly,500,0.6907771535580525,0.6891385767790262,0.6926650012865597,0.050140625109794765,0.6908474863121546,0.6986434108527132,0.6844569288389513
YN,EWOK,ARITH,Cross,Falcon,Falcon3-3B-Instruct,instronly,500,0.6807116104868914,0.6788389513108615,0.6867977528089888,0.10323033707865169,0.6825514981273411,0.6938202247191011,0.6750936329588015
YN,EWOK,BABI,Cross,Falcon,Falcon3-3B-Instruct,instronly,500,0.6900749063670412,0.6858614232209738,0.6914794007490637,0.06554307116104871,0.6880805243445693,0.6933520599250936,0.6779026217228464
YN,EWOK,COMPS,Cross,Falcon,Falcon3-3B-Instruct,instronly,500,0.6563670411985019,0.653558052434457,0.6619850187265918,0.23314606741573035,0.6574859550561797,0.6722846441947565,0.6362359550561798
YN,EWOK,EWOK,Same,Falcon,Falcon3-10B-Base,instronly,500,0.7394566301972441,0.7379447565543071,0.7411048689138576,0.0037453183520599342,0.739525533780859,0.7457865168539326,0.7345360824742269
YN,EWOK,ARITH,Cross,Falcon,Falcon3-10B-Base,instronly,500,0.7031835205992509,0.6834035580524345,0.7176966292134831,0.17696629213483148,0.700486891385768,0.7326779026217228,0.648876404494382
YN,EWOK,BABI,Cross,Falcon,Falcon3-10B-Base,instronly,500,0.7064606741573034,0.6946395131086143,0.7176966292134831,0.1652621722846442,0.7049812734082396,0.7247191011235955,0.6722846441947565
YN,EWOK,COMPS,Cross,Falcon,Falcon3-10B-Base,instronly,500,0.6830524344569289,0.6797752808988764,0.6858614232209738,0.24765917602996257,0.6830617977528091,0.7055243445692884,0.6610486891385767
YN,EWOK,EWOK,Same,Falcon,Falcon3-10B-Instruct,instronly,500,0.7382958801498127,0.7365402621722846,0.7401685393258427,0.011704119850187267,0.7384078525603357,0.7437977099236641,0.7335051546391752
YN,EWOK,ARITH,Cross,Falcon,Falcon3-10B-Instruct,instronly,500,0.7317415730337079,0.727996254681648,0.7331460674157303,0.07818352059925093,0.730252808988764,0.7411048689138576,0.7153558052434457
YN,EWOK,BABI,Cross,Falcon,Falcon3-10B-Instruct,instronly,500,0.7378277153558053,0.735369850187266,0.7411048689138576,0.014044943820224698,0.7380758426966291,0.7420411985018727,0.7326779026217228
YN,EWOK,COMPS,Cross,Falcon,Falcon3-10B-Instruct,instronly,500,0.7209737827715356,0.7144194756554307,0.723314606741573,0.14700374531835206,0.7182303370786517,0.7308052434456929,0.6938202247191011
YN,EWOK,EWOK,Same,Gemma3,gemma-3-27b-pt,instronly,500,0.735252808988764,0.7331460674157303,0.7370578979883393,0.005852059925093633,0.7351489594060706,0.7397003745318352,0.7284644194756554
YN,EWOK,ARITH,Cross,Gemma3,gemma-3-27b-pt,instronly,500,0.7134831460674157,0.7134831460674157,0.7308052434456929,0.2350187265917603,0.7177387640449439,0.7359550561797753,0.677434456928839
YN,EWOK,BABI,Cross,Gemma3,gemma-3-27b-pt,instronly,500,0.7308052434456929,0.7308052434456929,0.7382958801498127,0.03043071161048691,0.734330524344569,0.7411048689138576,0.7191011235955056
YN,EWOK,COMPS,Cross,Gemma3,gemma-3-27b-pt,instronly,500,0.7308052434456929,0.7308052434456929,0.7382958801498127,0.03043071161048691,0.733955992509363,0.7425093632958801,0.7294007490636704
YN,EWOK,EWOK,Same,Gemma3,gemma-3-27b-it,instronly,500,0.7729400749063671,0.772003745318352,0.7752808988764045,0.005617977528089901,0.7734266700233927,0.7790262172284644,0.7668539325842697
YN,EWOK,ARITH,Cross,Gemma3,gemma-3-27b-it,instronly,500,0.7289325842696629,0.7100889513108615,0.7400514981273407,0.22214419475655428,0.7244147940074906,0.774812734082397,0.6254681647940075
YN,EWOK,BABI,Cross,Gemma3,gemma-3-27b-it,instronly,500,0.7415730337078652,0.7349016853932584,0.7565543071161048,0.17930711610486888,0.7450936329588016,0.7715355805243446,0.6956928838951311
YN,EWOK,COMPS,Cross,Gemma3,gemma-3-27b-it,instronly,500,0.699438202247191,0.6844569288389513,0.7134831460674157,0.2659176029962547,0.6996488764044945,0.7420411985018727,0.6554307116104869
YN,EWOK,EWOK,Same,Gemma3,gemma-3-12b-pt,instronly,500,0.7359550561797753,0.7345505617977528,0.7368913857677902,0.00912921348314609,0.7359867112286745,0.7420411985018727,0.7308052434456929
YN,EWOK,ARITH,Cross,Gemma3,gemma-3-12b-pt,instronly,500,0.7354868913857678,0.7354868913857678,0.7359550561797753,0.03370786516853934,0.7331460674157304,0.7382958801498127,0.7092696629213483
YN,EWOK,BABI,Cross,Gemma3,gemma-3-12b-pt,instronly,500,0.7237827715355806,0.7167602996254682,0.7238998127340824,0.101123595505618,0.7234550561797752,0.7359550561797753,0.7036516853932584
YN,EWOK,COMPS,Cross,Gemma3,gemma-3-12b-pt,instronly,500,0.7167602996254682,0.7036516853932584,0.7167602996254682,0.16245318352059923,0.7127153558052433,0.725187265917603,0.702247191011236
YN,EWOK,EWOK,Same,Gemma3,gemma-3-12b-it,instronly,500,0.7560861423220974,0.7537453183520599,0.7588951310861424,0.005617977528089901,0.7559438732563499,0.7640449438202247,0.7462546816479401
YN,EWOK,ARITH,Cross,Gemma3,gemma-3-12b-it,instronly,500,0.7626404494382022,0.7621722846441947,0.7645131086142322,0.0561797752808989,0.7628277153558052,0.7663857677902621,0.7570224719101124
YN,EWOK,BABI,Cross,Gemma3,gemma-3-12b-it,instronly,500,0.7621722846441947,0.7598314606741573,0.7631086142322098,0.04213483146067418,0.7605056179775282,0.7659176029962547,0.7406367041198502
YN,EWOK,COMPS,Cross,Gemma3,gemma-3-12b-it,instronly,500,0.7134831460674157,0.7076310861423221,0.7186329588014981,0.2350187265917603,0.7118024344569288,0.7434456928838952,0.6690074906367042
YN,EWOK,EWOK,Same,Llama3,Llama-3.1-8B,instronly,500,0.6601123595505618,0.6587078651685393,0.6615168539325843,0.013108614232209742,0.6599298432303652,0.6668241965973535,0.6549625468164794
YN,EWOK,ARITH,Cross,Llama3,Llama-3.1-8B,instronly,500,0.6596441947565543,0.6596441947565543,0.6605805243445693,0.043539325842696625,0.6594709737827713,0.6619850187265918,0.6465355805243446
YN,EWOK,BABI,Cross,Llama3,Llama-3.1-8B,instronly,500,0.6610486891385767,0.6610486891385767,0.6619850187265918,0.048689138576779034,0.661315543071161,0.6619850187265918,0.6596441947565543
YN,EWOK,COMPS,Cross,Llama3,Llama-3.1-8B,instronly,500,0.6596441947565543,0.6596441947565543,0.6610486891385767,0.013810861423220966,0.6601638576779025,0.6624531835205992,0.6558988764044944
YN,EWOK,EWOK,Same,Llama3,Llama-3.1-8B-Instruct,instronly,500,0.726123595505618,0.7247191011235955,0.7284644194756554,0.007611297733503233,0.7263586913592167,0.7331460674157303,0.7195692883895131
YN,EWOK,ARITH,Cross,Llama3,Llama-3.1-8B-Instruct,instronly,500,0.724250936329588,0.724250936329588,0.7284644194756554,0.0603932584269663,0.7250468164794006,0.7294007490636704,0.7153558052434457
YN,EWOK,BABI,Cross,Llama3,Llama-3.1-8B-Instruct,instronly,500,0.7153558052434457,0.7027153558052435,0.7158239700374532,0.10486891385767791,0.7119288389513108,0.724250936329588,0.6947565543071161
YN,EWOK,COMPS,Cross,Llama3,Llama-3.1-8B-Instruct,instronly,500,0.6779026217228464,0.6779026217228464,0.6938202247191011,0.23314606741573032,0.680814606741573,0.7111423220973783,0.6320224719101124
YN,EWOK,EWOK,Same,Llama3,Llama-3.1-70B,instronly,500,0.8111468355953924,0.8094569288389513,0.8121778622172566,0.006788389513108617,0.8108928058610465,0.8187022900763359,0.8057116104868914
YN,EWOK,ARITH,Cross,Llama3,Llama-3.1-70B,instronly,500,0.7546816479400749,0.75187265917603,0.7645131086142322,0.20997191011235955,0.7585159176029964,0.7935393258426966,0.7345505617977528
YN,EWOK,BABI,Cross,Llama3,Llama-3.1-70B,instronly,500,0.8043071161048689,0.7935393258426966,0.8047752808988764,0.08146067415730338,0.7992322097378279,0.8113295880149812,0.7780898876404494
YN,EWOK,COMPS,Cross,Llama3,Llama-3.1-70B,instronly,500,0.7883895131086143,0.7851123595505618,0.7935393258426966,0.12546816479400746,0.7891198501872659,0.8043071161048689,0.7771535580524345
YN,EWOK,EWOK,Same,Llama3,Llama-3.1-70B-Instruct,instronly,500,0.8466760299625469,0.8445692883895131,0.8478464419475655,0.0032771535580524425,0.8462451101942207,0.8536821705426356,0.8408239700374532
YN,EWOK,ARITH,Cross,Llama3,Llama-3.1-70B-Instruct,instronly,500,0.8398876404494382,0.8356741573033708,0.8450374531835206,0.04026217228464421,0.8392041198501871,0.8487827715355806,0.8019662921348315
YN,EWOK,BABI,Cross,Llama3,Llama-3.1-70B-Instruct,instronly,500,0.841058052434457,0.8370786516853933,0.8417602996254682,0.07162921348314608,0.8396535580524344,0.848314606741573,0.8206928838951311
YN,EWOK,COMPS,Cross,Llama3,Llama-3.1-70B-Instruct,instronly,500,0.8277153558052435,0.8113295880149812,0.8319288389513109,0.09176029962546817,0.8229353932584269,0.8398876404494382,0.7911985018726592
YN,EWOK,EWOK,Same,Falcon,Falcon3-3B-Base,fewshot,500,0.6900749063670412,0.6878511235955056,0.6917651990244752,0.00514981273408241,0.6900309007132771,0.6999063670411985,0.6839887640449438
YN,EWOK,ARITH,Cross,Falcon,Falcon3-3B-Base,fewshot,500,0.6896067415730337,0.6882022471910112,0.6900749063670412,0.03838951310861424,0.6890168539325842,0.6914794007490637,0.6830524344569289
YN,EWOK,BABI,Cross,Falcon,Falcon3-3B-Base,fewshot,500,0.6764981273408239,0.675561797752809,0.6769662921348315,0.21207865168539328,0.6758988764044944,0.6779026217228464,0.6676029962546817
YN,EWOK,COMPS,Cross,Falcon,Falcon3-3B-Base,fewshot,500,0.6896067415730337,0.6876170411985019,0.6910112359550562,0.07045880149812733,0.6889185393258428,0.6928838951310862,0.6769662921348315
YN,EWOK,EWOK,Same,Falcon,Falcon3-3B-Instruct,fewshot,500,0.7031835205992509,0.7018497335804471,0.7043715467052323,0.006788389513108617,0.703146438695446,0.7097378277153558,0.697565543071161
YN,EWOK,ARITH,Cross,Falcon,Falcon3-3B-Instruct,fewshot,500,0.6933520599250936,0.6910112359550562,0.6938202247191011,0.1292134831460674,0.6925936329588015,0.6942883895131086,0.6877340823970037
YN,EWOK,BABI,Cross,Falcon,Falcon3-3B-Instruct,fewshot,500,0.697565543071161,0.6933520599250936,0.6980337078651685,0.07256554307116103,0.6966011235955056,0.7050561797752809,0.6863295880149812
YN,EWOK,COMPS,Cross,Falcon,Falcon3-3B-Instruct,fewshot,500,0.6970973782771536,0.6960440074906367,0.6980337078651685,0.07560861423220973,0.697181647940075,0.700374531835206,0.6938202247191011
YN,EWOK,EWOK,Same,Falcon,Falcon3-10B-Base,fewshot,500,0.7836065099038573,0.781528219884619,0.7851123595505618,0.005617977528089901,0.7835137130457033,0.7905940594059406,0.775749063670412
YN,EWOK,ARITH,Cross,Falcon,Falcon3-10B-Base,fewshot,500,0.7851123595505618,0.7827715355805244,0.7860486891385767,0.04002808988764045,0.7842790262172286,0.7874531835205992,0.7780898876404494
YN,EWOK,BABI,Cross,Falcon,Falcon3-10B-Base,fewshot,500,0.774812734082397,0.7691947565543071,0.7780898876404494,0.07771535580524347,0.7737500000000002,0.7823033707865169,0.7617041198501873
YN,EWOK,COMPS,Cross,Falcon,Falcon3-10B-Base,fewshot,500,0.7790262172284644,0.7776217228464419,0.7794943820224719,0.10182584269662921,0.7787406367041199,0.7841760299625468,0.7729400749063671
YN,EWOK,EWOK,Same,Falcon,Falcon3-10B-Instruct,fewshot,500,0.7925324141578751,0.7911985018726592,0.7935393258426966,0.005617977528089901,0.7924179065337343,0.8003875968992248,0.7851123595505618
YN,EWOK,ARITH,Cross,Falcon,Falcon3-10B-Instruct,fewshot,500,0.7916666666666666,0.7911985018726592,0.7927200374531835,0.07537453183520601,0.7919662921348316,0.7968164794007491,0.7888576779026217
YN,EWOK,BABI,Cross,Falcon,Falcon3-10B-Instruct,fewshot,500,0.7926029962546817,0.7921348314606742,0.793188202247191,0.015449438202247201,0.792621722846442,0.7949438202247191,0.7893258426966292
YN,EWOK,COMPS,Cross,Falcon,Falcon3-10B-Instruct,fewshot,500,0.7911985018726592,0.7902621722846442,0.7940074906367042,0.04681647940074907,0.7919335205992509,0.7968164794007491,0.7804307116104869
YN,EWOK,EWOK,Same,Gemma3,gemma-3-27b-pt,fewshot,500,0.8026685393258427,0.8011470037453183,0.8041900749063671,0.004213483146067398,0.8026601250292743,0.8103932584269663,0.7963483146067416
YN,EWOK,ARITH,Cross,Gemma3,gemma-3-27b-pt,fewshot,500,0.7982209737827716,0.7897940074906367,0.8033707865168539,0.12031835205992511,0.7937593632958801,0.8066479400749064,0.7471910112359551
YN,EWOK,BABI,Cross,Gemma3,gemma-3-27b-pt,fewshot,500,0.8038389513108615,0.8038389513108615,0.8038389513108615,0.03230337078651688,0.8036282771535583,0.8043071161048689,0.799625468164794
YN,EWOK,COMPS,Cross,Gemma3,gemma-3-27b-pt,fewshot,500,0.7921348314606742,0.7827715355805244,0.7982209737827716,0.13389513108614234,0.7914513108614233,0.8066479400749064,0.7537453183520599
YN,EWOK,EWOK,Same,Gemma3,gemma-3-27b-it,fewshot,500,0.8099250936329588,0.8088193559596896,0.8117977528089888,0.004213483146067398,0.8101757802894444,0.8155430711610487,0.8057116104868914
YN,EWOK,ARITH,Cross,Gemma3,gemma-3-27b-it,fewshot,500,0.7998595505617978,0.7860486891385767,0.8044241573033708,0.11235955056179778,0.7959597378277156,0.8117977528089888,0.7359550561797753
YN,EWOK,BABI,Cross,Gemma3,gemma-3-27b-it,fewshot,500,0.7926029962546817,0.7813670411985019,0.7954119850187266,0.12125468164794007,0.7878558052434458,0.8103932584269663,0.7415730337078652
YN,EWOK,COMPS,Cross,Gemma3,gemma-3-27b-it,fewshot,500,0.7940074906367042,0.7851123595505618,0.7991573033707865,0.1357677902621723,0.7923548689138578,0.8033707865168539,0.7729400749063671
YN,EWOK,EWOK,Same,Gemma3,gemma-3-12b-pt,fewshot,500,0.7806647940074907,0.7790262172284644,0.7823033707865169,0.007022471910112377,0.7810084830883685,0.7881443298969072,0.7743445692883895
YN,EWOK,ARITH,Cross,Gemma3,gemma-3-12b-pt,fewshot,500,0.7724719101123596,0.7673220973782772,0.7743445692883895,0.0449438202247191,0.77124063670412,0.7869850187265918,0.7485955056179775
YN,EWOK,BABI,Cross,Gemma3,gemma-3-12b-pt,fewshot,500,0.7743445692883895,0.7724719101123596,0.7758661048689138,0.026217228464419456,0.7754541198501873,0.7869850187265918,0.7673220973782772
YN,EWOK,COMPS,Cross,Gemma3,gemma-3-12b-pt,fewshot,500,0.7827715355805244,0.7823033707865169,0.7860486891385767,0.07069288389513106,0.783927902621723,0.7869850187265918,0.773876404494382
YN,EWOK,EWOK,Same,Gemma3,gemma-3-12b-it,fewshot,500,0.7797284644194756,0.7780898876404494,0.7813670411985019,0.006086142322097365,0.779782058345766,0.7851123595505618,0.773876404494382
YN,EWOK,ARITH,Cross,Gemma3,gemma-3-12b-it,fewshot,500,0.7804307116104869,0.7780898876404494,0.7813670411985019,0.015683520599250933,0.7797097378277157,0.7837078651685393,0.7715355805243446
YN,EWOK,BABI,Cross,Gemma3,gemma-3-12b-it,fewshot,500,0.7387640449438202,0.7317415730337079,0.7476591760299626,0.15917602996254682,0.738506554307116,0.7602996254681648,0.7073970037453183
YN,EWOK,COMPS,Cross,Gemma3,gemma-3-12b-it,fewshot,500,0.7607677902621723,0.7540964419475655,0.7632256554307116,0.14653558052434457,0.7598970037453185,0.772003745318352,0.7485955056179775
YN,EWOK,EWOK,Same,Llama3,Llama-3.1-8B,fewshot,500,0.726123595505618,0.7247191011235955,0.7289325842696629,0.00514981273408241,0.7264629847263174,0.7340116279069767,0.7209193245778611
YN,EWOK,ARITH,Cross,Llama3,Llama-3.1-8B,fewshot,500,0.721441947565543,0.7195692883895131,0.7229634831460674,0.04728464419475653,0.7213857677902621,0.7289325842696629,0.7050561797752809
YN,EWOK,BABI,Cross,Llama3,Llama-3.1-8B,fewshot,500,0.6987359550561798,0.6985018726591761,0.699438202247191,0.16666666666666669,0.6989653558052435,0.7050561797752809,0.6867977528089888
YN,EWOK,COMPS,Cross,Llama3,Llama-3.1-8B,fewshot,500,0.6713483146067416,0.6587078651685393,0.6713483146067416,0.24157303370786518,0.6684035580524345,0.700374531835206,0.6395131086142322
YN,EWOK,EWOK,Same,Llama3,Llama-3.1-8B-Instruct,fewshot,500,0.7574906367041199,0.7552668539325843,0.7588951310861424,0.004286974131173238,0.7571024135605359,0.7624045801526718,0.75187265917603
YN,EWOK,ARITH,Cross,Llama3,Llama-3.1-8B-Instruct,fewshot,500,0.7401685393258427,0.7382958801498127,0.7420411985018727,0.10674157303370788,0.7398361423220973,0.7467228464419475,0.7284644194756554
YN,EWOK,BABI,Cross,Llama3,Llama-3.1-8B-Instruct,fewshot,500,0.726123595505618,0.7200374531835206,0.7340823970037453,0.175561797752809,0.7274485018726591,0.7406367041198502,0.7097378277153558
YN,EWOK,COMPS,Cross,Llama3,Llama-3.1-8B-Instruct,fewshot,500,0.7560861423220974,0.7546816479400749,0.7574906367041199,0.03347378277153558,0.755435393258427,0.7584269662921348,0.7411048689138576
YN,EWOK,EWOK,Same,Llama3,Llama-3.1-70B,fewshot,500,0.8484031607128586,0.8469101123595506,0.850187265917603,0.00468164794007489,0.8485830250726472,0.8534644194756554,0.8426966292134831
YN,EWOK,ARITH,Cross,Llama3,Llama-3.1-70B,fewshot,500,0.8445692883895131,0.8445692883895131,0.8455056179775281,0.018726591760299643,0.8449859550561796,0.8558052434456929,0.8309925093632958
YN,EWOK,BABI,Cross,Llama3,Llama-3.1-70B,fewshot,500,0.8520599250936329,0.851123595505618,0.852996254681648,0.0449438202247191,0.8516853932584266,0.8558052434456929,0.8445692883895131
YN,EWOK,COMPS,Cross,Llama3,Llama-3.1-70B,fewshot,500,0.8422284644194756,0.8412921348314607,0.8426966292134831,0.08146067415730338,0.8413717228464418,0.8455056179775281,0.8206928838951311
YN,EWOK,EWOK,Same,Llama3,Llama-3.1-70B-Instruct,fewshot,500,0.8735955056179775,0.8721910112359551,0.8748829588014981,0.00468164794007489,0.8734324509757417,0.8773408239700374,0.8686200378071833
YN,EWOK,ARITH,Cross,Llama3,Llama-3.1-70B-Instruct,fewshot,500,0.8721910112359551,0.8679775280898876,0.8751170411985019,0.03698501872659177,0.8708005617977528,0.8773408239700374,0.8239700374531835
YN,EWOK,BABI,Cross,Llama3,Llama-3.1-70B-Instruct,fewshot,500,0.8698501872659176,0.8654026217228464,0.8712546816479401,0.023408239700374533,0.8674485018726592,0.8759363295880149,0.8305243445692884
YN,EWOK,COMPS,Cross,Llama3,Llama-3.1-70B-Instruct,fewshot,500,0.8740636704119851,0.8721910112359551,0.8759363295880149,0.04260299625468167,0.8737406367041198,0.8778089887640449,0.8515917602996255
NLI,MNLI,MNLI,Same,Falcon,Falcon3-3B-Base,instronly,500,0.4399799933311104,0.43566666666666665,0.44216666666666665,0.060166666666666674,0.4388398989695998,0.4475,0.423
NLI,MNLI,SNLI,Cross,Falcon,Falcon3-3B-Base,instronly,500,0.40475,0.39666666666666667,0.407,0.41466666666666663,0.40231333333333325,0.409,0.39366666666666666
NLI,MNLI,MNLI,Same,Falcon,Falcon3-3B-Instruct,instronly,500,0.5753333333333334,0.5738333333333333,0.5768333333333333,0.11420377867746288,0.5754129471795493,0.5826993519301211,0.5676666666666667
NLI,MNLI,SNLI,Cross,Falcon,Falcon3-3B-Instruct,instronly,500,0.5665,0.5644583333333333,0.5693333333333334,0.1755,0.5665666666666668,0.5723333333333334,0.5593333333333333
NLI,MNLI,MNLI,Same,Falcon,Falcon3-10B-Base,instronly,500,0.7913333333333333,0.7898333333333334,0.7926666666666666,0.05949999999999997,0.7911943150176751,0.7963333333333333,0.7861666666666667
NLI,MNLI,SNLI,Cross,Falcon,Falcon3-10B-Base,instronly,500,0.7850833333333334,0.7828333333333334,0.7883333333333333,0.08891666666666667,0.7855183333333335,0.7938333333333333,0.7743333333333333
NLI,MNLI,MNLI,Same,Falcon,Falcon3-10B-Instruct,instronly,500,0.8441666666666666,0.8431666666666666,0.8446666666666667,0.007000000000000006,0.8439030383721692,0.8466347922030159,0.8403333333333334
NLI,MNLI,SNLI,Cross,Falcon,Falcon3-10B-Instruct,instronly,500,0.8435833333333334,0.8403333333333334,0.8451666666666666,0.03475000000000002,0.8430149999999998,0.847,0.8355
NLI,MNLI,MNLI,Same,Gemma3,gemma-3-27b-pt,instronly,500,0.7675,0.7668333333333334,0.7688333333333334,0.014928158238477318,0.7677574993883028,0.7723427730783377,0.7646666666666667
NLI,MNLI,SNLI,Cross,Gemma3,gemma-3-27b-pt,instronly,500,0.7538333333333334,0.752,0.7558333333333334,0.08675,0.7539233333333333,0.764,0.7453333333333333
NLI,MNLI,MNLI,Same,Gemma3,gemma-3-27b-it,instronly,500,0.8256666666666667,0.8246666666666667,0.8265,0.07266666666666666,0.8258597817493484,0.8356013240161824,0.8231666666666667
NLI,MNLI,SNLI,Cross,Gemma3,gemma-3-27b-it,instronly,500,0.8135,0.8119583333333333,0.8146666666666667,0.10533333333333335,0.8132966666666667,0.819,0.8088333333333333
NLI,MNLI,MNLI,Same,Gemma3,gemma-3-12b-pt,instronly,500,0.6591666666666667,0.6576666666666666,0.6601666666666667,0.10600000000000001,0.6591477755358409,0.6697315189407871,0.6543333333333333
NLI,MNLI,SNLI,Cross,Gemma3,gemma-3-12b-pt,instronly,500,0.6440833333333333,0.6303333333333333,0.6505,0.14633333333333334,0.6409783333333333,0.6588333333333334,0.6123333333333333
NLI,MNLI,MNLI,Same,Gemma3,gemma-3-12b-it,instronly,500,0.7819184491978609,0.7815,0.7825,0.091,0.7822276992094694,0.7910996689959544,0.7798333333333334
NLI,MNLI,SNLI,Cross,Gemma3,gemma-3-12b-it,instronly,500,0.7694166666666666,0.7639583333333333,0.7721666666666667,0.10966666666666666,0.7654266666666668,0.775,0.7045
NLI,MNLI,MNLI,Same,Llama3,Llama-3.1-8B,instronly,500,0.533,0.531921986997833,0.5336666666666666,0.09150000000000001,0.5327652160382679,0.5412792335869259,0.5286666666666666
NLI,MNLI,SNLI,Cross,Llama3,Llama-3.1-8B,instronly,500,0.528,0.527625,0.5287499999999999,0.16658333333333336,0.5286883333333334,0.5388333333333334,0.5165
NLI,MNLI,MNLI,Same,Llama3,Llama-3.1-8B-Instruct,instronly,500,0.6871666666666667,0.686,0.6886666666666666,0.018666666666666665,0.6876748473040655,0.7020963589554984,0.6831666666666667
NLI,MNLI,SNLI,Cross,Llama3,Llama-3.1-8B-Instruct,instronly,500,0.65125,0.6477916666666667,0.656,0.16633333333333333,0.6515866666666668,0.6681666666666667,0.6345
NLI,MNLI,MNLI,Same,Llama3,Llama-3.1-70B,instronly,500,0.731,0.7296666666666667,0.7323333333333333,0.0325,0.7310790851876371,0.7403457153365208,0.7258333333333333
NLI,MNLI,SNLI,Cross,Llama3,Llama-3.1-70B,instronly,500,0.6821666666666667,0.6749166666666667,0.6880416666666667,0.12683333333333335,0.6805866666666667,0.7025,0.6493333333333333
NLI,MNLI,MNLI,Same,Llama3,Llama-3.1-70B-Instruct,instronly,500,0.793,0.7921666666666667,0.794,0.026999999999999996,0.7929887165269832,0.7963333333333333,0.788
NLI,MNLI,SNLI,Cross,Llama3,Llama-3.1-70B-Instruct,instronly,500,0.74125,0.7305,0.7515416666666667,0.154,0.7413716666666665,0.7771666666666667,0.7065
NLI,MNLI,MNLI,Same,Falcon,Falcon3-3B-Base,fewshot,500,0.659,0.658,0.6605,0.14750000000000002,0.6594684443477746,0.6656666666666666,0.656
NLI,MNLI,SNLI,Cross,Falcon,Falcon3-3B-Base,fewshot,500,0.6033333333333334,0.5986666666666667,0.6055,0.27241666666666664,0.6011983333333333,0.619,0.5731666666666667
NLI,MNLI,MNLI,Same,Falcon,Falcon3-3B-Instruct,fewshot,500,0.7158333333333333,0.7136666666666667,0.7181666666666666,0.0983333333333333,0.7158630949766269,0.7249929557621866,0.7081666666666667
NLI,MNLI,SNLI,Cross,Falcon,Falcon3-3B-Instruct,fewshot,500,0.66675,0.662625,0.67225,0.24491666666666667,0.667885,0.6883333333333334,0.6548333333333334
NLI,MNLI,MNLI,Same,Falcon,Falcon3-10B-Base,fewshot,500,0.778,0.7756666666666666,0.7795,0.10800000000000001,0.7774539375691089,0.7834527386179801,0.7633333333333333
NLI,MNLI,SNLI,Cross,Falcon,Falcon3-10B-Base,fewshot,500,0.6948333333333333,0.6915,0.7005416666666666,0.26249999999999996,0.695915,0.7096666666666667,0.6843333333333333
NLI,MNLI,MNLI,Same,Falcon,Falcon3-10B-Instruct,fewshot,500,0.8446666666666667,0.8438333333333333,0.8453333333333334,0.04383333333333336,0.8445943925537666,0.8478333333333333,0.8411666666666666
NLI,MNLI,SNLI,Cross,Falcon,Falcon3-10B-Instruct,fewshot,500,0.8401666666666667,0.8350833333333333,0.8416666666666667,0.06033333333333335,0.8383266666666667,0.8471666666666666,0.8211666666666667
NLI,MNLI,MNLI,Same,Gemma3,gemma-3-27b-pt,fewshot,500,0.7356666666666667,0.7346666666666667,0.7366666666666667,0.11100000000000002,0.7356567739815684,0.7395,0.7256344244207429
NLI,MNLI,SNLI,Cross,Gemma3,gemma-3-27b-pt,fewshot,500,0.6825,0.678,0.6845,0.271,0.680585,0.6923333333333334,0.6696666666666666
NLI,MNLI,MNLI,Same,Gemma3,gemma-3-27b-it,fewshot,500,0.7808333333333334,0.779,0.7826666666666666,0.15816666666666668,0.7807497926859306,0.7873119154127695,0.7725
NLI,MNLI,SNLI,Cross,Gemma3,gemma-3-27b-it,fewshot,500,0.8128333333333333,0.8052916666666667,0.8183750000000001,0.12175,0.8124933333333334,0.8353333333333334,0.7935
NLI,MNLI,MNLI,Same,Gemma3,gemma-3-12b-pt,fewshot,500,0.6978333333333333,0.6965,0.6996666666666667,0.09983333333333334,0.6981176594598895,0.7066779374471682,0.6923333333333334
NLI,MNLI,SNLI,Cross,Gemma3,gemma-3-12b-pt,fewshot,500,0.6319166666666667,0.6259583333333333,0.6378333333333334,0.262,0.6316016666666667,0.6498333333333334,0.6065
NLI,MNLI,MNLI,Same,Gemma3,gemma-3-12b-it,fewshot,500,0.8065,0.806,0.8073333333333333,0.04250000000000001,0.8067952036956646,0.8120632585509379,0.8036042049057234
NLI,MNLI,SNLI,Cross,Gemma3,gemma-3-12b-it,fewshot,500,0.67325,0.663125,0.7025833333333333,0.2911666666666667,0.6920050000000001,0.7936666666666666,0.6548333333333334
NLI,MNLI,MNLI,Same,Llama3,Llama-3.1-8B,fewshot,500,0.5923333333333334,0.5906666666666667,0.5936666666666667,0.10850000000000001,0.5921905897662626,0.5983360295816963,0.5845
NLI,MNLI,SNLI,Cross,Llama3,Llama-3.1-8B,fewshot,500,0.567,0.5667916666666666,0.5815416666666666,0.234,0.5709966666666666,0.5946666666666667,0.547
NLI,MNLI,MNLI,Same,Llama3,Llama-3.1-8B-Instruct,fewshot,500,0.6448333333333334,0.6441666666666667,0.6453333333333333,0.11383333333333331,0.644833411619063,0.6505662121562283,0.6416666666666667
NLI,MNLI,SNLI,Cross,Llama3,Llama-3.1-8B-Instruct,fewshot,500,0.59775,0.5823333333333334,0.6135833333333334,0.27091666666666664,0.5958199999999999,0.6293333333333333,0.5048333333333334
NLI,MNLI,MNLI,Same,Llama3,Llama-3.1-70B,fewshot,500,0.7530364372469636,0.751,0.7545,0.10016666666666664,0.7525759825346093,0.7586417242781619,0.7445
NLI,MNLI,SNLI,Cross,Llama3,Llama-3.1-70B,fewshot,500,0.7058333333333333,0.7019583333333332,0.7102916666666667,0.20508333333333334,0.7058066666666667,0.7253333333333334,0.6853333333333333
NLI,MNLI,MNLI,Same,Llama3,Llama-3.1-70B-Instruct,fewshot,500,0.822,0.8211666666666667,0.8233333333333334,0.030166666666666703,0.8222269715080314,0.8265,0.818
NLI,MNLI,SNLI,Cross,Llama3,Llama-3.1-70B-Instruct,fewshot,500,0.7418333333333333,0.7333333333333334,0.7521666666666667,0.1730833333333333,0.7413016666666666,0.7641666666666667,0.6986666666666667
NLI,SNLI,SNLI,Same,Falcon,Falcon3-3B-Base,instronly,500,0.44083333333333335,0.4367916666666667,0.44309138199810216,0.09691666666666668,0.4399601250959278,0.45454545454545453,0.42533333333333334
NLI,SNLI,MNLI,Cross,Falcon,Falcon3-3B-Base,instronly,500,0.3844166666666667,0.37183333333333335,0.38616666666666666,0.22516666666666668,0.37882,0.38616666666666666,0.3585
NLI,SNLI,SNLI,Same,Falcon,Falcon3-3B-Instruct,instronly,500,0.5782553322756918,0.5766666666666667,0.5795465501485035,0.11258333333333334,0.5787291986769402,0.6145454545454545,0.573
NLI,SNLI,MNLI,Cross,Falcon,Falcon3-3B-Instruct,instronly,500,0.5836666666666667,0.582,0.5853333333333334,0.07491666666666667,0.583365,0.5891666666666666,0.5725
NLI,SNLI,SNLI,Same,Falcon,Falcon3-10B-Base,instronly,500,0.7563320196768963,0.7544583333333332,0.7578198380566802,0.09540519568151146,0.7564554031008947,0.7818181818181819,0.749
NLI,SNLI,MNLI,Cross,Falcon,Falcon3-10B-Base,instronly,500,0.7505833333333334,0.745,0.7548333333333334,0.11374999999999999,0.7497799999999999,0.7603333333333333,0.7331666666666666
NLI,SNLI,SNLI,Same,Falcon,Falcon3-10B-Instruct,instronly,500,0.8893333333333333,0.8884583333333333,0.8903260802727933,0.033416666666666664,0.8892739670785673,0.8923333333333333,0.8806390977443609
NLI,SNLI,MNLI,Cross,Falcon,Falcon3-10B-Instruct,instronly,500,0.8831666666666667,0.882,0.8846666666666667,0.04874999999999999,0.883375,0.8868333333333334,0.8808333333333334
NLI,SNLI,SNLI,Same,Gemma3,gemma-3-27b-pt,instronly,500,0.8016666666666666,0.8006666666666666,0.803,0.030416666666666647,0.8019603607230824,0.8163636363636364,0.798
NLI,SNLI,MNLI,Cross,Gemma3,gemma-3-27b-pt,instronly,500,0.7961666666666667,0.7936666666666666,0.7971666666666667,0.05250000000000002,0.7955916666666667,0.8028333333333333,0.789
NLI,SNLI,SNLI,Same,Gemma3,gemma-3-27b-it,instronly,500,0.8181666666666667,0.8175,0.8189166666666666,0.08016666666666666,0.8181797259018753,0.8272727272727273,0.8124310408238323
NLI,SNLI,MNLI,Cross,Gemma3,gemma-3-27b-it,instronly,500,0.8113333333333334,0.8101666666666667,0.8134166666666667,0.07916666666666668,0.8117633333333335,0.8215,0.8053333333333333
NLI,SNLI,SNLI,Same,Gemma3,gemma-3-12b-pt,instronly,500,0.719,0.7166666666666667,0.720995134844392,0.17183333333333334,0.7187092688952367,0.7290909090909091,0.7106666666666667
NLI,SNLI,MNLI,Cross,Gemma3,gemma-3-12b-pt,instronly,500,0.7041666666666667,0.704125,0.7055416666666667,0.17250000000000001,0.70304,0.7145,0.6915
NLI,SNLI,SNLI,Same,Gemma3,gemma-3-12b-it,instronly,500,0.72375,0.7214200346581698,0.7253750000000001,0.13716666666666666,0.7238320750444635,0.7545454545454545,0.7155
NLI,SNLI,MNLI,Cross,Gemma3,gemma-3-12b-it,instronly,500,0.7039166666666666,0.703,0.7046666666666667,0.18166666666666667,0.7038683333333334,0.7076666666666667,0.7013333333333334
NLI,SNLI,SNLI,Same,Llama3,Llama-3.1-8B,instronly,500,0.483,0.482125,0.484375,0.12774999999999997,0.48413867851959,0.5145454545454545,0.4801666666666667
NLI,SNLI,MNLI,Cross,Llama3,Llama-3.1-8B,instronly,500,0.45716666666666667,0.45666666666666667,0.45716666666666667,0.19766666666666666,0.4558916666666667,0.4821666666666667,0.43983333333333335
NLI,SNLI,SNLI,Same,Llama3,Llama-3.1-8B-Instruct,instronly,500,0.6695833333333333,0.6680416666666666,0.6716666666666666,0.07899999999999999,0.6695542033055556,0.6781818181818182,0.6583302684810592
NLI,SNLI,MNLI,Cross,Llama3,Llama-3.1-8B-Instruct,instronly,500,0.6717500000000001,0.669125,0.6743333333333333,0.11958333333333335,0.6719416666666667,0.6831666666666667,0.6646666666666666
NLI,SNLI,SNLI,Same,Llama3,Llama-3.1-70B,instronly,500,0.7895833333333333,0.7878596355951565,0.7913749999999999,0.062166666666666676,0.7895576804360948,0.7963636363636364,0.7782272894446488
NLI,SNLI,MNLI,Cross,Llama3,Llama-3.1-70B,instronly,500,0.7378333333333333,0.7343333333333333,0.7414583333333333,0.15491666666666665,0.7368583333333332,0.7501666666666666,0.7246666666666667
NLI,SNLI,SNLI,Same,Llama3,Llama-3.1-70B-Instruct,instronly,500,0.79225,0.78925,0.794579616021168,0.049666666666666665,0.7919019835879947,0.8054545454545454,0.7825
NLI,SNLI,MNLI,Cross,Llama3,Llama-3.1-70B-Instruct,instronly,500,0.7686666666666667,0.7668333333333334,0.7718333333333334,0.1295,0.7690133333333332,0.7798333333333334,0.7591666666666667
NLI,SNLI,SNLI,Same,Falcon,Falcon3-3B-Base,fewshot,500,0.6735,0.6708333333333333,0.6755,0.1828638157163499,0.6730254254669846,0.6775,0.6654545454545454
NLI,SNLI,MNLI,Cross,Falcon,Falcon3-3B-Base,fewshot,500,0.6653333333333333,0.6653333333333333,0.666,0.11649999999999998,0.6636133333333334,0.6778333333333333,0.6468333333333334
NLI,SNLI,SNLI,Same,Falcon,Falcon3-3B-Instruct,fewshot,500,0.7721666666666667,0.7703098885529307,0.774,0.168,0.7721268731704728,0.7797599199733244,0.7631666666666667
NLI,SNLI,MNLI,Cross,Falcon,Falcon3-3B-Instruct,fewshot,500,0.8006666666666666,0.7974166666666667,0.8027083333333334,0.052333333333333315,0.7999600000000001,0.8055,0.7918333333333333
NLI,SNLI,SNLI,Same,Falcon,Falcon3-10B-Base,fewshot,500,0.7598333333333334,0.758625,0.7613333333333333,0.11116666666666669,0.7600749561636908,0.770764119601329,0.7551666666666667
NLI,SNLI,MNLI,Cross,Falcon,Falcon3-10B-Base,fewshot,500,0.7729166666666667,0.7703333333333333,0.7759166666666667,0.11091666666666666,0.7732499999999999,0.785,0.7611666666666667
NLI,SNLI,SNLI,Same,Falcon,Falcon3-10B-Instruct,fewshot,500,0.8918333333333334,0.8911666666666667,0.8925416666666667,0.01783333333333334,0.8918531080064964,0.895,0.8854545454545455
NLI,SNLI,MNLI,Cross,Falcon,Falcon3-10B-Instruct,fewshot,500,0.8913333333333333,0.891,0.8918333333333334,0.025499999999999995,0.8914500000000001,0.8941666666666667,0.89
NLI,SNLI,SNLI,Same,Gemma3,gemma-3-27b-pt,fewshot,500,0.684,0.6829583333333333,0.685875,0.09483333333333331,0.6843202920915946,0.691,0.678992373468916
NLI,SNLI,MNLI,Cross,Gemma3,gemma-3-27b-pt,fewshot,500,0.6258333333333334,0.6213333333333333,0.6295,0.22816666666666666,0.6263716666666665,0.6363333333333333,0.6143333333333333
NLI,SNLI,SNLI,Same,Gemma3,gemma-3-27b-it,fewshot,500,0.8439166666666666,0.8426666666666667,0.8450416666666667,0.06666546914623837,0.8440975100477001,0.8563636363636363,0.84
NLI,SNLI,MNLI,Cross,Gemma3,gemma-3-27b-it,fewshot,500,0.7346666666666667,0.7285,0.740125,0.21066666666666667,0.7364149999999998,0.773,0.7133333333333334
NLI,SNLI,SNLI,Same,Gemma3,gemma-3-12b-pt,fewshot,500,0.7365,0.73375,0.7378333333333333,0.1179166666666667,0.7357212972223134,0.7448333333333333,0.72
NLI,SNLI,MNLI,Cross,Gemma3,gemma-3-12b-pt,fewshot,500,0.7461666666666666,0.7421666666666666,0.748,0.07216666666666668,0.7457433333333333,0.7536666666666667,0.7335
NLI,SNLI,SNLI,Same,Gemma3,gemma-3-12b-it,fewshot,500,0.759,0.7543333333333333,0.7636983518420589,0.10000000000000002,0.7593162698305108,0.7826666666666666,0.7368421052631579
NLI,SNLI,MNLI,Cross,Gemma3,gemma-3-12b-it,fewshot,500,0.7633333333333333,0.762,0.7645,0.15833333333333333,0.7636933333333333,0.7713333333333333,0.7596666666666667
NLI,SNLI,SNLI,Same,Llama3,Llama-3.1-8B,fewshot,500,0.545,0.5431666666666667,0.5463333333333333,0.11231639928698753,0.5440697900719615,0.549,0.49818181818181817
NLI,SNLI,MNLI,Cross,Llama3,Llama-3.1-8B,fewshot,500,0.5190833333333333,0.5136666666666667,0.5248333333333334,0.21475,0.5192533333333333,0.5255,0.5061666666666667
NLI,SNLI,SNLI,Same,Llama3,Llama-3.1-8B-Instruct,fewshot,500,0.57,0.5677916666666667,0.5728333333333333,0.10010000555740801,0.5699008221989493,0.5786666666666667,0.5509090909090909
NLI,SNLI,MNLI,Cross,Llama3,Llama-3.1-8B-Instruct,fewshot,500,0.5548333333333333,0.5521666666666667,0.5565,0.24366666666666667,0.5544449999999999,0.5598333333333333,0.546
NLI,SNLI,SNLI,Same,Llama3,Llama-3.1-70B,fewshot,500,0.7385057950386336,0.7367916666666667,0.7395174070156884,0.104328320802005,0.7384178571136314,0.7448333333333333,0.7328333333333333
NLI,SNLI,MNLI,Cross,Llama3,Llama-3.1-70B,fewshot,500,0.7241666666666666,0.721125,0.7267083333333333,0.13233333333333336,0.7236916666666667,0.7388333333333333,0.7086666666666667
NLI,SNLI,SNLI,Same,Llama3,Llama-3.1-70B-Instruct,fewshot,500,0.8129166666666666,0.8114583333333334,0.8150416666666667,0.06366666666666666,0.8133803662926651,0.8254545454545454,0.8031666666666667
NLI,SNLI,MNLI,Cross,Llama3,Llama-3.1-70B-Instruct,fewshot,500,0.823,0.8188333333333333,0.8256666666666667,0.075,0.8220566666666665,0.831,0.809
MCQ,MMLU-STEM,MMLU-STEM,Same,Falcon,Falcon3-3B-Base,zeroshot,500,0.44416666666666665,0.4425,0.44625,0.046725073007926596,0.44429604404277984,0.44958333333333333,0.43833333333333335
MCQ,MMLU-STEM,MMLU-HUMANITIES,Cross,Falcon,Falcon3-3B-Base,zeroshot,500,0.44958333333333333,0.4475,0.4504166666666667,0.175625,0.44872916666666657,0.45458333333333334,0.4395833333333333
MCQ,MMLU-STEM,MMLU-SOCIAL_SCI,Cross,Falcon,Falcon3-3B-Base,zeroshot,500,0.44958333333333333,0.4475,0.45208333333333334,0.12020833333333333,0.44942083333333344,0.45666666666666667,0.4425
MCQ,MMLU-STEM,MMLU-OTHERS,Cross,Falcon,Falcon3-3B-Base,zeroshot,500,0.45125,0.44958333333333333,0.4529166666666667,0.16875,0.45129583333333334,0.45666666666666667,0.4454166666666667
MCQ,MMLU-STEM,MMLU-STEM,Same,Falcon,Falcon3-3B-Instruct,zeroshot,500,0.50875,0.5066666666666667,0.5104166666666666,0.06624999999999999,0.5085276225176453,0.51625,0.502851711026616
MCQ,MMLU-STEM,MMLU-HUMANITIES,Cross,Falcon,Falcon3-3B-Instruct,zeroshot,500,0.50875,0.5070833333333333,0.51,0.053124999999999985,0.5086458333333334,0.5158333333333334,0.5025
MCQ,MMLU-STEM,MMLU-SOCIAL_SCI,Cross,Falcon,Falcon3-3B-Instruct,zeroshot,500,0.505,0.5041666666666667,0.50625,0.11541666666666667,0.5049125,0.5091666666666667,0.49541666666666667
MCQ,MMLU-STEM,MMLU-OTHERS,Cross,Falcon,Falcon3-3B-Instruct,zeroshot,500,0.5041666666666667,0.5029166666666667,0.5054166666666666,0.138125,0.5039958333333333,0.5091666666666667,0.49541666666666667
MCQ,MMLU-STEM,MMLU-STEM,Same,Falcon,Falcon3-10B-Base,zeroshot,500,0.527719883284702,0.5258333333333334,0.5291666666666667,0.021250000000000005,0.5275823260338093,0.5345833333333333,0.5183333333333333
MCQ,MMLU-STEM,MMLU-HUMANITIES,Cross,Falcon,Falcon3-10B-Base,zeroshot,500,0.5210416666666666,0.5191666666666667,0.5220833333333333,0.11249999999999999,0.5202583333333334,0.5245833333333333,0.5058333333333334
MCQ,MMLU-STEM,MMLU-SOCIAL_SCI,Cross,Falcon,Falcon3-10B-Base,zeroshot,500,0.5183333333333333,0.5169791666666667,0.5195833333333333,0.11708333333333333,0.5182666666666667,0.5266666666666666,0.5104166666666666
MCQ,MMLU-STEM,MMLU-OTHERS,Cross,Falcon,Falcon3-10B-Base,zeroshot,500,0.5229166666666667,0.52,0.525,0.09145833333333334,0.5226375,0.5291666666666667,0.5120833333333333
MCQ,MMLU-STEM,MMLU-STEM,Same,Falcon,Falcon3-10B-Instruct,zeroshot,500,0.40041666666666664,0.39915966386554624,0.4025,0.026666666666666672,0.40054267695473483,0.40958333333333335,0.3929166666666667
MCQ,MMLU-STEM,MMLU-HUMANITIES,Cross,Falcon,Falcon3-10B-Instruct,zeroshot,500,0.39416666666666667,0.39239583333333333,0.39708333333333334,0.13354166666666667,0.39486666666666664,0.40541666666666665,0.3879166666666667
MCQ,MMLU-STEM,MMLU-SOCIAL_SCI,Cross,Falcon,Falcon3-10B-Instruct,zeroshot,500,0.40291666666666665,0.40125,0.40375,0.09,0.40250833333333347,0.40875,0.395
MCQ,MMLU-STEM,MMLU-OTHERS,Cross,Falcon,Falcon3-10B-Instruct,zeroshot,500,0.4066666666666667,0.40489583333333334,0.40791666666666665,0.07395833333333332,0.40612916666666665,0.41083333333333333,0.4
MCQ,MMLU-STEM,MMLU-STEM,Same,Gemma3,gemma-3-27b-pt,zeroshot,500,0.6916666666666667,0.6895833333333333,0.6929166666666666,0.042499999999999996,0.6913178623518291,0.69625,0.6858333333333333
MCQ,MMLU-STEM,MMLU-HUMANITIES,Cross,Gemma3,gemma-3-27b-pt,zeroshot,500,0.6945833333333333,0.6933333333333334,0.6958333333333333,0.029166666666666653,0.6945833333333333,0.6983333333333334,0.6908333333333333
MCQ,MMLU-STEM,MMLU-SOCIAL_SCI,Cross,Gemma3,gemma-3-27b-pt,zeroshot,500,0.6872916666666666,0.68625,0.6884375,0.08458333333333332,0.6873374999999998,0.6920833333333334,0.6816666666666666
MCQ,MMLU-STEM,MMLU-OTHERS,Cross,Gemma3,gemma-3-27b-pt,zeroshot,500,0.6866666666666666,0.685,0.6891666666666667,0.07208333333333333,0.6871083333333334,0.6933333333333334,0.68125
MCQ,MMLU-STEM,MMLU-STEM,Same,Gemma3,gemma-3-27b-it,zeroshot,500,0.6845833333333333,0.6833333333333333,0.68625,0.08416666666666664,0.6850906162926378,0.6953422053231939,0.6795833333333333
MCQ,MMLU-STEM,MMLU-HUMANITIES,Cross,Gemma3,gemma-3-27b-it,zeroshot,500,0.6691666666666667,0.6666666666666666,0.6716666666666666,0.113125,0.6692458333333334,0.6766666666666666,0.6583333333333333
MCQ,MMLU-STEM,MMLU-SOCIAL_SCI,Cross,Gemma3,gemma-3-27b-it,zeroshot,500,0.6654166666666667,0.6641666666666667,0.6669791666666667,0.13708333333333333,0.6658833333333334,0.6745833333333333,0.65875
MCQ,MMLU-STEM,MMLU-OTHERS,Cross,Gemma3,gemma-3-27b-it,zeroshot,500,0.6708333333333333,0.6691666666666667,0.6729166666666667,0.11791666666666667,0.6710374999999997,0.6791666666666667,0.6620833333333334
MCQ,MMLU-STEM,MMLU-STEM,Same,Gemma3,gemma-3-12b-pt,zeroshot,500,0.6270967741935484,0.6258333333333334,0.6283333333333333,0.05958333333333332,0.6271442506781282,0.6364068441064639,0.6224361657597322
MCQ,MMLU-STEM,MMLU-HUMANITIES,Cross,Gemma3,gemma-3-12b-pt,zeroshot,500,0.6291666666666667,0.6279166666666667,0.6301041666666667,0.06583333333333331,0.6290791666666667,0.63375,0.62375
MCQ,MMLU-STEM,MMLU-SOCIAL_SCI,Cross,Gemma3,gemma-3-12b-pt,zeroshot,500,0.625,0.6229166666666667,0.6270833333333333,0.15083333333333335,0.624875,0.6295833333333334,0.61875
MCQ,MMLU-STEM,MMLU-OTHERS,Cross,Gemma3,gemma-3-12b-pt,zeroshot,500,0.621875,0.6195833333333334,0.6241666666666666,0.08354166666666668,0.6219374999999999,0.6291666666666667,0.615
MCQ,MMLU-STEM,MMLU-STEM,Same,Gemma3,gemma-3-12b-it,zeroshot,500,0.65375,0.6525,0.6554166666666666,0.07125,0.6539290600599741,0.6615180935569285,0.6491666666666667
MCQ,MMLU-STEM,MMLU-HUMANITIES,Cross,Gemma3,gemma-3-12b-it,zeroshot,500,0.6545833333333333,0.6533333333333333,0.6554166666666666,0.06541666666666666,0.6544166666666668,0.6575,0.65125
MCQ,MMLU-STEM,MMLU-SOCIAL_SCI,Cross,Gemma3,gemma-3-12b-it,zeroshot,500,0.6491666666666667,0.6479166666666667,0.6508333333333334,0.12458333333333332,0.6494666666666667,0.6558333333333334,0.6441666666666667
MCQ,MMLU-STEM,MMLU-OTHERS,Cross,Gemma3,gemma-3-12b-it,zeroshot,500,0.6495833333333333,0.6479166666666667,0.6508333333333334,0.10416666666666669,0.6493625000000001,0.655,0.64375
MCQ,MMLU-STEM,MMLU-STEM,Same,Llama3,Llama-3.1-8B,zeroshot,500,0.4220833333333333,0.42041666666666666,0.42375,0.10416666666666664,0.42202832716429806,0.4275,0.41541666666666666
MCQ,MMLU-STEM,MMLU-HUMANITIES,Cross,Llama3,Llama-3.1-8B,zeroshot,500,0.41333333333333333,0.4119791666666667,0.415,0.20833333333333331,0.4133625000000001,0.41833333333333333,0.4083333333333333
MCQ,MMLU-STEM,MMLU-SOCIAL_SCI,Cross,Llama3,Llama-3.1-8B,zeroshot,500,0.4170833333333333,0.41625,0.4191666666666667,0.16875,0.4177458333333333,0.42375,0.4116666666666667
MCQ,MMLU-STEM,MMLU-OTHERS,Cross,Llama3,Llama-3.1-8B,zeroshot,500,0.4166666666666667,0.41583333333333333,0.41833333333333333,0.111875,0.41715833333333335,0.4245833333333333,0.4125
MCQ,MMLU-STEM,MMLU-STEM,Same,Llama3,Llama-3.1-8B-Instruct,zeroshot,500,0.5139758030871924,0.5120833333333333,0.5158333333333334,0.04541666666666666,0.5139076235652413,0.5195833333333333,0.5075
MCQ,MMLU-STEM,MMLU-HUMANITIES,Cross,Llama3,Llama-3.1-8B-Instruct,zeroshot,500,0.5045833333333334,0.5032291666666666,0.5067708333333334,0.22500000000000003,0.5046416666666667,0.5116666666666667,0.49375
MCQ,MMLU-STEM,MMLU-SOCIAL_SCI,Cross,Llama3,Llama-3.1-8B-Instruct,zeroshot,500,0.499375,0.4965625,0.5041666666666667,0.21541666666666665,0.5000333333333333,0.51125,0.48833333333333334
MCQ,MMLU-STEM,MMLU-OTHERS,Cross,Llama3,Llama-3.1-8B-Instruct,zeroshot,500,0.513125,0.51,0.5170833333333333,0.11854166666666668,0.5132,0.5208333333333334,0.49916666666666665
MCQ,MMLU-STEM,MMLU-STEM,Same,Llama3,Llama-3.1-70B,zeroshot,500,0.5929166666666666,0.5908333333333333,0.5941666666666666,0.01916666666666668,0.5925894154274943,0.5978494623655914,0.5870833333333333
MCQ,MMLU-STEM,MMLU-HUMANITIES,Cross,Llama3,Llama-3.1-70B,zeroshot,500,0.5870833333333333,0.5841666666666666,0.5895833333333333,0.12625,0.5871833333333334,0.5945833333333334,0.5795833333333333
MCQ,MMLU-STEM,MMLU-SOCIAL_SCI,Cross,Llama3,Llama-3.1-70B,zeroshot,500,0.5814583333333334,0.5782291666666667,0.5858333333333333,0.095,0.5816166666666666,0.595,0.5683333333333334
MCQ,MMLU-STEM,MMLU-OTHERS,Cross,Llama3,Llama-3.1-70B,zeroshot,500,0.5895833333333333,0.5875,0.5920833333333333,0.049166666666666664,0.5892666666666667,0.5954166666666667,0.5766666666666667
MCQ,MMLU-STEM,MMLU-STEM,Same,Llama3,Llama-3.1-70B-Instruct,zeroshot,500,0.6929166666666666,0.6916666666666667,0.6944560233430596,0.04458333333333332,0.6930338326201358,0.7010456273764258,0.6875
MCQ,MMLU-STEM,MMLU-HUMANITIES,Cross,Llama3,Llama-3.1-70B-Instruct,zeroshot,500,0.67625,0.6736458333333333,0.6783333333333333,0.13208333333333333,0.6754625000000002,0.6816666666666666,0.6570833333333334
MCQ,MMLU-STEM,MMLU-SOCIAL_SCI,Cross,Llama3,Llama-3.1-70B-Instruct,zeroshot,500,0.6747916666666667,0.6720833333333334,0.67625,0.11979166666666667,0.6742666666666666,0.68625,0.6645833333333333
MCQ,MMLU-STEM,MMLU-OTHERS,Cross,Llama3,Llama-3.1-70B-Instruct,zeroshot,500,0.6783333333333333,0.67625,0.6808333333333333,0.09937499999999998,0.6785708333333333,0.6895833333333333,0.6679166666666667
MCQ,MMLU-STEM,MMLU-STEM,Same,Falcon,Falcon3-3B-Base,instronly,500,0.45708333333333334,0.4554166666666667,0.4583333333333333,0.017939090529828963,0.45687036908666934,0.46291666666666664,0.4504166666666667
MCQ,MMLU-STEM,MMLU-HUMANITIES,Cross,Falcon,Falcon3-3B-Base,instronly,500,0.4558333333333333,0.45458333333333334,0.4575,0.06270833333333334,0.4560666666666666,0.46041666666666664,0.44666666666666666
MCQ,MMLU-STEM,MMLU-SOCIAL_SCI,Cross,Falcon,Falcon3-3B-Base,instronly,500,0.4583333333333333,0.45666666666666667,0.45958333333333334,0.09458333333333332,0.45837916666666656,0.4633333333333333,0.4529166666666667
MCQ,MMLU-STEM,MMLU-OTHERS,Cross,Falcon,Falcon3-3B-Base,instronly,500,0.45875,0.45708333333333334,0.46010416666666665,0.07645833333333335,0.4585583333333333,0.46416666666666667,0.45375
MCQ,MMLU-STEM,MMLU-STEM,Same,Falcon,Falcon3-3B-Instruct,instronly,500,0.5133333333333333,0.5116666666666667,0.515,0.04875,0.5133302222004555,0.5179166666666667,0.5072463768115942
MCQ,MMLU-STEM,MMLU-HUMANITIES,Cross,Falcon,Falcon3-3B-Instruct,instronly,500,0.5141666666666667,0.5125,0.515,0.035625,0.5141041666666668,0.5183333333333333,0.5104166666666666
MCQ,MMLU-STEM,MMLU-SOCIAL_SCI,Cross,Falcon,Falcon3-3B-Instruct,instronly,500,0.5102083333333334,0.5091666666666667,0.51125,0.07333333333333332,0.5102833333333334,0.5175,0.5041666666666667
MCQ,MMLU-STEM,MMLU-OTHERS,Cross,Falcon,Falcon3-3B-Instruct,instronly,500,0.5114583333333333,0.5104166666666666,0.5133333333333333,0.06770833333333334,0.5119750000000001,0.5183333333333333,0.5083333333333333
MCQ,MMLU-STEM,MMLU-STEM,Same,Falcon,Falcon3-10B-Base,instronly,500,0.6366666666666667,0.6341666666666667,0.6383333333333333,0.030344202898550734,0.6364913191977768,0.6471920289855072,0.6295833333333334
MCQ,MMLU-STEM,MMLU-HUMANITIES,Cross,Falcon,Falcon3-10B-Base,instronly,500,0.64125,0.6390625,0.6429166666666667,0.10479166666666667,0.6408333333333335,0.6454166666666666,0.635
MCQ,MMLU-STEM,MMLU-SOCIAL_SCI,Cross,Falcon,Falcon3-10B-Base,instronly,500,0.6364583333333333,0.6345833333333334,0.6383333333333333,0.09000000000000001,0.6364041666666667,0.6416666666666667,0.6279166666666667
MCQ,MMLU-STEM,MMLU-OTHERS,Cross,Falcon,Falcon3-10B-Base,instronly,500,0.6329166666666667,0.6304166666666666,0.635,0.12604166666666666,0.6327750000000001,0.63875,0.625
MCQ,MMLU-STEM,MMLU-STEM,Same,Falcon,Falcon3-10B-Instruct,instronly,500,0.6058333333333333,0.6045833333333334,0.6075,0.04416666666666666,0.6061608552579645,0.6140684410646388,0.5995833333333334
MCQ,MMLU-STEM,MMLU-HUMANITIES,Cross,Falcon,Falcon3-10B-Instruct,instronly,500,0.60125,0.5998958333333333,0.6029166666666667,0.09958333333333333,0.6014375,0.6070833333333333,0.595
MCQ,MMLU-STEM,MMLU-SOCIAL_SCI,Cross,Falcon,Falcon3-10B-Instruct,instronly,500,0.6008333333333333,0.5979166666666667,0.6025,0.09895833333333334,0.5999749999999999,0.6058333333333333,0.5908333333333333
MCQ,MMLU-STEM,MMLU-OTHERS,Cross,Falcon,Falcon3-10B-Instruct,instronly,500,0.6004166666666667,0.5979166666666667,0.6020833333333333,0.08708333333333335,0.5997958333333333,0.6066666666666667,0.5904166666666667
MCQ,MMLU-STEM,MMLU-STEM,Same,Gemma3,gemma-3-27b-pt,instronly,500,0.6908333333333333,0.6891666666666667,0.6929166666666666,0.019166666666666665,0.691012311516901,0.6979166666666666,0.68625
MCQ,MMLU-STEM,MMLU-HUMANITIES,Cross,Gemma3,gemma-3-27b-pt,instronly,500,0.67875,0.6775,0.68125,0.08291666666666668,0.6792916666666664,0.6875,0.6729166666666667
MCQ,MMLU-STEM,MMLU-SOCIAL_SCI,Cross,Gemma3,gemma-3-27b-pt,instronly,500,0.6893750000000001,0.6879166666666666,0.6904166666666667,0.06083333333333333,0.6891708333333333,0.6925,0.6858333333333333
MCQ,MMLU-STEM,MMLU-OTHERS,Cross,Gemma3,gemma-3-27b-pt,instronly,500,0.6883333333333334,0.6870833333333334,0.6891666666666667,0.03791666666666666,0.6881708333333333,0.6916666666666667,0.685
MCQ,MMLU-STEM,MMLU-STEM,Same,Gemma3,gemma-3-27b-it,instronly,500,0.69625,0.6952897040433514,0.6970833333333334,0.03215031315240084,0.6961853651126024,0.7016666666666667,0.6920833333333334
MCQ,MMLU-STEM,MMLU-HUMANITIES,Cross,Gemma3,gemma-3-27b-it,instronly,500,0.6929166666666666,0.6908333333333333,0.6945833333333333,0.026250000000000016,0.6926291666666665,0.6975,0.685
MCQ,MMLU-STEM,MMLU-SOCIAL_SCI,Cross,Gemma3,gemma-3-27b-it,instronly,500,0.6954166666666667,0.6945833333333333,0.6966666666666667,0.05208333333333334,0.6956416666666668,0.69875,0.6929166666666666
MCQ,MMLU-STEM,MMLU-OTHERS,Cross,Gemma3,gemma-3-27b-it,instronly,500,0.6966666666666667,0.6958333333333333,0.6975,0.043541666666666666,0.6966666666666669,0.6991666666666667,0.69375
MCQ,MMLU-STEM,MMLU-STEM,Same,Gemma3,gemma-3-12b-pt,instronly,500,0.62,0.61875,0.6216666666666667,0.07958333333333334,0.620274699793452,0.6326045627376425,0.6133333333333333
MCQ,MMLU-STEM,MMLU-HUMANITIES,Cross,Gemma3,gemma-3-12b-pt,instronly,500,0.6204166666666666,0.6191666666666666,0.62125,0.07250000000000001,0.6204333333333333,0.6275,0.61625
MCQ,MMLU-STEM,MMLU-SOCIAL_SCI,Cross,Gemma3,gemma-3-12b-pt,instronly,500,0.6195833333333334,0.6186458333333333,0.6204166666666666,0.10916666666666665,0.6192833333333333,0.6225,0.6154166666666666
MCQ,MMLU-STEM,MMLU-OTHERS,Cross,Gemma3,gemma-3-12b-pt,instronly,500,0.62,0.61875,0.6208333333333333,0.10625000000000001,0.6197833333333334,0.6229166666666667,0.6141666666666666
MCQ,MMLU-STEM,MMLU-STEM,Same,Gemma3,gemma-3-12b-it,instronly,500,0.6333333333333333,0.6320833333333333,0.6341666666666667,0.07557411273486431,0.6331117310124004,0.6372462488967343,0.6283924843423799
MCQ,MMLU-STEM,MMLU-HUMANITIES,Cross,Gemma3,gemma-3-12b-it,instronly,500,0.6308333333333334,0.6304166666666666,0.6325,0.07,0.6312708333333333,0.6354166666666666,0.6279166666666667
MCQ,MMLU-STEM,MMLU-SOCIAL_SCI,Cross,Gemma3,gemma-3-12b-it,instronly,500,0.6354166666666666,0.6345833333333334,0.63625,0.10979166666666666,0.6354416666666666,0.6383333333333333,0.6320833333333333
MCQ,MMLU-STEM,MMLU-OTHERS,Cross,Gemma3,gemma-3-12b-it,instronly,500,0.6345833333333334,0.6333333333333333,0.6354166666666666,0.10062499999999999,0.6344041666666667,0.6375,0.6308333333333334
MCQ,MMLU-STEM,MMLU-STEM,Same,Llama3,Llama-3.1-8B,instronly,500,0.4841666666666667,0.48291666666666666,0.48541666666666666,0.023333333333333317,0.4842736622080071,0.49125,0.47708333333333336
MCQ,MMLU-STEM,MMLU-HUMANITIES,Cross,Llama3,Llama-3.1-8B,instronly,500,0.48375,0.48125,0.48541666666666666,0.1429166666666667,0.4833625,0.48875,0.47708333333333336
MCQ,MMLU-STEM,MMLU-SOCIAL_SCI,Cross,Llama3,Llama-3.1-8B,instronly,500,0.4816666666666667,0.48041666666666666,0.4845833333333333,0.13,0.4823458333333333,0.48791666666666667,0.47583333333333333
MCQ,MMLU-STEM,MMLU-OTHERS,Cross,Llama3,Llama-3.1-8B,instronly,500,0.4810416666666667,0.47833333333333333,0.4841666666666667,0.06375,0.4813208333333334,0.4875,0.47291666666666665
MCQ,MMLU-STEM,MMLU-STEM,Same,Llama3,Llama-3.1-8B-Instruct,instronly,500,0.5383333333333333,0.5370833333333334,0.5404166666666667,0.05666666666666666,0.5388269347958292,0.5454166666666667,0.5329166666666667
MCQ,MMLU-STEM,MMLU-HUMANITIES,Cross,Llama3,Llama-3.1-8B-Instruct,instronly,500,0.53,0.5279166666666667,0.53375,0.10854166666666668,0.5305083333333332,0.53875,0.52375
MCQ,MMLU-STEM,MMLU-SOCIAL_SCI,Cross,Llama3,Llama-3.1-8B-Instruct,instronly,500,0.53,0.5273958333333333,0.5326041666666667,0.13083333333333336,0.5300291666666667,0.5420833333333334,0.5191666666666667
MCQ,MMLU-STEM,MMLU-OTHERS,Cross,Llama3,Llama-3.1-8B-Instruct,instronly,500,0.5383333333333333,0.53625,0.54,0.07270833333333333,0.5379833333333333,0.5454166666666667,0.5291666666666667
MCQ,MMLU-STEM,MMLU-STEM,Same,Llama3,Llama-3.1-70B,instronly,500,0.6383333333333333,0.6370833333333333,0.64,0.026666666666666658,0.6385825492401765,0.645,0.6333333333333333
MCQ,MMLU-STEM,MMLU-HUMANITIES,Cross,Llama3,Llama-3.1-70B,instronly,500,0.6233333333333333,0.62125,0.6241666666666666,0.13916666666666666,0.6226458333333335,0.6295833333333334,0.61
MCQ,MMLU-STEM,MMLU-SOCIAL_SCI,Cross,Llama3,Llama-3.1-70B,instronly,500,0.6331249999999999,0.6307291666666667,0.635,0.106875,0.6326375000000001,0.6391666666666667,0.6216666666666667
MCQ,MMLU-STEM,MMLU-OTHERS,Cross,Llama3,Llama-3.1-70B,instronly,500,0.63375,0.63125,0.6358333333333334,0.07916666666666669,0.6328708333333333,0.6404166666666666,0.6183333333333333
MCQ,MMLU-STEM,MMLU-STEM,Same,Llama3,Llama-3.1-70B-Instruct,instronly,500,0.7054166666666667,0.7041666666666667,0.7070833333333333,0.04467640918580375,0.7054728524203282,0.7100760456273765,0.6975
MCQ,MMLU-STEM,MMLU-HUMANITIES,Cross,Llama3,Llama-3.1-70B-Instruct,instronly,500,0.6922916666666667,0.6903125,0.6942708333333334,0.1289583333333333,0.6918166666666665,0.70625,0.6783333333333333
MCQ,MMLU-STEM,MMLU-SOCIAL_SCI,Cross,Llama3,Llama-3.1-70B-Instruct,instronly,500,0.6929166666666666,0.6911458333333333,0.695,0.10833333333333332,0.693025,0.7025,0.6866666666666666
MCQ,MMLU-STEM,MMLU-OTHERS,Cross,Llama3,Llama-3.1-70B-Instruct,instronly,500,0.69125,0.6895833333333333,0.69375,0.09979166666666665,0.6918208333333332,0.7,0.6854166666666667
MCQ,MMLU-STEM,MMLU-STEM,Same,Falcon,Falcon3-3B-Base,fewshot,500,0.4970833333333333,0.4945833333333333,0.49833333333333335,0.03375,0.4967556431004348,0.50375,0.4920833333333333
MCQ,MMLU-STEM,MMLU-HUMANITIES,Cross,Falcon,Falcon3-3B-Base,fewshot,500,0.49416666666666664,0.4928125,0.49541666666666667,0.08979166666666666,0.49402499999999994,0.49833333333333335,0.49041666666666667
MCQ,MMLU-STEM,MMLU-SOCIAL_SCI,Cross,Falcon,Falcon3-3B-Base,fewshot,500,0.50125,0.49833333333333335,0.5033333333333333,0.145,0.5006916666666666,0.5075,0.49083333333333334
MCQ,MMLU-STEM,MMLU-OTHERS,Cross,Falcon,Falcon3-3B-Base,fewshot,500,0.5,0.49833333333333335,0.5016666666666667,0.09875,0.5001,0.5075,0.4945833333333333
MCQ,MMLU-STEM,MMLU-STEM,Same,Falcon,Falcon3-3B-Instruct,fewshot,500,0.5216666666666666,0.5191666666666667,0.5229202037351444,0.01708333333333334,0.5215231354101857,0.5270833333333333,0.5152688172043011
MCQ,MMLU-STEM,MMLU-HUMANITIES,Cross,Falcon,Falcon3-3B-Instruct,fewshot,500,0.51875,0.5170833333333333,0.52125,0.026874999999999996,0.5190375,0.5241666666666667,0.5116666666666667
MCQ,MMLU-STEM,MMLU-SOCIAL_SCI,Cross,Falcon,Falcon3-3B-Instruct,fewshot,500,0.5183333333333333,0.5166666666666667,0.5191666666666667,0.07416666666666666,0.518025,0.5245833333333333,0.5116666666666667
MCQ,MMLU-STEM,MMLU-OTHERS,Cross,Falcon,Falcon3-3B-Instruct,fewshot,500,0.51875,0.5166666666666667,0.5201041666666667,0.05937499999999999,0.5184791666666667,0.52375,0.5116666666666667
MCQ,MMLU-STEM,MMLU-STEM,Same,Falcon,Falcon3-10B-Base,fewshot,500,0.6579166666666667,0.6566666666666666,0.66,0.040416666666666656,0.6583449040074427,0.66375,0.6533333333333333
MCQ,MMLU-STEM,MMLU-HUMANITIES,Cross,Falcon,Falcon3-10B-Base,fewshot,500,0.6581250000000001,0.6566666666666666,0.6591666666666667,0.05374999999999998,0.65775,0.6625,0.6516666666666666
MCQ,MMLU-STEM,MMLU-SOCIAL_SCI,Cross,Falcon,Falcon3-10B-Base,fewshot,500,0.655,0.6529166666666667,0.6570833333333334,0.08854166666666666,0.6548375,0.66125,0.6470833333333333
MCQ,MMLU-STEM,MMLU-OTHERS,Cross,Falcon,Falcon3-10B-Base,fewshot,500,0.6575,0.6554166666666666,0.6591666666666667,0.08395833333333333,0.6570374999999999,0.6620833333333334,0.6495833333333333
MCQ,MMLU-STEM,MMLU-STEM,Same,Falcon,Falcon3-10B-Instruct,fewshot,500,0.6704166666666667,0.6691666666666667,0.6716666666666666,0.02333333333333333,0.670339124625062,0.6783333333333333,0.6648550724637681
MCQ,MMLU-STEM,MMLU-HUMANITIES,Cross,Falcon,Falcon3-10B-Instruct,fewshot,500,0.6679166666666667,0.6666666666666666,0.6695833333333333,0.04875,0.6681833333333336,0.6729166666666667,0.6633333333333333
MCQ,MMLU-STEM,MMLU-SOCIAL_SCI,Cross,Falcon,Falcon3-10B-Instruct,fewshot,500,0.6716666666666666,0.6708333333333333,0.6725,0.01583333333333331,0.6718458333333334,0.675,0.6683333333333333
MCQ,MMLU-STEM,MMLU-OTHERS,Cross,Falcon,Falcon3-10B-Instruct,fewshot,500,0.6720833333333334,0.67125,0.6729166666666667,0.015208333333333345,0.6720291666666667,0.675,0.6679166666666667
MCQ,MMLU-STEM,MMLU-STEM,Same,Gemma3,gemma-3-27b-pt,fewshot,500,0.7333333333333333,0.7316666666666667,0.7354166666666667,0.020000000000000004,0.7334241075745994,0.7391666666666666,0.7279166666666667
MCQ,MMLU-STEM,MMLU-HUMANITIES,Cross,Gemma3,gemma-3-27b-pt,fewshot,500,0.7245833333333334,0.7220833333333333,0.7263541666666666,0.09083333333333335,0.7243458333333332,0.7308333333333333,0.71625
MCQ,MMLU-STEM,MMLU-SOCIAL_SCI,Cross,Gemma3,gemma-3-27b-pt,fewshot,500,0.7308333333333333,0.7291666666666666,0.7326041666666667,0.058958333333333335,0.7308083333333333,0.7370833333333333,0.7229166666666667
MCQ,MMLU-STEM,MMLU-OTHERS,Cross,Gemma3,gemma-3-27b-pt,fewshot,500,0.7329166666666667,0.7315625,0.735,0.03333333333333333,0.7331541666666667,0.7391666666666666,0.725
MCQ,MMLU-STEM,MMLU-STEM,Same,Gemma3,gemma-3-27b-it,fewshot,500,0.71625,0.715,0.7170833333333333,0.02500000000000001,0.7161706234711097,0.7195479280033487,0.7134030418250951
MCQ,MMLU-STEM,MMLU-HUMANITIES,Cross,Gemma3,gemma-3-27b-it,fewshot,500,0.7183333333333334,0.7175,0.7191666666666666,0.014583333333333337,0.7183125000000001,0.72125,0.7145833333333333
MCQ,MMLU-STEM,MMLU-SOCIAL_SCI,Cross,Gemma3,gemma-3-27b-it,fewshot,500,0.7179166666666666,0.7170833333333333,0.71875,0.022291666666666675,0.7179750000000001,0.7204166666666667,0.7154166666666667
MCQ,MMLU-STEM,MMLU-OTHERS,Cross,Gemma3,gemma-3-27b-it,fewshot,500,0.7170833333333333,0.71625,0.7183333333333334,0.023125,0.7171000000000001,0.72,0.715
MCQ,MMLU-STEM,MMLU-STEM,Same,Gemma3,gemma-3-12b-pt,fewshot,500,0.6479166666666667,0.64625,0.6494565217391305,0.012499999999999997,0.6477668404952475,0.65375,0.6407563025210085
MCQ,MMLU-STEM,MMLU-HUMANITIES,Cross,Gemma3,gemma-3-12b-pt,fewshot,500,0.6329166666666667,0.63,0.6360416666666667,0.15375,0.6333041666666666,0.6416666666666667,0.6220833333333333
MCQ,MMLU-STEM,MMLU-SOCIAL_SCI,Cross,Gemma3,gemma-3-12b-pt,fewshot,500,0.6520833333333333,0.6503125,0.6533333333333333,0.07999999999999999,0.6518708333333335,0.6575,0.645
MCQ,MMLU-STEM,MMLU-OTHERS,Cross,Gemma3,gemma-3-12b-pt,fewshot,500,0.6479166666666667,0.6466666666666666,0.65,0.042083333333333355,0.6486041666666666,0.6604166666666667,0.6441666666666667
MCQ,MMLU-STEM,MMLU-STEM,Same,Gemma3,gemma-3-12b-it,fewshot,500,0.6433333333333333,0.6420833333333333,0.6441666666666667,0.04958333333333331,0.6430803621898876,0.6458333333333334,0.6395981582251988
MCQ,MMLU-STEM,MMLU-HUMANITIES,Cross,Gemma3,gemma-3-12b-it,fewshot,500,0.6441666666666667,0.64375,0.6451041666666667,0.044166666666666674,0.6443791666666666,0.6479166666666667,0.6416666666666667
MCQ,MMLU-STEM,MMLU-SOCIAL_SCI,Cross,Gemma3,gemma-3-12b-it,fewshot,500,0.6429166666666667,0.6420833333333333,0.6433333333333333,0.055833333333333346,0.6428583333333333,0.6454166666666666,0.6408333333333334
MCQ,MMLU-STEM,MMLU-OTHERS,Cross,Gemma3,gemma-3-12b-it,fewshot,500,0.6433333333333333,0.6425,0.64375,0.057916666666666665,0.64315,0.645,0.64125
MCQ,MMLU-STEM,MMLU-STEM,Same,Llama3,Llama-3.1-8B,fewshot,500,0.5233333333333333,0.5216666666666666,0.5258333333333334,0.01974789915966385,0.5233643966112733,0.5291666666666667,0.5156989247311828
MCQ,MMLU-STEM,MMLU-HUMANITIES,Cross,Llama3,Llama-3.1-8B,fewshot,500,0.525,0.5245833333333333,0.5258333333333334,0.05916666666666666,0.5251916666666666,0.5279166666666667,0.5195833333333333
MCQ,MMLU-STEM,MMLU-SOCIAL_SCI,Cross,Llama3,Llama-3.1-8B,fewshot,500,0.5172916666666667,0.515,0.5179166666666667,0.2008333333333333,0.5166666666666666,0.5216666666666666,0.5091666666666667
MCQ,MMLU-STEM,MMLU-OTHERS,Cross,Llama3,Llama-3.1-8B,fewshot,500,0.52125,0.5194791666666666,0.5233333333333333,0.14583333333333331,0.5209416666666666,0.5275,0.5095833333333334
MCQ,MMLU-STEM,MMLU-STEM,Same,Llama3,Llama-3.1-8B-Instruct,fewshot,500,0.5608333333333333,0.5591666666666667,0.5633333333333334,0.041666666666666685,0.5610349583556715,0.5691666666666667,0.5554166666666667
MCQ,MMLU-STEM,MMLU-HUMANITIES,Cross,Llama3,Llama-3.1-8B-Instruct,fewshot,500,0.5608333333333333,0.5590625,0.5620833333333334,0.11333333333333334,0.5603791666666667,0.5666666666666667,0.5504166666666667
MCQ,MMLU-STEM,MMLU-SOCIAL_SCI,Cross,Llama3,Llama-3.1-8B-Instruct,fewshot,500,0.55625,0.5545833333333333,0.5591666666666667,0.10270833333333332,0.5570708333333333,0.5666666666666667,0.55125
MCQ,MMLU-STEM,MMLU-OTHERS,Cross,Llama3,Llama-3.1-8B-Instruct,fewshot,500,0.5608333333333333,0.5575,0.565,0.07708333333333334,0.5613874999999999,0.5708333333333333,0.55125
MCQ,MMLU-STEM,MMLU-STEM,Same,Llama3,Llama-3.1-70B,fewshot,500,0.6383333333333333,0.6366666666666667,0.6408333333333334,0.028333333333333363,0.6385372263058344,0.6475,0.6269011406844106
MCQ,MMLU-STEM,MMLU-HUMANITIES,Cross,Llama3,Llama-3.1-70B,fewshot,500,0.6279166666666667,0.6227083333333333,0.6320833333333333,0.13770833333333335,0.6266166666666667,0.6375,0.61
MCQ,MMLU-STEM,MMLU-SOCIAL_SCI,Cross,Llama3,Llama-3.1-70B,fewshot,500,0.6333333333333333,0.63125,0.6358333333333334,0.135,0.6329,0.6420833333333333,0.6216666666666667
MCQ,MMLU-STEM,MMLU-OTHERS,Cross,Llama3,Llama-3.1-70B,fewshot,500,0.6375,0.6341666666666667,0.6426041666666666,0.11083333333333334,0.6379541666666667,0.6483333333333333,0.6258333333333334
MCQ,MMLU-STEM,MMLU-STEM,Same,Llama3,Llama-3.1-70B-Instruct,fewshot,500,0.72625,0.7241666666666666,0.7275,0.027511463109629042,0.7257456095791952,0.7316666666666667,0.71625
MCQ,MMLU-STEM,MMLU-HUMANITIES,Cross,Llama3,Llama-3.1-70B-Instruct,fewshot,500,0.7154166666666667,0.71375,0.7167708333333334,0.08645833333333333,0.7154125000000002,0.7216666666666667,0.7079166666666666
MCQ,MMLU-STEM,MMLU-SOCIAL_SCI,Cross,Llama3,Llama-3.1-70B-Instruct,fewshot,500,0.7183333333333334,0.7169791666666666,0.7196875,0.08937500000000001,0.7179791666666668,0.7229166666666667,0.70875
MCQ,MMLU-STEM,MMLU-OTHERS,Cross,Llama3,Llama-3.1-70B-Instruct,fewshot,500,0.71875,0.7173958333333333,0.7204166666666667,0.07937499999999999,0.7183916666666668,0.7233333333333334,0.70875
MCQ,MMLU-HUMANITIES,MMLU-HUMANITIES,Same,Falcon,Falcon3-3B-Base,zeroshot,500,0.4259153064533564,0.42477272727272725,0.42721590909090906,0.041477272727272724,0.425628721471214,0.43203722166832836,0.4076923076923077
MCQ,MMLU-HUMANITIES,MMLU-STEM,Cross,Falcon,Falcon3-3B-Base,zeroshot,500,0.42272727272727273,0.4218181818181818,0.4234090909090909,0.1225,0.4225,0.425,0.4188636363636364
MCQ,MMLU-HUMANITIES,MMLU-SOCIAL_SCI,Cross,Falcon,Falcon3-3B-Base,zeroshot,500,0.4240909090909091,0.42295454545454547,0.425,0.13386363636363635,0.42393409090909073,0.42704545454545456,0.42068181818181816
MCQ,MMLU-HUMANITIES,MMLU-OTHERS,Cross,Falcon,Falcon3-3B-Base,zeroshot,500,0.4254545454545455,0.4244886363636364,0.4263636363636364,0.10125,0.42543409090909085,0.4304545454545455,0.4213636363636364
MCQ,MMLU-HUMANITIES,MMLU-HUMANITIES,Same,Falcon,Falcon3-3B-Instruct,zeroshot,500,0.4484090909090909,0.4475,0.4497185229084284,0.10136363636363635,0.44904992912218816,0.4673076923076923,0.44477272727272726
MCQ,MMLU-HUMANITIES,MMLU-STEM,Cross,Falcon,Falcon3-3B-Instruct,zeroshot,500,0.44795454545454544,0.4470454545454545,0.4486363636363636,0.11170454545454545,0.4478795454545454,0.45227272727272727,0.44477272727272726
MCQ,MMLU-HUMANITIES,MMLU-SOCIAL_SCI,Cross,Falcon,Falcon3-3B-Instruct,zeroshot,500,0.4495454545454545,0.44835227272727274,0.4505113636363636,0.11715909090909092,0.44937954545454545,0.4525,0.445
MCQ,MMLU-HUMANITIES,MMLU-OTHERS,Cross,Falcon,Falcon3-3B-Instruct,zeroshot,500,0.45022727272727275,0.4495454545454545,0.4511931818181818,0.12159090909090908,0.4502909090909092,0.4525,0.4475
MCQ,MMLU-HUMANITIES,MMLU-HUMANITIES,Same,Falcon,Falcon3-10B-Base,zeroshot,500,0.46693181818181817,0.4658180319907417,0.46795454545454546,0.0515909090909091,0.4668659696025651,0.47348394768133173,0.4526782118405155
MCQ,MMLU-HUMANITIES,MMLU-STEM,Cross,Falcon,Falcon3-10B-Base,zeroshot,500,0.4738636363636364,0.4731818181818182,0.4747727272727273,0.14386363636363636,0.4737795454545456,0.4763636363636364,0.4690909090909091
MCQ,MMLU-HUMANITIES,MMLU-SOCIAL_SCI,Cross,Falcon,Falcon3-10B-Base,zeroshot,500,0.46545454545454545,0.4640909090909091,0.4671022727272727,0.1935227272727273,0.46538636363636354,0.4725,0.4575
MCQ,MMLU-HUMANITIES,MMLU-OTHERS,Cross,Falcon,Falcon3-10B-Base,zeroshot,500,0.47011363636363634,0.46767045454545453,0.4715909090909091,0.17056818181818184,0.4694454545454545,0.4738636363636364,0.4622727272727273
MCQ,MMLU-HUMANITIES,MMLU-HUMANITIES,Same,Falcon,Falcon3-10B-Instruct,zeroshot,500,0.42613636363636365,0.424731353389199,0.4275,0.08318181818181819,0.4262868849608068,0.4447653429602888,0.4176399516713653
MCQ,MMLU-HUMANITIES,MMLU-STEM,Cross,Falcon,Falcon3-10B-Instruct,zeroshot,500,0.4132954545454546,0.4108522727272727,0.4159659090909091,0.1765909090909091,0.41370681818181815,0.42204545454545456,0.4059090909090909
MCQ,MMLU-HUMANITIES,MMLU-SOCIAL_SCI,Cross,Falcon,Falcon3-10B-Instruct,zeroshot,500,0.4134090909090909,0.41113636363636363,0.41551136363636365,0.13954545454545453,0.41345681818181823,0.42159090909090907,0.4056818181818182
MCQ,MMLU-HUMANITIES,MMLU-OTHERS,Cross,Falcon,Falcon3-10B-Instruct,zeroshot,500,0.4125,0.4097727272727273,0.4157954545454546,0.1744318181818182,0.41304090909090907,0.42272727272727273,0.4068181818181818
MCQ,MMLU-HUMANITIES,MMLU-HUMANITIES,Same,Gemma3,gemma-3-27b-pt,zeroshot,500,0.6277272727272727,0.6247087535390274,0.6303977272727272,0.05590909090909091,0.6275537301504891,0.6480769230769231,0.617148554336989
MCQ,MMLU-HUMANITIES,MMLU-STEM,Cross,Gemma3,gemma-3-27b-pt,zeroshot,500,0.6263636363636363,0.6240909090909091,0.6277840909090908,0.10136363636363635,0.6256568181818182,0.6318181818181818,0.6111363636363636
MCQ,MMLU-HUMANITIES,MMLU-SOCIAL_SCI,Cross,Gemma3,gemma-3-27b-pt,zeroshot,500,0.6176136363636364,0.6138068181818181,0.6247727272727273,0.17238636363636364,0.6188977272727273,0.6359090909090909,0.6056818181818182
MCQ,MMLU-HUMANITIES,MMLU-OTHERS,Cross,Gemma3,gemma-3-27b-pt,zeroshot,500,0.6306818181818182,0.6193181818181818,0.6318181818181818,0.13897727272727273,0.6273431818181818,0.6393181818181818,0.6118181818181818
MCQ,MMLU-HUMANITIES,MMLU-HUMANITIES,Same,Gemma3,gemma-3-27b-it,zeroshot,500,0.6661363636363636,0.6652272727272728,0.6672727272727272,0.10227272727272727,0.6668483543154041,0.6884615384615385,0.6629545454545455
MCQ,MMLU-HUMANITIES,MMLU-STEM,Cross,Gemma3,gemma-3-27b-it,zeroshot,500,0.6647727272727273,0.6638636363636363,0.6656818181818182,0.12988636363636366,0.664725,0.6677272727272727,0.66
MCQ,MMLU-HUMANITIES,MMLU-SOCIAL_SCI,Cross,Gemma3,gemma-3-27b-it,zeroshot,500,0.6528409090909091,0.6513636363636364,0.6541477272727272,0.13875000000000004,0.6528568181818182,0.6572727272727272,0.6472727272727272
MCQ,MMLU-HUMANITIES,MMLU-OTHERS,Cross,Gemma3,gemma-3-27b-it,zeroshot,500,0.6575,0.6561363636363636,0.6586931818181818,0.12977272727272732,0.6575772727272728,0.6620454545454545,0.6538636363636363
MCQ,MMLU-HUMANITIES,MMLU-HUMANITIES,Same,Gemma3,gemma-3-12b-pt,zeroshot,500,0.5754545454545454,0.5739204545454546,0.5774431818181818,0.11469381688466113,0.5766506586569724,0.6096153846153847,0.5684090909090909
MCQ,MMLU-HUMANITIES,MMLU-STEM,Cross,Gemma3,gemma-3-12b-pt,zeroshot,500,0.5706818181818182,0.569034090909091,0.5750568181818181,0.14988636363636365,0.5721386363636364,0.5809090909090909,0.5654545454545454
MCQ,MMLU-HUMANITIES,MMLU-SOCIAL_SCI,Cross,Gemma3,gemma-3-12b-pt,zeroshot,500,0.5659090909090909,0.565,0.5675,0.17352272727272727,0.5663681818181818,0.5727272727272728,0.5609090909090909
MCQ,MMLU-HUMANITIES,MMLU-OTHERS,Cross,Gemma3,gemma-3-12b-pt,zeroshot,500,0.5681818181818182,0.5644886363636363,0.5709659090909092,0.15352272727272726,0.5679590909090909,0.5779545454545455,0.5586363636363636
MCQ,MMLU-HUMANITIES,MMLU-HUMANITIES,Same,Gemma3,gemma-3-12b-it,zeroshot,500,0.5972727272727273,0.5963636363636363,0.5979545454545454,0.1336363636363636,0.5973977289623997,0.6115384615384616,0.5875956504228755
MCQ,MMLU-HUMANITIES,MMLU-STEM,Cross,Gemma3,gemma-3-12b-it,zeroshot,500,0.5929545454545454,0.5922727272727273,0.5936363636363636,0.13931818181818184,0.5929204545454545,0.5947727272727272,0.5902272727272727
MCQ,MMLU-HUMANITIES,MMLU-SOCIAL_SCI,Cross,Gemma3,gemma-3-12b-it,zeroshot,500,0.5904545454545455,0.5897727272727272,0.5913636363636363,0.15386363636363637,0.5904704545454547,0.5934090909090909,0.5870454545454545
MCQ,MMLU-HUMANITIES,MMLU-OTHERS,Cross,Gemma3,gemma-3-12b-it,zeroshot,500,0.5905681818181818,0.5892613636363637,0.5913636363636363,0.15250000000000002,0.590284090909091,0.5940909090909091,0.5856818181818182
MCQ,MMLU-HUMANITIES,MMLU-HUMANITIES,Same,Llama3,Llama-3.1-8B,zeroshot,500,0.44852272727272724,0.44727272727272727,0.45045454545454544,0.07227272727272728,0.4496835615465844,0.47115384615384615,0.44295454545454543
MCQ,MMLU-HUMANITIES,MMLU-STEM,Cross,Llama3,Llama-3.1-8B,zeroshot,500,0.44238636363636363,0.4409090909090909,0.44386363636363635,0.2177272727272727,0.4423704545454546,0.4465909090909091,0.43636363636363634
MCQ,MMLU-HUMANITIES,MMLU-SOCIAL_SCI,Cross,Llama3,Llama-3.1-8B,zeroshot,500,0.45045454545454544,0.4490909090909091,0.45136363636363636,0.09670454545454546,0.4502363636363637,0.4536363636363636,0.4470454545454545
MCQ,MMLU-HUMANITIES,MMLU-OTHERS,Cross,Llama3,Llama-3.1-8B,zeroshot,500,0.44636363636363635,0.44545454545454544,0.44772727272727275,0.12079545454545454,0.44633636363636364,0.4509090909090909,0.43931818181818183
MCQ,MMLU-HUMANITIES,MMLU-HUMANITIES,Same,Llama3,Llama-3.1-8B-Instruct,zeroshot,500,0.5390909090909091,0.5372727272727272,0.5406818181818182,0.09906882120437109,0.5390267530019235,0.5509025270758122,0.5324204591220298
MCQ,MMLU-HUMANITIES,MMLU-STEM,Cross,Llama3,Llama-3.1-8B-Instruct,zeroshot,500,0.5460227272727273,0.5415909090909091,0.5494318181818182,0.18761363636363634,0.545359090909091,0.5556818181818182,0.5340909090909091
MCQ,MMLU-HUMANITIES,MMLU-SOCIAL_SCI,Cross,Llama3,Llama-3.1-8B-Instruct,zeroshot,500,0.5356818181818181,0.5334090909090909,0.5382386363636364,0.15636363636363637,0.5362204545454546,0.5509090909090909,0.5252272727272728
MCQ,MMLU-HUMANITIES,MMLU-OTHERS,Cross,Llama3,Llama-3.1-8B-Instruct,zeroshot,500,0.5418181818181819,0.5397159090909092,0.5447727272727273,0.18431818181818183,0.5416840909090909,0.555,0.5229545454545454
MCQ,MMLU-HUMANITIES,MMLU-HUMANITIES,Same,Llama3,Llama-3.1-70B,zeroshot,500,0.5531818181818182,0.5511363636363636,0.5559090909090909,0.08272727272727273,0.5543301149402836,0.5856980703745743,0.5445454545454546
MCQ,MMLU-HUMANITIES,MMLU-STEM,Cross,Llama3,Llama-3.1-70B,zeroshot,500,0.5701136363636363,0.5681818181818182,0.5713636363636364,0.10374999999999998,0.5696295454545455,0.5743181818181818,0.5645454545454546
MCQ,MMLU-HUMANITIES,MMLU-SOCIAL_SCI,Cross,Llama3,Llama-3.1-70B,zeroshot,500,0.5646590909090909,0.5634090909090909,0.5656818181818182,0.15102272727272725,0.5646227272727272,0.5706818181818182,0.5590909090909091
MCQ,MMLU-HUMANITIES,MMLU-OTHERS,Cross,Llama3,Llama-3.1-70B,zeroshot,500,0.5685227272727272,0.5657954545454545,0.5702840909090909,0.11454545454545455,0.5680522727272727,0.5743181818181818,0.5602272727272727
MCQ,MMLU-HUMANITIES,MMLU-HUMANITIES,Same,Llama3,Llama-3.1-70B-Instruct,zeroshot,500,0.7459090909090909,0.7445454545454545,0.746815146235878,0.08131442385680876,0.7456638708669002,0.75,0.7366787377133989
MCQ,MMLU-HUMANITIES,MMLU-STEM,Cross,Llama3,Llama-3.1-70B-Instruct,zeroshot,500,0.7477272727272727,0.7468181818181818,0.7484090909090909,0.07420454545454544,0.7476977272727274,0.7509090909090909,0.7438636363636364
MCQ,MMLU-HUMANITIES,MMLU-SOCIAL_SCI,Cross,Llama3,Llama-3.1-70B-Instruct,zeroshot,500,0.7430681818181818,0.7413636363636363,0.7438636363636364,0.0893181818181818,0.7428159090909092,0.7472727272727273,0.7388636363636364
MCQ,MMLU-HUMANITIES,MMLU-OTHERS,Cross,Llama3,Llama-3.1-70B-Instruct,zeroshot,500,0.7452272727272727,0.744034090909091,0.7461363636363636,0.08352272727272728,0.7449499999999999,0.7477272727272727,0.7402272727272727
MCQ,MMLU-HUMANITIES,MMLU-HUMANITIES,Same,Falcon,Falcon3-3B-Base,instronly,500,0.4301799000232504,0.4288636363636364,0.43130681818181815,0.11136363636363639,0.4303034557899798,0.4449489216799092,0.4218931475029036
MCQ,MMLU-HUMANITIES,MMLU-STEM,Cross,Falcon,Falcon3-3B-Base,instronly,500,0.43022727272727274,0.42954545454545456,0.4315909090909091,0.09670454545454546,0.4305386363636364,0.4340909090909091,0.42613636363636365
MCQ,MMLU-HUMANITIES,MMLU-SOCIAL_SCI,Cross,Falcon,Falcon3-3B-Base,instronly,500,0.4340909090909091,0.43357954545454547,0.43477272727272726,0.13829545454545455,0.4341000000000001,0.4384090909090909,0.4279545454545455
MCQ,MMLU-HUMANITIES,MMLU-OTHERS,Cross,Falcon,Falcon3-3B-Base,instronly,500,0.43386363636363634,0.43318181818181817,0.435,0.12170454545454544,0.4337818181818182,0.43704545454545457,0.42772727272727273
MCQ,MMLU-HUMANITIES,MMLU-HUMANITIES,Same,Falcon,Falcon3-3B-Instruct,instronly,500,0.4552272727272727,0.45431818181818184,0.45636363636363636,0.07681818181818184,0.45565249036604616,0.4729241877256318,0.450664518727346
MCQ,MMLU-HUMANITIES,MMLU-STEM,Cross,Falcon,Falcon3-3B-Instruct,instronly,500,0.455,0.45431818181818184,0.45545454545454545,0.09136363636363637,0.45489090909090896,0.4572727272727273,0.4525
MCQ,MMLU-HUMANITIES,MMLU-SOCIAL_SCI,Cross,Falcon,Falcon3-3B-Instruct,instronly,500,0.4531818181818182,0.45227272727272727,0.4540909090909091,0.0894318181818182,0.4531727272727274,0.4561363636363636,0.44931818181818184
MCQ,MMLU-HUMANITIES,MMLU-OTHERS,Cross,Falcon,Falcon3-3B-Instruct,instronly,500,0.4531818181818182,0.4527272727272727,0.45386363636363636,0.09045454545454544,0.45333636363636365,0.4565909090909091,0.4511363636363636
MCQ,MMLU-HUMANITIES,MMLU-HUMANITIES,Same,Falcon,Falcon3-10B-Base,instronly,500,0.5597934484214973,0.5588653314631167,0.560872067884553,0.09556818181818183,0.5596732779286134,0.5675368898978433,0.5469190495368506
MCQ,MMLU-HUMANITIES,MMLU-STEM,Cross,Falcon,Falcon3-10B-Base,instronly,500,0.5493181818181818,0.5477272727272727,0.5514204545454546,0.09431818181818183,0.5498568181818182,0.5586363636363636,0.543409090909091
MCQ,MMLU-HUMANITIES,MMLU-SOCIAL_SCI,Cross,Falcon,Falcon3-10B-Base,instronly,500,0.55625,0.5538636363636363,0.5588636363636363,0.09818181818181818,0.5559068181818181,0.5640909090909091,0.5429545454545455
MCQ,MMLU-HUMANITIES,MMLU-OTHERS,Cross,Falcon,Falcon3-10B-Base,instronly,500,0.5569318181818181,0.5551704545454546,0.5598295454545454,0.1269318181818182,0.5570818181818181,0.5631818181818182,0.5486363636363636
MCQ,MMLU-HUMANITIES,MMLU-HUMANITIES,Same,Falcon,Falcon3-10B-Instruct,instronly,500,0.5752272727272727,0.5745454545454546,0.5763636363636364,0.0631010161063669,0.575510592524782,0.584247258225324,0.5692307692307692
MCQ,MMLU-HUMANITIES,MMLU-STEM,Cross,Falcon,Falcon3-10B-Instruct,instronly,500,0.5684090909090909,0.5661363636363637,0.5704545454545454,0.13181818181818183,0.5681795454545455,0.5752272727272727,0.5559090909090909
MCQ,MMLU-HUMANITIES,MMLU-SOCIAL_SCI,Cross,Falcon,Falcon3-10B-Instruct,instronly,500,0.5725,0.5702272727272727,0.5743181818181818,0.13136363636363638,0.5721636363636363,0.5784090909090909,0.5656818181818182
MCQ,MMLU-HUMANITIES,MMLU-OTHERS,Cross,Falcon,Falcon3-10B-Instruct,instronly,500,0.5610227272727273,0.5579545454545455,0.5659090909090909,0.14852272727272728,0.5616772727272727,0.571590909090909,0.5504545454545454
MCQ,MMLU-HUMANITIES,MMLU-HUMANITIES,Same,Gemma3,gemma-3-27b-pt,instronly,500,0.61,0.608465909090909,0.6111268917857217,0.12136363636363637,0.6093248753629149,0.6143181818181818,0.5846153846153846
MCQ,MMLU-HUMANITIES,MMLU-STEM,Cross,Gemma3,gemma-3-27b-pt,instronly,500,0.6240909090909091,0.6217045454545455,0.6261363636363636,0.12090909090909091,0.6239159090909091,0.6354545454545455,0.6161363636363636
MCQ,MMLU-HUMANITIES,MMLU-SOCIAL_SCI,Cross,Gemma3,gemma-3-27b-pt,instronly,500,0.6223863636363637,0.6199431818181818,0.6259090909090909,0.09318181818181819,0.6228227272727274,0.6345454545454545,0.6145454545454545
MCQ,MMLU-HUMANITIES,MMLU-OTHERS,Cross,Gemma3,gemma-3-27b-pt,instronly,500,0.6180681818181818,0.6168181818181818,0.6211363636363636,0.10454545454545455,0.6193113636363636,0.6334090909090909,0.6138636363636364
MCQ,MMLU-HUMANITIES,MMLU-HUMANITIES,Same,Gemma3,gemma-3-27b-it,instronly,500,0.6670454545454545,0.6663614460344611,0.6679545454545455,0.07727272727272727,0.6669108445711888,0.6786307743436357,0.6503972758229285
MCQ,MMLU-HUMANITIES,MMLU-STEM,Cross,Gemma3,gemma-3-27b-it,instronly,500,0.6629545454545455,0.6615909090909091,0.6636363636363637,0.09625,0.662447727272727,0.6656818181818182,0.6581818181818182
MCQ,MMLU-HUMANITIES,MMLU-SOCIAL_SCI,Cross,Gemma3,gemma-3-27b-it,instronly,500,0.6627272727272727,0.6620454545454545,0.663409090909091,0.1114772727272727,0.6626795454545453,0.6645454545454546,0.6604545454545454
MCQ,MMLU-HUMANITIES,MMLU-OTHERS,Cross,Gemma3,gemma-3-27b-it,instronly,500,0.6629545454545455,0.6620454545454545,0.6636363636363637,0.10522727272727272,0.6627340909090907,0.6652272727272728,0.6588636363636363
MCQ,MMLU-HUMANITIES,MMLU-HUMANITIES,Same,Gemma3,gemma-3-12b-pt,instronly,500,0.5793181818181818,0.5772727272727273,0.5811363636363637,0.1005681818181818,0.5798420193900511,0.5970488081725313,0.5725
MCQ,MMLU-HUMANITIES,MMLU-STEM,Cross,Gemma3,gemma-3-12b-pt,instronly,500,0.5788636363636364,0.5770454545454545,0.5804545454545454,0.12522727272727274,0.5785818181818182,0.585,0.5704545454545454
MCQ,MMLU-HUMANITIES,MMLU-SOCIAL_SCI,Cross,Gemma3,gemma-3-12b-pt,instronly,500,0.5673863636363636,0.5639772727272727,0.5710227272727273,0.18409090909090908,0.5675681818181819,0.5779545454545455,0.5577272727272727
MCQ,MMLU-HUMANITIES,MMLU-OTHERS,Cross,Gemma3,gemma-3-12b-pt,instronly,500,0.5669318181818181,0.5627272727272727,0.5689204545454545,0.18284090909090908,0.5661386363636364,0.5738636363636364,0.5579545454545455
MCQ,MMLU-HUMANITIES,MMLU-HUMANITIES,Same,Gemma3,gemma-3-12b-it,instronly,500,0.5859090909090909,0.5850332461923164,0.5869985065525652,0.13136363636363635,0.5860819245406765,0.5913734392735528,0.5803463552154652
MCQ,MMLU-HUMANITIES,MMLU-STEM,Cross,Gemma3,gemma-3-12b-it,instronly,500,0.5856818181818182,0.5853977272727273,0.5861363636363637,0.17204545454545456,0.5857318181818182,0.5875,0.5840909090909091
MCQ,MMLU-HUMANITIES,MMLU-SOCIAL_SCI,Cross,Gemma3,gemma-3-12b-it,instronly,500,0.5839772727272727,0.5834090909090909,0.5845454545454546,0.17363636363636364,0.5840113636363636,0.5859090909090909,0.5827272727272728
MCQ,MMLU-HUMANITIES,MMLU-OTHERS,Cross,Gemma3,gemma-3-12b-it,instronly,500,0.5847727272727272,0.5836363636363636,0.5854545454545454,0.17522727272727273,0.5847363636363636,0.5870454545454545,0.5827272727272728
MCQ,MMLU-HUMANITIES,MMLU-HUMANITIES,Same,Llama3,Llama-3.1-8B,instronly,500,0.49289691355473353,0.4914204545454546,0.4943181818181818,0.03318181818181819,0.493461402351228,0.5085130533484676,0.4879545454545455
MCQ,MMLU-HUMANITIES,MMLU-STEM,Cross,Llama3,Llama-3.1-8B,instronly,500,0.4898863636363636,0.4875,0.4918181818181818,0.08784090909090908,0.48959090909090913,0.49477272727272725,0.48522727272727273
MCQ,MMLU-HUMANITIES,MMLU-SOCIAL_SCI,Cross,Llama3,Llama-3.1-8B,instronly,500,0.49272727272727274,0.4915340909090909,0.49363636363636365,0.12590909090909091,0.49238409090909097,0.4979545454545454,0.48545454545454547
MCQ,MMLU-HUMANITIES,MMLU-OTHERS,Cross,Llama3,Llama-3.1-8B,instronly,500,0.48170454545454544,0.47954545454545455,0.48545454545454547,0.16272727272727272,0.48214090909090906,0.4893181818181818,0.4715909090909091
MCQ,MMLU-HUMANITIES,MMLU-HUMANITIES,Same,Llama3,Llama-3.1-8B-Instruct,instronly,500,0.5402272727272728,0.5390909090909091,0.5417613636363636,0.09943181818181818,0.5398141559437689,0.5454545454545454,0.5096153846153846
MCQ,MMLU-HUMANITIES,MMLU-STEM,Cross,Llama3,Llama-3.1-8B-Instruct,instronly,500,0.5397727272727273,0.5390340909090909,0.5406818181818182,0.07556818181818184,0.5396749999999999,0.5456818181818182,0.5327272727272727
MCQ,MMLU-HUMANITIES,MMLU-SOCIAL_SCI,Cross,Llama3,Llama-3.1-8B-Instruct,instronly,500,0.5440909090909091,0.5418181818181819,0.5463636363636364,0.05329545454545454,0.5440159090909091,0.5502272727272727,0.5372727272727272
MCQ,MMLU-HUMANITIES,MMLU-OTHERS,Cross,Llama3,Llama-3.1-8B-Instruct,instronly,500,0.538409090909091,0.5356818181818181,0.54125,0.06738636363636363,0.538284090909091,0.5465909090909091,0.5277272727272727
MCQ,MMLU-HUMANITIES,MMLU-HUMANITIES,Same,Llama3,Llama-3.1-70B,instronly,500,0.5852272727272727,0.5840909090909091,0.5868181818181818,0.05217684578328198,0.5864797780599112,0.6129398410896708,0.5809090909090909
MCQ,MMLU-HUMANITIES,MMLU-STEM,Cross,Llama3,Llama-3.1-70B,instronly,500,0.5877272727272728,0.5859090909090909,0.5889204545454545,0.13022727272727272,0.5875136363636364,0.5940909090909091,0.5788636363636364
MCQ,MMLU-HUMANITIES,MMLU-SOCIAL_SCI,Cross,Llama3,Llama-3.1-70B,instronly,500,0.5834090909090909,0.5825,0.5852272727272727,0.18511363636363637,0.5837068181818182,0.5884090909090909,0.576590909090909
MCQ,MMLU-HUMANITIES,MMLU-OTHERS,Cross,Llama3,Llama-3.1-70B,instronly,500,0.5870454545454545,0.585,0.5896022727272727,0.15943181818181817,0.5872386363636363,0.5934090909090909,0.5797727272727272
MCQ,MMLU-HUMANITIES,MMLU-HUMANITIES,Same,Llama3,Llama-3.1-70B-Instruct,instronly,500,0.7468181818181818,0.7459090909090909,0.747939263679841,0.060454545454545455,0.7468774337254477,0.7530741110003324,0.7400681044267877
MCQ,MMLU-HUMANITIES,MMLU-STEM,Cross,Llama3,Llama-3.1-70B-Instruct,instronly,500,0.7511363636363636,0.7502272727272727,0.7521022727272728,0.05693181818181818,0.7511863636363637,0.7547727272727273,0.7468181818181818
MCQ,MMLU-HUMANITIES,MMLU-SOCIAL_SCI,Cross,Llama3,Llama-3.1-70B-Instruct,instronly,500,0.7434090909090909,0.7425,0.744375,0.07363636363636365,0.7435750000000003,0.7488636363636364,0.7397727272727272
MCQ,MMLU-HUMANITIES,MMLU-OTHERS,Cross,Llama3,Llama-3.1-70B-Instruct,instronly,500,0.7435227272727273,0.7420454545454546,0.7445454545454545,0.07761363636363636,0.7435795454545455,0.7495454545454545,0.7379545454545454
MCQ,MMLU-HUMANITIES,MMLU-HUMANITIES,Same,Falcon,Falcon3-3B-Base,fewshot,500,0.45204545454545453,0.45073863636363637,0.4531818181818182,0.09738636363636363,0.45145200958645954,0.4556818181818182,0.4326923076923077
MCQ,MMLU-HUMANITIES,MMLU-STEM,Cross,Falcon,Falcon3-3B-Base,fewshot,500,0.4495454545454545,0.4481818181818182,0.4509090909090909,0.09647727272727272,0.4495227272727273,0.4552272727272727,0.44386363636363635
MCQ,MMLU-HUMANITIES,MMLU-SOCIAL_SCI,Cross,Falcon,Falcon3-3B-Base,fewshot,500,0.45295454545454544,0.4511363636363636,0.45482954545454546,0.15079545454545454,0.45275,0.45886363636363636,0.44545454545454544
MCQ,MMLU-HUMANITIES,MMLU-OTHERS,Cross,Falcon,Falcon3-3B-Base,fewshot,500,0.45386363636363636,0.4525,0.4552840909090909,0.11454545454545453,0.4536727272727272,0.4581818181818182,0.4486363636363636
MCQ,MMLU-HUMANITIES,MMLU-HUMANITIES,Same,Falcon,Falcon3-3B-Instruct,fewshot,500,0.45,0.4491477272727273,0.4511363636363636,0.050454545454545446,0.4500538593524261,0.4584837545126354,0.4405960531614982
MCQ,MMLU-HUMANITIES,MMLU-STEM,Cross,Falcon,Falcon3-3B-Instruct,fewshot,500,0.44931818181818184,0.4485795454545454,0.45045454545454544,0.0784090909090909,0.44947954545454544,0.4527272727272727,0.4470454545454545
MCQ,MMLU-HUMANITIES,MMLU-SOCIAL_SCI,Cross,Falcon,Falcon3-3B-Instruct,fewshot,500,0.4527272727272727,0.4511363636363636,0.4540909090909091,0.07068181818181818,0.4525772727272727,0.45590909090909093,0.4486363636363636
MCQ,MMLU-HUMANITIES,MMLU-OTHERS,Cross,Falcon,Falcon3-3B-Instruct,fewshot,500,0.45136363636363636,0.45,0.4527840909090909,0.07125,0.45148863636363645,0.4565909090909091,0.44772727272727275
MCQ,MMLU-HUMANITIES,MMLU-HUMANITIES,Same,Falcon,Falcon3-10B-Base,fewshot,500,0.6013636363636363,0.6,0.6027272727272728,0.03526337446429681,0.6012147251000721,0.6061363636363636,0.5916230366492147
MCQ,MMLU-HUMANITIES,MMLU-STEM,Cross,Falcon,Falcon3-10B-Base,fewshot,500,0.6029545454545454,0.6008522727272727,0.6039204545454546,0.07170454545454547,0.6023204545454545,0.6075,0.5963636363636363
MCQ,MMLU-HUMANITIES,MMLU-SOCIAL_SCI,Cross,Falcon,Falcon3-10B-Base,fewshot,500,0.5993181818181819,0.5972727272727273,0.6013636363636363,0.10613636363636364,0.5989568181818182,0.6040909090909091,0.5856818181818182
MCQ,MMLU-HUMANITIES,MMLU-OTHERS,Cross,Falcon,Falcon3-10B-Base,fewshot,500,0.5988636363636364,0.5963068181818182,0.6002272727272727,0.11261363636363636,0.5982204545454546,0.6052272727272727,0.59
MCQ,MMLU-HUMANITIES,MMLU-HUMANITIES,Same,Falcon,Falcon3-10B-Instruct,fewshot,500,0.6161363636363636,0.6152272727272727,0.6172727272727273,0.04284090909090909,0.6173554008198403,0.6424517593643587,0.6129545454545454
MCQ,MMLU-HUMANITIES,MMLU-STEM,Cross,Falcon,Falcon3-10B-Instruct,fewshot,500,0.6161363636363636,0.6149431818181819,0.6168181818181818,0.06181818181818183,0.6158977272727273,0.6186363636363637,0.6125
MCQ,MMLU-HUMANITIES,MMLU-SOCIAL_SCI,Cross,Falcon,Falcon3-10B-Instruct,fewshot,500,0.6165909090909091,0.6156818181818182,0.6172727272727273,0.06965909090909092,0.6164227272727273,0.6190909090909091,0.6115909090909091
MCQ,MMLU-HUMANITIES,MMLU-OTHERS,Cross,Falcon,Falcon3-10B-Instruct,fewshot,500,0.615,0.6140909090909091,0.615909090909091,0.07386363636363638,0.6150000000000001,0.6175,0.6122727272727273
MCQ,MMLU-HUMANITIES,MMLU-HUMANITIES,Same,Gemma3,gemma-3-27b-pt,fewshot,500,0.6409090909090909,0.6381818181818182,0.6422159090909091,0.08079545454545456,0.6402090015663888,0.6479545454545454,0.6186152099886493
MCQ,MMLU-HUMANITIES,MMLU-STEM,Cross,Gemma3,gemma-3-27b-pt,fewshot,500,0.6486363636363637,0.6456818181818181,0.6505113636363636,0.09704545454545455,0.6482204545454544,0.6552272727272728,0.6327272727272727
MCQ,MMLU-HUMANITIES,MMLU-SOCIAL_SCI,Cross,Gemma3,gemma-3-27b-pt,fewshot,500,0.6538636363636363,0.6520454545454546,0.655,0.11772727272727274,0.6536113636363637,0.6575,0.6484090909090909
MCQ,MMLU-HUMANITIES,MMLU-OTHERS,Cross,Gemma3,gemma-3-27b-pt,fewshot,500,0.6525,0.6504545454545455,0.6546022727272727,0.10818181818181816,0.6525068181818183,0.6579545454545455,0.6454545454545455
MCQ,MMLU-HUMANITIES,MMLU-HUMANITIES,Same,Gemma3,gemma-3-27b-it,fewshot,500,0.6792343363989288,0.678409090909091,0.6799431818181818,0.023319211817560713,0.6793635882909277,0.6923076923076923,0.6753688989784336
MCQ,MMLU-HUMANITIES,MMLU-STEM,Cross,Gemma3,gemma-3-27b-it,fewshot,500,0.6797727272727273,0.6790909090909091,0.6802272727272727,0.030227272727272735,0.6795863636363637,0.6815909090909091,0.6754545454545454
MCQ,MMLU-HUMANITIES,MMLU-SOCIAL_SCI,Cross,Gemma3,gemma-3-27b-it,fewshot,500,0.6786363636363636,0.6781818181818182,0.6790909090909091,0.036249999999999984,0.6786681818181818,0.6802272727272727,0.6775
MCQ,MMLU-HUMANITIES,MMLU-OTHERS,Cross,Gemma3,gemma-3-27b-it,fewshot,500,0.6797727272727273,0.6792613636363636,0.6802272727272727,0.02988636363636364,0.6796272727272727,0.6815909090909091,0.6775
MCQ,MMLU-HUMANITIES,MMLU-HUMANITIES,Same,Gemma3,gemma-3-12b-pt,fewshot,500,0.6037735644301129,0.6022727272727273,0.6056250000000001,0.05568181818181819,0.6037142983614238,0.6093181818181819,0.5968181818181818
MCQ,MMLU-HUMANITIES,MMLU-STEM,Cross,Gemma3,gemma-3-12b-pt,fewshot,500,0.6070454545454546,0.6054545454545455,0.6085227272727273,0.11863636363636365,0.6068727272727272,0.6118181818181818,0.5986363636363636
MCQ,MMLU-HUMANITIES,MMLU-SOCIAL_SCI,Cross,Gemma3,gemma-3-12b-pt,fewshot,500,0.6088636363636364,0.6073863636363637,0.610284090909091,0.14704545454545453,0.6084318181818182,0.6127272727272727,0.5981818181818181
MCQ,MMLU-HUMANITIES,MMLU-OTHERS,Cross,Gemma3,gemma-3-12b-pt,fewshot,500,0.6072727272727273,0.6052272727272727,0.609375,0.12954545454545452,0.6073363636363636,0.6122727272727273,0.5990909090909091
MCQ,MMLU-HUMANITIES,MMLU-HUMANITIES,Same,Gemma3,gemma-3-12b-it,fewshot,500,0.6102272727272727,0.6097727272727272,0.6108609503976751,0.11102272727272727,0.6104786325308075,0.6211538461538462,0.6053161498187676
MCQ,MMLU-HUMANITIES,MMLU-STEM,Cross,Gemma3,gemma-3-12b-it,fewshot,500,0.610909090909091,0.6104545454545455,0.6111363636363636,0.12068181818181817,0.6108863636363636,0.6122727272727273,0.6095454545454545
MCQ,MMLU-HUMANITIES,MMLU-SOCIAL_SCI,Cross,Gemma3,gemma-3-12b-it,fewshot,500,0.6113636363636363,0.610909090909091,0.6115909090909091,0.12454545454545456,0.6111249999999999,0.6122727272727273,0.6093181818181819
MCQ,MMLU-HUMANITIES,MMLU-OTHERS,Cross,Gemma3,gemma-3-12b-it,fewshot,500,0.6102272727272727,0.61,0.610909090909091,0.12352272727272727,0.610390909090909,0.6120454545454546,0.6093181818181819
MCQ,MMLU-HUMANITIES,MMLU-HUMANITIES,Same,Llama3,Llama-3.1-8B,fewshot,500,0.5164772727272727,0.5152272727272728,0.518125,0.05295454545454547,0.5175080964713128,0.5346153846153846,0.5129545454545454
MCQ,MMLU-HUMANITIES,MMLU-STEM,Cross,Llama3,Llama-3.1-8B,fewshot,500,0.5181818181818182,0.5172727272727272,0.5193181818181818,0.07522727272727271,0.5182522727272727,0.5211363636363636,0.514090909090909
MCQ,MMLU-HUMANITIES,MMLU-SOCIAL_SCI,Cross,Llama3,Llama-3.1-8B,fewshot,500,0.5203409090909091,0.5175,0.5227272727272727,0.19181818181818183,0.5200977272727273,0.5247727272727273,0.5122727272727273
MCQ,MMLU-HUMANITIES,MMLU-OTHERS,Cross,Llama3,Llama-3.1-8B,fewshot,500,0.5193181818181818,0.5177272727272727,0.5211363636363636,0.135,0.5195568181818181,0.524090909090909,0.514090909090909
MCQ,MMLU-HUMANITIES,MMLU-HUMANITIES,Same,Llama3,Llama-3.1-8B-Instruct,fewshot,500,0.5752272727272727,0.5738636363636364,0.5765340909090909,0.040795454545454544,0.5754684532694672,0.5865736124958458,0.571590909090909
MCQ,MMLU-HUMANITIES,MMLU-STEM,Cross,Llama3,Llama-3.1-8B-Instruct,fewshot,500,0.576590909090909,0.5753977272727273,0.5772727272727273,0.06454545454545456,0.5762363636363637,0.5795454545454546,0.5725
MCQ,MMLU-HUMANITIES,MMLU-SOCIAL_SCI,Cross,Llama3,Llama-3.1-8B-Instruct,fewshot,500,0.5731818181818182,0.5710795454545454,0.5740909090909091,0.09886363636363638,0.57265,0.5786363636363636,0.5681818181818182
MCQ,MMLU-HUMANITIES,MMLU-OTHERS,Cross,Llama3,Llama-3.1-8B-Instruct,fewshot,500,0.5742045454545455,0.5729545454545455,0.575,0.07272727272727272,0.5740250000000001,0.5781818181818181,0.57
MCQ,MMLU-HUMANITIES,MMLU-HUMANITIES,Same,Llama3,Llama-3.1-70B,fewshot,500,0.6043619362509909,0.6029545454545454,0.6056818181818182,0.07954545454545453,0.6042279217216058,0.6100464576074333,0.599275070479259
MCQ,MMLU-HUMANITIES,MMLU-STEM,Cross,Llama3,Llama-3.1-70B,fewshot,500,0.6138636363636364,0.6131818181818182,0.6145454545454545,0.0925,0.6136659090909091,0.6170454545454546,0.6070454545454546
MCQ,MMLU-HUMANITIES,MMLU-SOCIAL_SCI,Cross,Llama3,Llama-3.1-70B,fewshot,500,0.6072727272727273,0.6054545454545455,0.6081818181818182,0.16261363636363635,0.6068295454545455,0.6125,0.5990909090909091
MCQ,MMLU-HUMANITIES,MMLU-OTHERS,Cross,Llama3,Llama-3.1-70B,fewshot,500,0.6079545454545454,0.6052272727272727,0.609375,0.14840909090909093,0.6076704545454545,0.6145454545454545,0.6004545454545455
MCQ,MMLU-HUMANITIES,MMLU-HUMANITIES,Same,Llama3,Llama-3.1-70B-Instruct,fewshot,500,0.7518181818181818,0.7509090909090909,0.7529545454545454,0.045909090909090906,0.7524001414102117,0.7846153846153846,0.7479545454545454
MCQ,MMLU-HUMANITIES,MMLU-STEM,Cross,Llama3,Llama-3.1-70B-Instruct,fewshot,500,0.74625,0.7440909090909091,0.7481818181818182,0.050795454545454546,0.7460113636363637,0.7515909090909091,0.735909090909091
MCQ,MMLU-HUMANITIES,MMLU-SOCIAL_SCI,Cross,Llama3,Llama-3.1-70B-Instruct,fewshot,500,0.7468181818181818,0.7453977272727272,0.7480113636363637,0.054772727272727265,0.7465681818181821,0.7515909090909091,0.7402272727272727
MCQ,MMLU-HUMANITIES,MMLU-OTHERS,Cross,Llama3,Llama-3.1-70B-Instruct,fewshot,500,0.7481818181818182,0.7465909090909091,0.7502272727272727,0.04784090909090908,0.7481068181818183,0.7531818181818182,0.7411363636363636
MCQ,MMLU-SOCIAL_SCI,MMLU-SOCIAL_SCI,Same,Falcon,Falcon3-3B-Base,zeroshot,500,0.53,0.52875,0.53125,0.050416666666666665,0.5298442226621303,0.535,0.5252820727120769
MCQ,MMLU-SOCIAL_SCI,MMLU-STEM,Cross,Falcon,Falcon3-3B-Base,zeroshot,500,0.525,0.52375,0.5254166666666666,0.12604166666666666,0.5244666666666666,0.5270833333333333,0.5175
MCQ,MMLU-SOCIAL_SCI,MMLU-HUMANITIES,Cross,Falcon,Falcon3-3B-Base,zeroshot,500,0.52875,0.5279166666666667,0.5291666666666667,0.07250000000000001,0.5286708333333334,0.5308333333333334,0.5258333333333334
MCQ,MMLU-SOCIAL_SCI,MMLU-OTHERS,Cross,Falcon,Falcon3-3B-Base,zeroshot,500,0.5279166666666667,0.5270833333333333,0.5291666666666667,0.060416666666666674,0.5280083333333334,0.53125,0.5241666666666667
MCQ,MMLU-SOCIAL_SCI,MMLU-SOCIAL_SCI,Same,Falcon,Falcon3-3B-Instruct,zeroshot,500,0.6020833333333333,0.6007685738684885,0.6033333333333334,0.01625,0.601938667771196,0.6070833333333333,0.5968763191219923
MCQ,MMLU-SOCIAL_SCI,MMLU-STEM,Cross,Falcon,Falcon3-3B-Instruct,zeroshot,500,0.5970833333333333,0.5958333333333333,0.5984375000000001,0.018333333333333333,0.5973041666666667,0.6033333333333334,0.5929166666666666
MCQ,MMLU-SOCIAL_SCI,MMLU-HUMANITIES,Cross,Falcon,Falcon3-3B-Instruct,zeroshot,500,0.5975,0.59625,0.5988541666666667,0.019791666666666673,0.5975666666666667,0.6025,0.5925
MCQ,MMLU-SOCIAL_SCI,MMLU-OTHERS,Cross,Falcon,Falcon3-3B-Instruct,zeroshot,500,0.6025,0.6016666666666667,0.6034375000000001,0.024583333333333346,0.6025541666666666,0.605,0.5995833333333334
MCQ,MMLU-SOCIAL_SCI,MMLU-SOCIAL_SCI,Same,Falcon,Falcon3-10B-Base,zeroshot,500,0.6529166666666667,0.65125,0.6545833333333333,0.02500000000000001,0.6529392175171275,0.6579846285226302,0.6475
MCQ,MMLU-SOCIAL_SCI,MMLU-STEM,Cross,Falcon,Falcon3-10B-Base,zeroshot,500,0.6516666666666666,0.6494791666666666,0.6538541666666667,0.07958333333333333,0.6514458333333334,0.6566666666666666,0.6416666666666667
MCQ,MMLU-SOCIAL_SCI,MMLU-HUMANITIES,Cross,Falcon,Falcon3-10B-Base,zeroshot,500,0.6416666666666667,0.6369791666666667,0.6470833333333333,0.12104166666666669,0.6412791666666667,0.6504166666666666,0.6275
MCQ,MMLU-SOCIAL_SCI,MMLU-OTHERS,Cross,Falcon,Falcon3-10B-Base,zeroshot,500,0.6475,0.64625,0.6495833333333333,0.06145833333333332,0.6476375,0.6533333333333333,0.6420833333333333
MCQ,MMLU-SOCIAL_SCI,MMLU-SOCIAL_SCI,Same,Falcon,Falcon3-10B-Instruct,zeroshot,500,0.4705390722941914,0.4691666666666667,0.4725,0.03291666666666665,0.4708566755707313,0.47625,0.46458333333333335
MCQ,MMLU-SOCIAL_SCI,MMLU-STEM,Cross,Falcon,Falcon3-10B-Instruct,zeroshot,500,0.46166666666666667,0.46041666666666664,0.46416666666666667,0.11791666666666666,0.4622208333333333,0.46875,0.4558333333333333
MCQ,MMLU-SOCIAL_SCI,MMLU-HUMANITIES,Cross,Falcon,Falcon3-10B-Instruct,zeroshot,500,0.46291666666666664,0.4608333333333333,0.46458333333333335,0.12375,0.4628416666666667,0.4683333333333333,0.45666666666666667
MCQ,MMLU-SOCIAL_SCI,MMLU-OTHERS,Cross,Falcon,Falcon3-10B-Instruct,zeroshot,500,0.4658333333333333,0.46291666666666664,0.4683333333333333,0.08458333333333334,0.4654875,0.4716666666666667,0.45666666666666667
MCQ,MMLU-SOCIAL_SCI,MMLU-SOCIAL_SCI,Same,Gemma3,gemma-3-27b-pt,zeroshot,500,0.819891349770163,0.8183333333333334,0.82125,0.019166666666666665,0.819887011395178,0.8241666666666667,0.815
MCQ,MMLU-SOCIAL_SCI,MMLU-STEM,Cross,Gemma3,gemma-3-27b-pt,zeroshot,500,0.8133333333333334,0.8120833333333334,0.8146875,0.03375,0.81345,0.8183333333333334,0.81
MCQ,MMLU-SOCIAL_SCI,MMLU-HUMANITIES,Cross,Gemma3,gemma-3-27b-pt,zeroshot,500,0.8133333333333334,0.8125,0.8145833333333333,0.04208333333333335,0.8135916666666665,0.8166666666666667,0.8104166666666667
MCQ,MMLU-SOCIAL_SCI,MMLU-OTHERS,Cross,Gemma3,gemma-3-27b-pt,zeroshot,500,0.8170833333333334,0.81625,0.8184375,0.02166666666666668,0.8175874999999999,0.8241666666666667,0.8129166666666666
MCQ,MMLU-SOCIAL_SCI,MMLU-SOCIAL_SCI,Same,Gemma3,gemma-3-27b-it,zeroshot,500,0.8283333333333334,0.8279166666666666,0.8295833333333333,0.05374999999999998,0.8285537841697038,0.8334149926506614,0.8241666666666667
MCQ,MMLU-SOCIAL_SCI,MMLU-STEM,Cross,Gemma3,gemma-3-27b-it,zeroshot,500,0.8333333333333334,0.8325,0.8345833333333333,0.03791666666666668,0.8337083333333333,0.8375,0.8308333333333333
MCQ,MMLU-SOCIAL_SCI,MMLU-HUMANITIES,Cross,Gemma3,gemma-3-27b-it,zeroshot,500,0.8358333333333333,0.8354166666666667,0.8366666666666667,0.03583333333333333,0.8359083333333334,0.8379166666666666,0.8333333333333334
MCQ,MMLU-SOCIAL_SCI,MMLU-OTHERS,Cross,Gemma3,gemma-3-27b-it,zeroshot,500,0.8325,0.8308333333333333,0.83375,0.04729166666666667,0.8323958333333333,0.83625,0.8270833333333333
MCQ,MMLU-SOCIAL_SCI,MMLU-SOCIAL_SCI,Same,Gemma3,gemma-3-12b-pt,zeroshot,500,0.7680555555555556,0.7666666666666667,0.7695833333333333,0.04625,0.7679383920047683,0.7725,0.7608333333333334
MCQ,MMLU-SOCIAL_SCI,MMLU-STEM,Cross,Gemma3,gemma-3-12b-pt,zeroshot,500,0.7697916666666667,0.7683333333333333,0.77125,0.013333333333333322,0.7694208333333331,0.7725,0.7625
MCQ,MMLU-SOCIAL_SCI,MMLU-HUMANITIES,Cross,Gemma3,gemma-3-12b-pt,zeroshot,500,0.76875,0.7675,0.7704166666666666,0.013749999999999984,0.7688999999999999,0.7725,0.76625
MCQ,MMLU-SOCIAL_SCI,MMLU-OTHERS,Cross,Gemma3,gemma-3-12b-pt,zeroshot,500,0.77125,0.7691666666666667,0.7720833333333333,0.030000000000000013,0.7703416666666666,0.7733333333333333,0.7625
MCQ,MMLU-SOCIAL_SCI,MMLU-SOCIAL_SCI,Same,Gemma3,gemma-3-12b-it,zeroshot,500,0.7983333333333333,0.7973255328040117,0.7991666666666667,0.036773923944839124,0.7985163712453871,0.8064814814814815,0.7954166666666667
MCQ,MMLU-SOCIAL_SCI,MMLU-STEM,Cross,Gemma3,gemma-3-12b-it,zeroshot,500,0.8008333333333333,0.8,0.8016666666666666,0.039583333333333345,0.8007166666666666,0.8033333333333333,0.7975
MCQ,MMLU-SOCIAL_SCI,MMLU-HUMANITIES,Cross,Gemma3,gemma-3-12b-it,zeroshot,500,0.8025,0.8020833333333334,0.8033333333333333,0.023333333333333317,0.8025291666666664,0.8045833333333333,0.8
MCQ,MMLU-SOCIAL_SCI,MMLU-OTHERS,Cross,Gemma3,gemma-3-12b-it,zeroshot,500,0.7983333333333333,0.7975,0.7995833333333333,0.04375,0.7984874999999999,0.8025,0.7941666666666667
MCQ,MMLU-SOCIAL_SCI,MMLU-SOCIAL_SCI,Same,Llama3,Llama-3.1-8B,zeroshot,500,0.5595833333333333,0.5579166666666666,0.5608333333333333,0.08541666666666665,0.5592370883863561,0.5633333333333334,0.5502204801567859
MCQ,MMLU-SOCIAL_SCI,MMLU-STEM,Cross,Llama3,Llama-3.1-8B,zeroshot,500,0.5485416666666667,0.5454166666666667,0.5504166666666667,0.150625,0.5480958333333333,0.555,0.5408333333333334
MCQ,MMLU-SOCIAL_SCI,MMLU-HUMANITIES,Cross,Llama3,Llama-3.1-8B,zeroshot,500,0.55375,0.5511458333333333,0.55625,0.12708333333333333,0.5535625,0.5608333333333333,0.54625
MCQ,MMLU-SOCIAL_SCI,MMLU-OTHERS,Cross,Llama3,Llama-3.1-8B,zeroshot,500,0.553125,0.55125,0.555,0.0925,0.5528749999999999,0.5604166666666667,0.5454166666666667
MCQ,MMLU-SOCIAL_SCI,MMLU-SOCIAL_SCI,Same,Llama3,Llama-3.1-8B-Instruct,zeroshot,500,0.7045833333333333,0.7029166666666666,0.7058333333333333,0.06166666666666669,0.7044938722109854,0.7125,0.69875
MCQ,MMLU-SOCIAL_SCI,MMLU-STEM,Cross,Llama3,Llama-3.1-8B-Instruct,zeroshot,500,0.6950000000000001,0.6929166666666666,0.6975,0.07979166666666668,0.69505,0.70125,0.6866666666666666
MCQ,MMLU-SOCIAL_SCI,MMLU-HUMANITIES,Cross,Llama3,Llama-3.1-8B-Instruct,zeroshot,500,0.6979166666666666,0.6970833333333334,0.7,0.08124999999999999,0.6980833333333334,0.7025,0.6895833333333333
MCQ,MMLU-SOCIAL_SCI,MMLU-OTHERS,Cross,Llama3,Llama-3.1-8B-Instruct,zeroshot,500,0.6958333333333333,0.6920833333333334,0.69875,0.08250000000000002,0.6956000000000002,0.7058333333333333,0.6833333333333333
MCQ,MMLU-SOCIAL_SCI,MMLU-SOCIAL_SCI,Same,Llama3,Llama-3.1-70B,zeroshot,500,0.7258333333333333,0.7241666666666666,0.7275,0.07416666666666666,0.7257855492263652,0.7308333333333333,0.7195121951219512
MCQ,MMLU-SOCIAL_SCI,MMLU-STEM,Cross,Llama3,Llama-3.1-70B,zeroshot,500,0.7270833333333333,0.7258333333333333,0.7283333333333334,0.07020833333333332,0.7271375,0.73125,0.7216666666666667
MCQ,MMLU-SOCIAL_SCI,MMLU-HUMANITIES,Cross,Llama3,Llama-3.1-70B,zeroshot,500,0.7220833333333333,0.7204166666666667,0.7233333333333334,0.0675,0.7215458333333333,0.7283333333333334,0.71125
MCQ,MMLU-SOCIAL_SCI,MMLU-OTHERS,Cross,Llama3,Llama-3.1-70B,zeroshot,500,0.7275,0.7265625,0.7283333333333334,0.07041666666666667,0.7274041666666666,0.7325,0.7220833333333333
MCQ,MMLU-SOCIAL_SCI,MMLU-SOCIAL_SCI,Same,Llama3,Llama-3.1-70B-Instruct,zeroshot,500,0.83375,0.8325,0.8354166666666667,0.05916666666666666,0.8340964107770968,0.84323358642251,0.83
MCQ,MMLU-SOCIAL_SCI,MMLU-STEM,Cross,Llama3,Llama-3.1-70B-Instruct,zeroshot,500,0.84625,0.845,0.8475,0.036458333333333336,0.8458291666666665,0.8495833333333334,0.8395833333333333
MCQ,MMLU-SOCIAL_SCI,MMLU-HUMANITIES,Cross,Llama3,Llama-3.1-70B-Instruct,zeroshot,500,0.835,0.8325,0.8380208333333333,0.06229166666666666,0.8350708333333333,0.8441666666666666,0.8258333333333333
MCQ,MMLU-SOCIAL_SCI,MMLU-OTHERS,Cross,Llama3,Llama-3.1-70B-Instruct,zeroshot,500,0.8370833333333333,0.835,0.8395833333333333,0.05458333333333336,0.8372916666666665,0.8445833333333334,0.8279166666666666
MCQ,MMLU-SOCIAL_SCI,MMLU-SOCIAL_SCI,Same,Falcon,Falcon3-3B-Base,instronly,500,0.5604166666666667,0.5591666666666667,0.56125,0.012083333333333335,0.5600148867675039,0.5633389261744967,0.5541161721688257
MCQ,MMLU-SOCIAL_SCI,MMLU-STEM,Cross,Falcon,Falcon3-3B-Base,instronly,500,0.55875,0.5583333333333333,0.5595833333333333,0.08416666666666667,0.5587000000000001,0.56125,0.5545833333333333
MCQ,MMLU-SOCIAL_SCI,MMLU-HUMANITIES,Cross,Falcon,Falcon3-3B-Base,instronly,500,0.5575,0.5566666666666666,0.55875,0.08875,0.5576291666666667,0.5620833333333334,0.5533333333333333
MCQ,MMLU-SOCIAL_SCI,MMLU-OTHERS,Cross,Falcon,Falcon3-3B-Base,instronly,500,0.55875,0.5579166666666666,0.5596875,0.028958333333333336,0.5589624999999999,0.5620833333333334,0.5558333333333333
MCQ,MMLU-SOCIAL_SCI,MMLU-SOCIAL_SCI,Same,Falcon,Falcon3-3B-Instruct,instronly,500,0.61125,0.6104166666666667,0.6120833333333333,0.020416666666666652,0.6111804495563599,0.61625,0.6079166666666667
MCQ,MMLU-SOCIAL_SCI,MMLU-STEM,Cross,Falcon,Falcon3-3B-Instruct,instronly,500,0.6095833333333334,0.6086458333333333,0.6101041666666667,0.02937499999999999,0.6093833333333334,0.6120833333333333,0.60625
MCQ,MMLU-SOCIAL_SCI,MMLU-HUMANITIES,Cross,Falcon,Falcon3-3B-Instruct,instronly,500,0.6095833333333334,0.60875,0.61,0.030625000000000006,0.60945,0.6116666666666667,0.6066666666666667
MCQ,MMLU-SOCIAL_SCI,MMLU-OTHERS,Cross,Falcon,Falcon3-3B-Instruct,instronly,500,0.61125,0.6104166666666667,0.6120833333333333,0.021458333333333336,0.6112583333333333,0.615,0.6079166666666667
MCQ,MMLU-SOCIAL_SCI,MMLU-SOCIAL_SCI,Same,Falcon,Falcon3-10B-Base,instronly,500,0.7616666666666667,0.76,0.7633333333333333,0.02775405636208368,0.7618969020503475,0.7670833333333333,0.7584517393434591
MCQ,MMLU-SOCIAL_SCI,MMLU-STEM,Cross,Falcon,Falcon3-10B-Base,instronly,500,0.7579166666666667,0.7558333333333334,0.76,0.034374999999999975,0.7578374999999999,0.7658333333333334,0.7495833333333334
MCQ,MMLU-SOCIAL_SCI,MMLU-HUMANITIES,Cross,Falcon,Falcon3-10B-Base,instronly,500,0.7558333333333334,0.755,0.7566666666666667,0.06145833333333334,0.7558124999999998,0.76125,0.7529166666666667
MCQ,MMLU-SOCIAL_SCI,MMLU-OTHERS,Cross,Falcon,Falcon3-10B-Base,instronly,500,0.75875,0.7579166666666667,0.7604166666666666,0.04770833333333333,0.7589666666666666,0.76625,0.7525
MCQ,MMLU-SOCIAL_SCI,MMLU-SOCIAL_SCI,Same,Falcon,Falcon3-10B-Instruct,instronly,500,0.7566666666666667,0.755,0.7579166666666667,0.03875000000000001,0.7568718899135631,0.7697207251347379,0.7520868113522537
MCQ,MMLU-SOCIAL_SCI,MMLU-STEM,Cross,Falcon,Falcon3-10B-Instruct,instronly,500,0.7525,0.7503124999999999,0.75375,0.022916666666666655,0.7518833333333333,0.7570833333333333,0.7433333333333333
MCQ,MMLU-SOCIAL_SCI,MMLU-HUMANITIES,Cross,Falcon,Falcon3-10B-Instruct,instronly,500,0.7475,0.7445833333333334,0.7495833333333334,0.03562500000000001,0.7472291666666667,0.7529166666666667,0.7366666666666667
MCQ,MMLU-SOCIAL_SCI,MMLU-OTHERS,Cross,Falcon,Falcon3-10B-Instruct,instronly,500,0.7533333333333333,0.7523958333333333,0.7558333333333334,0.045416666666666675,0.7538333333333332,0.7595833333333334,0.7479166666666667
MCQ,MMLU-SOCIAL_SCI,MMLU-SOCIAL_SCI,Same,Gemma3,gemma-3-27b-pt,instronly,500,0.8179166666666666,0.81625,0.8195833333333333,0.013749999999999984,0.8178650130284292,0.8245833333333333,0.8125
MCQ,MMLU-SOCIAL_SCI,MMLU-STEM,Cross,Gemma3,gemma-3-27b-pt,instronly,500,0.813125,0.8107291666666666,0.8141666666666667,0.045000000000000005,0.8123666666666667,0.8166666666666667,0.8045833333333333
MCQ,MMLU-SOCIAL_SCI,MMLU-HUMANITIES,Cross,Gemma3,gemma-3-27b-pt,instronly,500,0.82375,0.8229166666666666,0.8245833333333333,0.02395833333333334,0.8237708333333335,0.8266666666666667,0.8204166666666667
MCQ,MMLU-SOCIAL_SCI,MMLU-OTHERS,Cross,Gemma3,gemma-3-27b-pt,instronly,500,0.8166666666666667,0.8154166666666667,0.8179166666666666,0.026458333333333334,0.8168374999999998,0.8233333333333334,0.8129166666666666
MCQ,MMLU-SOCIAL_SCI,MMLU-SOCIAL_SCI,Same,Gemma3,gemma-3-27b-it,instronly,500,0.8175,0.8166666666666667,0.8183333333333334,0.019166666666666665,0.8176080031481845,0.82312591866732,0.8145833333333333
MCQ,MMLU-SOCIAL_SCI,MMLU-STEM,Cross,Gemma3,gemma-3-27b-it,instronly,500,0.8175,0.8170833333333334,0.8183333333333334,0.017499999999999995,0.8176666666666665,0.82,0.81625
MCQ,MMLU-SOCIAL_SCI,MMLU-HUMANITIES,Cross,Gemma3,gemma-3-27b-it,instronly,500,0.8202083333333333,0.8195833333333333,0.82125,0.007499999999999979,0.8203583333333333,0.8229166666666666,0.8179166666666666
MCQ,MMLU-SOCIAL_SCI,MMLU-OTHERS,Cross,Gemma3,gemma-3-27b-it,instronly,500,0.8170833333333334,0.8166666666666667,0.8175,0.016666666666666656,0.8171374999999997,0.81875,0.8154166666666667
MCQ,MMLU-SOCIAL_SCI,MMLU-SOCIAL_SCI,Same,Gemma3,gemma-3-12b-pt,instronly,500,0.7566666666666667,0.755,0.7583333333333333,0.04749999999999999,0.7567821324448377,0.7632871817775793,0.7508333333333334
MCQ,MMLU-SOCIAL_SCI,MMLU-STEM,Cross,Gemma3,gemma-3-12b-pt,instronly,500,0.7591666666666667,0.7575,0.76125,0.037083333333333315,0.7592208333333333,0.7654166666666666,0.7529166666666667
MCQ,MMLU-SOCIAL_SCI,MMLU-HUMANITIES,Cross,Gemma3,gemma-3-12b-pt,instronly,500,0.7591666666666667,0.7579166666666667,0.7604166666666666,0.039166666666666655,0.7592166666666668,0.7666666666666667,0.7520833333333333
MCQ,MMLU-SOCIAL_SCI,MMLU-OTHERS,Cross,Gemma3,gemma-3-12b-pt,instronly,500,0.7558333333333334,0.7529166666666667,0.7583333333333333,0.05104166666666667,0.7556416666666665,0.7633333333333333,0.7495833333333334
MCQ,MMLU-SOCIAL_SCI,MMLU-SOCIAL_SCI,Same,Gemma3,gemma-3-12b-it,instronly,500,0.7770833333333333,0.7766666666666666,0.7775,0.03749999999999999,0.7772575692268499,0.7809564474807856,0.7754166666666666
MCQ,MMLU-SOCIAL_SCI,MMLU-STEM,Cross,Gemma3,gemma-3-12b-it,instronly,500,0.7789583333333334,0.7783333333333333,0.7795833333333333,0.02958333333333333,0.7789375000000001,0.78125,0.7766666666666666
MCQ,MMLU-SOCIAL_SCI,MMLU-HUMANITIES,Cross,Gemma3,gemma-3-12b-it,instronly,500,0.7766666666666666,0.7758333333333334,0.7775,0.022083333333333344,0.7767125000000001,0.78,0.77375
MCQ,MMLU-SOCIAL_SCI,MMLU-OTHERS,Cross,Gemma3,gemma-3-12b-it,instronly,500,0.7775,0.7770833333333333,0.7784375,0.03479166666666668,0.7776875000000001,0.7804166666666666,0.7745833333333333
MCQ,MMLU-SOCIAL_SCI,MMLU-SOCIAL_SCI,Same,Llama3,Llama-3.1-8B,instronly,500,0.6375,0.63625,0.6391666666666667,0.07750000000000001,0.6377586149937268,0.6466666666666666,0.6316666666666667
MCQ,MMLU-SOCIAL_SCI,MMLU-STEM,Cross,Llama3,Llama-3.1-8B,instronly,500,0.6475,0.6466666666666666,0.6483333333333333,0.04916666666666665,0.6477250000000001,0.6529166666666667,0.6395833333333333
MCQ,MMLU-SOCIAL_SCI,MMLU-HUMANITIES,Cross,Llama3,Llama-3.1-8B,instronly,500,0.6395833333333333,0.63875,0.6408333333333334,0.10458333333333332,0.6398166666666667,0.6429166666666667,0.6366666666666667
MCQ,MMLU-SOCIAL_SCI,MMLU-OTHERS,Cross,Llama3,Llama-3.1-8B,instronly,500,0.6414583333333334,0.6391666666666667,0.6426041666666666,0.07375000000000001,0.6409625,0.6458333333333334,0.6333333333333333
MCQ,MMLU-SOCIAL_SCI,MMLU-SOCIAL_SCI,Same,Llama3,Llama-3.1-8B-Instruct,instronly,500,0.7245833333333334,0.7229166666666667,0.72625,0.042500000000000024,0.7245338280958381,0.7285644292013719,0.7186411149825784
MCQ,MMLU-SOCIAL_SCI,MMLU-STEM,Cross,Llama3,Llama-3.1-8B-Instruct,instronly,500,0.725,0.7240624999999999,0.72625,0.04125000000000001,0.7251125,0.72875,0.7216666666666667
MCQ,MMLU-SOCIAL_SCI,MMLU-HUMANITIES,Cross,Llama3,Llama-3.1-8B-Instruct,instronly,500,0.72375,0.7229166666666667,0.725,0.06416666666666666,0.7239333333333332,0.72875,0.72
MCQ,MMLU-SOCIAL_SCI,MMLU-OTHERS,Cross,Llama3,Llama-3.1-8B-Instruct,instronly,500,0.72625,0.7254166666666667,0.7275,0.04791666666666665,0.7263583333333332,0.7304166666666667,0.72125
MCQ,MMLU-SOCIAL_SCI,MMLU-SOCIAL_SCI,Same,Llama3,Llama-3.1-70B,instronly,500,0.7904166666666667,0.7891666666666667,0.79125,0.04625000000000001,0.790337598855846,0.795,0.7843723313407344
MCQ,MMLU-SOCIAL_SCI,MMLU-STEM,Cross,Llama3,Llama-3.1-70B,instronly,500,0.7958333333333333,0.7948958333333334,0.7966666666666666,0.04625,0.7956333333333333,0.79875,0.7908333333333334
MCQ,MMLU-SOCIAL_SCI,MMLU-HUMANITIES,Cross,Llama3,Llama-3.1-70B,instronly,500,0.7908333333333334,0.7895833333333333,0.79375,0.04229166666666665,0.7913458333333334,0.7975,0.785
MCQ,MMLU-SOCIAL_SCI,MMLU-OTHERS,Cross,Llama3,Llama-3.1-70B,instronly,500,0.7916666666666666,0.79,0.7933333333333333,0.0425,0.7917791666666667,0.7979166666666667,0.78625
MCQ,MMLU-SOCIAL_SCI,MMLU-SOCIAL_SCI,Same,Llama3,Llama-3.1-70B-Instruct,instronly,500,0.8554166666666667,0.8541666666666666,0.8566666666666667,0.04375000000000001,0.8555229243934445,0.8619919606967397,0.85125
MCQ,MMLU-SOCIAL_SCI,MMLU-STEM,Cross,Llama3,Llama-3.1-70B-Instruct,instronly,500,0.8604166666666667,0.86,0.86125,0.02375,0.860525,0.86375,0.8575
MCQ,MMLU-SOCIAL_SCI,MMLU-HUMANITIES,Cross,Llama3,Llama-3.1-70B-Instruct,instronly,500,0.8541666666666666,0.8516666666666667,0.8554166666666667,0.04874999999999999,0.8534875000000003,0.85875,0.8458333333333333
MCQ,MMLU-SOCIAL_SCI,MMLU-OTHERS,Cross,Llama3,Llama-3.1-70B-Instruct,instronly,500,0.8545833333333334,0.8525,0.8555208333333334,0.04875000000000001,0.8541083333333335,0.86,0.8445833333333334
MCQ,MMLU-SOCIAL_SCI,MMLU-SOCIAL_SCI,Same,Falcon,Falcon3-3B-Base,fewshot,500,0.5866666666666667,0.585,0.5883333333333334,0.03916666666666668,0.5865856335315872,0.59125,0.58
MCQ,MMLU-SOCIAL_SCI,MMLU-STEM,Cross,Falcon,Falcon3-3B-Base,fewshot,500,0.59125,0.59,0.5920833333333333,0.04791666666666667,0.5911416666666667,0.5958333333333333,0.5875
MCQ,MMLU-SOCIAL_SCI,MMLU-HUMANITIES,Cross,Falcon,Falcon3-3B-Base,fewshot,500,0.58875,0.5875,0.5901041666666667,0.06458333333333333,0.5888333333333333,0.595,0.585
MCQ,MMLU-SOCIAL_SCI,MMLU-OTHERS,Cross,Falcon,Falcon3-3B-Base,fewshot,500,0.58875,0.5879166666666666,0.5895833333333333,0.02270833333333333,0.588575,0.5925,0.58375
MCQ,MMLU-SOCIAL_SCI,MMLU-SOCIAL_SCI,Same,Falcon,Falcon3-3B-Instruct,fewshot,500,0.615,0.6140939597315436,0.6166666666666667,0.018333333333333326,0.6152220791244857,0.61875,0.6093205574912892
MCQ,MMLU-SOCIAL_SCI,MMLU-STEM,Cross,Falcon,Falcon3-3B-Instruct,fewshot,500,0.6166666666666667,0.6158333333333333,0.6170833333333333,0.02833333333333333,0.6164416666666667,0.6191666666666666,0.6129166666666667
MCQ,MMLU-SOCIAL_SCI,MMLU-HUMANITIES,Cross,Falcon,Falcon3-3B-Instruct,fewshot,500,0.61625,0.6145833333333334,0.6170833333333333,0.02145833333333335,0.6159666666666667,0.61875,0.61125
MCQ,MMLU-SOCIAL_SCI,MMLU-OTHERS,Cross,Falcon,Falcon3-3B-Instruct,fewshot,500,0.6158333333333333,0.6145833333333334,0.6166666666666667,0.022083333333333323,0.6158041666666667,0.6191666666666666,0.6129166666666667
MCQ,MMLU-SOCIAL_SCI,MMLU-SOCIAL_SCI,Same,Falcon,Falcon3-10B-Base,fewshot,500,0.7814814814814814,0.78,0.7825,0.038171140939597295,0.7813995892752227,0.78625,0.7754166666666666
MCQ,MMLU-SOCIAL_SCI,MMLU-STEM,Cross,Falcon,Falcon3-10B-Base,fewshot,500,0.7858333333333334,0.7845833333333333,0.7863541666666667,0.021874999999999985,0.7855833333333331,0.7891666666666667,0.7816666666666666
MCQ,MMLU-SOCIAL_SCI,MMLU-HUMANITIES,Cross,Falcon,Falcon3-10B-Base,fewshot,500,0.7841666666666667,0.7829166666666667,0.7858333333333334,0.02541666666666667,0.7843666666666665,0.7883333333333333,0.78
MCQ,MMLU-SOCIAL_SCI,MMLU-OTHERS,Cross,Falcon,Falcon3-10B-Base,fewshot,500,0.784375,0.7832291666666666,0.7854166666666667,0.03583333333333333,0.7841,0.7891666666666667,0.7770833333333333
MCQ,MMLU-SOCIAL_SCI,MMLU-SOCIAL_SCI,Same,Falcon,Falcon3-10B-Instruct,fewshot,500,0.7891666666666667,0.7879166666666667,0.79,0.018333333333333326,0.7891693133324084,0.79421852033317,0.7851414098775855
MCQ,MMLU-SOCIAL_SCI,MMLU-STEM,Cross,Falcon,Falcon3-10B-Instruct,fewshot,500,0.7883333333333333,0.7875,0.7895833333333333,0.025,0.7885791666666665,0.7916666666666666,0.7854166666666667
MCQ,MMLU-SOCIAL_SCI,MMLU-HUMANITIES,Cross,Falcon,Falcon3-10B-Instruct,fewshot,500,0.7870833333333334,0.7866666666666666,0.78875,0.03375,0.787520833333333,0.79125,0.7845833333333333
MCQ,MMLU-SOCIAL_SCI,MMLU-OTHERS,Cross,Falcon,Falcon3-10B-Instruct,fewshot,500,0.7891666666666667,0.7882291666666666,0.79,0.01958333333333334,0.7889333333333336,0.7916666666666666,0.7833333333333333
MCQ,MMLU-SOCIAL_SCI,MMLU-SOCIAL_SCI,Same,Gemma3,gemma-3-27b-pt,fewshot,500,0.84375,0.842237061769616,0.845,0.010016694490818032,0.8436976625692848,0.8479166666666667,0.8391666666666666
MCQ,MMLU-SOCIAL_SCI,MMLU-STEM,Cross,Gemma3,gemma-3-27b-pt,fewshot,500,0.8404166666666667,0.83875,0.8417708333333334,0.031041666666666662,0.8403625000000001,0.8454166666666667,0.8345833333333333
MCQ,MMLU-SOCIAL_SCI,MMLU-HUMANITIES,Cross,Gemma3,gemma-3-27b-pt,fewshot,500,0.8354166666666667,0.8344791666666667,0.8366666666666667,0.056874999999999995,0.8354416666666665,0.8383333333333334,0.8329166666666666
MCQ,MMLU-SOCIAL_SCI,MMLU-OTHERS,Cross,Gemma3,gemma-3-27b-pt,fewshot,500,0.8429166666666666,0.84125,0.8442708333333333,0.018125000000000002,0.8426958333333333,0.8479166666666667,0.83625
MCQ,MMLU-SOCIAL_SCI,MMLU-SOCIAL_SCI,Same,Gemma3,gemma-3-27b-it,fewshot,500,0.8283333333333334,0.8275,0.8291666666666667,0.014166666666666675,0.8285725473665105,0.8363547280744733,0.8258333333333333
MCQ,MMLU-SOCIAL_SCI,MMLU-STEM,Cross,Gemma3,gemma-3-27b-it,fewshot,500,0.8270833333333333,0.8269791666666666,0.8275,0.022083333333333344,0.8273041666666665,0.8291666666666667,0.8254166666666667
MCQ,MMLU-SOCIAL_SCI,MMLU-HUMANITIES,Cross,Gemma3,gemma-3-27b-it,fewshot,500,0.8279166666666666,0.8270833333333333,0.82875,0.023333333333333317,0.827825,0.83,0.8258333333333333
MCQ,MMLU-SOCIAL_SCI,MMLU-OTHERS,Cross,Gemma3,gemma-3-27b-it,fewshot,500,0.8279166666666666,0.8275,0.8283333333333334,0.01791666666666665,0.8280250000000001,0.8304166666666667,0.8258333333333333
MCQ,MMLU-SOCIAL_SCI,MMLU-SOCIAL_SCI,Same,Gemma3,gemma-3-12b-pt,fewshot,500,0.8008333333333333,0.7995833333333333,0.8027003484320557,0.020000000000000004,0.8012086676978958,0.8089171974522293,0.7954166666666667
MCQ,MMLU-SOCIAL_SCI,MMLU-STEM,Cross,Gemma3,gemma-3-12b-pt,fewshot,500,0.7970833333333334,0.7954166666666667,0.7983333333333333,0.029583333333333336,0.7970041666666667,0.8029166666666666,0.79125
MCQ,MMLU-SOCIAL_SCI,MMLU-HUMANITIES,Cross,Gemma3,gemma-3-12b-pt,fewshot,500,0.7891666666666667,0.7873958333333333,0.7926041666666667,0.07166666666666667,0.7897666666666666,0.795,0.7775
MCQ,MMLU-SOCIAL_SCI,MMLU-OTHERS,Cross,Gemma3,gemma-3-12b-pt,fewshot,500,0.798125,0.7970833333333334,0.8004166666666667,0.027083333333333334,0.7986166666666668,0.80375,0.7933333333333333
MCQ,MMLU-SOCIAL_SCI,MMLU-SOCIAL_SCI,Same,Gemma3,gemma-3-12b-it,fewshot,500,0.7941666666666667,0.79375,0.7948182198077727,0.015000000000000013,0.7944713972710712,0.8012505582849486,0.7920833333333334
MCQ,MMLU-SOCIAL_SCI,MMLU-STEM,Cross,Gemma3,gemma-3-12b-it,fewshot,500,0.7941666666666667,0.79375,0.7946875,0.01291666666666666,0.7943333333333333,0.7966666666666666,0.7929166666666667
MCQ,MMLU-SOCIAL_SCI,MMLU-HUMANITIES,Cross,Gemma3,gemma-3-12b-it,fewshot,500,0.7941666666666667,0.79375,0.795,0.017291666666666664,0.7942041666666667,0.79625,0.7916666666666666
MCQ,MMLU-SOCIAL_SCI,MMLU-OTHERS,Cross,Gemma3,gemma-3-12b-it,fewshot,500,0.79375,0.7933333333333333,0.7941666666666667,0.015625000000000007,0.7937291666666667,0.7954166666666667,0.7925
MCQ,MMLU-SOCIAL_SCI,MMLU-SOCIAL_SCI,Same,Llama3,Llama-3.1-8B,fewshot,500,0.6970833333333334,0.695132365499573,0.6983333333333334,0.07583333333333332,0.6968076303372368,0.70125,0.6920833333333334
MCQ,MMLU-SOCIAL_SCI,MMLU-STEM,Cross,Llama3,Llama-3.1-8B,fewshot,500,0.6952083333333333,0.6945833333333333,0.69625,0.04479166666666667,0.6953083333333335,0.6983333333333334,0.6904166666666667
MCQ,MMLU-SOCIAL_SCI,MMLU-HUMANITIES,Cross,Llama3,Llama-3.1-8B,fewshot,500,0.6983333333333334,0.6970833333333334,0.6991666666666667,0.02958333333333335,0.6979916666666667,0.7004166666666667,0.6895833333333333
MCQ,MMLU-SOCIAL_SCI,MMLU-OTHERS,Cross,Llama3,Llama-3.1-8B,fewshot,500,0.6970833333333334,0.6958333333333333,0.6991666666666667,0.054166666666666655,0.6969958333333335,0.70125,0.6866666666666666
MCQ,MMLU-SOCIAL_SCI,MMLU-SOCIAL_SCI,Same,Llama3,Llama-3.1-8B-Instruct,fewshot,500,0.73,0.72875,0.7316666666666667,0.01791666666666665,0.730210660170349,0.7358333333333333,0.7229166666666667
MCQ,MMLU-SOCIAL_SCI,MMLU-STEM,Cross,Llama3,Llama-3.1-8B-Instruct,fewshot,500,0.7258333333333333,0.725,0.7270833333333333,0.039999999999999994,0.7259541666666667,0.7304166666666667,0.7204166666666667
MCQ,MMLU-SOCIAL_SCI,MMLU-HUMANITIES,Cross,Llama3,Llama-3.1-8B-Instruct,fewshot,500,0.7225,0.7216666666666667,0.7233333333333334,0.07604166666666667,0.7226166666666665,0.7270833333333333,0.7195833333333334
MCQ,MMLU-SOCIAL_SCI,MMLU-OTHERS,Cross,Llama3,Llama-3.1-8B-Instruct,fewshot,500,0.7270833333333333,0.7258333333333333,0.72875,0.03541666666666666,0.7272,0.7325,0.7220833333333333
MCQ,MMLU-SOCIAL_SCI,MMLU-SOCIAL_SCI,Same,Llama3,Llama-3.1-70B,fewshot,500,0.8083333333333333,0.8066694807935838,0.81,0.02333333333333333,0.8085723001559117,0.8142027690933452,0.802758044295863
MCQ,MMLU-SOCIAL_SCI,MMLU-STEM,Cross,Llama3,Llama-3.1-70B,fewshot,500,0.8054166666666667,0.8041666666666667,0.80625,0.031666666666666655,0.8052875,0.8079166666666666,0.80125
MCQ,MMLU-SOCIAL_SCI,MMLU-HUMANITIES,Cross,Llama3,Llama-3.1-70B,fewshot,500,0.7929166666666667,0.7907291666666667,0.7945833333333333,0.07791666666666666,0.7922166666666667,0.8004166666666667,0.7804166666666666
MCQ,MMLU-SOCIAL_SCI,MMLU-OTHERS,Cross,Llama3,Llama-3.1-70B,fewshot,500,0.8070833333333334,0.8058333333333333,0.80875,0.014583333333333337,0.8071458333333337,0.8108333333333333,0.8020833333333334
MCQ,MMLU-SOCIAL_SCI,MMLU-SOCIAL_SCI,Same,Llama3,Llama-3.1-70B-Instruct,fewshot,500,0.8529166666666667,0.8520833333333333,0.8541666666666666,0.012916666666666646,0.8531137856836982,0.8569444444444444,0.8495833333333334
MCQ,MMLU-SOCIAL_SCI,MMLU-STEM,Cross,Llama3,Llama-3.1-70B-Instruct,fewshot,500,0.8504166666666667,0.8491666666666666,0.85125,0.02708333333333332,0.8501833333333333,0.8533333333333334,0.845
MCQ,MMLU-SOCIAL_SCI,MMLU-HUMANITIES,Cross,Llama3,Llama-3.1-70B-Instruct,fewshot,500,0.8452083333333333,0.8432291666666667,0.8471875,0.044791666666666674,0.8449041666666668,0.85125,0.8358333333333333
MCQ,MMLU-SOCIAL_SCI,MMLU-OTHERS,Cross,Llama3,Llama-3.1-70B-Instruct,fewshot,500,0.8520833333333333,0.8508333333333333,0.85375,0.016666666666666663,0.8522500000000002,0.8570833333333333,0.8475
MCQ,MMLU-OTHERS,MMLU-OTHERS,Same,Falcon,Falcon3-3B-Base,zeroshot,500,0.5014285714285714,0.49910714285714286,0.5026785714285714,0.03857142857142855,0.5010052223880823,0.5092857142857142,0.4923954372623574
MCQ,MMLU-OTHERS,MMLU-STEM,Cross,Falcon,Falcon3-3B-Base,zeroshot,500,0.4928571428571429,0.49142857142857144,0.4932142857142857,0.12446428571428572,0.49245714285714287,0.4953571428571429,0.48892857142857143
MCQ,MMLU-OTHERS,MMLU-HUMANITIES,Cross,Falcon,Falcon3-3B-Base,zeroshot,500,0.49964285714285717,0.49892857142857144,0.5003571428571428,0.065,0.4997678571428572,0.5032142857142857,0.4975
MCQ,MMLU-OTHERS,MMLU-SOCIAL_SCI,Cross,Falcon,Falcon3-3B-Base,zeroshot,500,0.5073214285714285,0.5059821428571429,0.5086607142857142,0.058214285714285705,0.5073178571428572,0.5117857142857143,0.5025
MCQ,MMLU-OTHERS,MMLU-OTHERS,Same,Falcon,Falcon3-3B-Instruct,zeroshot,500,0.5621428571428572,0.5610714285714286,0.5633928571428571,0.0392857142857143,0.5623632839092004,0.5698669201520913,0.5582142857142857
MCQ,MMLU-OTHERS,MMLU-STEM,Cross,Falcon,Falcon3-3B-Instruct,zeroshot,500,0.5625,0.5614285714285714,0.5636607142857143,0.04035714285714284,0.5626249999999999,0.5678571428571428,0.5592857142857143
MCQ,MMLU-OTHERS,MMLU-HUMANITIES,Cross,Falcon,Falcon3-3B-Instruct,zeroshot,500,0.5625,0.5607142857142857,0.5642857142857143,0.042857142857142864,0.5625285714285713,0.5675,0.5575
MCQ,MMLU-OTHERS,MMLU-SOCIAL_SCI,Cross,Falcon,Falcon3-3B-Instruct,zeroshot,500,0.5641071428571429,0.5628571428571428,0.565,0.03357142857142858,0.5639285714285714,0.5678571428571428,0.5582142857142857
MCQ,MMLU-OTHERS,MMLU-OTHERS,Same,Falcon,Falcon3-10B-Base,zeroshot,500,0.6096428571428572,0.6082142857142857,0.6117857142857143,0.01607142857142857,0.6098899340763272,0.6164285714285714,0.6039285714285715
MCQ,MMLU-OTHERS,MMLU-STEM,Cross,Falcon,Falcon3-10B-Base,zeroshot,500,0.6126785714285714,0.6110714285714286,0.6135714285714285,0.08750000000000001,0.6121714285714286,0.6164285714285714,0.6025
MCQ,MMLU-OTHERS,MMLU-HUMANITIES,Cross,Falcon,Falcon3-10B-Base,zeroshot,500,0.5942857142857143,0.590625,0.5975892857142857,0.10392857142857143,0.5941142857142857,0.6067857142857143,0.5778571428571428
MCQ,MMLU-OTHERS,MMLU-SOCIAL_SCI,Cross,Falcon,Falcon3-10B-Base,zeroshot,500,0.6030357142857143,0.6003571428571428,0.6072321428571428,0.06107142857142857,0.6036392857142857,0.6121428571428571,0.5907142857142857
MCQ,MMLU-OTHERS,MMLU-OTHERS,Same,Falcon,Falcon3-10B-Instruct,zeroshot,500,0.45783997129529963,0.4564285714285714,0.4592857142857143,0.024642857142857147,0.45773475243398964,0.4644284572342126,0.4521428571428571
MCQ,MMLU-OTHERS,MMLU-STEM,Cross,Falcon,Falcon3-10B-Instruct,zeroshot,500,0.4525,0.45107142857142857,0.4539285714285714,0.06392857142857142,0.4524714285714287,0.4585714285714286,0.44571428571428573
MCQ,MMLU-OTHERS,MMLU-HUMANITIES,Cross,Falcon,Falcon3-10B-Instruct,zeroshot,500,0.44607142857142856,0.445,0.44785714285714284,0.09785714285714286,0.4463535714285714,0.4521428571428571,0.4407142857142857
MCQ,MMLU-OTHERS,MMLU-SOCIAL_SCI,Cross,Falcon,Falcon3-10B-Instruct,zeroshot,500,0.46035714285714285,0.4585714285714286,0.46187500000000004,0.038928571428571423,0.46014285714285713,0.4657142857142857,0.45321428571428574
MCQ,MMLU-OTHERS,MMLU-OTHERS,Same,Gemma3,gemma-3-27b-pt,zeroshot,500,0.78,0.7792857142857142,0.7807142857142857,0.039642857142857146,0.7799846352793733,0.7846958174904943,0.775
MCQ,MMLU-OTHERS,MMLU-STEM,Cross,Gemma3,gemma-3-27b-pt,zeroshot,500,0.7792857142857142,0.7782142857142857,0.78,0.03571428571428571,0.7792714285714285,0.7828571428571428,0.7764285714285715
MCQ,MMLU-OTHERS,MMLU-HUMANITIES,Cross,Gemma3,gemma-3-27b-pt,zeroshot,500,0.7826785714285713,0.7817857142857143,0.7832142857142858,0.02892857142857143,0.7825142857142857,0.7857142857142857,0.7789285714285714
MCQ,MMLU-OTHERS,MMLU-SOCIAL_SCI,Cross,Gemma3,gemma-3-27b-pt,zeroshot,500,0.7807142857142857,0.7796428571428572,0.7814285714285715,0.04767857142857143,0.7805321428571429,0.7835714285714286,0.7778571428571428
MCQ,MMLU-OTHERS,MMLU-OTHERS,Same,Gemma3,gemma-3-27b-it,zeroshot,500,0.7775,0.7767857142857143,0.7789285714285714,0.05357142857142859,0.7778468809411238,0.7851310700472711,0.7743092931467528
MCQ,MMLU-OTHERS,MMLU-STEM,Cross,Gemma3,gemma-3-27b-it,zeroshot,500,0.7817857142857143,0.7810714285714285,0.7825,0.05214285714285716,0.7816607142857143,0.7839285714285714,0.7778571428571428
MCQ,MMLU-OTHERS,MMLU-HUMANITIES,Cross,Gemma3,gemma-3-27b-it,zeroshot,500,0.7807142857142857,0.7799107142857143,0.7814285714285715,0.045535714285714284,0.7804892857142857,0.7832142857142858,0.7764285714285715
MCQ,MMLU-OTHERS,MMLU-SOCIAL_SCI,Cross,Gemma3,gemma-3-27b-it,zeroshot,500,0.775,0.7738392857142857,0.7760714285714285,0.06196428571428572,0.7750642857142858,0.7789285714285714,0.7714285714285715
MCQ,MMLU-OTHERS,MMLU-OTHERS,Same,Gemma3,gemma-3-12b-pt,zeroshot,500,0.7442857142857143,0.7425,0.7457142857142857,0.04123328380386329,0.7440397157380326,0.7494628276751182,0.7378571428571429
MCQ,MMLU-OTHERS,MMLU-STEM,Cross,Gemma3,gemma-3-12b-pt,zeroshot,500,0.7453571428571428,0.7446428571428572,0.7461607142857143,0.0367857142857143,0.745307142857143,0.7492857142857143,0.7407142857142858
MCQ,MMLU-OTHERS,MMLU-HUMANITIES,Cross,Gemma3,gemma-3-12b-pt,zeroshot,500,0.7455357142857142,0.7439285714285714,0.7460714285714286,0.03785714285714287,0.7447142857142858,0.7485714285714286,0.7357142857142858
MCQ,MMLU-OTHERS,MMLU-SOCIAL_SCI,Cross,Gemma3,gemma-3-12b-pt,zeroshot,500,0.7328571428571429,0.7314285714285714,0.7342857142857143,0.09428571428571429,0.7330857142857142,0.7410714285714286,0.7267857142857143
MCQ,MMLU-OTHERS,MMLU-OTHERS,Same,Gemma3,gemma-3-12b-it,zeroshot,500,0.7588805166846071,0.7578571428571429,0.7596428571428572,0.05821428571428572,0.7588019867691262,0.7633079847908745,0.755
MCQ,MMLU-OTHERS,MMLU-STEM,Cross,Gemma3,gemma-3-12b-it,zeroshot,500,0.7582142857142857,0.7571428571428571,0.7592857142857142,0.046071428571428555,0.7583214285714284,0.7610714285714286,0.7546428571428572
MCQ,MMLU-OTHERS,MMLU-HUMANITIES,Cross,Gemma3,gemma-3-12b-it,zeroshot,500,0.7583928571428571,0.7571428571428571,0.7593749999999999,0.04589285714285713,0.7582249999999999,0.7621428571428571,0.7539285714285714
MCQ,MMLU-OTHERS,MMLU-SOCIAL_SCI,Cross,Gemma3,gemma-3-12b-it,zeroshot,500,0.7578571428571429,0.7575,0.7582142857142857,0.07107142857142859,0.7578071428571428,0.7603571428571428,0.7560714285714286
MCQ,MMLU-OTHERS,MMLU-OTHERS,Same,Llama3,Llama-3.1-8B,zeroshot,500,0.5639285714285714,0.5623214285714286,0.5656367069871893,0.052142857142857144,0.5639222885370537,0.5696428571428571,0.5560714285714285
MCQ,MMLU-OTHERS,MMLU-STEM,Cross,Llama3,Llama-3.1-8B,zeroshot,500,0.5614285714285714,0.56,0.5628571428571428,0.10482142857142857,0.5614285714285714,0.5653571428571429,0.5571428571428572
MCQ,MMLU-OTHERS,MMLU-HUMANITIES,Cross,Llama3,Llama-3.1-8B,zeroshot,500,0.5525,0.55,0.5550892857142857,0.11785714285714288,0.5525892857142857,0.5596428571428571,0.5460714285714285
MCQ,MMLU-OTHERS,MMLU-SOCIAL_SCI,Cross,Llama3,Llama-3.1-8B,zeroshot,500,0.5628571428571428,0.5603571428571429,0.5647321428571428,0.09482142857142857,0.5625964285714286,0.5685714285714286,0.5525
MCQ,MMLU-OTHERS,MMLU-OTHERS,Same,Llama3,Llama-3.1-8B-Instruct,zeroshot,500,0.705199828104856,0.7035714285714286,0.7067857142857142,0.05650929899856938,0.7052637166353798,0.7103571428571429,0.7001912045889102
MCQ,MMLU-OTHERS,MMLU-STEM,Cross,Llama3,Llama-3.1-8B-Instruct,zeroshot,500,0.705,0.7035714285714286,0.7078571428571429,0.04321428571428571,0.7055107142857142,0.71,0.7003571428571429
MCQ,MMLU-OTHERS,MMLU-HUMANITIES,Cross,Llama3,Llama-3.1-8B-Instruct,zeroshot,500,0.6853571428571429,0.6817857142857143,0.6882142857142857,0.12571428571428572,0.6844571428571429,0.6939285714285715,0.6667857142857143
MCQ,MMLU-OTHERS,MMLU-SOCIAL_SCI,Cross,Llama3,Llama-3.1-8B-Instruct,zeroshot,500,0.6933928571428571,0.6910714285714286,0.6958035714285714,0.11035714285714285,0.6936892857142857,0.7032142857142857,0.6853571428571429
MCQ,MMLU-OTHERS,MMLU-OTHERS,Same,Llama3,Llama-3.1-70B,zeroshot,500,0.7185714285714285,0.7175,0.7203571428571428,0.04749999999999999,0.7187830527274777,0.7235714285714285,0.7139285714285715
MCQ,MMLU-OTHERS,MMLU-STEM,Cross,Llama3,Llama-3.1-70B,zeroshot,500,0.7196428571428571,0.7185714285714285,0.7207142857142858,0.043750000000000004,0.7195785714285714,0.7228571428571429,0.7142857142857143
MCQ,MMLU-OTHERS,MMLU-HUMANITIES,Cross,Llama3,Llama-3.1-70B,zeroshot,500,0.7053571428571429,0.7039285714285715,0.7060714285714286,0.05267857142857145,0.7054928571428573,0.715,0.7014285714285714
MCQ,MMLU-OTHERS,MMLU-SOCIAL_SCI,Cross,Llama3,Llama-3.1-70B,zeroshot,500,0.7175,0.7160714285714286,0.72,0.07571428571428572,0.71785,0.7239285714285715,0.7121428571428572
MCQ,MMLU-OTHERS,MMLU-OTHERS,Same,Llama3,Llama-3.1-70B-Instruct,zeroshot,500,0.8021428571428572,0.8003571428571429,0.8032142857142858,0.06142857142857143,0.802050197969458,0.811787072243346,0.7967857142857143
MCQ,MMLU-OTHERS,MMLU-STEM,Cross,Llama3,Llama-3.1-70B-Instruct,zeroshot,500,0.8101785714285714,0.8082142857142857,0.8114285714285714,0.042142857142857135,0.8095678571428571,0.8146428571428571,0.8003571428571429
MCQ,MMLU-OTHERS,MMLU-HUMANITIES,Cross,Llama3,Llama-3.1-70B-Instruct,zeroshot,500,0.8,0.7978571428571428,0.8021428571428572,0.0675,0.8001999999999998,0.8082142857142857,0.7928571428571428
MCQ,MMLU-OTHERS,MMLU-SOCIAL_SCI,Cross,Llama3,Llama-3.1-70B-Instruct,zeroshot,500,0.7991071428571428,0.7966964285714286,0.8014285714285714,0.07107142857142856,0.7990107142857146,0.8071428571428572,0.7917857142857143
MCQ,MMLU-OTHERS,MMLU-OTHERS,Same,Falcon,Falcon3-3B-Base,instronly,500,0.5382142857142858,0.5368816031235646,0.54,0.028928571428571442,0.5384047445524935,0.5435651478816946,0.5299429657794676
MCQ,MMLU-OTHERS,MMLU-STEM,Cross,Falcon,Falcon3-3B-Base,instronly,500,0.5314285714285715,0.5292857142857142,0.5325,0.09339285714285714,0.5310392857142857,0.5360714285714285,0.5210714285714285
MCQ,MMLU-OTHERS,MMLU-HUMANITIES,Cross,Falcon,Falcon3-3B-Base,instronly,500,0.5289285714285714,0.5278571428571428,0.53,0.09839285714285714,0.5289892857142857,0.5332142857142858,0.525
MCQ,MMLU-OTHERS,MMLU-SOCIAL_SCI,Cross,Falcon,Falcon3-3B-Base,instronly,500,0.5385714285714286,0.5375,0.5400892857142857,0.04160714285714285,0.5388642857142858,0.5442857142857143,0.5346428571428572
MCQ,MMLU-OTHERS,MMLU-OTHERS,Same,Falcon,Falcon3-3B-Instruct,instronly,500,0.5873699318263366,0.5864285714285714,0.5885714285714285,0.03214285714285714,0.5873610141389899,0.592326139088729,0.5835714285714285
MCQ,MMLU-OTHERS,MMLU-STEM,Cross,Falcon,Falcon3-3B-Instruct,instronly,500,0.5839285714285715,0.5828571428571429,0.5846428571428571,0.025357142857142863,0.5837142857142857,0.5871428571428572,0.5796428571428571
MCQ,MMLU-OTHERS,MMLU-HUMANITIES,Cross,Falcon,Falcon3-3B-Instruct,instronly,500,0.58375,0.5832142857142857,0.5842857142857143,0.018571428571428558,0.5838142857142857,0.5867857142857142,0.5814285714285714
MCQ,MMLU-OTHERS,MMLU-SOCIAL_SCI,Cross,Falcon,Falcon3-3B-Instruct,instronly,500,0.5853571428571429,0.5842857142857143,0.5875,0.03553571428571428,0.5858000000000001,0.5910714285714286,0.5814285714285714
MCQ,MMLU-OTHERS,MMLU-OTHERS,Same,Falcon,Falcon3-10B-Base,instronly,500,0.7010714285714286,0.6993019888256702,0.7026785714285715,0.05285714285714284,0.7009776375052771,0.7075,0.6932142857142857
MCQ,MMLU-OTHERS,MMLU-STEM,Cross,Falcon,Falcon3-10B-Base,instronly,500,0.6994642857142856,0.6985714285714286,0.7003571428571429,0.03678571428571428,0.6992464285714287,0.7046428571428571,0.6914285714285714
MCQ,MMLU-OTHERS,MMLU-HUMANITIES,Cross,Falcon,Falcon3-10B-Base,instronly,500,0.6973214285714286,0.6960714285714286,0.6989285714285715,0.06892857142857145,0.6977285714285714,0.7057142857142857,0.6932142857142857
MCQ,MMLU-OTHERS,MMLU-SOCIAL_SCI,Cross,Falcon,Falcon3-10B-Base,instronly,500,0.7039285714285715,0.7032142857142857,0.7046428571428571,0.043750000000000004,0.7040714285714286,0.7064285714285714,0.7014285714285714
MCQ,MMLU-OTHERS,MMLU-OTHERS,Same,Falcon,Falcon3-10B-Instruct,instronly,500,0.6910714285714286,0.6899570815450644,0.6919642857142858,0.03785714285714284,0.6908195167311121,0.695745595186936,0.6846428571428571
MCQ,MMLU-OTHERS,MMLU-STEM,Cross,Falcon,Falcon3-10B-Instruct,instronly,500,0.6896428571428571,0.6885714285714286,0.6907142857142857,0.023749999999999993,0.6897642857142856,0.6946428571428571,0.6842857142857143
MCQ,MMLU-OTHERS,MMLU-HUMANITIES,Cross,Falcon,Falcon3-10B-Instruct,instronly,500,0.6803571428571429,0.6792857142857143,0.6817857142857143,0.06428571428571428,0.6805035714285714,0.6878571428571428,0.6757142857142857
MCQ,MMLU-OTHERS,MMLU-SOCIAL_SCI,Cross,Falcon,Falcon3-10B-Instruct,instronly,500,0.6914285714285714,0.69,0.6925,0.04714285714285713,0.691042857142857,0.6939285714285715,0.6864285714285714
MCQ,MMLU-OTHERS,MMLU-OTHERS,Same,Gemma3,gemma-3-27b-pt,instronly,500,0.7821428571428571,0.7810714285714285,0.7829153819801302,0.017973231357552577,0.7822429041535106,0.7889987107864203,0.7777777777777778
MCQ,MMLU-OTHERS,MMLU-STEM,Cross,Gemma3,gemma-3-27b-pt,instronly,500,0.7821428571428571,0.78,0.7829464285714285,0.0392857142857143,0.7816392857142858,0.7853571428571429,0.7767857142857143
MCQ,MMLU-OTHERS,MMLU-HUMANITIES,Cross,Gemma3,gemma-3-27b-pt,instronly,500,0.7789285714285714,0.7777678571428571,0.7803571428571429,0.04071428571428572,0.7788107142857141,0.7821428571428571,0.7732142857142857
MCQ,MMLU-OTHERS,MMLU-SOCIAL_SCI,Cross,Gemma3,gemma-3-27b-pt,instronly,500,0.7792857142857142,0.7785714285714286,0.7800892857142857,0.04142857142857144,0.7795107142857144,0.7842857142857143,0.775
MCQ,MMLU-OTHERS,MMLU-OTHERS,Same,Gemma3,gemma-3-27b-it,instronly,500,0.7810714285714285,0.7803571428571429,0.7817857142857143,0.026785714285714288,0.7811367150036095,0.785990545767082,0.7789285714285714
MCQ,MMLU-OTHERS,MMLU-STEM,Cross,Gemma3,gemma-3-27b-it,instronly,500,0.7819642857142857,0.7814285714285715,0.7825,0.02267857142857143,0.7819321428571429,0.7839285714285714,0.78
MCQ,MMLU-OTHERS,MMLU-HUMANITIES,Cross,Gemma3,gemma-3-27b-it,instronly,500,0.7810714285714285,0.7803571428571429,0.781875,0.02089285714285715,0.7810357142857143,0.7842857142857143,0.7775
MCQ,MMLU-OTHERS,MMLU-SOCIAL_SCI,Cross,Gemma3,gemma-3-27b-it,instronly,500,0.7796428571428572,0.7789285714285714,0.7803571428571429,0.036250000000000004,0.7795535714285713,0.7821428571428571,0.7767857142857143
MCQ,MMLU-OTHERS,MMLU-OTHERS,Same,Gemma3,gemma-3-12b-pt,instronly,500,0.7357142857142858,0.7344642857142858,0.7366071428571428,0.058928571428571414,0.7355313319667757,0.7425870219166308,0.73
MCQ,MMLU-OTHERS,MMLU-STEM,Cross,Gemma3,gemma-3-12b-pt,instronly,500,0.7389285714285714,0.7378571428571429,0.7401785714285715,0.046071428571428576,0.7391035714285716,0.7432142857142857,0.735
MCQ,MMLU-OTHERS,MMLU-HUMANITIES,Cross,Gemma3,gemma-3-12b-pt,instronly,500,0.7405357142857143,0.7389285714285714,0.7417857142857143,0.04321428571428572,0.740475,0.7453571428571428,0.735
MCQ,MMLU-OTHERS,MMLU-SOCIAL_SCI,Cross,Gemma3,gemma-3-12b-pt,instronly,500,0.7344642857142858,0.7328571428571429,0.7367857142857143,0.06375,0.7344857142857141,0.7407142857142858,0.7260714285714286
MCQ,MMLU-OTHERS,MMLU-OTHERS,Same,Gemma3,gemma-3-12b-it,instronly,500,0.7453571428571428,0.7446428571428572,0.7461968194166795,0.05750000000000001,0.7453977984137351,0.75118177911474,0.7421428571428571
MCQ,MMLU-OTHERS,MMLU-STEM,Cross,Gemma3,gemma-3-12b-it,instronly,500,0.7421428571428571,0.7406250000000001,0.7429464285714286,0.04928571428571427,0.7418285714285715,0.7464285714285714,0.7385714285714285
MCQ,MMLU-OTHERS,MMLU-HUMANITIES,Cross,Gemma3,gemma-3-12b-it,instronly,500,0.7375,0.7367857142857143,0.7383035714285714,0.04642857142857143,0.7376214285714287,0.7414285714285714,0.7346428571428572
MCQ,MMLU-OTHERS,MMLU-SOCIAL_SCI,Cross,Gemma3,gemma-3-12b-it,instronly,500,0.7425,0.7414285714285714,0.7432142857142857,0.0625,0.7424285714285713,0.7457142857142857,0.7385714285714285
MCQ,MMLU-OTHERS,MMLU-OTHERS,Same,Llama3,Llama-3.1-8B,instronly,500,0.6462715105162524,0.6442857142857142,0.6474869985141158,0.03967119370979272,0.64617052011616,0.6540404040404041,0.6410714285714286
MCQ,MMLU-OTHERS,MMLU-STEM,Cross,Llama3,Llama-3.1-8B,instronly,500,0.6442857142857142,0.6424107142857143,0.6457142857142857,0.04553571428571429,0.643925,0.6485714285714286,0.6378571428571429
MCQ,MMLU-OTHERS,MMLU-HUMANITIES,Cross,Llama3,Llama-3.1-8B,instronly,500,0.64,0.6385714285714286,0.6421428571428571,0.11357142857142859,0.6403285714285716,0.6478571428571429,0.6339285714285714
MCQ,MMLU-OTHERS,MMLU-SOCIAL_SCI,Cross,Llama3,Llama-3.1-8B,instronly,500,0.6367857142857143,0.635,0.6397321428571429,0.1032142857142857,0.6370321428571429,0.6439285714285714,0.6278571428571429
MCQ,MMLU-OTHERS,MMLU-OTHERS,Same,Llama3,Llama-3.1-8B-Instruct,instronly,500,0.7128571428571429,0.7117583793173922,0.7142857142857143,0.045714285714285735,0.712966517210522,0.7182142857142857,0.7067857142857142
MCQ,MMLU-OTHERS,MMLU-STEM,Cross,Llama3,Llama-3.1-8B-Instruct,instronly,500,0.7121428571428572,0.7110714285714286,0.7129464285714285,0.04571428571428571,0.7121999999999999,0.7164285714285714,0.7085714285714285
MCQ,MMLU-OTHERS,MMLU-HUMANITIES,Cross,Llama3,Llama-3.1-8B-Instruct,instronly,500,0.7089285714285715,0.7082142857142857,0.7096428571428571,0.06785714285714285,0.7090071428571428,0.7125,0.7053571428571429
MCQ,MMLU-OTHERS,MMLU-SOCIAL_SCI,Cross,Llama3,Llama-3.1-8B-Instruct,instronly,500,0.7125,0.7114285714285714,0.7142857142857143,0.06892857142857144,0.7126964285714287,0.7182142857142857,0.7071428571428572
MCQ,MMLU-OTHERS,MMLU-OTHERS,Same,Llama3,Llama-3.1-70B,instronly,500,0.7610714285714286,0.7592857142857142,0.7631078857991933,0.05672539750752041,0.7611137486053402,0.7657142857142857,0.7563688554000718
MCQ,MMLU-OTHERS,MMLU-STEM,Cross,Llama3,Llama-3.1-70B,instronly,500,0.76,0.7585714285714286,0.7610714285714286,0.04857142857142857,0.7597821428571429,0.7642857142857142,0.755
MCQ,MMLU-OTHERS,MMLU-HUMANITIES,Cross,Llama3,Llama-3.1-70B,instronly,500,0.7560714285714286,0.7542857142857143,0.7582142857142857,0.053571428571428575,0.7563035714285714,0.7635714285714286,0.7507142857142857
MCQ,MMLU-OTHERS,MMLU-SOCIAL_SCI,Cross,Llama3,Llama-3.1-70B,instronly,500,0.76,0.7588392857142857,0.7614285714285715,0.0725,0.7601249999999999,0.7642857142857142,0.7557142857142857
MCQ,MMLU-OTHERS,MMLU-OTHERS,Same,Llama3,Llama-3.1-70B-Instruct,instronly,500,0.8125,0.8114285714285714,0.8139285714285714,0.05357142857142859,0.8130105205872589,0.8221422861710631,0.8071428571428572
MCQ,MMLU-OTHERS,MMLU-STEM,Cross,Llama3,Llama-3.1-70B-Instruct,instronly,500,0.8225,0.8213392857142857,0.8233035714285715,0.02375,0.8223392857142856,0.8257142857142857,0.8178571428571428
MCQ,MMLU-OTHERS,MMLU-HUMANITIES,Cross,Llama3,Llama-3.1-70B-Instruct,instronly,500,0.8142857142857143,0.8121428571428572,0.8161607142857142,0.06125,0.8141607142857145,0.8210714285714286,0.8075
MCQ,MMLU-OTHERS,MMLU-SOCIAL_SCI,Cross,Llama3,Llama-3.1-70B-Instruct,instronly,500,0.8139285714285714,0.8117857142857143,0.8154464285714286,0.05625,0.8138,0.8214285714285714,0.8082142857142857
MCQ,MMLU-OTHERS,MMLU-OTHERS,Same,Falcon,Falcon3-3B-Base,fewshot,500,0.5889285714285715,0.5869642857142857,0.5896428571428571,0.035357142857142865,0.588583864123375,0.5946428571428571,0.5828571428571429
MCQ,MMLU-OTHERS,MMLU-STEM,Cross,Falcon,Falcon3-3B-Base,fewshot,500,0.5832142857142857,0.5817857142857142,0.5842857142857143,0.025714285714285703,0.5831071428571427,0.5882142857142857,0.5775
MCQ,MMLU-OTHERS,MMLU-HUMANITIES,Cross,Falcon,Falcon3-3B-Base,fewshot,500,0.5817857142857142,0.58,0.5835714285714285,0.06053571428571427,0.5819678571428571,0.5871428571428572,0.5778571428571428
MCQ,MMLU-OTHERS,MMLU-SOCIAL_SCI,Cross,Falcon,Falcon3-3B-Base,fewshot,500,0.5885714285714285,0.5867857142857142,0.59,0.07,0.5885535714285715,0.5925,0.5839285714285715
MCQ,MMLU-OTHERS,MMLU-OTHERS,Same,Falcon,Falcon3-3B-Instruct,fewshot,500,0.5846428571428571,0.5834972320467476,0.5864285714285714,0.03249999999999999,0.5849474950807957,0.594106463878327,0.5789285714285715
MCQ,MMLU-OTHERS,MMLU-STEM,Cross,Falcon,Falcon3-3B-Instruct,fewshot,500,0.5835714285714285,0.5825,0.5842857142857143,0.03321428571428571,0.5834142857142858,0.5885714285714285,0.5796428571428571
MCQ,MMLU-OTHERS,MMLU-HUMANITIES,Cross,Falcon,Falcon3-3B-Instruct,fewshot,500,0.5846428571428571,0.5835714285714285,0.5857142857142857,0.02214285714285715,0.5847000000000001,0.5889285714285715,0.5821428571428572
MCQ,MMLU-OTHERS,MMLU-SOCIAL_SCI,Cross,Falcon,Falcon3-3B-Instruct,fewshot,500,0.5846428571428571,0.5839285714285715,0.5860714285714286,0.04321428571428572,0.5849571428571428,0.5889285714285715,0.5814285714285714
MCQ,MMLU-OTHERS,MMLU-OTHERS,Same,Falcon,Falcon3-10B-Base,fewshot,500,0.7285714285714285,0.7274026731252243,0.7296428571428571,0.037142857142857144,0.728552896050049,0.7352814782982381,0.7238912732474965
MCQ,MMLU-OTHERS,MMLU-STEM,Cross,Falcon,Falcon3-10B-Base,fewshot,500,0.7332142857142857,0.7314285714285714,0.7346428571428572,0.019285714285714274,0.7327821428571427,0.7371428571428571,0.7210714285714286
MCQ,MMLU-OTHERS,MMLU-HUMANITIES,Cross,Falcon,Falcon3-10B-Base,fewshot,500,0.7307142857142858,0.7289285714285715,0.7325,0.03035714285714286,0.7304857142857144,0.7364285714285714,0.7235714285714285
MCQ,MMLU-OTHERS,MMLU-SOCIAL_SCI,Cross,Falcon,Falcon3-10B-Base,fewshot,500,0.7278571428571429,0.7266964285714286,0.7286607142857142,0.04464285714285715,0.7276607142857143,0.7328571428571429,0.7214285714285714
MCQ,MMLU-OTHERS,MMLU-OTHERS,Same,Falcon,Falcon3-10B-Instruct,fewshot,500,0.7275,0.7267857142857143,0.7285714285714285,0.007500000000000007,0.7275970043286761,0.7352814782982381,0.7246428571428571
MCQ,MMLU-OTHERS,MMLU-STEM,Cross,Falcon,Falcon3-10B-Instruct,fewshot,500,0.7278571428571429,0.7264285714285714,0.7289285714285715,0.020178571428571414,0.7275857142857143,0.7307142857142858,0.7235714285714285
MCQ,MMLU-OTHERS,MMLU-HUMANITIES,Cross,Falcon,Falcon3-10B-Instruct,fewshot,500,0.7271428571428571,0.7264285714285714,0.7278571428571429,0.03500000000000002,0.7271392857142858,0.7307142857142858,0.7246428571428571
MCQ,MMLU-OTHERS,MMLU-SOCIAL_SCI,Cross,Falcon,Falcon3-10B-Instruct,fewshot,500,0.7285714285714285,0.7275,0.7292857142857143,0.015000000000000006,0.7284071428571428,0.7310714285714286,0.725
MCQ,MMLU-OTHERS,MMLU-OTHERS,Same,Gemma3,gemma-3-27b-pt,fewshot,500,0.8182142857142857,0.8167857142857143,0.8192857142857143,0.008928571428571438,0.8183894507664032,0.8241517694272164,0.8143776824034334
MCQ,MMLU-OTHERS,MMLU-STEM,Cross,Gemma3,gemma-3-27b-pt,fewshot,500,0.8162499999999999,0.8152678571428571,0.8172321428571429,0.02124999999999999,0.8163285714285715,0.8207142857142857,0.8125
MCQ,MMLU-OTHERS,MMLU-HUMANITIES,Cross,Gemma3,gemma-3-27b-pt,fewshot,500,0.8128571428571428,0.8103571428571429,0.8142857142857143,0.05714285714285715,0.8123428571428571,0.8171428571428572,0.805
MCQ,MMLU-OTHERS,MMLU-SOCIAL_SCI,Cross,Gemma3,gemma-3-27b-pt,fewshot,500,0.8185714285714286,0.8175,0.82,0.025535714285714273,0.8187107142857141,0.8221428571428572,0.8146428571428571
MCQ,MMLU-OTHERS,MMLU-OTHERS,Same,Gemma3,gemma-3-27b-it,fewshot,500,0.7982142857142858,0.7975,0.7989285714285714,0.00785714285714284,0.7981923766410948,0.8044692737430168,0.795
MCQ,MMLU-OTHERS,MMLU-STEM,Cross,Gemma3,gemma-3-27b-it,fewshot,500,0.7967857142857143,0.7960714285714285,0.7978571428571428,0.011785714285714288,0.7970142857142857,0.8010714285714285,0.7942857142857143
MCQ,MMLU-OTHERS,MMLU-HUMANITIES,Cross,Gemma3,gemma-3-27b-it,fewshot,500,0.7957142857142857,0.7946428571428571,0.7960714285714285,0.013035714285714275,0.7955035714285714,0.7982142857142858,0.7928571428571428
MCQ,MMLU-OTHERS,MMLU-SOCIAL_SCI,Cross,Gemma3,gemma-3-27b-it,fewshot,500,0.8003571428571429,0.7996428571428571,0.8007142857142857,0.011964285714285705,0.8001178571428571,0.8014285714285714,0.7967857142857143
MCQ,MMLU-OTHERS,MMLU-OTHERS,Same,Gemma3,gemma-3-12b-pt,fewshot,500,0.7728571428571429,0.7711683089962218,0.7742975037162335,0.020714285714285727,0.77281384831258,0.778041825095057,0.7689285714285714
MCQ,MMLU-OTHERS,MMLU-STEM,Cross,Gemma3,gemma-3-12b-pt,fewshot,500,0.7717857142857143,0.7692857142857142,0.7735714285714286,0.02214285714285715,0.7716964285714285,0.7782142857142857,0.7646428571428572
MCQ,MMLU-OTHERS,MMLU-HUMANITIES,Cross,Gemma3,gemma-3-12b-pt,fewshot,500,0.7546428571428572,0.7525,0.7572321428571428,0.08000000000000002,0.754807142857143,0.7657142857142857,0.7457142857142857
MCQ,MMLU-OTHERS,MMLU-SOCIAL_SCI,Cross,Gemma3,gemma-3-12b-pt,fewshot,500,0.7748214285714285,0.7717857142857143,0.7767857142857143,0.04071428571428572,0.7743964285714285,0.7789285714285714,0.7678571428571429
MCQ,MMLU-OTHERS,MMLU-OTHERS,Same,Gemma3,gemma-3-12b-it,fewshot,500,0.7628571428571429,0.7625,0.7635714285714286,0.02607142857142858,0.7631095520130988,0.7726686721100129,0.7610714285714286
MCQ,MMLU-OTHERS,MMLU-STEM,Cross,Gemma3,gemma-3-12b-it,fewshot,500,0.7635714285714286,0.7628571428571429,0.7639285714285714,0.02464285714285714,0.7633785714285714,0.7646428571428572,0.7614285714285715
MCQ,MMLU-OTHERS,MMLU-HUMANITIES,Cross,Gemma3,gemma-3-12b-it,fewshot,500,0.7621428571428571,0.7617857142857143,0.7625,0.02464285714285716,0.7620464285714287,0.7635714285714286,0.76
MCQ,MMLU-OTHERS,MMLU-SOCIAL_SCI,Cross,Gemma3,gemma-3-12b-it,fewshot,500,0.7628571428571429,0.7625,0.7632142857142857,0.027857142857142858,0.7628642857142859,0.7653571428571428,0.7614285714285715
MCQ,MMLU-OTHERS,MMLU-OTHERS,Same,Llama3,Llama-3.1-8B,fewshot,500,0.6814285714285714,0.6796428571428571,0.6832142857142857,0.07285714285714284,0.681363325841498,0.6875,0.6763307984790875
MCQ,MMLU-OTHERS,MMLU-STEM,Cross,Llama3,Llama-3.1-8B,fewshot,500,0.6878571428571428,0.6871428571428572,0.6889285714285714,0.01571428571428571,0.6879107142857143,0.6910714285714286,0.6846428571428571
MCQ,MMLU-OTHERS,MMLU-HUMANITIES,Cross,Llama3,Llama-3.1-8B,fewshot,500,0.69,0.6896428571428571,0.6903571428571429,0.03464285714285714,0.6898821428571428,0.6932142857142857,0.6864285714285714
MCQ,MMLU-OTHERS,MMLU-SOCIAL_SCI,Cross,Llama3,Llama-3.1-8B,fewshot,500,0.6764285714285714,0.6742857142857143,0.6780357142857143,0.09607142857142859,0.6764464285714284,0.6821428571428572,0.6707142857142857
MCQ,MMLU-OTHERS,MMLU-OTHERS,Same,Llama3,Llama-3.1-8B-Instruct,fewshot,500,0.7175,0.7164285714285714,0.7189285714285715,0.03252323087919941,0.7175993221523763,0.7253975075204125,0.7131616595135909
MCQ,MMLU-OTHERS,MMLU-STEM,Cross,Llama3,Llama-3.1-8B-Instruct,fewshot,500,0.7182142857142857,0.7175,0.7190178571428572,0.022857142857142854,0.7182214285714283,0.72,0.715
MCQ,MMLU-OTHERS,MMLU-HUMANITIES,Cross,Llama3,Llama-3.1-8B-Instruct,fewshot,500,0.7142857142857143,0.7132142857142857,0.7146428571428571,0.05732142857142857,0.7141035714285715,0.7182142857142857,0.7107142857142857
MCQ,MMLU-OTHERS,MMLU-SOCIAL_SCI,Cross,Llama3,Llama-3.1-8B-Instruct,fewshot,500,0.7175,0.7164285714285714,0.7182142857142857,0.04678571428571428,0.7173000000000002,0.7210714285714286,0.7089285714285715
MCQ,MMLU-OTHERS,MMLU-OTHERS,Same,Llama3,Llama-3.1-70B,fewshot,500,0.7728571428571429,0.7717857142857143,0.7740840575774035,0.045357142857142846,0.7729643616516401,0.7773409578270193,0.7692857142857142
MCQ,MMLU-OTHERS,MMLU-STEM,Cross,Llama3,Llama-3.1-70B,fewshot,500,0.7735714285714286,0.7725,0.7754464285714285,0.02464285714285714,0.7735035714285714,0.7767857142857143,0.765
MCQ,MMLU-OTHERS,MMLU-HUMANITIES,Cross,Llama3,Llama-3.1-70B,fewshot,500,0.76875,0.7667857142857143,0.7710714285714285,0.06285714285714285,0.7683178571428572,0.7775,0.7567857142857143
MCQ,MMLU-OTHERS,MMLU-SOCIAL_SCI,Cross,Llama3,Llama-3.1-70B,fewshot,500,0.7717857142857143,0.77,0.7732142857142857,0.06339285714285714,0.7716035714285715,0.7764285714285715,0.7660714285714286
MCQ,MMLU-OTHERS,MMLU-OTHERS,Same,Llama3,Llama-3.1-70B-Instruct,fewshot,500,0.825780089153046,0.8246428571428571,0.8270192111179235,0.026804860614724813,0.8259656765701541,0.8306832831972497,0.8221428571428572
MCQ,MMLU-OTHERS,MMLU-STEM,Cross,Llama3,Llama-3.1-70B-Instruct,fewshot,500,0.8253571428571429,0.8242857142857143,0.8260714285714286,0.01839285714285715,0.825,0.8275,0.8203571428571429
MCQ,MMLU-OTHERS,MMLU-HUMANITIES,Cross,Llama3,Llama-3.1-70B-Instruct,fewshot,500,0.8210714285714286,0.8174107142857143,0.8233035714285715,0.05017857142857144,0.820492857142857,0.8275,0.8121428571428572
MCQ,MMLU-OTHERS,MMLU-SOCIAL_SCI,Cross,Llama3,Llama-3.1-70B-Instruct,fewshot,500,0.8260714285714286,0.8253571428571429,0.8267857142857142,0.03160714285714288,0.8257714285714285,0.8285714285714286,0.8221428571428572
