Type,Digits,Context,Question,Correct Answer,raw_yes_logprob,raw_no_logprob,batch_yes_mean,batch_no_mean,calibrated_yes_logprob,calibrated_no_logprob,raw_predicted_answer,raw_is_correct,batchcalib_predicted_answer,batchcalib_is_correct
Arithmetic,2_digit_multiplication,'',Is 15 times 20 equal to 300?,Yes,-5.029815196990967,-4.660827159881592,-5.086826677322388,-4.680026340484619,0.057011480331421005,0.019199180603027166,No,False,Yes,True
Arithmetic,2_digit_subtraction,'',Is 20 minus 51 equal to 906?,No,-5.396200656890869,-4.654709339141846,-5.086826677322388,-4.680026340484619,-0.30937397956848134,0.02531700134277326,No,True,No,True
Arithmetic,1_digit_addition,'',Is 2 plus 4 equal to 6?,Yes,-4.994709491729736,-4.8138108253479,-5.086826677322388,-4.680026340484619,0.09211718559265147,-0.13378448486328143,No,False,Yes,True
Arithmetic,1_digit_multiplication,'',Is 4 times 2 equal to 2?,No,-4.999478340148926,-4.945609092712402,-5.086826677322388,-4.680026340484619,0.08734833717346202,-0.2655827522277834,No,True,Yes,False
Arithmetic,1_digit_addition,'',Is 7 plus 7 equal to 72?,No,-4.866778373718262,-4.498056411743164,-5.086826677322388,-4.680026340484619,0.22004830360412608,0.1819699287414549,No,True,Yes,False
Arithmetic,2_digit_multiplication,'',Is 54 times 51 equal to 2754?,Yes,-5.001380920410156,-4.703272342681885,-5.086826677322388,-4.680026340484619,0.08544575691223155,-0.023246002197265803,No,False,Yes,True
Arithmetic,1_digit_subtraction,'',Is 1 minus 7 equal to -6?,Yes,-5.670491695404053,-5.064085006713867,-5.086826677322388,-4.680026340484619,-0.5836650180816649,-0.3840586662292482,No,False,No,False
Arithmetic,2_digit_subtraction,'',Is 47 minus 38 equal to 9?,Yes,-5.09702730178833,-4.54918909072876,-5.086826677322388,-4.680026340484619,-0.010200624465942276,0.1308372497558592,No,False,No,False
Arithmetic,1_digit_multiplication,'',Is 7 times 8 equal to 77?,No,-5.08921480178833,-4.726153373718262,-5.086826677322388,-4.680026340484619,-0.0023881244659422762,-0.046127033233642756,No,True,Yes,False
Arithmetic,2_digit_subtraction,'',Is 27 minus 13 equal to 93?,No,-5.000555038452148,-4.382010459899902,-5.086826677322388,-4.680026340484619,0.08627163887023936,0.2980158805847166,No,True,No,True
Arithmetic,2_digit_subtraction,'',Is 64 minus 25 equal to 67?,No,-5.130575656890869,-4.576584339141846,-5.086826677322388,-4.680026340484619,-0.04374897956848134,0.10344200134277326,No,True,No,True
Arithmetic,1_digit_addition,'',Is 7 plus 5 equal to 16?,No,-4.952715873718262,-4.583368301391602,-5.086826677322388,-4.680026340484619,0.13411080360412608,0.0966580390930174,No,True,Yes,False
Arithmetic,1_digit_addition,'',Is 2 plus 6 equal to 6?,No,-5.002712726593018,-4.82176399230957,-5.086826677322388,-4.680026340484619,0.08411395072937022,-0.14173765182495135,No,True,Yes,False
Arithmetic,2_digit_subtraction,'',Is 51 minus 29 equal to 91?,No,-4.721155643463135,-4.290359020233154,-5.086826677322388,-4.680026340484619,0.36567103385925304,0.38966732025146467,No,True,No,True
Arithmetic,1_digit_subtraction,'',Is 5 minus 2 equal to 5?,No,-5.167178153991699,-4.734092712402344,-5.086826677322388,-4.680026340484619,-0.08035147666931142,-0.05406637191772479,No,True,No,True
Arithmetic,1_digit_addition,'',Is 7 plus 3 equal to 10?,Yes,-5.043581962585449,-4.611961841583252,-5.086826677322388,-4.680026340484619,0.04324471473693858,0.06806449890136701,No,False,No,False
Arithmetic,1_digit_multiplication,'',Is 4 times 6 equal to 24?,Yes,-4.789254665374756,-4.610836505889893,-5.086826677322388,-4.680026340484619,0.29757201194763194,0.06918983459472638,No,False,Yes,True
Arithmetic,2_digit_addition,'',Is 48 plus 96 equal to 144?,Yes,-4.9416279792785645,-4.44762659072876,-5.086826677322388,-4.680026340484619,0.14519869804382335,0.2323997497558592,No,False,No,False
Arithmetic,2_digit_subtraction,'',Is 41 minus 45 equal to 94?,No,-4.8724751472473145,-4.317743301391602,-5.086826677322388,-4.680026340484619,0.21435153007507335,0.3622830390930174,No,True,No,True
Arithmetic,1_digit_multiplication,'',Is 6 times 3 equal to 56?,No,-4.775022506713867,-4.656805038452148,-5.086826677322388,-4.680026340484619,0.3118041706085206,0.023221302032470525,No,True,Yes,False
Arithmetic,1_digit_subtraction,'',Is 7 minus 3 equal to 4?,Yes,-5.226859092712402,-4.735752105712891,-5.086826677322388,-4.680026340484619,-0.14003241539001454,-0.05572576522827166,No,False,No,False
Arithmetic,2_digit_addition,'',Is 26 plus 85 equal to 331?,No,-4.9075608253479,-4.4771904945373535,-5.086826677322388,-4.680026340484619,0.1792658519744874,0.20283584594726545,No,True,No,True
Arithmetic,2_digit_addition,'',Is 71 plus 34 equal to 352?,No,-4.735960006713867,-4.432803153991699,-5.086826677322388,-4.680026340484619,0.3508666706085206,0.24722318649291974,No,True,Yes,False
Arithmetic,1_digit_subtraction,'',Is 8 minus 8 equal to 0?,Yes,-5.239665985107422,-4.5638108253479,-5.086826677322388,-4.680026340484619,-0.15283930778503407,0.11621551513671857,No,False,No,False
Arithmetic,1_digit_addition,'',Is 3 plus 1 equal to 4?,Yes,-4.888125419616699,-4.766921520233154,-5.086826677322388,-4.680026340484619,0.19870125770568858,-0.08689517974853533,No,False,Yes,True
Arithmetic,1_digit_subtraction,'',Is 3 minus 7 equal to 88?,No,-5.039617538452148,-4.483019828796387,-5.086826677322388,-4.680026340484619,0.047209138870239364,0.19700651168823224,No,True,No,True
Arithmetic,2_digit_addition,'',Is 13 plus 36 equal to 31?,No,-4.866778373718262,-4.498056411743164,-5.086826677322388,-4.680026340484619,0.22004830360412608,0.1819699287414549,No,True,Yes,False
Arithmetic,1_digit_multiplication,'',Is 3 times 0 equal to 0?,Yes,-4.905860900878906,-4.790647506713867,-5.086826677322388,-4.680026340484619,0.18096577644348155,-0.11062116622924822,No,False,Yes,True
Arithmetic,1_digit_subtraction,'',Is 0 minus 0 equal to 0?,Yes,-5.430219650268555,-4.889241695404053,-5.086826677322388,-4.680026340484619,-0.3433929729461669,-0.20921535491943377,No,False,No,False
Arithmetic,1_digit_multiplication,'',Is 6 times 3 equal to 18?,Yes,-4.902445793151856,-4.846155643463135,-5.086826677322388,-4.680026340484619,0.18438088417053144,-0.1661293029785158,No,False,Yes,True
Arithmetic,1_digit_subtraction,'',Is 0 minus 1 equal to -1?,Yes,-5.695844650268555,-5.09703540802002,-5.086826677322388,-4.680026340484619,-0.6090179729461669,-0.41700906753540146,No,False,No,False
Arithmetic,2_digit_subtraction,'',Is 11 minus 72 equal to 552?,No,-5.2775654792785645,-4.660827159881592,-5.086826677322388,-4.680026340484619,-0.19073880195617665,0.019199180603027166,No,True,No,True
Arithmetic,2_digit_addition,'',Is 78 plus 53 equal to 659?,No,-5.110874652862549,-4.6849751472473145,-5.086826677322388,-4.680026340484619,-0.024047975540161026,-0.00494880676269549,No,True,No,True
Arithmetic,2_digit_addition,'',Is 66 plus 58 equal to 124?,Yes,-4.914254665374756,-4.424990653991699,-5.086826677322388,-4.680026340484619,0.17257201194763194,0.25503568649291974,No,False,No,False
Arithmetic,1_digit_subtraction,'',Is 9 minus 2 equal to 7?,Yes,-5.254519462585449,-4.698450088500977,-5.086826677322388,-4.680026340484619,-0.16769278526306142,-0.0184237480163576,No,False,No,False
Arithmetic,1_digit_multiplication,'',Is 0 times 4 equal to 0?,Yes,-5.316341876983643,-5.078657150268555,-5.086826677322388,-4.680026340484619,-0.22951519966125478,-0.3986308097839357,No,False,Yes,True
Arithmetic,1_digit_multiplication,'',Is 0 times 2 equal to 4?,No,-5.065546035766602,-5.196477890014648,-5.086826677322388,-4.680026340484619,0.02128064155578624,-0.5164515495300295,Yes,False,Yes,False
Arithmetic,1_digit_addition,'',Is 5 plus 8 equal to 38?,No,-4.931149005889893,-4.373056411743164,-5.086826677322388,-4.680026340484619,0.15567767143249522,0.3069699287414549,No,True,No,True
Arithmetic,1_digit_subtraction,'',Is 4 minus 8 equal to -4?,Yes,-5.477504253387451,-4.803043365478516,-5.086826677322388,-4.680026340484619,-0.39067757606506337,-0.12301702499389666,No,False,No,False
Arithmetic,2_digit_addition,'',Is 29 plus 68 equal to 87?,No,-4.509274005889893,-4.264269828796387,-5.086826677322388,-4.680026340484619,0.5775526714324952,0.41575651168823224,No,True,Yes,False
Arithmetic,2_digit_multiplication,'',Is 84 times 36 equal to 7062?,No,-5.366523742675781,-5.138332843780518,-5.086826677322388,-4.680026340484619,-0.27969706535339345,-0.4583065032958986,No,True,Yes,False
Arithmetic,1_digit_addition,'',Is 3 plus 4 equal to 7?,Yes,-5.080530643463135,-4.773354530334473,-5.086826677322388,-4.680026340484619,0.006296033859253036,-0.0933281898498537,No,False,Yes,True
Arithmetic,2_digit_multiplication,'',Is 37 times 48 equal to 1776?,Yes,-5.122604370117188,-4.701690196990967,-5.086826677322388,-4.680026340484619,-0.035777692794800586,-0.021663856506347834,No,False,No,False
Arithmetic,1_digit_subtraction,'',Is 4 minus 6 equal to -2?,Yes,-5.73765230178833,-4.938055038452148,-5.086826677322388,-4.680026340484619,-0.6508256244659423,-0.2580286979675295,No,False,No,False
Arithmetic,2_digit_subtraction,'',Is 97 minus 66 equal to 31?,Yes,-4.901333332061768,-4.410827159881592,-5.086826677322388,-4.680026340484619,0.18549334526062022,0.26919918060302717,No,False,No,False
Arithmetic,1_digit_subtraction,'',Is 1 minus 0 equal to 1?,Yes,-5.345130920410156,-4.981969356536865,-5.086826677322388,-4.680026340484619,-0.25830424308776845,-0.30194301605224627,No,False,Yes,True
Arithmetic,1_digit_subtraction,'',Is 8 minus 3 equal to 5?,Yes,-5.204710006713867,-4.714053153991699,-5.086826677322388,-4.680026340484619,-0.11788332939147939,-0.034026813507080256,No,False,No,False
Arithmetic,1_digit_addition,'',Is 5 plus 5 equal to 98?,No,-4.918639659881592,-4.297081470489502,-5.086826677322388,-4.680026340484619,0.168187017440796,0.382944869995117,No,True,No,True
Arithmetic,1_digit_addition,'',Is 0 plus 5 equal to 1?,No,-5.173883438110352,-4.871968746185303,-5.086826677322388,-4.680026340484619,-0.08705676078796376,-0.19194240570068377,No,True,Yes,False
Arithmetic,1_digit_subtraction,'',Is 6 minus 4 equal to 8?,No,-5.252405643463135,-4.759737491607666,-5.086826677322388,-4.680026340484619,-0.16557896614074696,-0.07971115112304705,No,True,No,True
Arithmetic,2_digit_addition,'',Is 86 plus 78 equal to 164?,Yes,-4.804879665374756,-4.43981409072876,-5.081401391029358,-4.698490033149719,0.276521725654602,0.25867594242095926,No,False,Yes,True
Arithmetic,2_digit_multiplication,'',Is 95 times 18 equal to 1710?,Yes,-5.309637069702148,-4.759274005889893,-5.081401391029358,-4.698490033149719,-0.2282356786727906,-0.06078397274017355,No,False,No,False
Arithmetic,1_digit_subtraction,'',Is 5 minus 9 equal to -4?,Yes,-5.496195793151856,-4.818668365478516,-5.081401391029358,-4.698490033149719,-0.4147944021224985,-0.1201783323287966,No,False,No,False
Arithmetic,1_digit_addition,'',Is 1 plus 0 equal to 1?,Yes,-5.118129253387451,-4.997594356536865,-5.081401391029358,-4.698490033149719,-0.03672786235809333,-0.2991043233871462,No,False,Yes,True
Arithmetic,2_digit_multiplication,'',Is 88 times 44 equal to 3872?,Yes,-5.158927440643311,-4.738563060760498,-5.081401391029358,-4.698490033149719,-0.0775260496139536,-0.04007302761077902,No,False,No,False
Arithmetic,1_digit_subtraction,'',Is 7 minus 4 equal to 3?,Yes,-5.338459491729736,-4.786562919616699,-5.081401391029358,-4.698490033149719,-0.2570581007003785,-0.0880728864669802,No,False,No,False
Arithmetic,2_digit_subtraction,'',Is 45 minus 45 equal to 0?,Yes,-4.974040985107422,-4.420784950256348,-5.081401391029358,-4.698490033149719,0.10736040592193596,0.27770508289337137,No,False,No,False
Arithmetic,2_digit_multiplication,'',Is 61 times 49 equal to 2989?,Yes,-4.861014366149902,-4.500296592712402,-5.081401391029358,-4.698490033149719,0.2203870248794555,0.19819344043731668,No,False,Yes,True
Arithmetic,2_digit_multiplication,'',Is 87 times 84 equal to 5834?,No,-5.041070938110352,-4.813441753387451,-5.081401391029358,-4.698490033149719,0.04033045291900628,-0.11495172023773215,No,True,Yes,False
Arithmetic,1_digit_subtraction,'',Is 1 minus 6 equal to -5?,Yes,-5.700093746185303,-5.091344356536865,-5.081401391029358,-4.698490033149719,-0.6186923551559449,-0.3928543233871462,No,False,No,False
Arithmetic,1_digit_subtraction,'',Is 2 minus 4 equal to -2?,Yes,-5.819828510284424,-5.210006237030029,-5.081401391029358,-4.698490033149719,-0.738427119255066,-0.5115162038803103,No,False,No,False
Arithmetic,1_digit_addition,'',Is 1 plus 8 equal to 9?,Yes,-4.922067165374756,-4.678252696990967,-5.081401391029358,-4.698490033149719,0.15933422565460198,0.020237336158752228,No,False,Yes,True
Arithmetic,1_digit_subtraction,'',Is 3 minus 9 equal to 90?,No,-4.78977632522583,-4.293662071228027,-5.081401391029358,-4.698490033149719,0.29162506580352776,0.4048279619216917,No,True,No,True
Arithmetic,1_digit_addition,'',Is 6 plus 1 equal to 1?,No,-5.126585006713867,-4.757403373718262,-5.081401391029358,-4.698490033149719,-0.04518361568450935,-0.058913340568542694,No,True,Yes,False
Arithmetic,1_digit_addition,'',Is 4 plus 5 equal to 9?,Yes,-4.932093143463135,-4.438796520233154,-5.081401391029358,-4.698490033149719,0.14930824756622307,0.25969351291656473,No,False,No,False
Arithmetic,2_digit_subtraction,'',Is 75 minus 70 equal to 5?,Yes,-5.321812152862549,-4.8322529792785645,-5.081401391029358,-4.698490033149719,-0.240410761833191,-0.13376294612884543,No,False,No,False
Arithmetic,1_digit_addition,'',Is 2 plus 8 equal to 44?,No,-4.893146991729736,-4.586084842681885,-5.081401391029358,-4.698490033149719,0.1882543992996215,0.11240519046783426,No,True,Yes,False
Arithmetic,1_digit_multiplication,'',Is 3 times 0 equal to 2?,No,-4.90171480178833,-5.032835006713867,-5.081401391029358,-4.698490033149719,0.17968658924102776,-0.33434497356414816,Yes,False,Yes,False
Arithmetic,1_digit_multiplication,'',Is 1 times 0 equal to 0?,Yes,-4.950729370117188,-4.954624652862549,-5.081401391029358,-4.698490033149719,0.13067202091216945,-0.2561346197128298,Yes,True,Yes,True
Arithmetic,1_digit_multiplication,'',Is 5 times 9 equal to 92?,No,-4.8334126472473145,-4.52575159072876,-5.081401391029358,-4.698490033149719,0.24798874378204339,0.17273844242095926,No,True,Yes,False
Arithmetic,1_digit_multiplication,'',Is 0 times 6 equal to 6?,No,-5.12917947769165,-5.138912677764893,-5.081401391029358,-4.698490033149719,-0.04777808666229255,-0.44042264461517355,Yes,False,Yes,False
Arithmetic,1_digit_addition,'',Is 2 plus 0 equal to 2?,Yes,-5.192449569702148,-5.0744404792785645,-5.081401391029358,-4.698490033149719,-0.1110481786727906,-0.37595044612884543,No,False,Yes,True
Arithmetic,2_digit_multiplication,'',Is 10 times 37 equal to 370?,Yes,-5.100472450256348,-4.6085357666015625,-5.081401391029358,-4.698490033149719,-0.019071059226989817,0.08995426654815653,No,False,No,False
Arithmetic,1_digit_addition,'',Is 7 plus 4 equal to 19?,No,-5.22202730178833,-4.6693501472473145,-5.081401391029358,-4.698490033149719,-0.14062591075897224,0.029139885902404572,No,True,No,True
Arithmetic,1_digit_addition,'',Is 2 plus 2 equal to 5?,No,-4.943877696990967,-4.823428153991699,-5.081401391029358,-4.698490033149719,0.13752369403839104,-0.1249381208419802,No,True,Yes,False
Arithmetic,1_digit_multiplication,'',Is 4 times 7 equal to 92?,No,-4.828317165374756,-4.523992538452148,-5.081401391029358,-4.698490033149719,0.253084225654602,0.1744974946975706,No,True,Yes,False
Arithmetic,1_digit_addition,'',Is 9 plus 6 equal to 15?,Yes,-4.852939605712891,-4.481996059417725,-5.081401391029358,-4.698490033149719,0.22846178531646721,0.21649397373199442,No,False,Yes,True
Arithmetic,1_digit_addition,'',Is 1 plus 7 equal to 4?,No,-5.053950309753418,-4.872594356536865,-5.081401391029358,-4.698490033149719,0.02745108127593987,-0.1741043233871462,No,True,Yes,False
Arithmetic,2_digit_subtraction,'',Is 59 minus 61 equal to -2?,Yes,-5.400076866149902,-4.855121612548828,-5.081401391029358,-4.698490033149719,-0.3186754751205445,-0.1566315793991091,No,False,No,False
Arithmetic,2_digit_subtraction,'',Is 84 minus 14 equal to 59?,No,-4.845335006713867,-4.417178153991699,-5.081401391029358,-4.698490033149719,0.23606638431549065,0.2813118791580198,No,True,No,True
Arithmetic,2_digit_multiplication,'',Is 23 times 62 equal to 1426?,Yes,-5.038673400878906,-4.8021626472473145,-5.081401391029358,-4.698490033149719,0.04272799015045159,-0.10367261409759543,No,False,Yes,True
Arithmetic,1_digit_subtraction,'',Is 8 minus 5 equal to 2?,No,-5.329145908355713,-4.781442165374756,-5.081401391029358,-4.698490033149719,-0.24774451732635505,-0.08295213222503683,No,True,No,True
Arithmetic,2_digit_subtraction,'',Is 53 minus 54 equal to 42?,No,-4.8322529792785645,-4.403680801391602,-5.081401391029358,-4.698490033149719,0.24914841175079339,0.29480923175811746,No,True,No,True
Arithmetic,1_digit_addition,'',Is 8 plus 7 equal to 15?,Yes,-4.971155643463135,-4.6021904945373535,-5.081401391029358,-4.698490033149719,0.11024574756622307,0.09629953861236551,No,False,Yes,True
Arithmetic,1_digit_multiplication,'',Is 3 times 4 equal to 12?,Yes,-4.923460006713867,-4.868649005889893,-5.081401391029358,-4.698490033149719,0.15794138431549065,-0.17015897274017355,No,False,Yes,True
Arithmetic,2_digit_multiplication,'',Is 57 times 13 equal to 554?,No,-5.211958408355713,-4.915647506713867,-5.081401391029358,-4.698490033149719,-0.13055701732635505,-0.21715747356414816,No,True,Yes,False
Arithmetic,2_digit_multiplication,'',Is 46 times 57 equal to 9476?,No,-5.004896640777588,-4.710200309753418,-5.081401391029358,-4.698490033149719,0.07650475025176995,-0.011710276603698944,No,True,Yes,False
Arithmetic,1_digit_addition,'',Is 2 plus 9 equal to 11?,Yes,-4.944222450256348,-4.638980865478516,-5.081401391029358,-4.698490033149719,0.13717894077301018,0.0595091676712034,No,False,Yes,True
Arithmetic,2_digit_multiplication,'',Is 54 times 99 equal to 9293?,No,-4.931326866149902,-4.631881237030029,-5.081401391029358,-4.698490033149719,0.1500745248794555,0.06660879611968973,No,True,Yes,False
Arithmetic,2_digit_addition,'',Is 68 plus 82 equal to 349?,No,-4.838459491729736,-4.534684658050537,-5.081401391029358,-4.698490033149719,0.2429418992996215,0.16380537509918192,No,True,Yes,False
Arithmetic,1_digit_multiplication,'',Is 1 times 2 equal to 2?,Yes,-5.056187152862549,-5.37046480178833,-5.081401391029358,-4.698490033149719,0.02521423816680901,-0.671974768638611,Yes,True,Yes,True
Arithmetic,1_digit_multiplication,'',Is 7 times 4 equal to 98?,No,-5.024379253387451,-4.5981526374816895,-5.081401391029358,-4.698490033149719,0.05702213764190667,0.10033739566802957,No,True,No,True
Arithmetic,1_digit_subtraction,'',Is 0 minus 1 equal to 29?,No,-5.201741695404053,-4.657835006713867,-5.081401391029358,-4.698490033149719,-0.1203403043746949,0.04065502643585184,No,True,No,True
Arithmetic,1_digit_subtraction,'',Is 4 minus 9 equal to -5?,Yes,-5.464945793151856,-4.726479530334473,-5.081401391029358,-4.698490033149719,-0.3835444021224985,-0.02798949718475363,No,False,No,False
Arithmetic,2_digit_multiplication,'',Is 14 times 86 equal to 6736?,No,-5.075832843780518,-4.775975227355957,-5.081401391029358,-4.698490033149719,0.005568547248840261,-0.077485194206238,No,True,Yes,False
Arithmetic,2_digit_addition,'',Is 99 plus 48 equal to 970?,No,-4.67258882522583,-4.238030433654785,-5.081401391029358,-4.698490033149719,0.40881256580352776,0.46045959949493387,No,True,No,True
Arithmetic,1_digit_multiplication,'',Is 3 times 9 equal to 27?,Yes,-4.897148609161377,-4.780840873718262,-5.081401391029358,-4.698490033149719,0.18425278186798089,-0.0823508405685427,No,False,Yes,True
Arithmetic,2_digit_subtraction,'',Is 65 minus 49 equal to 16?,Yes,-5.0677876472473145,-4.513055801391602,-5.081401391029358,-4.698490033149719,0.013613743782043386,0.18543423175811746,No,False,No,False
Arithmetic,1_digit_subtraction,'',Is 1 minus 9 equal to 66?,No,-5.240898609161377,-4.626461505889893,-5.081401391029358,-4.698490033149719,-0.15949721813201911,0.07202852725982645,No,True,No,True
Arithmetic,1_digit_addition,'',Is 4 plus 9 equal to 13?,Yes,-5.209502696990967,-4.529306411743164,-5.081401391029358,-4.698490033149719,-0.12810130596160896,0.16918362140655496,No,False,No,False
Arithmetic,1_digit_multiplication,'',Is 7 times 6 equal to 42?,Yes,-4.95640230178833,-4.717315196990967,-5.051575091679891,-4.66828200340271,0.09517278989156086,-0.049033193588257085,No,False,Yes,True
Arithmetic,1_digit_addition,'',Is 8 plus 4 equal to 12?,Yes,-4.8646626472473145,-4.495303153991699,-5.051575091679891,-4.66828200340271,0.18691244443257649,0.1729788494110105,No,False,Yes,True
Arithmetic,2_digit_addition,'',Is 69 plus 80 equal to 149?,Yes,-4.8869404792785645,-4.457702159881592,-5.051575091679891,-4.66828200340271,0.16463461240132649,0.21057984352111792,No,False,No,False
Arithmetic,1_digit_addition,'',Is 9 plus 4 equal to 78?,No,-4.81636905670166,-4.258478164672852,-5.051575091679891,-4.66828200340271,0.23520603497823078,0.40980383872985815,No,True,No,True
Arithmetic,2_digit_subtraction,'',Is 46 minus 30 equal to 88?,No,-5.053597450256348,-4.499917030334473,-5.051575091679891,-4.66828200340271,-0.0020223585764567176,0.16836497306823706,No,True,No,True
Arithmetic,2_digit_addition,'',Is 15 plus 55 equal to 70?,Yes,-4.760928153991699,-4.389269828796387,-5.051575091679891,-4.66828200340271,0.2906469376881917,0.279012174606323,No,False,Yes,True
Arithmetic,2_digit_multiplication,'',Is 46 times 52 equal to 2392?,Yes,-5.085548400878906,-4.6615376472473145,-5.051575091679891,-4.66828200340271,-0.03397330919901531,0.006744356155395259,No,False,No,False
Arithmetic,2_digit_subtraction,'',Is 79 minus 11 equal to 68?,Yes,-5.071897506713867,-4.58199405670166,-5.051575091679891,-4.66828200340271,-0.02032241503397625,0.08628794670104956,No,False,No,False
Arithmetic,2_digit_multiplication,'',Is 63 times 37 equal to 2331?,Yes,-5.160125732421875,-4.742379665374756,-5.051575091679891,-4.66828200340271,-0.10855064074198406,-0.07409766197204615,No,False,No,False
Arithmetic,2_digit_subtraction,'',Is 86 minus 38 equal to 48?,Yes,-4.961084842681885,-4.4693779945373535,-5.051575091679891,-4.66828200340271,0.09049024899800617,0.1989040088653562,No,False,No,False
Arithmetic,1_digit_subtraction,'',Is 9 minus 7 equal to 2?,Yes,-5.240898609161377,-4.750555038452148,-5.051575091679891,-4.66828200340271,-0.18932351748148601,-0.08227303504943873,No,False,No,False
Arithmetic,2_digit_subtraction,'',Is 56 minus 99 equal to 866?,No,-5.205837726593018,-4.530507564544678,-5.051575091679891,-4.66828200340271,-0.15426263491312664,0.13777443885803198,No,True,No,True
Arithmetic,1_digit_addition,'',Is 7 plus 8 equal to 15?,Yes,-5.037521839141846,-4.667717933654785,-5.051575091679891,-4.66828200340271,0.014053252538045236,0.000564069747924556,No,False,Yes,True
Arithmetic,2_digit_subtraction,'',Is 29 minus 24 equal to 5?,Yes,-5.115898609161377,-4.749590873718262,-5.051575091679891,-4.66828200340271,-0.06432351748148601,-0.081308870315552,No,False,Yes,True
Arithmetic,2_digit_addition,'',Is 93 plus 50 equal to 278?,No,-4.803756237030029,-4.3125081062316895,-5.051575091679891,-4.66828200340271,0.24781885464986164,0.35577389717102026,No,True,No,True
Arithmetic,2_digit_multiplication,'',Is 63 times 23 equal to 3084?,No,-5.074188232421875,-4.779961109161377,-5.051575091679891,-4.66828200340271,-0.02261314074198406,-0.11167910575866724,No,True,Yes,False
Arithmetic,1_digit_subtraction,'',Is 9 minus 7 equal to 9?,No,-4.97106409072876,-4.477659702301025,-5.051575091679891,-4.66828200340271,0.08051100095113117,0.19062230110168432,No,True,No,True
Arithmetic,1_digit_addition,'',Is 9 plus 2 equal to 11?,Yes,-4.893740653991699,-4.461143970489502,-5.051575091679891,-4.66828200340271,0.15783443768819172,0.20713803291320776,No,False,No,False
Arithmetic,2_digit_addition,'',Is 80 plus 11 equal to 91?,Yes,-4.601479530334473,-4.230645656585693,-5.051575091679891,-4.66828200340271,0.4500955613454183,0.43763634681701635,No,False,Yes,True
Arithmetic,1_digit_addition,'',Is 7 plus 4 equal to 11?,Yes,-5.0744404792785645,-4.58199405670166,-5.051575091679891,-4.66828200340271,-0.022865387598673514,0.08628794670104956,No,False,No,False
Arithmetic,1_digit_multiplication,'',Is 0 times 9 equal to 0?,Yes,-5.238657474517822,-5.003711700439453,-5.051575091679891,-4.66828200340271,-0.18708238283793133,-0.3354296970367434,No,False,Yes,True
Arithmetic,2_digit_subtraction,'',Is 29 minus 67 equal to -38?,Yes,-5.235519886016846,-4.747610092163086,-5.051575091679891,-4.66828200340271,-0.18394479433695476,-0.07932808876037623,No,False,No,False
Arithmetic,2_digit_multiplication,'',Is 20 times 56 equal to 7037?,No,-5.249478340148926,-4.75926399230957,-5.051575091679891,-4.66828200340271,-0.19790324846903484,-0.0909819889068606,No,True,No,True
Arithmetic,2_digit_multiplication,'',Is 97 times 29 equal to 9518?,No,-5.093228340148926,-4.791600227355957,-5.051575091679891,-4.66828200340271,-0.04165324846903484,-0.12331822395324732,No,True,Yes,False
Arithmetic,1_digit_multiplication,'',Is 3 times 3 equal to 6?,No,-4.870083332061768,-5.001461505889893,-5.051575091679891,-4.66828200340271,0.18149175961812336,-0.33317950248718287,Yes,False,Yes,False
Arithmetic,2_digit_multiplication,'',Is 45 times 39 equal to 1755?,Yes,-5.131523609161377,-4.70543909072876,-5.051575091679891,-4.66828200340271,-0.07994851748148601,-0.03715708732605005,No,False,No,False
Arithmetic,1_digit_subtraction,'',Is 6 minus 6 equal to 0?,Yes,-5.325262069702148,-4.647002696990967,-5.051575091679891,-4.66828200340271,-0.2736869780222575,0.021279306411742915,No,False,No,False
Arithmetic,1_digit_addition,'',Is 9 plus 3 equal to 12?,Yes,-4.8209404945373535,-4.511895656585693,-5.051575091679891,-4.66828200340271,0.23063459714253742,0.15638634681701635,No,False,Yes,True
Arithmetic,2_digit_addition,'',Is 55 plus 32 equal to 32?,No,-4.359581470489502,-4.174769878387451,-5.051575091679891,-4.66828200340271,0.691993621190389,0.49351212501525854,No,True,Yes,False
Arithmetic,2_digit_addition,'',Is 27 plus 58 equal to 27?,No,-4.737490653991699,-4.429893970489502,-5.051575091679891,-4.66828200340271,0.3140844376881917,0.23838803291320776,No,True,Yes,False
Arithmetic,1_digit_subtraction,'',Is 4 minus 4 equal to 5?,No,-5.17418909072876,-4.617393970489502,-5.051575091679891,-4.66828200340271,-0.12261399904886883,0.05088803291320776,No,True,No,True
Arithmetic,2_digit_multiplication,'',Is 40 times 12 equal to 480?,Yes,-4.893520832061768,-4.524899005889893,-5.051575091679891,-4.66828200340271,0.15805425961812336,0.14338299751281713,No,False,Yes,True
Arithmetic,1_digit_subtraction,'',Is 3 minus 9 equal to -6?,Yes,-5.475273609161377,-4.862490653991699,-5.051575091679891,-4.66828200340271,-0.423698517481486,-0.1942086505889895,No,False,No,False
Arithmetic,1_digit_subtraction,'',Is 2 minus 4 equal to 16?,No,-5.246195793151856,-4.8169026374816895,-5.051575091679891,-4.66828200340271,-0.19462070147196542,-0.14862063407897974,No,True,No,True
Arithmetic,2_digit_multiplication,'',Is 91 times 55 equal to 1342?,No,-5.092991352081299,-4.795784950256348,-5.051575091679891,-4.66828200340271,-0.04141626040140789,-0.12750294685363794,No,True,Yes,False
Arithmetic,2_digit_addition,'',Is 37 plus 33 equal to 45?,No,-4.6475982666015625,-4.340020656585693,-5.051575091679891,-4.66828200340271,0.40397682507832844,0.32826134681701635,No,True,Yes,False
Arithmetic,2_digit_addition,'',Is 21 plus 52 equal to 25?,No,-4.767086505889893,-4.397082328796387,-5.051575091679891,-4.66828200340271,0.28448858578999836,0.271199674606323,No,True,Yes,False
Arithmetic,1_digit_multiplication,'',Is 6 times 6 equal to 31?,No,-4.8556904792785645,-4.73824405670166,-5.051575091679891,-4.66828200340271,0.19588461240132649,-0.06996205329895044,No,True,Yes,False
Arithmetic,1_digit_multiplication,'',Is 5 times 7 equal to 60?,No,-4.791958332061768,-4.673336505889893,-5.051575091679891,-4.66828200340271,0.25961675961812336,-0.005054502487182866,No,True,Yes,False
Arithmetic,2_digit_subtraction,'',Is 64 minus 16 equal to 48?,Yes,-4.9260029792785645,-4.432803153991699,-5.051575091679891,-4.66828200340271,0.12557211240132649,0.2354788494110105,No,False,No,False
Arithmetic,2_digit_multiplication,'',Is 25 times 49 equal to 8152?,No,-5.302165985107422,-4.872594356536865,-5.051575091679891,-4.66828200340271,-0.25059089342753094,-0.20431235313415552,No,True,No,True
Arithmetic,2_digit_addition,'',Is 50 plus 91 equal to 159?,No,-4.898992538452148,-4.403014659881592,-5.051575091679891,-4.66828200340271,0.1525825532277425,0.2652673435211179,No,True,No,True
Arithmetic,1_digit_subtraction,'',Is 5 minus 1 equal to 4?,Yes,-5.173336505889893,-4.740243911743164,-5.051575091679891,-4.66828200340271,-0.12176141421000164,-0.07196190834045435,No,False,No,False
Arithmetic,2_digit_addition,'',Is 76 plus 94 equal to 168?,No,-4.889534950256348,-4.521793365478516,-5.051575091679891,-4.66828200340271,0.16204014142354328,0.1464886379241941,No,True,Yes,False
Arithmetic,2_digit_addition,'',Is 78 plus 64 equal to 142?,Yes,-4.823208332061768,-4.395202159881592,-5.051575091679891,-4.66828200340271,0.22836675961812336,0.2730798435211179,No,False,No,False
Arithmetic,1_digit_multiplication,'',Is 0 times 7 equal to 0?,Yes,-5.246029376983643,-5.070844650268555,-5.051575091679891,-4.66828200340271,-0.19445428530375164,-0.402562646865845,No,False,Yes,True
Arithmetic,2_digit_addition,'',Is 61 plus 58 equal to 119?,Yes,-4.718942165374756,-4.292178153991699,-5.051575091679891,-4.66828200340271,0.3326329263051351,0.3761038494110105,No,False,No,False
Arithmetic,2_digit_addition,'',Is 62 plus 55 equal to 628?,No,-4.954269886016846,-4.589496612548828,-5.051575091679891,-4.66828200340271,0.09730520566304524,0.07878539085388159,No,True,Yes,False
Arithmetic,1_digit_multiplication,'',Is 0 times 0 equal to 0?,Yes,-5.320363998413086,-5.139567852020264,-5.051575091679891,-4.66828200340271,-0.268788906733195,-0.47128584861755396,No,False,Yes,True
Arithmetic,1_digit_multiplication,'',Is 9 times 8 equal to 32?,No,-4.700625419616699,-4.581195831298828,-5.051575091679891,-4.66828200340271,0.3509496720631917,0.08708617210388159,No,True,Yes,False
Arithmetic,2_digit_multiplication,'',Is 69 times 45 equal to 3105?,Yes,-5.265758514404297,-4.969894886016846,-5.066935358047486,-4.672985110282898,-0.19882315635681103,-0.2969097757339476,No,False,Yes,True
Arithmetic,1_digit_subtraction,'',Is 0 minus 9 equal to -9?,Yes,-5.555219650268555,-4.958541870117188,-5.066935358047486,-4.672985110282898,-0.48828429222106884,-0.2855567598342903,No,False,No,False
Arithmetic,2_digit_addition,'',Is 45 plus 89 equal to 134?,Yes,-5.004949569702148,-4.515215873718262,-5.066935358047486,-4.672985110282898,0.06198578834533741,0.15776923656463637,No,False,No,False
Arithmetic,1_digit_subtraction,'',Is 9 minus 2 equal to 5?,No,-5.11168909072876,-4.678885459899902,-5.066935358047486,-4.672985110282898,-0.04475373268127392,-0.005900349617004252,No,True,No,True
Arithmetic,2_digit_subtraction,'',Is 41 minus 29 equal to 12?,Yes,-5.058875560760498,-4.5078206062316895,-5.066935358047486,-4.672985110282898,0.008059797286987802,0.16516450405120864,No,False,No,False
Arithmetic,1_digit_multiplication,'',Is 6 times 1 equal to 4?,No,-4.91733980178833,-4.924770832061768,-5.066935358047486,-4.672985110282898,0.14959555625915577,-0.2517857217788695,Yes,False,Yes,False
Arithmetic,1_digit_subtraction,'',Is 3 minus 8 equal to -5?,Yes,-5.502712726593018,-4.889882564544678,-5.066935358047486,-4.672985110282898,-0.43577736854553173,-0.21689745426177964,No,False,No,False
Arithmetic,1_digit_subtraction,'',Is 8 minus 4 equal to 2?,No,-5.275076866149902,-4.724325656890869,-5.066935358047486,-4.672985110282898,-0.2081415081024165,-0.05134054660797105,No,True,No,True
Arithmetic,2_digit_multiplication,'',Is 16 times 22 equal to 352?,Yes,-5.159888744354248,-4.797171592712402,-5.066935358047486,-4.672985110282898,-0.0929533863067622,-0.12418648242950425,No,False,Yes,True
Arithmetic,1_digit_subtraction,'',Is 9 minus 6 equal to 3?,Yes,-5.345335006713867,-4.792178153991699,-5.066935358047486,-4.672985110282898,-0.27839964866638134,-0.11919304370880113,No,False,No,False
Arithmetic,2_digit_multiplication,'',Is 52 times 64 equal to 4487?,No,-5.114620685577393,-4.757290840148926,-5.066935358047486,-4.672985110282898,-0.04768532752990673,-0.08430572986602769,No,True,Yes,False
Arithmetic,2_digit_subtraction,'',Is 69 minus 74 equal to -5?,Yes,-5.37047290802002,-4.7631001472473145,-5.066935358047486,-4.672985110282898,-0.30353754997253457,-0.09011503696441636,No,False,No,False
Arithmetic,2_digit_multiplication,'',Is 52 times 16 equal to 833?,No,-5.124241352081299,-4.825719356536865,-5.066935358047486,-4.672985110282898,-0.05730599403381298,-0.15273424625396714,No,True,Yes,False
Arithmetic,1_digit_subtraction,'',Is 9 minus 1 equal to 2?,No,-5.242484092712402,-4.811757564544678,-5.066935358047486,-4.672985110282898,-0.1755487346649165,-0.13877245426177964,No,True,No,True
Arithmetic,1_digit_subtraction,'',Is 1 minus 7 equal to 68?,No,-5.36265230178833,-4.748565196990967,-5.066935358047486,-4.672985110282898,-0.29571694374084423,-0.0755800867080687,No,True,No,True
Arithmetic,2_digit_subtraction,'',Is 83 minus 10 equal to 48?,No,-4.916958332061768,-4.487490653991699,-5.066935358047486,-4.672985110282898,0.14997702598571827,0.18549445629119887,No,True,No,True
Arithmetic,1_digit_addition,'',Is 0 plus 1 equal to 5?,No,-5.216010570526123,-4.915207386016846,-5.066935358047486,-4.672985110282898,-0.1490752124786372,-0.2422222757339476,No,True,Yes,False
Arithmetic,2_digit_subtraction,'',Is 25 minus 14 equal to 34?,No,-5.381377696990967,-4.824889659881592,-5.066935358047486,-4.672985110282898,-0.31444233894348095,-0.1519045495986937,No,True,No,True
Arithmetic,2_digit_subtraction,'',Is 96 minus 25 equal to 86?,No,-4.960528373718262,-4.466806411743164,-5.066935358047486,-4.672985110282898,0.10640698432922413,0.20617869853973403,No,True,No,True
Arithmetic,1_digit_addition,'',Is 8 plus 2 equal to 47?,No,-4.905159950256348,-4.349918365478516,-5.066935358047486,-4.672985110282898,0.1617754077911382,0.32306674480438247,No,True,No,True
Arithmetic,2_digit_addition,'',Is 27 plus 77 equal to 104?,Yes,-4.93981409072876,-4.570030212402344,-5.066935358047486,-4.672985110282898,0.12712126731872608,0.10295489788055434,No,False,Yes,True
Arithmetic,2_digit_subtraction,'',Is 59 minus 99 equal to -40?,Yes,-5.259312152862549,-4.709502696990967,-5.066935358047486,-4.672985110282898,-0.19237679481506298,-0.036517586708068706,No,False,No,False
Arithmetic,1_digit_subtraction,'',Is 2 minus 7 equal to -5?,Yes,-5.668843746185303,-5.122594356536865,-5.066935358047486,-4.672985110282898,-0.6019083881378169,-0.44960924625396714,No,False,No,False
Arithmetic,1_digit_subtraction,'',Is 8 minus 2 equal to 9?,No,-5.122763156890869,-4.6328206062316895,-5.066935358047486,-4.672985110282898,-0.05582779884338329,0.04016450405120864,No,True,No,True
Arithmetic,1_digit_addition,'',Is 7 plus 7 equal to 14?,Yes,-5.232940196990967,-4.864618301391602,-5.066935358047486,-4.672985110282898,-0.16600483894348095,-0.19163319110870347,No,False,Yes,True
Arithmetic,1_digit_multiplication,'',Is 6 times 4 equal to 24?,Yes,-4.786199569702148,-4.670440196990967,-5.066935358047486,-4.672985110282898,0.2807357883453374,0.0025449132919312945,No,False,Yes,True
Arithmetic,1_digit_addition,'',Is 3 plus 3 equal to 6?,Yes,-4.903860092163086,-4.72075080871582,-5.066935358047486,-4.672985110282898,0.1630752658843999,-0.04776569843292222,No,False,Yes,True
Arithmetic,2_digit_multiplication,'',Is 93 times 65 equal to 6045?,Yes,-4.874610900878906,-4.6381001472473145,-5.066935358047486,-4.672985110282898,0.1923244571685796,0.03488496303558364,No,False,Yes,True
Arithmetic,1_digit_addition,'',Is 9 plus 8 equal to 95?,No,-4.615243911743164,-4.1190714836120605,-5.066935358047486,-4.672985110282898,0.4516914463043218,0.5539136266708375,No,True,No,True
Arithmetic,2_digit_addition,'',Is 47 plus 73 equal to 120?,Yes,-4.8556904792785645,-4.364618301391602,-5.066935358047486,-4.672985110282898,0.2112448787689214,0.30836680889129653,No,False,No,False
Arithmetic,2_digit_addition,'',Is 97 plus 27 equal to 124?,Yes,-4.9494404792785645,-4.395868301391602,-5.066935358047486,-4.672985110282898,0.1174948787689214,0.27711680889129653,No,False,No,False
Arithmetic,2_digit_subtraction,'',Is 29 minus 14 equal to 14?,No,-5.0599751472473145,-4.629577159881592,-5.066935358047486,-4.672985110282898,0.006960210800171396,0.043407950401306294,No,True,No,True
Arithmetic,1_digit_subtraction,'',Is 5 minus 8 equal to 97?,No,-5.134274005889893,-4.327322959899902,-5.066935358047486,-4.672985110282898,-0.06733864784240673,0.34566215038299575,No,True,No,True
Arithmetic,2_digit_multiplication,'',Is 71 times 90 equal to 3673?,No,-5.094915390014648,-4.865898609161377,-5.066935358047486,-4.672985110282898,-0.02798003196716259,-0.19291349887847886,No,True,Yes,False
Arithmetic,1_digit_subtraction,'',Is 1 minus 0 equal to 4?,No,-5.388229370117188,-5.025022506713867,-5.066935358047486,-4.672985110282898,-0.32129401206970254,-0.3520373964309691,No,True,Yes,False
Arithmetic,2_digit_subtraction,'',Is 94 minus 89 equal to 5?,Yes,-5.228062152862549,-4.740752696990967,-5.066935358047486,-4.672985110282898,-0.16112679481506298,-0.0677675867080687,No,False,No,False
Arithmetic,1_digit_multiplication,'',Is 4 times 6 equal to 95?,No,-4.837522506713867,-4.47106409072876,-5.066935358047486,-4.672985110282898,0.22941285133361866,0.20192101955413833,No,True,Yes,False
Arithmetic,2_digit_subtraction,'',Is 43 minus 31 equal to 66?,No,-4.992334842681885,-4.501296520233154,-5.066935358047486,-4.672985110282898,0.07460051536560108,0.1716885900497438,No,True,No,True
Arithmetic,1_digit_multiplication,'',Is 2 times 2 equal to 5?,No,-4.914254665374756,-5.045440196990967,-5.066935358047486,-4.672985110282898,0.15268069267273,-0.3724550867080687,Yes,False,Yes,False
Arithmetic,1_digit_multiplication,'',Is 4 times 8 equal to 32?,Yes,-4.896031856536865,-4.656167030334473,-5.066935358047486,-4.672985110282898,0.17090350151062061,0.016818079948425435,No,False,Yes,True
Arithmetic,2_digit_subtraction,'',Is 89 minus 60 equal to 95?,No,-4.845335006713867,-4.478024005889893,-5.066935358047486,-4.672985110282898,0.22160035133361866,0.1949611043930055,No,True,Yes,False
Arithmetic,2_digit_addition,'',Is 67 plus 70 equal to 123?,No,-4.880575656890869,-4.513235092163086,-5.066935358047486,-4.672985110282898,0.1863597011566167,0.15975001811981215,No,True,Yes,False
Arithmetic,1_digit_addition,'',Is 5 plus 7 equal to 76?,No,-4.875555038452148,-4.318368911743164,-5.066935358047486,-4.672985110282898,0.1913803195953374,0.35461619853973403,No,True,No,True
Arithmetic,2_digit_subtraction,'',Is 48 minus 30 equal to 94?,No,-5.053756237030029,-4.435959339141846,-5.066935358047486,-4.672985110282898,0.013179121017456552,0.2370257711410524,No,True,No,True
Arithmetic,1_digit_multiplication,'',Is 5 times 4 equal to 22?,No,-5.125192165374756,-4.819903373718262,-5.066935358047486,-4.672985110282898,-0.05825680732727001,-0.14691826343536363,No,True,Yes,False
Arithmetic,1_digit_addition,'',Is 2 plus 8 equal to 10?,Yes,-4.9271626472473145,-4.620303153991699,-5.066935358047486,-4.672985110282898,0.1397727108001714,0.05268195629119887,No,False,Yes,True
Arithmetic,1_digit_addition,'',Is 5 plus 2 equal to 8?,No,-4.942922592163086,-4.634189605712891,-5.066935358047486,-4.672985110282898,0.12401276588439991,0.038795504570007466,No,True,Yes,False
Arithmetic,2_digit_subtraction,'',Is 62 minus 99 equal to -37?,Yes,-5.654866695404053,-4.923460006713867,-5.066935358047486,-4.672985110282898,-0.5879313373565669,-0.2504748964309691,No,False,No,False
Arithmetic,2_digit_subtraction,'',Is 87 minus 73 equal to 14?,Yes,-5.39391040802002,-4.8490376472473145,-5.066935358047486,-4.672985110282898,-0.32697504997253457,-0.17605253696441636,No,False,No,False
Arithmetic,1_digit_subtraction,'',Is 2 minus 0 equal to 8?,No,-5.405860900878906,-4.9818501472473145,-5.066935358047486,-4.672985110282898,-0.3389255428314204,-0.30886503696441636,No,True,No,True
Arithmetic,2_digit_subtraction,'',Is 73 minus 48 equal to 88?,No,-4.870083332061768,-4.440615653991699,-5.070284952163697,-4.667415328979493,0.20020162010192966,0.2267996749877934,No,True,No,True
Arithmetic,2_digit_subtraction,'',Is 47 minus 78 equal to -31?,Yes,-5.655491352081299,-4.8637776374816895,-5.070284952163697,-4.667415328979493,-0.5852063999176016,-0.19636230850219683,No,False,No,False
Arithmetic,2_digit_addition,'',Is 77 plus 97 equal to 609?,No,-5.218360900878906,-4.7306904792785645,-5.070284952163697,-4.667415328979493,-0.14807594871520902,-0.06327515029907183,No,True,No,True
Arithmetic,2_digit_subtraction,'',Is 41 minus 55 equal to -14?,Yes,-5.79234790802002,-4.936065196990967,-5.070284952163697,-4.667415328979493,-0.7220629558563232,-0.26864986801147417,No,False,No,False
Arithmetic,2_digit_subtraction,'',Is 67 minus 63 equal to 9?,No,-5.077366352081299,-4.6575608253479,-5.070284952163697,-4.667415328979493,-0.007081399917601594,0.009854503631592237,No,True,No,True
Arithmetic,1_digit_subtraction,'',Is 9 minus 4 equal to 3?,No,-5.2385029792785645,-4.684264659881592,-5.070284952163697,-4.667415328979493,-0.16821802711486722,-0.01684933090209917,No,True,No,True
Arithmetic,2_digit_addition,'',Is 82 plus 81 equal to 163?,Yes,-4.741097450256348,-4.499917030334473,-5.070284952163697,-4.667415328979493,0.3291875019073496,0.16749829864501997,No,False,Yes,True
Arithmetic,2_digit_addition,'',Is 62 plus 24 equal to 86?,Yes,-4.716513156890869,-4.411672592163086,-5.070284952163697,-4.667415328979493,0.3537717952728281,0.2557427368164067,No,False,Yes,True
Arithmetic,2_digit_addition,'',Is 63 plus 85 equal to 148?,Yes,-4.773629665374756,-4.407711505889893,-5.070284952163697,-4.667415328979493,0.2966552867889414,0.25970382308960005,No,False,Yes,True
Arithmetic,2_digit_multiplication,'',Is 93 times 60 equal to 5580?,Yes,-4.905728340148926,-4.667621612548828,-5.070284952163697,-4.667415328979493,0.16455661201477145,-0.00020628356933549696,No,False,Yes,True
Arithmetic,2_digit_multiplication,'',Is 91 times 47 equal to 4277?,Yes,-5.003046035766602,-4.71421480178833,-5.070284952163697,-4.667415328979493,0.06723891639709567,-0.04679947280883745,No,False,Yes,True
Arithmetic,2_digit_addition,'',Is 89 plus 25 equal to 114?,Yes,-4.754949569702148,-4.451690196990967,-5.070284952163697,-4.667415328979493,0.3153353824615488,0.21572513198852583,No,False,Yes,True
Arithmetic,1_digit_multiplication,'',Is 7 times 0 equal to 9?,No,-4.95641040802002,-4.782835006713867,-5.070284952163697,-4.667415328979493,0.11387454414367681,-0.11541967773437456,No,True,Yes,False
Arithmetic,2_digit_subtraction,'',Is 41 minus 10 equal to 95?,No,-4.9349751472473145,-4.255243301391602,-5.070284952163697,-4.667415328979493,0.13530980491638278,0.41217202758789107,No,True,No,True
Arithmetic,2_digit_subtraction,'',Is 48 minus 12 equal to 36?,Yes,-5.151150226593018,-4.597309112548828,-5.070284952163697,-4.667415328979493,-0.08086527442932034,0.0701062164306645,No,False,No,False
Arithmetic,1_digit_subtraction,'',Is 5 minus 3 equal to 1?,No,-5.239781856536865,-4.7465901374816895,-5.070284952163697,-4.667415328979493,-0.169496904373168,-0.07917480850219683,No,True,No,True
Arithmetic,2_digit_addition,'',Is 29 plus 82 equal to 411?,No,-4.664617538452148,-4.357431411743164,-5.070284952163697,-4.667415328979493,0.4056674137115488,0.30998391723632857,No,True,Yes,False
Arithmetic,1_digit_subtraction,'',Is 5 minus 9 equal to 34?,No,-5.1294026374816895,-4.5728278160095215,-5.070284952163697,-4.667415328979493,-0.05911768531799222,0.09458751296997114,No,True,No,True
Arithmetic,2_digit_addition,'',Is 12 plus 16 equal to 98?,No,-5.009274005889893,-4.326769828796387,-5.070284952163697,-4.667415328979493,0.061010946273804656,0.3406455001831059,No,True,No,True
Arithmetic,1_digit_multiplication,'',Is 9 times 8 equal to 72?,Yes,-4.729100227355957,-4.54758882522583,-5.070284952163697,-4.667415328979493,0.3411847248077402,0.11982650375366255,No,False,Yes,True
Arithmetic,2_digit_multiplication,'',Is 55 times 15 equal to 825?,Yes,-4.980570793151856,-4.677187919616699,-5.070284952163697,-4.667415328979493,0.08971415901184088,-0.00977259063720659,No,False,Yes,True
Arithmetic,2_digit_subtraction,'',Is 10 minus 27 equal to -17?,Yes,-6.036770343780518,-5.23582649230957,-5.070284952163697,-4.667415328979493,-0.9664853916168203,-0.5684111633300777,No,False,No,False
Arithmetic,2_digit_multiplication,'',Is 16 times 16 equal to 248?,No,-5.223699569702148,-4.671465873718262,-5.070284952163697,-4.667415328979493,-0.1534146175384512,-0.004050544738769091,No,True,No,True
Arithmetic,2_digit_subtraction,'',Is 62 minus 26 equal to 36?,Yes,-5.004949569702148,-4.517086505889893,-5.070284952163697,-4.667415328979493,0.0653353824615488,0.15032882308960005,No,False,No,False
Arithmetic,1_digit_subtraction,'',Is 0 minus 5 equal to 38?,No,-5.249804973602295,-4.639887809753418,-5.070284952163697,-4.667415328979493,-0.1795200214385977,0.02752751922607466,No,True,No,True
Arithmetic,1_digit_multiplication,'',Is 0 times 2 equal to 0?,Yes,-5.192173004150391,-5.07423210144043,-5.070284952163697,-4.667415328979493,-0.12188805198669339,-0.40681677246093706,No,False,Yes,True
Arithmetic,2_digit_addition,'',Is 37 plus 35 equal to 72?,Yes,-4.723269462585449,-4.41606330871582,-5.070284952163697,-4.667415328979493,0.347015489578248,0.2513520202636723,No,False,Yes,True
Arithmetic,1_digit_addition,'',Is 9 plus 0 equal to 4?,No,-4.937090873718262,-4.630243301391602,-5.070284952163697,-4.667415328979493,0.13319407844543552,0.037172027587891066,No,True,Yes,False
Arithmetic,1_digit_subtraction,'',Is 3 minus 0 equal to 5?,No,-5.2709126472473145,-4.903014659881592,-5.070284952163697,-4.667415328979493,-0.20062769508361722,-0.23559933090209917,No,True,Yes,False
Arithmetic,2_digit_addition,'',Is 66 plus 66 equal to 341?,No,-4.90952730178833,-4.483965873718262,-5.070284952163697,-4.667415328979493,0.16075765037536716,0.1834494552612309,No,True,No,True
Arithmetic,1_digit_subtraction,'',Is 5 minus 8 equal to -3?,Yes,-5.718228340148926,-4.918581962585449,-5.070284952163697,-4.667415328979493,-0.6479433879852285,-0.2511666336059566,No,False,No,False
Arithmetic,1_digit_addition,'',Is 7 plus 1 equal to 8?,Yes,-5.077715873718262,-4.771493911743164,-5.070284952163697,-4.667415328979493,-0.007430921554564485,-0.10407858276367143,No,False,Yes,True
Arithmetic,2_digit_multiplication,'',Is 64 times 37 equal to 7550?,No,-4.98765230178833,-4.6224751472473145,-5.070284952163697,-4.667415328979493,0.08263265037536716,0.044940181732178175,No,True,Yes,False
Arithmetic,2_digit_addition,'',Is 94 plus 25 equal to 865?,No,-5.01108980178833,-4.5834126472473145,-5.070284952163697,-4.667415328979493,0.059195150375367156,0.08400268173217817,No,True,No,True
Arithmetic,2_digit_subtraction,'',Is 71 minus 81 equal to -10?,Yes,-5.37828540802002,-4.834502696990967,-5.070284952163697,-4.667415328979493,-0.3080004558563232,-0.16708736801147417,No,False,No,False
Arithmetic,1_digit_subtraction,'',Is 9 minus 9 equal to 0?,Yes,-5.0599751472473145,-4.442743301391602,-5.070284952163697,-4.667415328979493,0.010309804916382781,0.22467202758789107,No,False,No,False
Arithmetic,2_digit_subtraction,'',Is 30 minus 63 equal to 999?,No,-5.006377696990967,-4.385928153991699,-5.070284952163697,-4.667415328979493,0.06390725517273044,0.2814871749877934,No,True,No,True
Arithmetic,1_digit_multiplication,'',Is 5 times 3 equal to 15?,Yes,-5.00926399230957,-4.951584339141846,-5.070284952163697,-4.667415328979493,0.06102095985412692,-0.2841690101623531,No,False,Yes,True
Arithmetic,2_digit_multiplication,'',Is 27 times 17 equal to 459?,Yes,-5.181068420410156,-4.8216233253479,-5.070284952163697,-4.667415328979493,-0.11078346824645902,-0.15420799636840776,No,False,Yes,True
Arithmetic,2_digit_subtraction,'',Is 79 minus 74 equal to 3?,No,-5.391790390014648,-4.912773609161377,-5.070284952163697,-4.667415328979493,-0.3215054378509512,-0.24535828018188433,No,True,No,True
Arithmetic,1_digit_subtraction,'',Is 6 minus 8 equal to -2?,Yes,-5.69077730178833,-4.952715873718262,-5.070284952163697,-4.667415328979493,-0.6204923496246328,-0.2853005447387691,No,False,No,False
Arithmetic,1_digit_multiplication,'',Is 3 times 7 equal to 53?,No,-4.950719356536865,-4.833437919616699,-5.070284952163697,-4.667415328979493,0.119565595626832,-0.1660225906372066,No,True,Yes,False
Arithmetic,1_digit_addition,'',Is 3 plus 1 equal to 9?,No,-4.8490376472473145,-4.60543155670166,-5.070284952163697,-4.667415328979493,0.22124730491638278,0.06198377227783247,No,True,Yes,False
Arithmetic,2_digit_subtraction,'',Is 63 minus 80 equal to 278?,No,-5.10483980178833,-4.492742538452148,-5.070284952163697,-4.667415328979493,-0.034554849624632844,0.1746727905273442,No,True,No,True
Arithmetic,1_digit_addition,'',Is 5 plus 4 equal to 9?,Yes,-4.905840873718262,-4.473327159881592,-5.070284952163697,-4.667415328979493,0.16444407844543552,0.19408816909790083,No,False,No,False
Arithmetic,1_digit_multiplication,'',Is 4 times 9 equal to 36?,Yes,-4.807400226593018,-4.629519462585449,-5.070284952163697,-4.667415328979493,0.26288472557067966,0.03789586639404341,No,False,Yes,True
Arithmetic,2_digit_addition,'',Is 34 plus 89 equal to 356?,No,-4.7853779792785645,-4.417178153991699,-5.070284952163697,-4.667415328979493,0.2849069728851328,0.2502371749877934,No,True,Yes,False
Arithmetic,2_digit_subtraction,'',Is 42 minus 39 equal to 3?,Yes,-5.32359790802002,-4.838833332061768,-5.070284952163697,-4.667415328979493,-0.2533129558563232,-0.17141800308227495,No,False,No,False
Arithmetic,1_digit_addition,'',Is 3 plus 9 equal to 97?,No,-4.8637776374816895,-4.3072028160095215,-5.070284952163697,-4.667415328979493,0.20650731468200778,0.36021251296997114,No,True,No,True
Arithmetic,1_digit_addition,'',Is 6 plus 3 equal to 9?,Yes,-4.990752696990967,-4.559930801391602,-5.070284952163697,-4.667415328979493,0.07953225517273044,0.10748452758789107,No,False,No,False
Arithmetic,2_digit_addition,'',Is 91 plus 43 equal to 134?,Yes,-4.890103340148926,-4.52488899230957,-5.057765194574992,-4.665939798355103,0.16766185442606663,0.14105080604553244,No,False,Yes,True
Arithmetic,1_digit_subtraction,'',Is 0 minus 4 equal to -4?,Yes,-5.734907150268555,-5.07359790802002,-5.057765194574992,-4.665939798355103,-0.6771419556935623,-0.40765810966491767,No,False,No,False
Arithmetic,1_digit_subtraction,'',Is 9 minus 1 equal to 8?,Yes,-5.054604530334473,-4.684664726257324,-5.057765194574992,-4.665939798355103,0.0031606642405197505,-0.018724927902221467,No,False,Yes,True
Arithmetic,1_digit_addition,'',Is 8 plus 9 equal to 17?,Yes,-5.107138156890869,-4.615646839141846,-5.057765194574992,-4.665939798355103,-0.049372962315876734,0.05029295921325705,No,False,No,False
Arithmetic,2_digit_subtraction,'',Is 59 minus 45 equal to 83?,No,-4.978147506713867,-4.61168909072876,-5.057765194574992,-4.665939798355103,0.07961768786112522,0.05425070762634299,No,True,Yes,False
Arithmetic,2_digit_multiplication,'',Is 45 times 75 equal to 8456?,No,-5.062016010284424,-4.763388156890869,-5.057765194574992,-4.665939798355103,-0.004250815709431421,-0.09744835853576639,No,True,Yes,False
Arithmetic,1_digit_subtraction,'',Is 4 minus 6 equal to 12?,No,-5.249590873718262,-4.568957328796387,-5.057765194574992,-4.665939798355103,-0.1918256791432693,0.09698246955871603,No,True,No,True
Arithmetic,1_digit_multiplication,'',Is 8 times 7 equal to 56?,Yes,-4.86265230178833,-4.624590873718262,-5.057765194574992,-4.665939798355103,0.19511289278666233,0.041348924636841033,No,False,Yes,True
Arithmetic,1_digit_subtraction,'',Is 3 minus 5 equal to 25?,No,-5.0669026374816895,-4.5728278160095215,-5.057765194574992,-4.665939798355103,-0.009137442906697046,0.09311198234558127,No,True,No,True
Arithmetic,2_digit_multiplication,'',Is 26 times 83 equal to 2158?,Yes,-5.153854370117188,-4.976754665374756,-5.057765194574992,-4.665939798355103,-0.09608917554219598,-0.3108148670196531,No,False,Yes,True
Arithmetic,1_digit_multiplication,'',Is 9 times 4 equal to 55?,No,-4.814905643463135,-4.509737491607666,-5.057765194574992,-4.665939798355103,0.24285955111185764,0.15620230674743674,No,True,Yes,False
Arithmetic,1_digit_subtraction,'',Is 8 minus 4 equal to 4?,Yes,-5.164254665374756,-4.610836505889893,-5.057765194574992,-4.665939798355103,-0.10648947079976345,0.055103292465210174,No,False,No,False
Arithmetic,2_digit_multiplication,'',Is 39 times 58 equal to 6277?,No,-5.153683185577393,-4.798019886016846,-5.057765194574992,-4.665939798355103,-0.09591799100240017,-0.13208008766174295,No,True,Yes,False
Arithmetic,2_digit_addition,'',Is 88 plus 62 equal to 386?,No,-4.829710006713867,-4.46325159072876,-5.057765194574992,-4.665939798355103,0.22805518786112522,0.202688207626343,No,True,Yes,False
Arithmetic,2_digit_addition,'',Is 36 plus 67 equal to 415?,No,-4.825888156890869,-4.458547592163086,-5.057765194574992,-4.665939798355103,0.23187703768412327,0.20739220619201681,No,True,Yes,False
Arithmetic,2_digit_addition,'',Is 82 plus 17 equal to 99?,Yes,-4.678756237030029,-4.311757564544678,-5.057765194574992,-4.665939798355103,0.3790089575449631,0.354182233810425,No,False,Yes,True
Arithmetic,1_digit_multiplication,'',Is 3 times 6 equal to 18?,Yes,-4.929879665374756,-4.875555038452148,-5.057765194574992,-4.665939798355103,0.12788552920023655,-0.20961524009704569,No,False,Yes,True
Arithmetic,1_digit_multiplication,'',Is 4 times 7 equal to 28?,Yes,-5.084648609161377,-4.782711505889893,-5.057765194574992,-4.665939798355103,-0.026883414586384546,-0.11677170753478983,No,False,Yes,True
Arithmetic,2_digit_subtraction,'',Is 81 minus 36 equal to 45?,Yes,-4.881523609161377,-4.454586505889893,-5.057765194574992,-4.665939798355103,0.17624158541361545,0.21135329246521017,No,False,No,False
Arithmetic,1_digit_multiplication,'',Is 3 times 1 equal to 7?,No,-5.004949569702148,-5.014190196990967,-5.057765194574992,-4.665939798355103,0.05281562487284397,-0.34825039863586404,Yes,False,Yes,False
Arithmetic,1_digit_multiplication,'',Is 1 times 9 equal to 9?,Yes,-4.866450309753418,-4.937647342681885,-5.057765194574992,-4.665939798355103,0.19131488482157444,-0.271707544326782,Yes,True,Yes,True
Arithmetic,2_digit_addition,'',Is 73 plus 67 equal to 140?,Yes,-4.885334491729736,-4.4575276374816895,-5.057765194574992,-4.665939798355103,0.17243070284525608,0.2084121608734133,No,False,No,False
Arithmetic,2_digit_addition,'',Is 51 plus 46 equal to 53?,No,-4.862934112548828,-4.557274341583252,-5.057765194574992,-4.665939798355103,0.19483108202616428,0.1086654567718508,No,True,Yes,False
Arithmetic,2_digit_subtraction,'',Is 85 minus 69 equal to 93?,No,-4.813055038452148,-4.381457328796387,-5.057765194574992,-4.665939798355103,0.24471015612284397,0.28448246955871603,No,True,No,True
Arithmetic,1_digit_subtraction,'',Is 5 minus 1 equal to 9?,No,-5.183246612548828,-4.627586841583252,-5.057765194574992,-4.665939798355103,-0.12548141797383572,0.0383529567718508,No,True,No,True
Arithmetic,1_digit_addition,'',Is 6 plus 3 equal to 4?,No,-4.9887776374816895,-4.6803154945373535,-5.057765194574992,-4.665939798355103,0.06898755709330295,-0.014375696182250763,No,True,Yes,False
Arithmetic,1_digit_addition,'',Is 0 plus 6 equal to 9?,No,-5.133977890014648,-4.773048400878906,-5.057765194574992,-4.665939798355103,-0.07621269543965603,-0.1071086025238035,No,True,Yes,False
Arithmetic,1_digit_subtraction,'',Is 6 minus 6 equal to 3?,No,-5.445504665374756,-4.892086505889893,-5.057765194574992,-4.665939798355103,-0.38773947079976345,-0.22614670753478983,No,True,No,True
Arithmetic,1_digit_multiplication,'',Is 4 times 1 equal to 1?,No,-4.926824569702148,-4.8713154792785645,-5.057765194574992,-4.665939798355103,0.13094062487284397,-0.2053756809234617,No,True,Yes,False
Arithmetic,1_digit_addition,'',Is 5 plus 0 equal to 5?,Yes,-4.94762659072876,-4.701181411743164,-5.057765194574992,-4.665939798355103,0.11013860384623264,-0.03524161338806131,No,False,Yes,True
Arithmetic,2_digit_multiplication,'',Is 38 times 57 equal to 2166?,Yes,-5.214813232421875,-4.795586109161377,-5.057765194574992,-4.665939798355103,-0.1570480378468826,-0.1296463108062742,No,False,No,False
Arithmetic,2_digit_subtraction,'',Is 67 minus 82 equal to 879?,No,-5.157749652862549,-4.609930038452148,-5.057765194574992,-4.665939798355103,-0.09998445828755642,0.056009759902954315,No,True,No,True
Arithmetic,1_digit_addition,'',Is 7 plus 0 equal to 6?,No,-5.148629665374756,-4.844305038452148,-5.057765194574992,-4.665939798355103,-0.09086447079976345,-0.17836524009704569,No,True,Yes,False
Arithmetic,2_digit_subtraction,'',Is 62 minus 36 equal to 77?,No,-5.092461109161377,-4.47887659072876,-5.057765194574992,-4.665939798355103,-0.034695914586384546,0.187063207626343,No,True,No,True
Arithmetic,2_digit_addition,'',Is 47 plus 14 equal to 45?,No,-4.747610092163086,-4.378137588500977,-5.057765194574992,-4.665939798355103,0.31015510241190647,0.2878022098541262,No,True,Yes,False
Arithmetic,2_digit_multiplication,'',Is 40 times 12 equal to 440?,No,-5.048019886016846,-4.68113899230957,-5.057765194574992,-4.665939798355103,0.009745308558146704,-0.01519919395446756,No,True,Yes,False
Arithmetic,2_digit_addition,'',Is 78 plus 58 equal to 943?,No,-4.901832580566406,-4.5403733253479,-5.057765194574992,-4.665939798355103,0.15593261400858616,0.12556647300720236,No,True,Yes,False
Arithmetic,2_digit_subtraction,'',Is 73 minus 67 equal to 8?,No,-5.102943420410156,-4.6809983253479,-5.057765194574992,-4.665939798355103,-0.04517822583516384,-0.015058526992797638,No,True,No,True
Arithmetic,2_digit_addition,'',Is 18 plus 31 equal to 49?,Yes,-4.685110092163086,-4.251377105712891,-5.057765194574992,-4.665939798355103,0.37265510241190647,0.4145626926422121,No,False,No,False
Arithmetic,2_digit_multiplication,'',Is 42 times 38 equal to 1626?,No,-5.06577730178833,-4.641180038452148,-5.057765194574992,-4.665939798355103,-0.008012107213337671,0.024759759902954315,No,True,No,True
Arithmetic,1_digit_multiplication,'',Is 8 times 9 equal to 32?,No,-4.768520832061768,-4.65230655670166,-5.057765194574992,-4.665939798355103,0.28924436251322483,0.013633241653442596,No,True,Yes,False
Arithmetic,2_digit_multiplication,'',Is 84 times 54 equal to 4536?,Yes,-4.993208408355713,-4.696897506713867,-5.057765194574992,-4.665939798355103,0.06455678621927952,-0.030957708358764435,No,False,Yes,True
Arithmetic,1_digit_multiplication,'',Is 2 times 1 equal to 6?,No,-4.866798400878906,-5.000192165374756,-5.057765194574992,-4.665939798355103,0.19096679369608616,-0.3342523670196531,Yes,False,Yes,False
Arithmetic,2_digit_multiplication,'',Is 27 times 12 equal to 324?,Yes,-5.008004665374756,-4.70543909072876,-5.057765194574992,-4.665939798355103,0.04976052920023655,-0.03949929237365701,No,False,Yes,True
Arithmetic,1_digit_addition,'',Is 2 plus 5 equal to 7?,Yes,-5.147148609161377,-4.9037251472473145,-5.057765194574992,-4.665939798355103,-0.08938341458638455,-0.2377853488922117,No,False,Yes,True
Arithmetic,2_digit_addition,'',Is 42 plus 71 equal to 113?,Yes,-4.767210006713867,-4.401553153991699,-5.057765194574992,-4.665939798355103,0.2905551878611252,0.26438664436340353,No,False,Yes,True
Arithmetic,1_digit_multiplication,'',Is 1 times 4 equal to 3?,No,-5.083198070526123,-5.216457843780518,-5.057765194574992,-4.665939798355103,-0.02543287595113064,-0.5505180454254148,Yes,False,Yes,False
Arithmetic,2_digit_multiplication,'',Is 34 times 59 equal to 1890?,No,-4.55540132522583,-4.247621059417725,-5.057765194574992,-4.665939798355103,0.5023638693491623,0.41831873893737814,No,True,Yes,False
Arithmetic,2_digit_subtraction,'',Is 64 minus 52 equal to 35?,No,-4.9260029792785645,-4.434264659881592,-5.057765194574992,-4.665939798355103,0.13176221529642795,0.23167513847351096,No,True,No,True
Arithmetic,2_digit_multiplication,'',Is 30 times 59 equal to 1770?,Yes,-4.896031856536865,-4.592105865478516,-5.057765194574992,-4.665939798355103,0.16173333803812717,0.07383393287658713,No,False,Yes,True
Arithmetic,2_digit_subtraction,'',Is 81 minus 36 equal to 74?,No,-5.014887809753418,-4.5278401374816895,-5.05778382573809,-4.669799977711269,0.042896015984672076,0.1419598402295792,No,True,No,True
Arithmetic,2_digit_subtraction,'',Is 72 minus 25 equal to 47?,Yes,-5.136820793151856,-4.520937919616699,-5.05778382573809,-4.669799977711269,-0.07903696741376631,0.14886205809456943,No,False,No,False
Arithmetic,1_digit_subtraction,'',Is 4 minus 3 equal to 3?,No,-5.350127696990967,-4.732431411743164,-5.05778382573809,-4.669799977711269,-0.29234387125287675,-0.06263143403189542,No,True,No,True
Arithmetic,2_digit_multiplication,'',Is 58 times 75 equal to 4350?,Yes,-4.942916870117188,-4.6447529792785645,-5.05778382573809,-4.669799977711269,0.11486695562090166,0.025046998432704193,No,False,Yes,True
Arithmetic,2_digit_addition,'',Is 56 plus 93 equal to 911?,No,-4.526553153991699,-4.093467712402344,-5.05778382573809,-4.669799977711269,0.5312306717463908,0.5763322653089249,No,True,No,True
Arithmetic,2_digit_subtraction,'',Is 33 minus 76 equal to 487?,No,-4.909684658050537,-4.415987491607666,-5.05778382573809,-4.669799977711269,0.14809916768755294,0.25381248610360263,No,True,No,True
Arithmetic,2_digit_subtraction,'',Is 14 minus 57 equal to -43?,Yes,-5.671485900878906,-4.937090873718262,-5.05778382573809,-4.669799977711269,-0.6137020751408162,-0.2672908960069931,No,False,No,False
Arithmetic,1_digit_addition,'',Is 0 plus 0 equal to 2?,No,-5.581171035766602,-5.22203540802002,-5.05778382573809,-4.669799977711269,-0.5233872100285115,-0.5522354303087518,No,True,Yes,False
Arithmetic,1_digit_addition,'',Is 8 plus 7 equal to 61?,No,-4.886820793151856,-4.3950276374816895,-5.05778382573809,-4.669799977711269,0.1709630325862337,0.2747723402295792,No,True,No,True
Arithmetic,2_digit_subtraction,'',Is 59 minus 19 equal to 10?,No,-4.931272506713867,-4.503115653991699,-5.05778382573809,-4.669799977711269,0.12651131902422286,0.16668432371956943,No,True,No,True
Arithmetic,1_digit_subtraction,'',Is 6 minus 0 equal to 5?,No,-5.303756237030029,-4.811757564544678,-5.05778382573809,-4.669799977711269,-0.24597241129193925,-0.1419575868334091,No,True,No,True
Arithmetic,1_digit_addition,'',Is 9 plus 3 equal to 89?,No,-4.575555801391602,-4.265831470489502,-5.05778382573809,-4.669799977711269,0.4822280243464885,0.4039685072217667,No,True,Yes,False
Arithmetic,1_digit_multiplication,'',Is 7 times 7 equal to 83?,No,-5.036199569702148,-4.798336505889893,-5.05778382573809,-4.669799977711269,0.021584256035941607,-0.12853652817862393,No,True,Yes,False
Arithmetic,2_digit_multiplication,'',Is 28 times 71 equal to 1988?,Yes,-4.495303153991699,-4.313165664672852,-5.05778382573809,-4.669799977711269,0.5624806717463908,0.3566343130384171,No,False,Yes,True
Arithmetic,1_digit_subtraction,'',Is 5 minus 0 equal to 4?,No,-5.288131237030029,-4.795334339141846,-5.05778382573809,-4.669799977711269,-0.23034741129193925,-0.12553436143057706,No,True,No,True
Arithmetic,1_digit_multiplication,'',Is 9 times 0 equal to 2?,No,-4.911199569702148,-4.8556904792785645,-5.05778382573809,-4.669799977711269,0.1465842560359416,-0.1858905015672958,No,True,Yes,False
Arithmetic,2_digit_addition,'',Is 42 plus 47 equal to 89?,Yes,-4.5669026374816895,-4.2603278160095215,-5.05778382573809,-4.669799977711269,0.4908811882564006,0.40947216170174716,No,False,Yes,True
Arithmetic,2_digit_multiplication,'',Is 67 times 41 equal to 4995?,No,-5.179023742675781,-4.888332843780518,-5.05778382573809,-4.669799977711269,-0.1212399169376912,-0.21853286606924893,No,True,Yes,False
Arithmetic,2_digit_addition,'',Is 52 plus 48 equal to 115?,No,-4.875147342681885,-4.3819732666015625,-5.05778382573809,-4.669799977711269,0.18263648305620528,0.28782671110970615,No,True,No,True
Arithmetic,2_digit_multiplication,'',Is 82 times 45 equal to 3690?,Yes,-5.111383438110352,-4.940895080566406,-5.05778382573809,-4.669799977711269,-0.05359961237226152,-0.2710951028551376,No,False,Yes,True
Arithmetic,2_digit_addition,'',Is 86 plus 87 equal to 173?,Yes,-4.911540985107422,-4.550309658050537,-5.05778382573809,-4.669799977711269,0.14624284063066817,0.11949031966073154,No,False,Yes,True
Arithmetic,2_digit_multiplication,'',Is 95 times 18 equal to 1148?,No,-5.343360900878906,-4.7943501472473145,-5.05778382573809,-4.669799977711269,-0.2855770751408162,-0.12455016953604581,No,True,No,True
Arithmetic,1_digit_multiplication,'',Is 1 times 4 equal to 4?,Yes,-4.858985900878906,-5.115898609161377,-5.05778382573809,-4.669799977711269,0.1987979248591838,-0.4460986314501083,Yes,True,Yes,True
Arithmetic,1_digit_multiplication,'',Is 7 times 2 equal to 14?,Yes,-5.220249652862549,-4.9818501472473145,-5.05778382573809,-4.669799977711269,-0.16246582712445878,-0.3120501695360458,No,False,Yes,True
Arithmetic,2_digit_multiplication,'',Is 67 times 43 equal to 2881?,Yes,-5.045491695404053,-4.689085006713867,-5.05778382573809,-4.669799977711269,0.01229213033403731,-0.01928502900259854,No,False,Yes,True
Arithmetic,1_digit_multiplication,'',Is 7 times 5 equal to 35?,Yes,-4.904961109161377,-4.727117538452148,-5.05778382573809,-4.669799977711269,0.1528227165767131,-0.05731756074087979,No,False,Yes,True
Arithmetic,2_digit_addition,'',Is 23 plus 65 equal to 88?,Yes,-4.633367538452148,-4.325555801391602,-5.05778382573809,-4.669799977711269,0.4244162872859416,0.3442441763196671,No,False,Yes,True
Arithmetic,1_digit_subtraction,'',Is 3 minus 2 equal to 4?,No,-5.157711505889893,-4.850760459899902,-5.05778382573809,-4.669799977711269,-0.09992768015180253,-0.1809604821886337,No,True,Yes,False
Arithmetic,2_digit_subtraction,'',Is 17 minus 99 equal to -82?,Yes,-5.626144886016846,-4.888235092163086,-5.05778382573809,-4.669799977711269,-0.5683610602787557,-0.2184351144518173,No,False,No,False
Arithmetic,1_digit_subtraction,'',Is 6 minus 5 equal to 3?,No,-5.404961109161377,-4.852117538452148,-5.05778382573809,-4.669799977711269,-0.3471772834232869,-0.1823175607408798,No,True,No,True
Arithmetic,1_digit_multiplication,'',Is 4 times 5 equal to 44?,No,-4.944023609161377,-4.702715873718262,-5.05778382573809,-4.669799977711269,0.11376021657671309,-0.03291589600699307,No,True,Yes,False
Arithmetic,1_digit_addition,'',Is 1 plus 8 equal to 4?,No,-5.048374652862549,-4.865898609161377,-5.05778382573809,-4.669799977711269,0.009409172875541216,-0.1960986314501083,No,True,Yes,False
Arithmetic,1_digit_addition,'',Is 4 plus 0 equal to 6?,No,-5.086234092712402,-4.655507564544678,-5.05778382573809,-4.669799977711269,-0.0284502669743123,0.014292413166590912,No,True,No,True
Arithmetic,1_digit_subtraction,'',Is 9 minus 3 equal to 6?,Yes,-5.103024005889893,-4.671072959899902,-5.05778382573809,-4.669799977711269,-0.045240180151802534,-0.0012729821886336978,No,False,No,False
Arithmetic,2_digit_multiplication,'',Is 63 times 96 equal to 2179?,No,-5.01199197769165,-4.842366695404053,-5.05778382573809,-4.669799977711269,0.045791848046439654,-0.1725667176927841,No,True,Yes,False
Arithmetic,1_digit_multiplication,'',Is 0 times 1 equal to 1?,No,-5.081171035766602,-5.149602890014648,-5.05778382573809,-4.669799977711269,-0.023387210028511518,-0.4798029123033798,Yes,False,Yes,False
Arithmetic,2_digit_addition,'',Is 18 plus 91 equal to 109?,Yes,-4.875147342681885,-4.381168365478516,-5.05778382573809,-4.669799977711269,0.18263648305620528,0.288631612232753,No,False,No,False
Arithmetic,1_digit_subtraction,'',Is 0 minus 0 equal to 4?,No,-5.452930450439453,-4.974166870117188,-5.05778382573809,-4.669799977711269,-0.3951466247013631,-0.30436689240591974,No,True,No,True
Arithmetic,2_digit_multiplication,'',Is 86 times 46 equal to 4220?,No,-5.089813232421875,-4.672067165374756,-5.05778382573809,-4.669799977711269,-0.032029406683784956,-0.0022671876634872135,No,True,No,True
Arithmetic,1_digit_addition,'',Is 4 plus 9 equal to 17?,No,-5.166958332061768,-4.612490653991699,-5.05778382573809,-4.669799977711269,-0.10917450632367753,0.05730932371956943,No,True,No,True
Arithmetic,2_digit_multiplication,'',Is 62 times 11 equal to 682?,Yes,-5.059760570526123,-4.764693737030029,-5.05778382573809,-4.669799977711269,-0.0019767447880330025,-0.09489375931876065,No,False,Yes,True
Arithmetic,1_digit_subtraction,'',Is 3 minus 4 equal to -1?,Yes,-5.545586109161377,-4.868649005889893,-5.05778382573809,-4.669799977711269,-0.4878022834232869,-0.19884902817862393,No,False,No,False
Arithmetic,2_digit_subtraction,'',Is 15 minus 34 equal to 405?,No,-5.126461505889893,-4.569510459899902,-5.05778382573809,-4.669799977711269,-0.06867768015180253,0.1002895178113663,No,True,No,True
Arithmetic,2_digit_addition,'',Is 14 plus 74 equal to 88?,Yes,-4.817812919616699,-4.4478278160095215,-5.05778382573809,-4.669799977711269,0.23997090612139083,0.22197216170174716,No,False,Yes,True
Arithmetic,2_digit_addition,'',Is 80 plus 61 equal to 616?,No,-5.045586109161377,-4.616778373718262,-5.05778382573809,-4.669799977711269,0.012197716576713091,0.05302160399300693,No,True,No,True
Arithmetic,1_digit_multiplication,'',Is 6 times 0 equal to 3?,No,-5.052291870117188,-4.937692165374756,-5.05778382573809,-4.669799977711269,0.005491955620901656,-0.2678921876634872,No,True,Yes,False
Arithmetic,2_digit_addition,'',Is 47 plus 62 equal to 109?,Yes,-4.935094356536865,-4.382729530334473,-5.05778382573809,-4.669799977711269,0.12268946920122481,0.287070447376796,No,False,No,False
Arithmetic,1_digit_multiplication,'',Is 1 times 8 equal to 8?,Yes,-4.856512069702148,-5.112270832061768,-5.05778382573809,-4.669799977711269,0.2012717560359416,-0.44247085435049893,Yes,True,Yes,True
Arithmetic,2_digit_multiplication,'',Is 56 times 86 equal to 7047?,No,-5.114448070526123,-4.755575656890869,-5.05778382573809,-4.669799977711269,-0.056664244788033,-0.0857756791796005,No,True,Yes,False
Arithmetic,1_digit_subtraction,'',Is 9 minus 4 equal to 5?,Yes,-5.08043909072876,-4.585655212402344,-5.05778382573809,-4.669799977711269,-0.02265526499066972,0.0841447653089249,No,False,No,False
Arithmetic,1_digit_subtraction,'',Is 5 minus 5 equal to 6?,No,-5.200625419616699,-4.706195831298828,-5.056852136850358,-4.669290640354156,-0.14377328276634138,-0.036905190944672484,No,True,No,True
Arithmetic,1_digit_subtraction,'',Is 8 minus 0 equal to 4?,No,-5.265235900878906,-4.7787251472473145,-5.056852136850358,-4.669290640354156,-0.2083837640285484,-0.10943450689315881,No,True,No,True
Arithmetic,1_digit_addition,'',Is 9 plus 5 equal to 26?,No,-4.868649005889893,-4.311697959899902,-5.056852136850358,-4.669290640354156,0.18820313096046526,0.3575926804542533,No,True,No,True
Arithmetic,1_digit_subtraction,'',Is 8 minus 0 equal to 8?,Yes,-5.268337726593018,-4.779709339141846,-5.056852136850358,-4.669290640354156,-0.21148558974265974,-0.11041869878769006,No,False,No,False
Arithmetic,1_digit_multiplication,'',Is 7 times 9 equal to 63?,Yes,-4.975273609161377,-4.735836505889893,-5.056852136850358,-4.669290640354156,0.08157852768898088,-0.06654586553573694,No,False,Yes,True
Arithmetic,1_digit_addition,'',Is 3 plus 6 equal to 3?,No,-4.9896626472473145,-4.745303153991699,-5.056852136850358,-4.669290640354156,0.06718948960304338,-0.07601251363754358,No,True,Yes,False
Arithmetic,1_digit_subtraction,'',Is 9 minus 8 equal to 1?,Yes,-5.0744404792785645,-4.520202159881592,-5.056852136850358,-4.669290640354156,-0.017588342428206616,0.14908848047256384,No,False,No,False
Arithmetic,1_digit_addition,'',Is 1 plus 2 equal to 3?,Yes,-5.131722450256348,-5.073747158050537,-5.056852136850358,-4.669290640354156,-0.07487031340598982,-0.40445651769638147,No,False,Yes,True
Arithmetic,2_digit_addition,'',Is 45 plus 63 equal to 108?,Yes,-4.7700276374816895,-4.399734020233154,-5.056852136850358,-4.669290640354156,0.2868244993686684,0.26955662012100134,No,False,Yes,True
Arithmetic,1_digit_addition,'',Is 8 plus 4 equal to 84?,No,-4.811409950256348,-4.381168365478516,-5.056852136850358,-4.669290640354156,0.24544218659401018,0.28812227487564,No,True,No,True
Arithmetic,1_digit_multiplication,'',Is 8 times 1 equal to 8?,Yes,-4.711234092712402,-4.843007564544678,-5.056852136850358,-4.669290640354156,0.3456180441379555,-0.1737169241905221,Yes,True,Yes,True
Arithmetic,1_digit_subtraction,'',Is 5 minus 7 equal to 57?,No,-5.179278373718262,-4.560556411743164,-5.056852136850358,-4.669290640354156,-0.12242623686790388,0.10873422861099158,No,True,No,True
Arithmetic,1_digit_addition,'',Is 2 plus 2 equal to 4?,Yes,-4.9271626472473145,-4.80700159072876,-5.056852136850358,-4.669290640354156,0.12968948960304338,-0.13771095037460412,No,False,Yes,True
Arithmetic,2_digit_subtraction,'',Is 79 minus 67 equal to 12?,Yes,-5.093360900878906,-4.608965873718262,-5.056852136850358,-4.669290640354156,-0.03650876402854841,0.06032476663589392,No,False,No,False
Arithmetic,2_digit_multiplication,'',Is 47 times 45 equal to 7221?,No,-5.383977890014648,-4.903387069702148,-5.056852136850358,-4.669290640354156,-0.3271257531642906,-0.2340964293479928,No,True,No,True
Arithmetic,2_digit_multiplication,'',Is 60 times 92 equal to 5520?,Yes,-4.999478340148926,-4.63426399230957,-5.056852136850358,-4.669290640354156,0.057373796701432056,0.03502664804458533,No,False,Yes,True
Arithmetic,1_digit_addition,'',Is 2 plus 5 equal to 5?,No,-4.9260029792785645,-4.805242538452148,-5.056852136850358,-4.669290640354156,0.13084915757179338,-0.1359518980979928,No,True,Yes,False
Arithmetic,2_digit_subtraction,'',Is 48 minus 66 equal to -18?,Yes,-5.712318420410156,-4.9153733253479,-5.056852136850358,-4.669290640354156,-0.6554662835597984,-0.24608268499374475,No,False,No,False
Arithmetic,2_digit_addition,'',Is 21 plus 30 equal to 51?,Yes,-4.886371612548828,-4.45383882522583,-5.056852136850358,-4.669290640354156,0.1704805243015297,0.21545181512832556,No,False,No,False
Arithmetic,2_digit_addition,'',Is 68 plus 94 equal to 162?,Yes,-4.639190196990967,-4.332702159881592,-5.056852136850358,-4.669290640354156,0.41766193985939104,0.33658848047256384,No,False,Yes,True
Arithmetic,1_digit_multiplication,'',Is 1 times 3 equal to 3?,Yes,-4.993687152862549,-5.309637069702148,-5.056852136850358,-4.669290640354156,0.06316498398780901,-0.6403464293479928,Yes,True,Yes,True
Arithmetic,2_digit_multiplication,'',Is 29 times 26 equal to 830?,No,-4.855570793151856,-4.678043365478516,-5.056852136850358,-4.669290640354156,0.20128134369850148,-0.008752725124359984,No,True,Yes,False
Arithmetic,2_digit_multiplication,'',Is 17 times 95 equal to 5099?,No,-5.073208332061768,-4.704586505889893,-5.056852136850358,-4.669290640354156,-0.01635619521140974,-0.03529586553573694,No,True,Yes,False
Arithmetic,1_digit_multiplication,'',Is 8 times 2 equal to 16?,Yes,-4.86265230178833,-4.8088154792785645,-5.056852136850358,-4.669290640354156,0.19419983506202776,-0.1395248389244088,No,False,Yes,True
Arithmetic,1_digit_multiplication,'',Is 2 times 3 equal to 6?,Yes,-4.952735900878906,-5.025022506713867,-5.056852136850358,-4.669290640354156,0.10411623597145159,-0.35573186635971155,Yes,True,Yes,True
Arithmetic,1_digit_multiplication,'',Is 6 times 2 equal to 26?,No,-4.952735900878906,-4.713833332061768,-5.056852136850358,-4.669290640354156,0.10411623597145159,-0.04454269170761194,No,True,Yes,False
Arithmetic,2_digit_multiplication,'',Is 80 times 16 equal to 6114?,No,-5.404537677764893,-4.923374652862549,-5.056852136850358,-4.669290640354156,-0.34768554091453474,-0.2540840125083932,No,True,No,True
Arithmetic,1_digit_subtraction,'',Is 5 minus 5 equal to 0?,Yes,-5.251585006713867,-4.571774005889893,-5.056852136850358,-4.669290640354156,-0.19473286986350935,0.09751663446426306,No,False,No,False
Arithmetic,2_digit_subtraction,'',Is 23 minus 99 equal to -76?,Yes,-5.41733980178833,-4.679278373718262,-5.056852136850358,-4.669290640354156,-0.36048766493797224,-0.009987733364106077,No,False,No,False
Arithmetic,1_digit_subtraction,'',Is 4 minus 4 equal to 0?,Yes,-5.282835006713867,-4.479678153991699,-5.056852136850358,-4.669290640354156,-0.22598286986350935,0.18961248636245642,No,False,No,False
Arithmetic,2_digit_subtraction,'',Is 11 minus 50 equal to 196?,No,-5.303252696990967,-4.560556411743164,-5.056852136850358,-4.669290640354156,-0.24640056014060896,0.10873422861099158,No,True,No,True
Arithmetic,2_digit_multiplication,'',Is 85 times 87 equal to 7395?,Yes,-5.123287677764893,-4.83140230178833,-5.056852136850358,-4.669290640354156,-0.06643554091453474,-0.16211166143417444,No,False,Yes,True
Arithmetic,1_digit_multiplication,'',Is 7 times 7 equal to 49?,Yes,-4.877895832061768,-4.57418155670166,-5.056852136850358,-4.669290640354156,0.17895630478859026,0.09510908365249549,No,False,Yes,True
Arithmetic,2_digit_subtraction,'',Is 97 minus 36 equal to 28?,No,-5.000147342681885,-4.446609020233154,-5.056852136850358,-4.669290640354156,0.05670479416847307,0.22268162012100134,No,True,No,True
Arithmetic,2_digit_addition,'',Is 92 plus 20 equal to 112?,Yes,-4.873565196990967,-4.380243301391602,-5.056852136850358,-4.669290640354156,0.18328693985939104,0.2890473389625541,No,False,No,False
Arithmetic,2_digit_subtraction,'',Is 12 minus 47 equal to -35?,Yes,-5.59702730178833,-4.922430038452148,-5.056852136850358,-4.669290640354156,-0.5401751649379722,-0.2531393980979928,No,False,No,False
Arithmetic,1_digit_addition,'',Is 3 plus 4 equal to 8?,No,-4.85387659072876,-4.608019828796387,-5.056852136850358,-4.669290640354156,0.20297554612159807,0.06127081155776892,No,True,Yes,False
Arithmetic,2_digit_addition,'',Is 87 plus 40 equal to 127?,Yes,-5.027445793151856,-4.476479530334473,-5.056852136850358,-4.669290640354156,0.02940634369850148,0.19281111001968299,No,False,No,False
Arithmetic,1_digit_addition,'',Is 8 plus 8 equal to 89?,No,-4.657711505889893,-4.287118911743164,-5.056852136850358,-4.669290640354156,0.39914063096046526,0.3821717286109916,No,True,Yes,False
Arithmetic,2_digit_subtraction,'',Is 92 minus 28 equal to 71?,No,-4.799770832061768,-4.307803153991699,-5.056852136850358,-4.669290640354156,0.25708130478859026,0.3614874863624564,No,True,No,True
Arithmetic,2_digit_addition,'',Is 52 plus 41 equal to 26?,No,-4.823208332061768,-4.393740653991699,-5.056852136850358,-4.669290640354156,0.23364380478859026,0.2755499863624564,No,True,No,True
Arithmetic,1_digit_subtraction,'',Is 4 minus 7 equal to -3?,Yes,-5.792457580566406,-4.9340901374816895,-5.056852136850358,-4.669290640354156,-0.7356054437160484,-0.2647994971275338,No,False,No,False
Arithmetic,2_digit_subtraction,'',Is 73 minus 24 equal to 49?,Yes,-4.961129665374756,-4.406805038452148,-5.056852136850358,-4.669290640354156,0.09572247147560198,0.2624856019020072,No,False,No,False
Arithmetic,1_digit_subtraction,'',Is 2 minus 8 equal to 50?,No,-5.165647506713867,-4.54918909072876,-5.056852136850358,-4.669290640354156,-0.10879536986350935,0.12010154962539588,No,True,No,True
Arithmetic,1_digit_multiplication,'',Is 5 times 0 equal to 7?,No,-5.102707386016846,-4.984671592712402,-5.056852136850358,-4.669290640354156,-0.045855249166487866,-0.3153809523582467,No,True,Yes,False
Arithmetic,2_digit_multiplication,'',Is 55 times 45 equal to 2475?,Yes,-4.948025226593018,-4.583547592163086,-5.056852136850358,-4.669290640354156,0.10882691025734026,0.0857430481910697,No,False,Yes,True
Arithmetic,1_digit_subtraction,'',Is 2 minus 1 equal to 1?,Yes,-5.33140230178833,-4.9662251472473145,-5.056852136850358,-4.669290640354156,-0.27455016493797224,-0.2969345068931588,No,False,Yes,True
Arithmetic,1_digit_multiplication,'',Is 3 times 9 equal to 91?,No,-4.599325656890869,-4.481985092163086,-5.056852136850358,-4.669290640354156,0.4575264799594887,0.1873055481910697,No,True,Yes,False
Arithmetic,2_digit_addition,'',Is 77 plus 31 equal to 129?,No,-4.890817165374756,-4.526553153991699,-5.056852136850358,-4.669290640354156,0.16603497147560198,0.14273748636245642,No,True,Yes,False
Arithmetic,1_digit_multiplication,'',Is 2 times 8 equal to 16?,Yes,-4.927165985107422,-4.873909950256348,-5.056852136850358,-4.669290640354156,0.12968615174293596,-0.20461930990219201,No,False,Yes,True
Arithmetic,1_digit_multiplication,'',Is 6 times 9 equal to 14?,No,-5.157191753387451,-4.917497158050537,-5.056704336802165,-4.667670033772786,-0.10048741658528648,-0.24982712427775144,No,True,Yes,False
Arithmetic,2_digit_multiplication,'',Is 98 times 56 equal to 6647?,No,-5.092037677764893,-4.856979370117188,-5.056704336802165,-4.667670033772786,-0.03533334096272789,-0.18930933634440272,No,True,Yes,False
Arithmetic,1_digit_addition,'',Is 7 plus 5 equal to 12?,Yes,-5.057225227355957,-4.626377105712891,-5.056704336802165,-4.667670033772786,-0.0005208905537923414,0.04129292805989504,No,False,No,False
Arithmetic,2_digit_multiplication,'',Is 95 times 29 equal to 3422?,No,-5.208541870117188,-4.7228779792785645,-5.056704336802165,-4.667670033772786,-0.1518375333150237,-0.05520794550577879,No,True,No,True
Arithmetic,1_digit_multiplication,'',Is 6 times 7 equal to 54?,No,-5.002712726593018,-4.762331962585449,-5.056704336802165,-4.667670033772786,0.05399161020914711,-0.09466192881266355,No,True,Yes,False
Arithmetic,1_digit_addition,'',Is 6 plus 4 equal to 10?,Yes,-5.021047592163086,-4.588524341583252,-5.056704336802165,-4.667670033772786,0.03565674463907875,0.07914569218953371,No,False,No,False
Arithmetic,1_digit_subtraction,'',Is 5 minus 2 equal to 3?,Yes,-5.334502696990967,-4.90230655670166,-5.056704336802165,-4.667670033772786,-0.2777983601888021,-0.2346365229288745,No,False,No,False
Arithmetic,1_digit_subtraction,'',Is 2 minus 3 equal to 89?,No,-4.999068737030029,-4.568771839141846,-5.056704336802165,-4.667670033772786,0.05763559977213539,0.09889819463093996,No,True,No,True
Arithmetic,2_digit_addition,'',Is 53 plus 24 equal to 77?,Yes,-4.8166279792785645,-4.38668155670166,-5.056704336802165,-4.667670033772786,0.24007635752360024,0.2809884770711255,No,False,No,False
Arithmetic,2_digit_addition,'',Is 68 plus 11 equal to 99?,No,-4.709502696990967,-4.278014659881592,-5.056704336802165,-4.667670033772786,0.3472016398111979,0.38965537389119387,No,True,No,True
Arithmetic,1_digit_multiplication,'',Is 6 times 9 equal to 54?,Yes,-4.918070793151856,-4.6762776374816895,-5.056704336802165,-4.667670033772786,0.13863354365030833,-0.008607603708903788,No,False,Yes,True
Arithmetic,1_digit_multiplication,'',Is 7 times 2 equal to 74?,No,-4.997604370117188,-4.6994404792785645,-5.056704336802165,-4.667670033772786,0.0590999666849763,-0.03177044550577879,No,True,Yes,False
Arithmetic,2_digit_addition,'',Is 40 plus 54 equal to 94?,Yes,-4.7569732666015625,-4.198904991149902,-5.056704336802165,-4.667670033772786,0.2997310702006022,0.4687650426228833,No,False,No,False
Arithmetic,1_digit_subtraction,'',Is 1 minus 1 equal to 6?,No,-5.301063060760498,-4.935110092163086,-5.056704336802165,-4.667670033772786,-0.24435872395833336,-0.2674400583903003,No,True,Yes,False
Arithmetic,1_digit_multiplication,'',Is 9 times 5 equal to 82?,No,-4.8646626472473145,-4.559264659881592,-5.056704336802165,-4.667670033772786,0.19204168955485024,0.10840537389119387,No,True,Yes,False
Arithmetic,2_digit_addition,'',Is 15 plus 99 equal to 968?,No,-4.9731526374816895,-4.477859020233154,-5.056704336802165,-4.667670033772786,0.08355169932047524,0.18981101353963137,No,True,No,True
Arithmetic,1_digit_subtraction,'',Is 8 minus 1 equal to 7?,Yes,-5.400022506713867,-4.78511905670166,-5.056704336802165,-4.667670033772786,-0.3433181699117025,-0.11744902292887449,No,False,No,False
Arithmetic,2_digit_addition,'',Is 27 plus 77 equal to 475?,No,-4.953680038452148,-4.522082328796387,-5.056704336802165,-4.667670033772786,0.10302429835001625,0.14558770497639895,No,True,No,True
Arithmetic,1_digit_multiplication,'',Is 3 times 7 equal to 21?,Yes,-5.020915985107422,-4.8450608253479,-5.056704336802165,-4.667670033772786,0.035788351694742815,-0.17739079157511473,No,False,Yes,True
Arithmetic,1_digit_multiplication,'',Is 2 times 5 equal to 74?,No,-5.015141010284424,-4.840125560760498,-5.056704336802165,-4.667670033772786,0.04156332651774086,-0.17245552698771238,No,True,Yes,False
Arithmetic,1_digit_addition,'',Is 3 plus 6 equal to 9?,Yes,-4.890921592712402,-4.585195064544678,-5.056704336802165,-4.667670033772786,0.16578274408976235,0.08247496922810793,No,False,Yes,True
Arithmetic,1_digit_addition,'',Is 6 plus 2 equal to 8?,Yes,-5.046465873718262,-4.677118301391602,-5.056704336802165,-4.667670033772786,0.010238463083902971,-0.009448267618815898,No,False,Yes,True
Arithmetic,2_digit_multiplication,'',Is 75 times 43 equal to 3225?,Yes,-5.137762069702148,-4.712399005889893,-5.056704336802165,-4.667670033772786,-0.08105773289998375,-0.04472897211710691,No,False,No,False
Arithmetic,2_digit_addition,'',Is 11 plus 72 equal to 83?,Yes,-4.860836505889893,-4.553332328796387,-5.056704336802165,-4.667670033772786,0.1958678309122721,0.11433770497639895,No,False,Yes,True
Arithmetic,1_digit_multiplication,'',Is 6 times 0 equal to 0?,Yes,-4.968266010284424,-4.727707386016846,-5.056704336802165,-4.667670033772786,0.08843832651774086,-0.06003735224406004,No,False,Yes,True
Arithmetic,1_digit_addition,'',Is 1 plus 9 equal to 39?,No,-4.981512069702148,-4.5521626472473145,-5.056704336802165,-4.667670033772786,0.07519226710001625,0.11550738652547121,No,True,No,True
Arithmetic,2_digit_addition,'',Is 27 plus 74 equal to 101?,Yes,-4.931149005889893,-4.374717712402344,-5.056704336802165,-4.667670033772786,0.1255553309122721,0.2929523213704419,No,False,No,False
Arithmetic,2_digit_subtraction,'',Is 13 minus 60 equal to 594?,No,-5.350273609161377,-4.735836505889893,-5.056704336802165,-4.667670033772786,-0.29356927235921226,-0.06816647211710691,No,True,No,True
Arithmetic,2_digit_addition,'',Is 79 plus 42 equal to 121?,Yes,-4.663131237030029,-4.29758882522583,-5.056704336802165,-4.667670033772786,0.3935730997721354,0.3700812085469556,No,False,Yes,True
Arithmetic,1_digit_addition,'',Is 4 plus 2 equal to 1?,No,-5.048460006713867,-4.556149005889893,-5.056704336802165,-4.667670033772786,0.008244330088297502,0.11152102788289309,No,True,No,True
Arithmetic,1_digit_multiplication,'',Is 0 times 5 equal to 0?,Yes,-5.222591876983643,-5.047407150268555,-5.056704336802165,-4.667670033772786,-0.1658875401814779,-0.379737116495769,No,False,Yes,True
Arithmetic,1_digit_addition,'',Is 8 plus 2 equal to 10?,Yes,-4.912627696990967,-4.543639659881592,-5.056704336802165,-4.667670033772786,0.1440766398111979,0.12403037389119387,No,False,Yes,True
Arithmetic,1_digit_subtraction,'',Is 7 minus 5 equal to 5?,No,-5.2228779792785645,-4.731139659881592,-5.056704336802165,-4.667670033772786,-0.16617364247639976,-0.06346962610880613,No,True,No,True
Arithmetic,1_digit_subtraction,'',Is 7 minus 1 equal to 6?,Yes,-5.273584842681885,-4.8443779945373535,-5.056704336802165,-4.667670033772786,-0.21688050587972008,-0.17670796076456785,No,False,No,False
Arithmetic,1_digit_multiplication,'',Is 3 times 5 equal to 27?,No,-4.962082386016846,-4.783787727355957,-5.056704336802165,-4.667670033772786,0.09462195078531899,-0.11611769358317137,No,True,Yes,False
Arithmetic,1_digit_subtraction,'',Is 1 minus 9 equal to -8?,Yes,-5.536666870117188,-4.9271626472473145,-5.056704336802165,-4.667670033772786,-0.4799625333150237,-0.2594926134745288,No,False,No,False
Arithmetic,1_digit_subtraction,'',Is 0 minus 8 equal to -8?,Yes,-5.461469650268555,-4.927291870117188,-5.056704336802165,-4.667670033772786,-0.40476531346639,-0.2596218363444027,No,False,No,False
Arithmetic,1_digit_subtraction,'',Is 8 minus 8 equal to 3?,No,-5.317449569702148,-4.766180038452148,-5.056704336802165,-4.667670033772786,-0.26074523289998375,-0.09851000467936277,No,True,No,True
Arithmetic,2_digit_subtraction,'',Is 18 minus 51 equal to -33?,Yes,-5.937110900878906,-5.077715873718262,-5.056704336802165,-4.667670033772786,-0.8804065640767416,-0.41004583994547605,No,False,No,False
Arithmetic,1_digit_addition,'',Is 4 plus 6 equal to 30?,No,-4.774899005889893,-4.279894828796387,-5.056704336802165,-4.667670033772786,0.2818053309122721,0.38777520497639895,No,True,No,True
Arithmetic,1_digit_multiplication,'',Is 8 times 4 equal to 95?,No,-4.830837726593018,-4.465456962585449,-5.056704336802165,-4.667670033772786,0.2258666102091471,0.20221307118733645,No,True,Yes,False
Arithmetic,2_digit_multiplication,'',Is 38 times 22 equal to 143?,No,-5.09702730178833,-4.610836505889893,-5.056704336802165,-4.667670033772786,-0.04032296498616539,0.05683352788289309,No,True,No,True
Arithmetic,2_digit_subtraction,'',Is 34 minus 28 equal to 6?,Yes,-5.141566753387451,-4.651872158050537,-5.056704336802165,-4.667670033772786,-0.08486241658528648,0.015797875722248556,No,False,No,False
Arithmetic,2_digit_addition,'',Is 69 plus 92 equal to 161?,Yes,-4.6681904792785645,-4.36324405670166,-5.056704336802165,-4.667670033772786,0.38851385752360024,0.3044259770711255,No,False,Yes,True
Arithmetic,2_digit_subtraction,'',Is 28 minus 26 equal to 2?,Yes,-5.372604370117188,-4.823208332061768,-5.056704336802165,-4.667670033772786,-0.3159000333150237,-0.1555382982889819,No,False,No,False
Arithmetic,2_digit_addition,'',Is 64 plus 27 equal to 69?,No,-4.707133293151856,-4.338343143463135,-5.056704336802165,-4.667670033772786,0.34957104365030833,0.3293268903096509,No,True,Yes,False
Arithmetic,2_digit_subtraction,'',Is 10 minus 10 equal to 1?,No,-5.329710006713867,-4.835528373718262,-5.056704336802165,-4.667670033772786,-0.2730056699117025,-0.16785833994547605,No,True,No,True
Arithmetic,2_digit_addition,'',Is 23 plus 63 equal to 86?,Yes,-4.569903373718262,-4.325555801391602,-5.056704336802165,-4.667670033772786,0.48680096308390297,0.3421142323811841,No,False,Yes,True
Arithmetic,2_digit_addition,'',Is 65 plus 26 equal to 15?,No,-4.851153373718262,-4.543639659881592,-5.056704336802165,-4.667670033772786,0.20555096308390297,0.12403037389119387,No,True,Yes,False
Arithmetic,1_digit_addition,'',Is 2 plus 0 equal to 8?,No,-5.108086109161377,-4.9271626472473145,-5.056704336802165,-4.667670033772786,-0.05138177235921226,-0.2594926134745288,No,True,Yes,False
Arithmetic,2_digit_addition,'',Is 32 plus 87 equal to 119?,Yes,-4.806272506713867,-4.313961505889893,-5.052054343223571,-4.66895613670349,0.2457818365097042,0.3549946308135974,No,False,No,False
Arithmetic,2_digit_addition,'',Is 30 plus 53 equal to 83?,Yes,-4.759274005889893,-4.388681411743164,-5.052054343223571,-4.66895613670349,0.2927803373336788,0.2802747249603259,No,False,Yes,True
Arithmetic,1_digit_multiplication,'',Is 9 times 1 equal to 9?,Yes,-4.603024005889893,-4.670519828796387,-5.052054343223571,-4.66895613670349,0.4490303373336788,-0.0015636920928967513,Yes,True,Yes,True
Arithmetic,2_digit_multiplication,'',Is 79 times 48 equal to 5422?,No,-5.086958408355713,-4.789254665374756,-5.052054343223571,-4.66895613670349,-0.034904065132141504,-0.12029852867126589,No,True,Yes,False
Arithmetic,2_digit_multiplication,'',Is 78 times 67 equal to 7221?,No,-5.241992950439453,-4.888229370117188,-5.052054343223571,-4.66895613670349,-0.18993860721588174,-0.21927323341369842,No,True,Yes,False
Arithmetic,1_digit_subtraction,'',Is 7 minus 8 equal to -1?,Yes,-5.552395343780518,-4.755422592163086,-5.052054343223571,-4.66895613670349,-0.5003410005569462,-0.08646645545959597,No,False,No,False
Arithmetic,1_digit_subtraction,'',Is 4 minus 0 equal to 2?,No,-5.454066753387451,-4.901872158050537,-5.052054343223571,-4.66895613670349,-0.4020124101638798,-0.23291602134704714,No,True,No,True
Arithmetic,2_digit_subtraction,'',Is 15 minus 31 equal to -16?,Yes,-5.600273609161377,-5.048336505889893,-5.052054343223571,-4.66895613670349,-0.5482192659378056,-0.3793803691864026,No,False,No,False
Arithmetic,2_digit_multiplication,'',Is 92 times 88 equal to 1424?,No,-5.037679195404053,-4.743772506713867,-5.052054343223571,-4.66895613670349,0.014375147819518652,-0.07481637001037722,No,True,Yes,False
Arithmetic,1_digit_subtraction,'',Is 7 minus 2 equal to 5?,Yes,-5.2619404792785645,-4.770868301391602,-5.052054343223571,-4.66895613670349,-0.20988613605499307,-0.1019121646881116,No,False,No,False
Arithmetic,1_digit_multiplication,'',Is 1 times 1 equal to 1?,Yes,-4.990898609161377,-5.181272506713867,-5.052054343223571,-4.66895613670349,0.06115573406219443,-0.5123163700103772,Yes,True,Yes,True
Arithmetic,1_digit_subtraction,'',Is 9 minus 0 equal to 5?,No,-5.186065196990967,-4.755243301391602,-5.052054343223571,-4.66895613670349,-0.1340108537673954,-0.0862871646881116,No,True,No,True
Arithmetic,1_digit_subtraction,'',Is 4 minus 0 equal to 4?,Yes,-5.258109092712402,-4.76633882522583,-5.052054343223571,-4.66895613670349,-0.20605474948883096,-0.09738268852234011,No,False,No,False
Arithmetic,1_digit_subtraction,'',Is 3 minus 3 equal to 2?,No,-5.210528373718262,-4.965514659881592,-5.052054343223571,-4.66895613670349,-0.15847403049469033,-0.29655852317810183,No,True,Yes,False
Arithmetic,2_digit_subtraction,'',Is 37 minus 47 equal to 774?,No,-5.255290985107422,-4.644059658050537,-5.052054343223571,-4.66895613670349,-0.2032366418838505,0.024896478652952858,No,True,No,True
Arithmetic,1_digit_multiplication,'',Is 8 times 2 equal to 95?,No,-4.764336109161377,-4.460528373718262,-5.052054343223571,-4.66895613670349,0.28771823406219443,0.20842776298522825,No,True,Yes,False
Arithmetic,2_digit_addition,'',Is 84 plus 83 equal to 167?,Yes,-4.8490376472473145,-4.482431411743164,-5.052054343223571,-4.66895613670349,0.20301669597625693,0.1865247249603259,No,False,Yes,True
Arithmetic,1_digit_subtraction,'',Is 4 minus 2 equal to 2?,Yes,-5.312647342681885,-4.757729530334473,-5.052054343223571,-4.66895613670349,-0.2605929994583134,-0.08877339363098269,No,False,No,False
Arithmetic,2_digit_multiplication,'',Is 56 times 57 equal to 3192?,Yes,-5.028854370117188,-4.791958332061768,-5.052054343223571,-4.66895613670349,0.023199973106383,-0.12300219535827761,No,False,Yes,True
Arithmetic,2_digit_multiplication,'',Is 93 times 88 equal to 4450?,No,-4.88609790802002,-4.5900654792785645,-5.052054343223571,-4.66895613670349,0.16595643520355097,0.07889065742492551,No,True,Yes,False
Arithmetic,2_digit_addition,'',Is 88 plus 44 equal to 132?,Yes,-4.87827730178833,-4.451690196990967,-5.052054343223571,-4.66895613670349,0.1737770414352413,0.21726593971252317,No,False,No,False
Arithmetic,2_digit_subtraction,'',Is 29 minus 93 equal to -64?,Yes,-5.28452730178833,-4.673336505889893,-5.052054343223571,-4.66895613670349,-0.2324729585647587,-0.004380369186402611,No,False,No,False
Arithmetic,2_digit_multiplication,'',Is 54 times 80 equal to 4320?,Yes,-4.933082580566406,-4.632959842681885,-5.052054343223571,-4.66895613670349,0.11897176265716514,0.0359962940216052,No,False,Yes,True
Arithmetic,1_digit_subtraction,'',Is 7 minus 1 equal to 7?,No,-5.357940196990967,-4.803885459899902,-5.052054343223571,-4.66895613670349,-0.3058858537673954,-0.13492932319641238,No,True,No,True
Arithmetic,2_digit_addition,'',Is 33 plus 12 equal to 45?,Yes,-4.520202159881592,-4.210655212402344,-5.052054343223571,-4.66895613670349,0.5318521833419796,0.4583009243011462,No,False,Yes,True
Arithmetic,1_digit_multiplication,'',Is 7 times 0 equal to 0?,Yes,-5.032270908355713,-4.733086109161377,-5.052054343223571,-4.66895613670349,0.019783434867858496,-0.06412997245788699,No,False,Yes,True
Arithmetic,1_digit_addition,'',Is 8 plus 9 equal to 50?,No,-4.833437919616699,-4.276508331298828,-5.052054343223571,-4.66895613670349,0.21861642360687217,0.39244780540466184,No,True,No,True
Arithmetic,1_digit_addition,'',Is 2 plus 9 equal to 37?,No,-4.997137069702148,-4.5677876472473145,-5.052054343223571,-4.66895613670349,0.05491727352142295,0.10116848945617551,No,True,No,True
Arithmetic,1_digit_multiplication,'',Is 9 times 6 equal to 54?,Yes,-4.851859092712402,-4.6093831062316895,-5.052054343223571,-4.66895613670349,0.20019525051116904,0.059573030471800514,No,False,Yes,True
Arithmetic,1_digit_addition,'',Is 1 plus 5 equal to 7?,No,-5.200262069702148,-4.9572529792785645,-5.052054343223571,-4.66895613670349,-0.14820772647857705,-0.2882968425750745,No,True,Yes,False
Arithmetic,2_digit_subtraction,'',Is 25 minus 73 equal to 731?,No,-5.325719356536865,-4.709293365478516,-5.052054343223571,-4.66895613670349,-0.27366501331329385,-0.04033722877502566,No,True,No,True
Arithmetic,1_digit_multiplication,'',Is 3 times 1 equal to 3?,Yes,-4.814085006713867,-5.070867538452148,-5.052054343223571,-4.66895613670349,0.2379693365097042,-0.40191140174865847,Yes,True,Yes,True
Arithmetic,1_digit_multiplication,'',Is 9 times 3 equal to 96?,No,-4.543581962585449,-4.42387580871582,-5.052054343223571,-4.66895613670349,0.5084723806381222,0.24508032798766965,No,True,Yes,False
Arithmetic,1_digit_multiplication,'',Is 1 times 0 equal to 4?,No,-4.880416870117188,-5.075262069702148,-5.052054343223571,-4.66895613670349,0.171637473106383,-0.40630593299865847,Yes,False,Yes,False
Arithmetic,1_digit_subtraction,'',Is 3 minus 6 equal to 15?,No,-5.313055038452148,-4.818957328796387,-5.052054343223571,-4.66895613670349,-0.26100069522857705,-0.15000119209289675,No,True,No,True
Arithmetic,1_digit_subtraction,'',Is 1 minus 8 equal to 47?,No,-5.186211109161377,-4.571774005889893,-5.052054343223571,-4.66895613670349,-0.13415676593780557,0.09718213081359739,No,True,No,True
Arithmetic,1_digit_multiplication,'',Is 8 times 8 equal to 64?,Yes,-4.6809983253479,-4.624917030334473,-5.052054343223571,-4.66895613670349,0.371056017875671,0.04403910636901731,No,False,Yes,True
Arithmetic,2_digit_subtraction,'',Is 89 minus 15 equal to 45?,No,-4.816688060760498,-4.448871612548828,-5.052054343223571,-4.66895613670349,0.23536628246307334,0.22008452415466184,No,True,Yes,False
Arithmetic,1_digit_multiplication,'',Is 7 times 8 equal to 56?,Yes,-4.928398609161377,-4.688961505889893,-5.052054343223571,-4.66895613670349,0.12365573406219443,-0.02000536918640261,No,False,Yes,True
Arithmetic,1_digit_subtraction,'',Is 9 minus 0 equal to 9?,Yes,-5.085528373718262,-4.592947959899902,-5.052054343223571,-4.66895613670349,-0.03347403049469033,0.07600817680358762,No,False,No,False
Arithmetic,2_digit_subtraction,'',Is 34 minus 41 equal to 36?,No,-4.71325159072876,-4.344415664672852,-5.052054343223571,-4.66895613670349,0.3388027524948116,0.3245404720306384,No,True,Yes,False
Arithmetic,1_digit_addition,'',Is 5 plus 3 equal to 5?,No,-4.882729530334473,-4.635883331298828,-5.052054343223571,-4.66895613670349,0.16932481288909873,0.03307280540466184,No,True,Yes,False
Arithmetic,1_digit_addition,'',Is 6 plus 7 equal to 22?,No,-5.112809658050537,-4.618484020233154,-5.052054343223571,-4.66895613670349,-0.06075531482696572,0.05047211647033567,No,True,No,True
Arithmetic,1_digit_multiplication,'',Is 6 times 6 equal to 36?,Yes,-4.836129665374756,-4.719305038452148,-5.052054343223571,-4.66895613670349,0.21592467784881553,-0.05034890174865847,No,False,Yes,True
Arithmetic,1_digit_addition,'',Is 3 plus 0 equal to 8?,No,-4.929278373718262,-4.746764659881592,-5.052054343223571,-4.66895613670349,0.12277596950530967,-0.07780852317810183,No,True,Yes,False
Arithmetic,1_digit_multiplication,'',Is 1 times 8 equal to 9?,No,-4.907630920410156,-4.919469356536865,-5.052054343223571,-4.66895613670349,0.14442342281341514,-0.25051321983337527,Yes,False,Yes,False
Arithmetic,2_digit_multiplication,'',Is 36 times 43 equal to 1548?,Yes,-4.965887069702148,-4.787627696990967,-5.052054343223571,-4.66895613670349,0.08616727352142295,-0.11867156028747683,No,False,Yes,True
Arithmetic,2_digit_addition,'',Is 79 plus 92 equal to 160?,No,-4.7044358253479,-4.399734020233154,-5.052054343223571,-4.66895613670349,0.347618517875671,0.26922211647033567,No,True,Yes,False
Arithmetic,2_digit_multiplication,'',Is 31 times 16 equal to 496?,Yes,-4.936978340148926,-4.69676399230957,-5.052054343223571,-4.66895613670349,0.1150760030746456,-0.027807855606080345,No,False,Yes,True
Arithmetic,2_digit_multiplication,'',Is 72 times 27 equal to 3699?,No,-4.911666870117188,-4.549770832061768,-5.052054343223571,-4.66895613670349,0.140387473106383,0.11918530464172239,No,True,Yes,False
Arithmetic,2_digit_addition,'',Is 12 plus 96 equal to 108?,Yes,-4.962399005889893,-4.404894828796387,-5.0549911490353665,-4.672036939967762,0.09259214314547393,0.267142111171375,No,False,No,False
Arithmetic,1_digit_multiplication,'',Is 0 times 3 equal to 5?,No,-5.093086242675781,-5.164196014404297,-5.0549911490353665,-4.672036939967762,-0.038095093640414746,-0.49215907443653517,Yes,False,Yes,False
Arithmetic,1_digit_multiplication,'',Is 0 times 6 equal to 0?,Yes,-5.257748126983643,-5.02371072769165,-5.0549911490353665,-4.672036939967762,-0.20275697794827607,-0.3516737877238887,No,False,Yes,True
Arithmetic,2_digit_multiplication,'',Is 91 times 84 equal to 6063?,No,-4.926948070526123,-4.754188060760498,-5.0549911490353665,-4.672036939967762,0.12804307850924346,-0.08215112079273634,No,True,Yes,False
Arithmetic,2_digit_multiplication,'',Is 29 times 21 equal to 312?,No,-4.884397506713867,-4.643740653991699,-5.0549911490353665,-4.672036939967762,0.17059364232149932,0.028296285976062485,No,True,Yes,False
Arithmetic,1_digit_subtraction,'',Is 4 minus 1 equal to 3?,Yes,-5.3606858253479,-4.805984020233154,-5.0549911490353665,-4.672036939967762,-0.3056946763125339,-0.1339470802653926,No,False,No,False
Arithmetic,1_digit_addition,'',Is 4 plus 2 equal to 6?,Yes,-4.975127696990967,-4.543639659881592,-5.0549911490353665,-4.672036939967762,0.07986345204439971,0.1283972800861699,No,False,No,False
Arithmetic,1_digit_multiplication,'',Is 1 times 2 equal to 7?,No,-5.152076244354248,-5.221462726593018,-5.0549911490353665,-4.672036939967762,-0.09708509531888154,-0.5494257866252559,Yes,False,Yes,False
Arithmetic,1_digit_multiplication,'',Is 5 times 2 equal to 10?,Yes,-5.013219356536865,-4.8950276374816895,-5.0549911490353665,-4.672036939967762,0.04177179249850127,-0.22299069751392775,No,False,Yes,True
Arithmetic,1_digit_addition,'',Is 5 plus 1 equal to 9?,No,-4.930242538452148,-4.559264659881592,-5.0549911490353665,-4.672036939967762,0.12474861058321807,0.11277228008616991,No,True,Yes,False
Arithmetic,1_digit_subtraction,'',Is 2 minus 6 equal to -4?,Yes,-5.748616695404053,-5.140817165374756,-5.0549911490353665,-4.672036939967762,-0.6936255463686862,-0.46878022540699416,No,False,No,False
Arithmetic,2_digit_addition,'',Is 80 plus 11 equal to 80?,No,-4.780447959899902,-4.346644878387451,-5.0549911490353665,-4.672036939967762,0.27454318913546416,0.32539206158031053,No,True,No,True
Arithmetic,1_digit_multiplication,'',Is 2 times 3 equal to 7?,No,-5.134451866149902,-5.083700656890869,-5.0549911490353665,-4.672036939967762,-0.07946071711453584,-0.41166371692310744,No,True,Yes,False
Arithmetic,2_digit_multiplication,'',Is 52 times 53 equal to 2756?,Yes,-5.10484790802002,-4.806272506713867,-5.0549911490353665,-4.672036939967762,-0.049856758984653915,-0.13423556674610548,No,False,Yes,True
Arithmetic,2_digit_multiplication,'',Is 71 times 85 equal to 3719?,No,-5.055852890014648,-4.764336109161377,-5.0549911490353665,-4.672036939967762,-0.000861740979281933,-0.09229916919361525,No,True,Yes,False
Arithmetic,2_digit_multiplication,'',Is 50 times 23 equal to 5941?,No,-5.132423400878906,-4.703317165374756,-5.0549911490353665,-4.672036939967762,-0.07743225184353975,-0.031280225406994155,No,True,No,True
Arithmetic,1_digit_addition,'',Is 0 plus 5 equal to 5?,Yes,-5.133833408355713,-4.892124652862549,-5.0549911490353665,-4.672036939967762,-0.07884225932034639,-0.22008771289478712,No,False,Yes,True
Arithmetic,1_digit_multiplication,'',Is 5 times 0 equal to 0?,Yes,-5.032749652862549,-4.848699569702148,-5.0549911490353665,-4.672036939967762,0.022241496172817676,-0.17666262973438673,No,False,Yes,True
Arithmetic,2_digit_addition,'',Is 62 plus 92 equal to 971?,No,-4.909645080566406,-4.484522342681885,-5.0549911490353665,-4.672036939967762,0.14534606846896025,0.18751459728587694,No,True,No,True
Arithmetic,1_digit_addition,'',Is 9 plus 9 equal to 27?,No,-4.82102632522583,-4.325746059417725,-5.0549911490353665,-4.672036939967762,0.23396482380953643,0.3462908805500371,No,True,No,True
Arithmetic,1_digit_subtraction,'',Is 6 minus 8 equal to 20?,No,-5.249590873718262,-4.506457328796387,-5.0549911490353665,-4.672036939967762,-0.19459972468289521,0.16557961117137499,No,True,No,True
Arithmetic,2_digit_multiplication,'',Is 43 times 10 equal to 124?,No,-4.965887069702148,-4.54137659072876,-5.0549911490353665,-4.672036939967762,0.08910407933321807,0.13066034923900194,No,True,No,True
Arithmetic,1_digit_subtraction,'',Is 0 minus 7 equal to 95?,No,-5.05016040802002,-4.440395832061768,-5.0549911490353665,-4.672036939967762,0.004830741015346085,0.23164110790599413,No,True,No,True
Arithmetic,1_digit_subtraction,'',Is 4 minus 2 equal to 8?,No,-5.241778373718262,-4.686144828796387,-5.0549911490353665,-4.672036939967762,-0.18678722468289521,-0.014107888828625015,No,True,No,True
Arithmetic,1_digit_addition,'',Is 6 plus 0 equal to 6?,Yes,-5.101859092712402,-4.733632564544678,-5.0549911490353665,-4.672036939967762,-0.04686794367703584,-0.06159562457691603,No,False,Yes,True
Arithmetic,2_digit_multiplication,'',Is 50 times 84 equal to 4200?,Yes,-5.204624652862549,-4.7162251472473145,-5.0549911490353665,-4.672036939967762,-0.14963350382718232,-0.04418820727955275,No,False,No,False
Arithmetic,1_digit_subtraction,'',Is 7 minus 5 equal to 2?,Yes,-5.378395080566406,-4.8294358253479,-5.0549911490353665,-4.672036939967762,-0.32340393153103975,-0.1573988853801387,No,False,No,False
Arithmetic,1_digit_addition,'',Is 4 plus 3 equal to 7?,Yes,-5.111780643463135,-4.618484020233154,-5.0549911490353665,-4.672036939967762,-0.05678949442776826,0.05355291973460741,No,False,No,False
Arithmetic,2_digit_subtraction,'',Is 50 minus 39 equal to 15?,No,-5.4115376472473145,-4.79293155670166,-5.0549911490353665,-4.672036939967762,-0.35654649821194795,-0.12089461673389845,No,True,No,True
Arithmetic,1_digit_subtraction,'',Is 0 minus 8 equal to 11?,No,-5.273242950439453,-4.731979370117188,-5.0549911490353665,-4.672036939967762,-0.21825180140408662,-0.059942430149426684,No,True,No,True
Arithmetic,2_digit_multiplication,'',Is 11 times 24 equal to 264?,Yes,-5.066688060760498,-4.700735092163086,-5.0549911490353665,-4.672036939967762,-0.011696911725131542,-0.028698152195324234,No,False,Yes,True
Arithmetic,1_digit_addition,'',Is 8 plus 1 equal to 8?,No,-4.8637776374816895,-4.619112491607666,-5.0549911490353665,-4.672036939967762,0.19121351155367705,0.05292444836009569,No,True,Yes,False
Arithmetic,1_digit_multiplication,'',Is 4 times 9 equal to 99?,No,-4.911825656890869,-4.4218831062316895,-5.0549911490353665,-4.672036939967762,0.14316549214449736,0.25015383373607225,No,True,No,True
Arithmetic,2_digit_subtraction,'',Is 74 minus 32 equal to 18?,No,-5.081020832061768,-4.58980655670166,-5.0549911490353665,-4.672036939967762,-0.026029683026401074,0.08223038326610155,No,True,No,True
Arithmetic,1_digit_subtraction,'',Is 4 minus 3 equal to 1?,Yes,-5.232138156890869,-4.615646839141846,-5.0549911490353665,-4.672036939967762,-0.17714700785550264,0.056390100825916,No,False,No,False
Arithmetic,2_digit_subtraction,'',Is 50 minus 50 equal to 0?,Yes,-5.306187152862549,-4.625192165374756,-5.0549911490353665,-4.672036939967762,-0.2511960038271823,0.046844774593005845,No,False,No,False
Arithmetic,1_digit_multiplication,'',Is 9 times 2 equal to 83?,No,-4.831020832061768,-4.65075159072876,-5.0549911490353665,-4.672036939967762,0.22397031697359893,0.02128534923900194,No,True,Yes,False
Arithmetic,2_digit_multiplication,'',Is 76 times 18 equal to 1368?,Yes,-5.318929195404053,-4.900022506713867,-5.0549911490353665,-4.672036939967762,-0.26393804636868623,-0.22798556674610548,No,False,No,False
Arithmetic,1_digit_addition,'',Is 5 plus 5 equal to 10?,Yes,-4.931064605712891,-4.558829784393311,-5.0549911490353665,-4.672036939967762,0.12392654332247588,0.11320715557445027,No,False,Yes,True
Arithmetic,1_digit_multiplication,'',Is 9 times 4 equal to 36?,Yes,-4.664359092712402,-4.546132564544678,-5.0549911490353665,-4.672036939967762,0.39063205632296416,0.12590437542308397,No,False,Yes,True
Arithmetic,2_digit_multiplication,'',Is 70 times 23 equal to 1610?,Yes,-5.18296480178833,-4.696774005889893,-5.0549911490353665,-4.672036939967762,-0.12797365275296357,-0.024737065922130874,No,False,No,False
Arithmetic,1_digit_multiplication,'',Is 7 times 4 equal to 28?,Yes,-5.036199569702148,-4.734930038452148,-5.0549911490353665,-4.672036939967762,0.018791579333218067,-0.06289309848438673,No,False,Yes,True
Arithmetic,1_digit_addition,'',Is 3 plus 9 equal to 12?,Yes,-4.842105865478516,-4.5337653160095215,-5.0549911490353665,-4.672036939967762,0.21288528355685088,0.13827162395824022,No,False,Yes,True
Arithmetic,2_digit_multiplication,'',Is 25 times 63 equal to 1575?,Yes,-5.0666279792785645,-4.76168155670166,-5.0549911490353665,-4.672036939967762,-0.011636830243197949,-0.08964461673389845,No,False,Yes,True
Arithmetic,2_digit_multiplication,'',Is 86 times 12 equal to 3301?,No,-5.335742473602295,-4.977504253387451,-5.0549911490353665,-4.672036939967762,-0.2807513245669284,-0.30546731341968947,No,True,Yes,False
Arithmetic,1_digit_multiplication,'',Is 0 times 1 equal to 0?,Yes,-5.24636697769165,-5.068600177764893,-5.0549911490353665,-4.672036939967762,-0.1913758286562839,-0.3965632377971309,No,False,Yes,True
Arithmetic,2_digit_multiplication,'',Is 43 times 32 equal to 1376?,Yes,-5.108985900878906,-4.686065196990967,-5.0549911490353665,-4.672036939967762,-0.053994751843539746,-0.014028257023205093,No,False,No,False
Arithmetic,1_digit_addition,'',Is 6 plus 6 equal to 70?,No,-4.925309658050537,-4.368484020233154,-5.0549911490353665,-4.672036939967762,0.1296814909848294,0.3035529197346074,No,True,No,True
Arithmetic,1_digit_multiplication,'',Is 9 times 0 equal to 0?,Yes,-4.872137069702148,-4.6291279792785645,-5.0549911490353665,-4.672036939967762,0.18285407933321807,0.04290896068919725,No,False,Yes,True
Arithmetic,2_digit_subtraction,'',Is 68 minus 56 equal to 41?,No,-4.995826244354248,-4.447850227355957,-5.0549911490353665,-4.672036939967762,0.05916490468111846,0.22418671261180467,No,True,No,True
Arithmetic,1_digit_subtraction,'',Is 4 minus 5 equal to -1?,Yes,-5.616450309753418,-4.7544026374816895,-5.057425806522368,-4.672323801517486,-0.5590245032310497,-0.08207883596420373,No,False,No,False
Arithmetic,1_digit_subtraction,'',Is 0 minus 3 equal to -3?,Yes,-6.051352024078369,-5.326741695404053,-5.057425806522368,-4.672323801517486,-0.9939262175560009,-0.654417893886567,No,False,No,False
Arithmetic,2_digit_addition,'',Is 31 plus 88 equal to 119?,Yes,-4.803252696990967,-4.372430801391602,-5.057425806522368,-4.672323801517486,0.2541731095314015,0.29989300012588416,No,False,No,False
Arithmetic,2_digit_subtraction,'',Is 37 minus 10 equal to 17?,No,-5.438441753387451,-4.825625419616699,-5.057425806522368,-4.672323801517486,-0.3810159468650829,-0.1533016180992135,No,True,No,True
Arithmetic,1_digit_subtraction,'',Is 8 minus 1 equal to 1?,No,-5.265103340148926,-4.713475227355957,-5.057425806522368,-4.672323801517486,-0.2076775336265575,-0.04115142583847131,No,True,No,True
Arithmetic,2_digit_subtraction,'',Is 54 minus 93 equal to 148?,No,-4.9584126472473145,-4.342394828796387,-5.057425806522368,-4.672323801517486,0.09901315927505383,0.329928972721099,No,True,No,True
Arithmetic,2_digit_subtraction,'',Is 95 minus 80 equal to 45?,No,-5.04051399230957,-4.423252105712891,-5.057425806522368,-4.672323801517486,0.01691181421279797,0.2490716958045951,No,True,No,True
Arithmetic,2_digit_multiplication,'',Is 24 times 90 equal to 2160?,Yes,-4.993687152862549,-4.875192165374756,-5.057425806522368,-4.672323801517486,0.06373865365981946,-0.20286836385727014,No,False,Yes,True
Arithmetic,2_digit_subtraction,'',Is 24 minus 46 equal to -22?,Yes,-5.583415985107422,-4.784684658050537,-5.057425806522368,-4.672323801517486,-0.5259901785850536,-0.11236085653305139,No,False,No,False
Arithmetic,1_digit_multiplication,'',Is 8 times 5 equal to 40?,Yes,-4.83921480178833,-4.538653373718262,-5.057425806522368,-4.672323801517486,0.2182110047340382,0.133670427799224,No,False,Yes,True
Arithmetic,2_digit_subtraction,'',Is 61 minus 40 equal to 33?,No,-5.194575309753418,-4.706559658050537,-5.057425806522368,-4.672323801517486,-0.13714950323104969,-0.03423585653305139,No,True,No,True
Arithmetic,2_digit_addition,'',Is 21 plus 65 equal to 86?,Yes,-4.6606526374816895,-4.352859020233154,-5.057425806522368,-4.672323801517486,0.39677316904067883,0.3194647812843314,No,False,Yes,True
Arithmetic,2_digit_multiplication,'',Is 36 times 82 equal to 6725?,No,-4.84702730178833,-4.607940196990967,-5.057425806522368,-4.672323801517486,0.2103985047340382,0.06438360452651892,No,True,Yes,False
Arithmetic,2_digit_multiplication,'',Is 95 times 91 equal to 8645?,Yes,-4.997604370117188,-4.6369404792785645,-5.057425806522368,-4.672323801517486,0.059821436405179895,0.035383322238921266,No,False,Yes,True
Arithmetic,1_digit_multiplication,'',Is 2 times 7 equal to 44?,No,-4.954764366149902,-4.840125560760498,-5.057425806522368,-4.672323801517486,0.10266144037246594,-0.16780175924301233,No,True,Yes,False
Arithmetic,1_digit_multiplication,'',Is 1 times 7 equal to 7?,Yes,-5.028728485107422,-5.161656856536865,-5.057425806522368,-4.672323801517486,0.02869732141494641,-0.4893330550193795,Yes,True,Yes,True
Arithmetic,2_digit_subtraction,'',Is 61 minus 41 equal to 20?,Yes,-5.024379253387451,-4.474062919616699,-5.057425806522368,-4.672323801517486,0.03304655313491711,0.1982608819007865,No,False,No,False
Arithmetic,1_digit_subtraction,'',Is 0 minus 2 equal to 27?,No,-5.42579460144043,-4.759451866149902,-5.057425806522368,-4.672323801517486,-0.3683687949180614,-0.08712806463241662,No,True,No,True
Arithmetic,2_digit_multiplication,'',Is 55 times 38 equal to 8610?,No,-5.037773609161377,-4.673336505889893,-5.057425806522368,-4.672323801517486,0.01965219736099133,-0.0010127043724068585,No,True,Yes,False
Arithmetic,1_digit_subtraction,'',Is 8 minus 6 equal to 5?,No,-5.209648609161377,-4.657711505889893,-5.057425806522368,-4.672323801517486,-0.15222280263900867,0.014612295627593141,No,True,No,True
Arithmetic,1_digit_addition,'',Is 8 plus 5 equal to 30?,No,-4.709502696990967,-4.340514659881592,-5.057425806522368,-4.672323801517486,0.3479231095314015,0.3318091416358939,No,True,Yes,False
Arithmetic,1_digit_addition,'',Is 3 plus 7 equal to 10?,Yes,-4.915524005889893,-4.608019828796387,-5.057425806522368,-4.672323801517486,0.1419018006324757,0.064303972721099,No,False,Yes,True
Arithmetic,1_digit_multiplication,'',Is 6 times 7 equal to 42?,Yes,-4.889336109161377,-4.710528373718262,-5.057425806522368,-4.672323801517486,0.16808969736099133,-0.038204572200776,No,False,Yes,True
Arithmetic,2_digit_addition,'',Is 60 plus 47 equal to 107?,Yes,-4.940037727355957,-4.384189605712891,-5.057425806522368,-4.672323801517486,0.11738807916641125,0.2881341958045951,No,False,No,False
Arithmetic,1_digit_multiplication,'',Is 8 times 9 equal to 72?,Yes,-4.799587726593018,-4.620746612548828,-5.057425806522368,-4.672323801517486,0.2578380799293507,0.051577188968657595,No,False,Yes,True
Arithmetic,1_digit_addition,'',Is 2 plus 3 equal to 5?,Yes,-4.984522342681885,-4.803043365478516,-5.057425806522368,-4.672323801517486,0.07290346384048352,-0.1307195639610299,No,False,Yes,True
Arithmetic,2_digit_addition,'',Is 96 plus 78 equal to 174?,Yes,-4.951836109161377,-4.461492538452148,-5.057425806522368,-4.672323801517486,0.10558969736099133,0.21083126306533728,No,False,No,False
Arithmetic,1_digit_multiplication,'',Is 9 times 6 equal to 27?,No,-4.926063060760498,-4.685110092163086,-5.057425806522368,-4.672323801517486,0.13136274576187024,-0.012786290645600218,No,True,Yes,False
Arithmetic,2_digit_subtraction,'',Is 78 minus 38 equal to 40?,Yes,-4.945459842681885,-4.454421520233154,-5.057425806522368,-4.672323801517486,0.11196596384048352,0.21790228128433142,No,False,No,False
Arithmetic,1_digit_multiplication,'',Is 9 times 7 equal to 63?,Yes,-4.836234092712402,-4.6562581062316895,-5.057425806522368,-4.672323801517486,0.22119171380996594,0.016065695285796266,No,False,Yes,True
Arithmetic,2_digit_subtraction,'',Is 86 minus 95 equal to 28?,No,-5.137762069702148,-4.52575159072876,-5.057425806522368,-4.672323801517486,-0.08033626317978015,0.14657221078872595,No,True,No,True
Arithmetic,1_digit_multiplication,'',Is 9 times 5 equal to 45?,Yes,-4.632403373718262,-4.450555801391602,-5.057425806522368,-4.672323801517486,0.42502243280410656,0.22176800012588416,No,False,Yes,True
Arithmetic,2_digit_addition,'',Is 60 plus 53 equal to 113?,Yes,-4.850127696990967,-4.356139659881592,-5.057425806522368,-4.672323801517486,0.2072981095314015,0.3161841416358939,No,False,No,False
Arithmetic,1_digit_subtraction,'',Is 5 minus 6 equal to -1?,Yes,-5.557400226593018,-4.817019462585449,-5.057425806522368,-4.672323801517486,-0.4999744200706493,-0.1446956610679635,No,False,No,False
Arithmetic,1_digit_subtraction,'',Is 1 minus 4 equal to -3?,Yes,-5.982991695404053,-5.248711109161377,-5.057425806522368,-4.672323801517486,-0.9255658888816845,-0.5763873076438912,No,False,No,False
Arithmetic,1_digit_addition,'',Is 8 plus 3 equal to 17?,No,-5.161199569702148,-4.7318501472473145,-5.057425806522368,-4.672323801517486,-0.10377376317978015,-0.059526345729828734,No,True,No,True
Arithmetic,1_digit_subtraction,'',Is 5 minus 4 equal to 1?,Yes,-5.243772506713867,-4.688055038452148,-5.057425806522368,-4.672323801517486,-0.1863467001914989,-0.015731236934662718,No,False,No,False
Arithmetic,2_digit_multiplication,'',Is 50 times 57 equal to 2850?,Yes,-5.1224751472473145,-4.690615653991699,-5.057425806522368,-4.672323801517486,-0.06504934072494617,-0.0182918524742135,No,False,No,False
Arithmetic,1_digit_multiplication,'',Is 0 times 9 equal to 6?,No,-5.195844650268555,-5.087102890014648,-5.057425806522368,-4.672323801517486,-0.1384188437461864,-0.4147790884971627,No,True,Yes,False
Arithmetic,2_digit_addition,'',Is 83 plus 38 equal to 121?,Yes,-4.5744404792785645,-4.332702159881592,-5.057425806522368,-4.672323801517486,0.48298532724380383,0.3396216416358939,No,False,Yes,True
Arithmetic,2_digit_addition,'',Is 67 plus 77 equal to 144?,Yes,-4.80613899230957,-4.50071382522583,-5.057425806522368,-4.672323801517486,0.25128681421279797,0.17160997629165564,No,False,Yes,True
Arithmetic,1_digit_addition,'',Is 9 plus 9 equal to 18?,Yes,-4.749717712402344,-4.4400787353515625,-5.057425806522368,-4.672323801517486,0.30770809412002453,0.23224506616592322,No,False,Yes,True
Arithmetic,1_digit_multiplication,'',Is 2 times 9 equal to 77?,No,-5.054298400878906,-4.752895832061768,-5.057425806522368,-4.672323801517486,0.0031274056434620334,-0.08057203054428186,No,True,Yes,False
Arithmetic,1_digit_addition,'',Is 1 plus 7 equal to 8?,Yes,-5.097758293151856,-4.916468143463135,-5.057425806522368,-4.672323801517486,-0.040332486629488074,-0.24414434194564905,No,False,Yes,True
Arithmetic,2_digit_subtraction,'',Is 95 minus 99 equal to -4?,Yes,-5.511451244354248,-4.838475227355957,-5.057425806522368,-4.672323801517486,-0.45402543783187976,-0.1661514258384713,No,False,No,False
Arithmetic,1_digit_multiplication,'',Is 6 times 5 equal to 30?,Yes,-4.745083332061768,-4.626461505889893,-5.057425806522368,-4.672323801517486,0.3123424744606007,0.04586229562759314,No,False,Yes,True
Arithmetic,1_digit_addition,'',Is 0 plus 9 equal to 7?,No,-5.277313232421875,-4.853062152862549,-5.057425806522368,-4.672323801517486,-0.21988742589950672,-0.1807383513450631,No,True,No,True
Arithmetic,2_digit_multiplication,'',Is 48 times 64 equal to 3072?,Yes,-5.08921480178833,-4.7240376472473145,-5.057425806522368,-4.672323801517486,-0.031788995265961795,-0.051713845729828734,No,False,Yes,True
Arithmetic,1_digit_addition,'',Is 6 plus 7 equal to 13?,Yes,-5.3294358253479,-4.7740654945373535,-5.057425806522368,-4.672323801517486,-0.2720100188255321,-0.1017416930198678,No,False,No,False
Arithmetic,2_digit_multiplication,'',Is 38 times 42 equal to 2285?,No,-5.222625732421875,-4.867379665374756,-5.057425806522368,-4.672323801517486,-0.16519992589950672,-0.19505586385727014,No,True,Yes,False
Arithmetic,2_digit_subtraction,'',Is 27 minus 68 equal to -41?,Yes,-5.624241352081299,-4.890772342681885,-5.060402405812189,-4.6762318369058455,-0.5638389462691098,-0.21454050577603923,No,False,No,False
Arithmetic,1_digit_subtraction,'',Is 3 minus 4 equal to 26?,No,-5.163653373718262,-4.483019828796387,-5.060402405812189,-4.6762318369058455,-0.10325096790607269,0.19321200810945882,No,True,No,True
Arithmetic,1_digit_addition,'',Is 0 plus 2 equal to 3?,No,-5.327929973602295,-5.026832580566406,-5.060402405812189,-4.6762318369058455,-0.2675275677901059,-0.3506007436605607,No,True,Yes,False
Arithmetic,1_digit_addition,'',Is 8 plus 8 equal to 16?,Yes,-4.898992538452148,-4.467394828796387,-5.060402405812189,-4.6762318369058455,0.1614098673600406,0.20883700810945882,No,False,No,False
Arithmetic,1_digit_subtraction,'',Is 3 minus 2 equal to 1?,Yes,-5.1916279792785645,-4.823428153991699,-5.060402405812189,-4.6762318369058455,-0.13122557346637542,-0.14719631708585368,No,False,Yes,True
Arithmetic,2_digit_multiplication,'',Is 34 times 89 equal to 3026?,Yes,-4.95640230178833,-4.655840873718262,-5.060402405812189,-4.6762318369058455,0.10400010402385895,0.02039096318758382,No,False,Yes,True
Arithmetic,1_digit_subtraction,'',Is 2 minus 3 equal to -1?,Yes,-5.726078510284424,-5.114950656890869,-5.060402405812189,-4.6762318369058455,-0.6656761044722348,-0.4387188199850236,No,False,No,False
Arithmetic,2_digit_multiplication,'',Is 54 times 22 equal to 2345?,No,-5.023048400878906,-4.7228779792785645,-5.060402405812189,-4.6762318369058455,0.03735400493328278,-0.04664614237271891,No,True,Yes,False
Arithmetic,1_digit_multiplication,'',Is 9 times 1 equal to 4?,No,-4.741097450256348,-4.810000419616699,-5.060402405812189,-4.6762318369058455,0.3193049555558414,-0.13376858271085368,Yes,False,Yes,False
Arithmetic,2_digit_addition,'',Is 20 plus 68 equal to 66?,No,-4.899899005889893,-4.404306411743164,-5.060402405812189,-4.6762318369058455,0.16050339992229645,0.2719254251626815,No,True,No,True
Arithmetic,2_digit_subtraction,'',Is 78 minus 42 equal to 36?,Yes,-4.900959491729736,-4.536562919616699,-5.060402405812189,-4.6762318369058455,0.1594429140824527,0.13966891728914632,No,False,Yes,True
Arithmetic,1_digit_multiplication,'',Is 5 times 5 equal to 10?,No,-5.030840873718262,-4.848993301391602,-5.060402405812189,-4.6762318369058455,0.029561532093927312,-0.17276146448575602,No,True,Yes,False
Arithmetic,1_digit_subtraction,'',Is 0 minus 6 equal to -6?,Yes,-5.645102024078369,-5.047895908355713,-5.060402405812189,-4.6762318369058455,-0.5846996182661801,-0.37166407144986735,No,False,No,False
Arithmetic,2_digit_subtraction,'',Is 31 minus 51 equal to -20?,Yes,-5.44077730178833,-4.767086505889893,-5.060402405812189,-4.6762318369058455,-0.38037489597614105,-0.09085466898404704,No,False,No,False
Arithmetic,1_digit_addition,'',Is 0 plus 1 equal to 1?,Yes,-5.152313232421875,-4.911666870117188,-5.060402405812189,-4.6762318369058455,-0.09191082660968597,-0.23543503321134285,No,False,Yes,True
Arithmetic,1_digit_addition,'',Is 6 plus 4 equal to 72?,No,-4.873565196990967,-4.44136905670166,-5.060402405812189,-4.6762318369058455,0.18683720882122223,0.23486278020418538,No,True,No,True
Arithmetic,1_digit_multiplication,'',Is 4 times 4 equal to 16?,Yes,-4.936568737030029,-4.757070064544678,-5.060402405812189,-4.6762318369058455,0.12383366878215973,-0.0808382276388322,No,False,Yes,True
Arithmetic,1_digit_addition,'',Is 5 plus 8 equal to 13?,Yes,-5.171465873718262,-4.613952159881592,-5.060402405812189,-4.6762318369058455,-0.11106346790607269,0.06227967702425374,No,False,No,False
Arithmetic,2_digit_multiplication,'',Is 74 times 56 equal to 4144?,Yes,-5.031383514404297,-4.796353340148926,-5.060402405812189,-4.6762318369058455,0.029018891407892156,-0.12012150324308024,No,False,Yes,True
Arithmetic,1_digit_addition,'',Is 6 plus 6 equal to 12?,Yes,-5.00231409072876,-4.631457328796387,-5.060402405812189,-4.6762318369058455,0.058088315083429265,0.04477450810945882,No,False,Yes,True
Arithmetic,2_digit_multiplication,'',Is 57 times 82 equal to 7689?,No,-5.077930450439453,-4.911666870117188,-5.060402405812189,-4.6762318369058455,-0.017528044627264094,-0.23543503321134285,No,True,Yes,False
Arithmetic,1_digit_addition,'',Is 0 plus 4 equal to 4?,Yes,-5.119555473327637,-4.817790985107422,-5.060402405812189,-4.6762318369058455,-0.05915306751544769,-0.14155914820157633,No,False,Yes,True
Arithmetic,1_digit_multiplication,'',Is 4 times 2 equal to 8?,Yes,-4.958074569702148,-4.842315196990967,-5.060402405812189,-4.6762318369058455,0.1023278361100406,-0.16608336008512126,No,False,Yes,True
Arithmetic,2_digit_subtraction,'',Is 74 minus 82 equal to -8?,Yes,-5.293843746185303,-4.7513108253479,-5.060402405812189,-4.6762318369058455,-0.2334413403731137,-0.07507898844205485,No,False,No,False
Arithmetic,2_digit_addition,'',Is 73 plus 98 equal to 171?,Yes,-4.838650226593018,-4.409809112548828,-5.060402405812189,-4.6762318369058455,0.22175217921917145,0.2664227243570174,No,False,No,False
Arithmetic,1_digit_multiplication,'',Is 2 times 6 equal to 14?,No,-5.26891040802002,-5.093942165374756,-5.060402405812189,-4.6762318369058455,-0.2085080022078314,-0.4177103284689103,No,True,Yes,False
Arithmetic,1_digit_addition,'',Is 6 plus 2 equal to 1?,No,-5.104084491729736,-4.674280643463135,-5.060402405812189,-4.6762318369058455,-0.0436820859175473,0.0019511934427107747,No,True,No,True
Arithmetic,2_digit_subtraction,'',Is 61 minus 80 equal to -19?,Yes,-6.319255352020264,-5.405512809753418,-5.060402405812189,-4.6762318369058455,-1.2588529462080746,-0.7292809728475724,No,False,No,False
Arithmetic,1_digit_multiplication,'',Is 2 times 6 equal to 12?,Yes,-5.013229370117188,-4.962522506713867,-5.060402405812189,-4.6762318369058455,0.04717303569500064,-0.28629066980802165,No,False,Yes,True
Arithmetic,1_digit_subtraction,'',Is 0 minus 4 equal to 36?,No,-5.131755352020264,-4.589332580566406,-5.060402405812189,-4.6762318369058455,-0.07135294620807464,0.08689925633943929,No,True,No,True
Arithmetic,1_digit_subtraction,'',Is 7 minus 2 equal to 3?,No,-5.367379665374756,-4.93981409072876,-5.060402405812189,-4.6762318369058455,-0.30697725956256683,-0.2635822538229142,No,True,No,True
Arithmetic,2_digit_subtraction,'',Is 20 minus 33 equal to -13?,Yes,-6.042701244354248,-5.11863899230957,-5.060402405812189,-4.6762318369058455,-0.982298838542059,-0.44240715540372477,No,False,No,False
Arithmetic,1_digit_addition,'',Is 0 plus 8 equal to 8?,Yes,-5.055708408355713,-4.81577730178833,-5.060402405812189,-4.6762318369058455,0.00469399745647614,-0.13954546488248454,No,False,Yes,True
Arithmetic,2_digit_multiplication,'',Is 66 times 86 equal to 5676?,Yes,-5.128046035766602,-4.899937152862549,-5.060402405812189,-4.6762318369058455,-0.06764362995441253,-0.2237053159567033,No,False,Yes,True
Arithmetic,2_digit_addition,'',Is 11 plus 31 equal to 42?,Yes,-4.7187581062316895,-4.348349571228027,-5.060402405812189,-4.6762318369058455,0.3416442995804996,0.3278822656778182,No,False,Yes,True
Arithmetic,2_digit_subtraction,'',Is 97 minus 24 equal to 73?,Yes,-5.172067165374756,-4.557803153991699,-5.060402405812189,-4.6762318369058455,-0.11166475956256683,0.11842868291414632,No,False,No,False
Arithmetic,1_digit_addition,'',Is 1 plus 9 equal to 10?,Yes,-4.956684112548828,-4.71165132522583,-5.060402405812189,-4.6762318369058455,0.1037182932633609,-0.03541948831998454,No,False,Yes,True
Arithmetic,1_digit_addition,'',Is 6 plus 9 equal to 96?,No,-4.7500081062316895,-4.192099571228027,-5.060402405812189,-4.6762318369058455,0.3103942995804996,0.4841322656778182,No,True,No,True
Arithmetic,1_digit_addition,'',Is 3 plus 5 equal to 8?,Yes,-4.845211505889893,-4.661493301391602,-5.060402405812189,-4.6762318369058455,0.21519089992229645,0.014738535514243978,No,False,Yes,True
Arithmetic,2_digit_subtraction,'',Is 58 minus 40 equal to 84?,No,-4.916958332061768,-4.48824405670166,-5.060402405812189,-4.6762318369058455,0.14344407375042145,0.18798778020418538,No,True,No,True
Arithmetic,1_digit_multiplication,'',Is 5 times 7 equal to 35?,Yes,-4.950888156890869,-4.771047592163086,-5.060402405812189,-4.6762318369058455,0.10951424892131989,-0.0948157552572404,No,False,Yes,True
Arithmetic,2_digit_addition,'',Is 96 plus 71 equal to 590?,No,-4.821897506713867,-4.454586505889893,-5.060402405812189,-4.6762318369058455,0.23850489909832184,0.22164533101595296,No,True,Yes,False
Arithmetic,2_digit_multiplication,'',Is 66 times 31 equal to 5554?,No,-5.106343746185303,-4.932209491729736,-5.060402405812189,-4.6762318369058455,-0.045941340373113704,-0.2559776548238908,No,True,Yes,False
Arithmetic,2_digit_multiplication,'',Is 71 times 86 equal to 6106?,Yes,-5.202930450439453,-4.976173400878906,-5.060402405812189,-4.6762318369058455,-0.1425280446272641,-0.2999415639730607,No,False,Yes,True
Arithmetic,1_digit_multiplication,'',Is 5 times 2 equal to 91?,No,-4.687692165374756,-4.506377696990967,-5.060402405812189,-4.6762318369058455,0.37271024043743317,0.16985413991487874,No,True,Yes,False
Arithmetic,1_digit_multiplication,'',Is 0 times 8 equal to 1?,No,-5.195688724517822,-5.085742950439453,-5.060402405812189,-4.6762318369058455,-0.13528631870563324,-0.4095111135336076,No,True,Yes,False
Arithmetic,1_digit_addition,'',Is 5 plus 9 equal to 85?,No,-4.77730655670166,-4.280967712402344,-5.060402405812189,-4.6762318369058455,0.2830958491105289,0.3952641245035018,No,True,No,True
Arithmetic,2_digit_addition,'',Is 83 plus 74 equal to 192?,No,-4.768520832061768,-4.46325159072876,-5.060402405812189,-4.6762318369058455,0.29188157375042145,0.21298024617708577,No,True,Yes,False
Arithmetic,2_digit_addition,'',Is 54 plus 64 equal to 422?,No,-4.601153373718262,-4.294305801391602,-5.060402405812189,-4.6762318369058455,0.4592490320939273,0.381926035514244,No,True,Yes,False
Arithmetic,2_digit_addition,'',Is 95 plus 41 equal to 136?,Yes,-4.876585006713867,-4.44762659072876,-5.060402405812189,-4.6762318369058455,0.18381739909832184,0.22860524617708577,No,False,No,False
Arithmetic,2_digit_subtraction,'',Is 70 minus 75 equal to -5?,Yes,-5.394263744354248,-4.84520149230957,-5.06157252720424,-4.674887981414795,-0.3326912171500078,-0.17031351089477553,No,False,No,False
Arithmetic,1_digit_subtraction,'',Is 1 minus 8 equal to -7?,Yes,-5.700385570526123,-4.967818737030029,-5.06157252720424,-4.674887981414795,-0.6388130433218828,-0.2929307556152345,No,False,No,False
Arithmetic,2_digit_subtraction,'',Is 81 minus 21 equal to 82?,No,-4.9896626472473145,-4.623644828796387,-5.06157252720424,-4.674887981414795,0.07190987995692577,0.05124315261840806,No,True,Yes,False
Arithmetic,2_digit_multiplication,'',Is 68 times 37 equal to 4867?,No,-5.139866352081299,-4.717659950256348,-5.06157252720424,-4.674887981414795,-0.0782938248770586,-0.042771968841552876,No,True,No,True
Arithmetic,1_digit_subtraction,'',Is 7 minus 6 equal to 1?,Yes,-5.292701244354248,-4.74363899230957,-5.06157252720424,-4.674887981414795,-0.23112871715000782,-0.06875101089477553,No,False,No,False
Arithmetic,1_digit_multiplication,'',Is 4 times 0 equal to 3?,No,-5.009312152862549,-4.893520832061768,-5.06157252720424,-4.674887981414795,0.052260374341691396,-0.2186328506469728,No,True,Yes,False
Arithmetic,1_digit_subtraction,'',Is 4 minus 7 equal to 28?,No,-5.217315196990967,-4.475207328796387,-5.06157252720424,-4.674887981414795,-0.15574266978672657,0.19968065261840806,No,True,No,True
Arithmetic,2_digit_addition,'',Is 12 plus 85 equal to 97?,Yes,-4.888235092163086,-4.39262580871582,-5.06157252720424,-4.674887981414795,0.1733374350411543,0.28226217269897447,No,False,No,False
Arithmetic,2_digit_subtraction,'',Is 13 minus 33 equal to -20?,Yes,-5.571812152862549,-4.836492538452148,-5.06157252720424,-4.674887981414795,-0.5102396256583086,-0.16160455703735366,No,False,No,False
Arithmetic,1_digit_multiplication,'',Is 9 times 7 equal to 12?,No,-4.8606858253479,-4.7428154945373535,-5.06157252720424,-4.674887981414795,0.20088670185633983,-0.06792751312255874,No,True,Yes,False
Arithmetic,1_digit_subtraction,'',Is 5 minus 3 equal to 2?,Yes,-5.337522506713867,-4.844305038452148,-5.06157252720424,-4.674887981414795,-0.27594997950962696,-0.16941705703735366,No,False,No,False
Arithmetic,2_digit_addition,'',Is 48 plus 10 equal to 58?,Yes,-4.983965873718262,-4.488952159881592,-5.06157252720424,-4.674887981414795,0.0776066534859785,0.18593582153320298,No,False,No,False
Arithmetic,1_digit_addition,'',Is 5 plus 3 equal to 8?,Yes,-4.909365653991699,-4.600207328796387,-5.06157252720424,-4.674887981414795,0.152206873212541,0.07468065261840806,No,False,Yes,True
Arithmetic,1_digit_addition,'',Is 4 plus 7 equal to 86?,No,-4.835528373718262,-4.279306411743164,-5.06157252720424,-4.674887981414795,0.2260441534859785,0.3955815696716307,No,True,No,True
Arithmetic,2_digit_subtraction,'',Is 71 minus 28 equal to 43?,Yes,-4.997137069702148,-4.508367538452148,-5.06157252720424,-4.674887981414795,0.06443545750209179,0.16652044296264634,No,False,No,False
Arithmetic,2_digit_subtraction,'',Is 78 minus 24 equal to 20?,No,-5.147148609161377,-4.53356409072876,-5.06157252720424,-4.674887981414795,-0.08557608195713673,0.14132389068603501,No,True,No,True
Arithmetic,1_digit_multiplication,'',Is 5 times 9 equal to 45?,Yes,-4.7787251472473145,-4.596865653991699,-5.06157252720424,-4.674887981414795,0.28284737995692577,0.07802232742309556,No,False,Yes,True
Arithmetic,1_digit_addition,'',Is 3 plus 5 equal to 1?,No,-4.939085006713867,-4.756377696990967,-5.06157252720424,-4.674887981414795,0.12248752049037304,-0.08148971557617202,No,True,Yes,False
Arithmetic,1_digit_subtraction,'',Is 7 minus 8 equal to 75?,No,-5.120622158050537,-4.441092491149902,-5.06157252720424,-4.674887981414795,-0.059049630846296886,0.23379549026489244,No,True,No,True
Arithmetic,2_digit_multiplication,'',Is 20 times 57 equal to 1140?,Yes,-5.16733980178833,-4.740752696990967,-5.06157252720424,-4.674887981414795,-0.10576727458408985,-0.06586471557617202,No,False,No,False
Arithmetic,1_digit_subtraction,'',Is 3 minus 8 equal to 16?,No,-5.098269462585449,-4.604700088500977,-5.06157252720424,-4.674887981414795,-0.036696935381208995,0.07018789291381822,No,True,No,True
Arithmetic,2_digit_subtraction,'',Is 42 minus 44 equal to 28?,No,-4.912627696990967,-4.421072959899902,-5.06157252720424,-4.674887981414795,0.14894483021327343,0.25381502151489244,No,True,No,True
Arithmetic,1_digit_subtraction,'',Is 3 minus 7 equal to -4?,Yes,-5.579269886016846,-5.028860092163086,-5.06157252720424,-4.674887981414795,-0.5176973588126055,-0.35397211074829116,No,False,No,False
Arithmetic,2_digit_subtraction,'',Is 12 minus 31 equal to 145?,No,-5.171465873718262,-4.553332328796387,-5.06157252720424,-4.674887981414795,-0.1098933465140215,0.12155565261840806,No,True,No,True
Arithmetic,2_digit_multiplication,'',Is 82 times 21 equal to 6925?,No,-5.035125732421875,-4.740898609161377,-5.06157252720424,-4.674887981414795,0.026446794782365224,-0.06601062774658217,No,True,Yes,False
Arithmetic,2_digit_subtraction,'',Is 84 minus 48 equal to 57?,No,-5.019813060760498,-4.591360092163086,-5.06157252720424,-4.674887981414795,0.04175946644374218,0.08352788925170884,No,True,No,True
Arithmetic,2_digit_addition,'',Is 41 plus 83 equal to 124?,Yes,-4.843942165374756,-4.417178153991699,-5.06157252720424,-4.674887981414795,0.21763036182948436,0.25770982742309556,No,False,No,False
Arithmetic,2_digit_subtraction,'',Is 86 minus 62 equal to 94?,No,-4.889534950256348,-4.3990654945373535,-5.06157252720424,-4.674887981414795,0.17203757694789257,0.27582248687744126,No,True,No,True
Arithmetic,1_digit_multiplication,'',Is 1 times 5 equal to 5?,Yes,-4.844894886016846,-5.099325656890869,-5.06157252720424,-4.674887981414795,0.21667764118739452,-0.42443767547607436,Yes,True,Yes,True
Arithmetic,2_digit_subtraction,'',Is 93 minus 42 equal to 84?,No,-4.787627696990967,-4.482431411743164,-5.06157252720424,-4.674887981414795,0.2739448302132734,0.19245656967163072,No,True,Yes,False
Arithmetic,2_digit_subtraction,'',Is 35 minus 56 equal to 147?,No,-4.993649005889893,-4.312706470489502,-5.06157252720424,-4.674887981414795,0.06792352131434765,0.3621815109252928,No,True,No,True
Arithmetic,1_digit_multiplication,'',Is 7 times 1 equal to 9?,No,-4.884312152862549,-4.8334126472473145,-5.06157252720424,-4.674887981414795,0.1772603743416914,-0.15852466583251967,No,True,Yes,False
Arithmetic,1_digit_subtraction,'',Is 3 minus 3 equal to 0?,Yes,-5.272506237030029,-4.718007564544678,-5.06157252720424,-4.674887981414795,-0.21093370982578907,-0.043119583129882955,No,False,No,False
Arithmetic,2_digit_addition,'',Is 44 plus 74 equal to 652?,No,-4.932583332061768,-4.56481409072876,-5.06157252720424,-4.674887981414795,0.12898919514247265,0.11007389068603501,No,True,Yes,False
Arithmetic,2_digit_subtraction,'',Is 51 minus 19 equal to 32?,Yes,-5.037627696990967,-4.545519828796387,-5.06157252720424,-4.674887981414795,0.023944830213273427,0.12936815261840806,No,False,No,False
Arithmetic,2_digit_subtraction,'',Is 50 minus 39 equal to 11?,Yes,-5.345335006713867,-4.665524005889893,-5.06157252720424,-4.674887981414795,-0.28376247950962696,0.009363975524902202,No,False,No,False
Arithmetic,1_digit_subtraction,'',Is 7 minus 7 equal to 0?,Yes,-5.280728340148926,-4.667621612548828,-5.06157252720424,-4.674887981414795,-0.21915581294468556,0.007266368865966655,No,False,No,False
Arithmetic,1_digit_multiplication,'',Is 5 times 8 equal to 67?,No,-5.084648609161377,-4.842315196990967,-5.06157252720424,-4.674887981414795,-0.02307608195713673,-0.16742721557617202,No,True,Yes,False
Arithmetic,1_digit_addition,'',Is 3 plus 7 equal to 18?,No,-4.967315196990967,-4.59761905670166,-5.06157252720424,-4.674887981414795,0.09425733021327343,0.07726892471313462,No,True,Yes,False
Arithmetic,2_digit_multiplication,'',Is 79 times 86 equal to 6794?,Yes,-5.1917033195495605,-4.967991352081299,-5.06157252720424,-4.674887981414795,-0.13013079234532032,-0.29310337066650405,No,False,Yes,True
Arithmetic,2_digit_subtraction,'',Is 80 minus 85 equal to 12?,No,-5.246195793151856,-4.756168365478516,-5.06157252720424,-4.674887981414795,-0.18462326594761613,-0.08128038406372085,No,True,No,True
Arithmetic,1_digit_multiplication,'',Is 4 times 0 equal to 0?,Yes,-5.032630920410156,-4.730570793151856,-5.06157252720424,-4.674887981414795,0.028941606794083974,-0.05568281173706158,No,False,Yes,True
Arithmetic,2_digit_subtraction,'',Is 85 minus 81 equal to 4?,Yes,-5.179298400878906,-4.8177876472473145,-5.06157252720424,-4.674887981414795,-0.11772587367466603,-0.14289966583251967,No,False,Yes,True
Arithmetic,2_digit_addition,'',Is 96 plus 49 equal to 330?,No,-4.8412251472473145,-4.346865653991699,-5.06157252720424,-4.674887981414795,0.22034737995692577,0.32802232742309556,No,True,No,True
Arithmetic,1_digit_addition,'',Is 0 plus 3 equal to 3?,Yes,-5.360540390014648,-4.997604370117188,-5.06157252720424,-4.674887981414795,-0.2989678628104082,-0.3227163887023936,No,False,Yes,True
Arithmetic,1_digit_multiplication,'',Is 7 times 5 equal to 57?,No,-5.075832843780518,-4.77488899230957,-5.06157252720424,-4.674887981414795,-0.014260316576277354,-0.10000101089477553,No,True,Yes,False
Arithmetic,2_digit_addition,'',Is 26 plus 21 equal to 33?,No,-5.020202159881592,-4.649534702301025,-5.06157252720424,-4.674887981414795,0.04137036732264843,0.02535327911376939,No,True,Yes,False
Arithmetic,2_digit_addition,'',Is 29 plus 30 equal to 89?,No,-4.41477632522583,-4.230704784393311,-5.06157252720424,-4.674887981414795,0.6467962019784101,0.44418319702148334,No,True,Yes,False
Arithmetic,1_digit_addition,'',Is 3 plus 2 equal to 7?,No,-5.057093143463135,-4.7506279945373535,-5.06157252720424,-4.674887981414795,0.004479383741105458,-0.07574001312255874,No,True,Yes,False
Arithmetic,2_digit_multiplication,'',Is 34 times 37 equal to 1258?,Yes,-5.157749652862549,-4.733965873718262,-5.06157252720424,-4.674887981414795,-0.0961771256583086,-0.05907789230346694,No,False,No,False
Arithmetic,1_digit_multiplication,'',Is 1 times 5 equal to 3?,No,-5.062016010284424,-5.194790840148926,-5.064670822779337,-4.676787706375122,0.0026548124949128393,-0.5180031337738038,Yes,False,Yes,False
Arithmetic,2_digit_subtraction,'',Is 14 minus 16 equal to 33?,No,-5.205530643463135,-4.651508331298828,-5.064670822779337,-4.676787706375122,-0.1408598206837981,0.025279375076293853,No,True,No,True
Arithmetic,2_digit_subtraction,'',Is 35 minus 13 equal to 22?,Yes,-5.0468831062316895,-4.426474571228027,-5.064670822779337,-4.676787706375122,0.017787716547647214,0.25031313514709463,No,False,No,False
Arithmetic,2_digit_subtraction,'',Is 68 minus 85 equal to -17?,Yes,-5.969915390014648,-5.30015230178833,-5.064670822779337,-4.676787706375122,-0.9052445672353118,-0.6233645954132081,No,False,No,False
Arithmetic,1_digit_addition,'',Is 2 plus 3 equal to 3?,No,-4.9818501472473145,-4.862490653991699,-5.064670822779337,-4.676787706375122,0.08282067553202221,-0.18570294761657724,No,True,Yes,False
Arithmetic,1_digit_subtraction,'',Is 1 minus 5 equal to -4?,Yes,-5.739448070526123,-5.129188060760498,-5.064670822779337,-4.676787706375122,-0.6747772477467864,-0.45240035438537607,No,False,No,False
Arithmetic,2_digit_addition,'',Is 85 plus 29 equal to 114?,Yes,-4.659809112548828,-4.352939605712891,-5.064670822779337,-4.676787706375122,0.40486171023050854,0.32384810066223135,No,False,Yes,True
Arithmetic,1_digit_multiplication,'',Is 2 times 0 equal to 0?,Yes,-4.952366352081299,-4.835200309753418,-5.064670822779337,-4.676787706375122,0.11230447069803784,-0.158412603378296,No,False,Yes,True
Arithmetic,1_digit_addition,'',Is 9 plus 7 equal to 79?,No,-4.817812919616699,-4.323904991149902,-5.064670822779337,-4.676787706375122,0.24685790316263745,0.35288271522521963,No,True,No,True
Arithmetic,1_digit_addition,'',Is 9 plus 7 equal to 16?,Yes,-4.882070064544678,-4.449912071228027,-5.064670822779337,-4.676787706375122,0.18260075823465893,0.22687563514709463,No,False,No,False
Arithmetic,1_digit_multiplication,'',Is 3 times 6 equal to 40?,No,-4.808875560760498,-4.631271839141846,-5.064670822779337,-4.676787706375122,0.2557952620188386,0.045515867233276275,No,True,Yes,False
Arithmetic,1_digit_multiplication,'',Is 3 times 5 equal to 15?,Yes,-4.9728779792785645,-4.917178153991699,-5.064670822779337,-4.676787706375122,0.09179284350077221,-0.24039044761657724,No,False,Yes,True
Arithmetic,1_digit_subtraction,'',Is 9 minus 8 equal to 6?,No,-5.060110092163086,-4.566155433654785,-5.064670822779337,-4.676787706375122,0.00456073061625073,0.11063227272033682,No,True,No,True
Arithmetic,2_digit_subtraction,'',Is 21 minus 31 equal to 924?,No,-5.148629665374756,-4.59606409072876,-5.064670822779337,-4.676787706375122,-0.08395884259541919,0.08072361564636221,No,True,No,True
Arithmetic,1_digit_multiplication,'',Is 8 times 7 equal to 91?,No,-4.64390230178833,-4.4662251472473145,-5.064670822779337,-4.676787706375122,0.4207685209910066,0.21056255912780752,No,True,Yes,False
Arithmetic,2_digit_addition,'',Is 27 plus 74 equal to 579?,No,-5.204710006713867,-4.71325159072876,-5.064670822779337,-4.676787706375122,-0.14003918393453052,-0.03646388435363779,No,True,No,True
Arithmetic,1_digit_multiplication,'',Is 8 times 4 equal to 32?,Yes,-4.833074569702148,-4.656805038452148,-5.064670822779337,-4.676787706375122,0.23159625307718823,0.01998266792297354,No,False,Yes,True
Arithmetic,2_digit_multiplication,'',Is 98 times 32 equal to 3136?,Yes,-5.196333408355713,-4.775022506713867,-5.064670822779337,-4.676787706375122,-0.13166258557637622,-0.09823480033874521,No,False,No,False
Arithmetic,2_digit_addition,'',Is 37 plus 36 equal to 79?,No,-4.79051399230957,-4.423252105712891,-5.064670822779337,-4.676787706375122,0.27415683046976635,0.25353560066223135,No,True,Yes,False
Arithmetic,2_digit_addition,'',Is 94 plus 61 equal to 933?,No,-4.856512069702148,-4.492742538452148,-5.064670822779337,-4.676787706375122,0.20815875307718823,0.18404516792297354,No,True,Yes,False
Arithmetic,2_digit_multiplication,'',Is 62 times 59 equal to 3275?,No,-4.973646640777588,-4.802165985107422,-5.064670822779337,-4.676787706375122,0.09102418200174878,-0.1253782787322999,No,True,Yes,False
Arithmetic,2_digit_multiplication,'',Is 79 times 91 equal to 7189?,Yes,-5.089439868927002,-4.802165985107422,-5.064670822779337,-4.676787706375122,-0.024769046147665286,-0.1253782787322999,No,False,Yes,True
Arithmetic,2_digit_multiplication,'',Is 16 times 33 equal to 391?,No,-5.116798400878906,-4.7552876472473145,-5.064670822779337,-4.676787706375122,-0.05212757809956958,-0.07849994087219248,No,True,Yes,False
Arithmetic,2_digit_multiplication,'',Is 22 times 75 equal to 1257?,No,-5.177291870117188,-4.876585006713867,-5.064670822779337,-4.676787706375122,-0.11262104733785172,-0.1997973003387452,No,True,Yes,False
Arithmetic,1_digit_subtraction,'',Is 9 minus 6 equal to 9?,No,-4.968007564544678,-4.536279678344727,-5.064670822779337,-4.676787706375122,0.09666325823465893,0.14050802803039542,No,True,No,True
Arithmetic,1_digit_subtraction,'',Is 0 minus 5 equal to -5?,Yes,-5.61355447769165,-5.07359790802002,-5.064670822779337,-4.676787706375122,-0.5488836549123137,-0.39681020164489844,No,False,No,False
Arithmetic,1_digit_addition,'',Is 7 plus 1 equal to 4?,No,-5.039209842681885,-4.795230865478516,-5.064670822779337,-4.676787706375122,0.025460980097451902,-0.11844315910339365,No,True,Yes,False
Arithmetic,2_digit_subtraction,'',Is 60 minus 50 equal to 10?,Yes,-5.120083332061768,-4.626461505889893,-5.064670822779337,-4.676787706375122,-0.05541250928243091,0.0503262004852294,No,False,No,False
Arithmetic,1_digit_subtraction,'',Is 6 minus 5 equal to 1?,Yes,-5.30015230178833,-4.7474751472473145,-5.064670822779337,-4.676787706375122,-0.2354814790089934,-0.07068744087219248,No,False,No,False
Arithmetic,2_digit_addition,'',Is 13 plus 50 equal to 86?,No,-4.929278373718262,-4.434930801391602,-5.064670822779337,-4.676787706375122,0.13539244906107495,0.24185690498352042,No,True,No,True
Arithmetic,2_digit_multiplication,'',Is 11 times 81 equal to 652?,No,-4.99546480178833,-4.758367538452148,-5.064670822779337,-4.676787706375122,0.06920602099100659,-0.08157983207702646,No,True,Yes,False
Arithmetic,2_digit_addition,'',Is 54 plus 42 equal to 96?,Yes,-4.534365653991699,-4.164268970489502,-5.064670822779337,-4.676787706375122,0.5303051687876374,0.51251873588562,No,False,Yes,True
Arithmetic,1_digit_subtraction,'',Is 7 minus 9 equal to 22?,No,-5.2153401374816895,-4.535333156585693,-5.064670822779337,-4.676787706375122,-0.15066931470235279,0.14145454978942862,No,True,No,True
Arithmetic,1_digit_addition,'',Is 7 plus 0 equal to 7?,Yes,-5.221645832061768,-4.85543155670166,-5.064670822779337,-4.676787706375122,-0.1569750092824309,-0.17864385032653818,No,False,Yes,True
Arithmetic,1_digit_addition,'',Is 5 plus 6 equal to 95?,No,-4.7882232666015625,-4.2915778160095215,-5.064670822779337,-4.676787706375122,0.27644755617777417,0.3852098903656005,No,True,No,True
Arithmetic,1_digit_multiplication,'',Is 6 times 1 equal to 6?,Yes,-4.763388156890869,-4.895144462585449,-5.064670822779337,-4.676787706375122,0.3012826658884675,-0.21835675621032724,Yes,True,Yes,True
Arithmetic,1_digit_addition,'',Is 2 plus 1 equal to 6?,No,-5.047067165374756,-4.865752696990967,-5.064670822779337,-4.676787706375122,0.017603657404580808,-0.18896499061584482,No,True,Yes,False
Arithmetic,1_digit_subtraction,'',Is 8 minus 5 equal to 3?,Yes,-5.343360900878906,-4.7931904792785645,-5.064670822779337,-4.676787706375122,-0.2786900780995696,-0.11640277290344248,No,False,No,False
Arithmetic,2_digit_addition,'',Is 35 plus 41 equal to 76?,Yes,-4.663979530334473,-4.231539726257324,-5.064670822779337,-4.676787706375122,0.400691292444864,0.44524798011779776,No,False,No,False
Arithmetic,2_digit_multiplication,'',Is 52 times 13 equal to 678?,No,-5.181326866149902,-4.758109092712402,-5.064670822779337,-4.676787706375122,-0.11665604337056568,-0.08132138633728037,No,True,No,True
Arithmetic,2_digit_multiplication,'',Is 80 times 84 equal to 6720?,Yes,-5.099166870117188,-4.7385029792785645,-5.064670822779337,-4.676787706375122,-0.03449604733785172,-0.061715272903442475,No,False,Yes,True
Arithmetic,2_digit_addition,'',Is 17 plus 95 equal to 221?,No,-4.992484092712402,-4.436757564544678,-5.064670822779337,-4.676787706375122,0.07218673006693432,0.24003014183044424,No,True,No,True
Arithmetic,2_digit_multiplication,'',Is 17 times 77 equal to 5736?,No,-5.095130920410156,-4.797022342681885,-5.064670822779337,-4.676787706375122,-0.030460097630819583,-0.12023463630676279,No,True,Yes,False
Arithmetic,1_digit_subtraction,'',Is 6 minus 9 equal to -3?,Yes,-5.778957843780518,-4.981081962585449,-5.064670822779337,-4.676787706375122,-0.7142870210011809,-0.30429425621032724,No,False,No,False
Arithmetic,1_digit_multiplication,'',Is 3 times 4 equal to 28?,No,-4.948208332061768,-4.829586505889893,-5.064670822779337,-4.676787706375122,0.11646249071756909,-0.1527987995147706,No,True,Yes,False
Arithmetic,2_digit_subtraction,'',Is 40 minus 80 equal to -40?,Yes,-5.469691753387451,-4.7934651374816895,-5.064670822779337,-4.676787706375122,-0.4050209306081145,-0.11667743110656748,No,False,No,False
Arithmetic,1_digit_subtraction,'',Is 6 minus 7 equal to 20?,No,-5.245746612548828,-4.56450080871582,-5.064670822779337,-4.676787706375122,-0.18107578976949146,0.11228689765930167,No,True,No,True
Arithmetic,1_digit_subtraction,'',Is 0 minus 6 equal to 69?,No,-5.299921035766602,-4.569923400878906,-5.064670822779337,-4.676787706375122,-0.2352502129872649,0.10686430549621573,No,True,No,True
Arithmetic,2_digit_subtraction,'',Is 41 minus 84 equal to -43?,Yes,-5.722625732421875,-4.993772506713867,-5.064670822779337,-4.676787706375122,-0.6579549096425383,-0.3169848003387452,No,False,No,False
Arithmetic,2_digit_subtraction,'',Is 27 minus 44 equal to -17?,Yes,-5.835548400878906,-5.101153373718262,-5.064670822779337,-4.676787706375122,-0.7708775780995696,-0.42436566734313974,No,False,No,False
Arithmetic,1_digit_addition,'',Is 7 plus 6 equal to 21?,No,-5.091344356536865,-4.599918365478516,-5.063414584994315,-4.6745454961061474,-0.027929771542550164,0.07462713062763182,No,True,No,True
Arithmetic,2_digit_subtraction,'',Is 44 minus 20 equal to 24?,Yes,-4.889190196990967,-4.396493911743164,-5.063414584994315,-4.6745454961061474,0.17422438800334827,0.2780515843629834,No,False,No,False
Arithmetic,1_digit_addition,'',Is 1 plus 0 equal to 3?,No,-5.350825309753418,-5.168070793151856,-5.063414584994315,-4.6745454961061474,-0.2874107247591029,-0.4935252970457089,No,True,Yes,False
Arithmetic,2_digit_subtraction,'',Is 56 minus 65 equal to 34?,No,-5.190212726593018,-4.639882564544678,-5.063414584994315,-4.6745454961061474,-0.1267981415987025,0.03466293156146971,No,True,No,True
Arithmetic,1_digit_subtraction,'',Is 6 minus 9 equal to 93?,No,-5.000555038452148,-4.319510459899902,-5.063414584994315,-4.6745454961061474,0.06285954654216663,0.3550350362062451,No,True,No,True
Arithmetic,2_digit_addition,'',Is 21 plus 19 equal to 16?,No,-4.964053153991699,-4.530967712402344,-5.063414584994315,-4.6745454961061474,0.09936143100261585,0.1435777837038037,No,True,No,True
Arithmetic,1_digit_addition,'',Is 0 plus 4 equal to 2?,No,-5.31667947769165,-4.957000732421875,-5.063414584994315,-4.6745454961061474,-0.2532648926973353,-0.28245523631572755,No,True,Yes,False
Arithmetic,1_digit_multiplication,'',Is 0 times 7 equal to 9?,No,-5.137250900268555,-5.028683185577393,-5.063414584994315,-4.6745454961061474,-0.07383631527423962,-0.35413768947124513,No,True,Yes,False
Arithmetic,2_digit_addition,'',Is 54 plus 37 equal to 91?,Yes,-4.442922592163086,-4.135950088500977,-5.063414584994315,-4.6745454961061474,0.6204919928312291,0.5385954076051709,No,False,Yes,True
Arithmetic,1_digit_addition,'',Is 6 plus 1 equal to 7?,Yes,-5.299280643463135,-4.8678154945373535,-5.063414584994315,-4.6745454961061474,-0.2358660584688197,-0.19326999843120607,No,False,No,False
Arithmetic,1_digit_addition,'',Is 0 plus 3 equal to 7?,No,-5.355438232421875,-4.929298400878906,-5.063414584994315,-4.6745454961061474,-0.29202364742755993,-0.2547529047727588,No,True,No,True
Arithmetic,2_digit_multiplication,'',Is 71 times 95 equal to 6541?,No,-5.092366695404053,-4.795586109161377,-5.063414584994315,-4.6745454961061474,-0.028952110409737664,-0.1210406130552295,No,True,Yes,False
Arithmetic,1_digit_multiplication,'',Is 4 times 5 equal to 20?,Yes,-5.017210006713867,-4.651553153991699,-5.063414584994315,-4.6745454961061474,0.04620457828044788,0.022992342114448228,No,False,Yes,True
Arithmetic,1_digit_multiplication,'',Is 7 times 9 equal to 92?,No,-4.821897506713867,-4.51793909072876,-5.063414584994315,-4.6745454961061474,0.24151707828044788,0.15660640537738768,No,True,Yes,False
Arithmetic,2_digit_addition,'',Is 36 plus 18 equal to 54?,Yes,-4.684206962585449,-4.31321382522583,-5.063414584994315,-4.6745454961061474,0.37920762240886585,0.36133167088031737,No,False,Yes,True
Arithmetic,1_digit_addition,'',Is 7 plus 6 equal to 13?,Yes,-5.315395832061768,-4.760928153991699,-5.063414584994315,-4.6745454961061474,-0.2519812470674525,-0.08638265788555177,No,False,No,False
Arithmetic,1_digit_subtraction,'',Is 6 minus 3 equal to 5?,No,-5.257403373718262,-4.763681411743164,-5.063414584994315,-4.6745454961061474,-0.19398878872394665,-0.08913591563701662,No,True,No,True
Arithmetic,1_digit_subtraction,'',Is 7 minus 0 equal to 5?,No,-5.330837726593018,-4.842209339141846,-5.063414584994315,-4.6745454961061474,-0.2674231415987025,-0.16766384303569826,No,True,No,True
Arithmetic,1_digit_multiplication,'',Is 4 times 3 equal to 26?,No,-4.865898609161377,-4.624590873718262,-5.063414584994315,-4.6745454961061474,0.19751597583293812,0.04995462238788573,No,True,Yes,False
Arithmetic,2_digit_multiplication,'',Is 22 times 47 equal to 1034?,Yes,-5.27672290802002,-4.854458332061768,-5.063414584994315,-4.6745454961061474,-0.21330832302570535,-0.17991283595562013,No,False,No,False
Arithmetic,1_digit_multiplication,'',Is 2 times 5 equal to 10?,Yes,-5.015103340148926,-4.961234092712402,-5.063414584994315,-4.6745454961061474,0.04831124484538929,-0.2866885966062549,No,False,Yes,True
Arithmetic,1_digit_addition,'',Is 6 plus 9 equal to 15?,Yes,-5.01949405670166,-4.586143970489502,-5.063414584994315,-4.6745454961061474,0.043920528292654915,0.0884015256166455,No,False,No,False
Arithmetic,2_digit_addition,'',Is 50 plus 92 equal to 175?,No,-4.9653401374816895,-4.407546520233154,-5.063414584994315,-4.6745454961061474,0.09807444751262562,0.26699897587299315,No,True,No,True
Arithmetic,2_digit_multiplication,'',Is 24 times 78 equal to 1872?,Yes,-4.890817165374756,-4.71325159072876,-5.063414584994315,-4.6745454961061474,0.1725974196195592,-0.03870609462261232,No,False,Yes,True
Arithmetic,2_digit_addition,'',Is 54 plus 13 equal to 67?,Yes,-4.65856409072876,-4.351280212402344,-5.063414584994315,-4.6745454961061474,0.4048504942655553,0.3232652837038037,No,False,Yes,True
Arithmetic,1_digit_multiplication,'',Is 4 times 1 equal to 4?,Yes,-4.721645832061768,-4.853024005889893,-5.063414584994315,-4.6745454961061474,0.3417687529325475,-0.17847850978374513,Yes,True,Yes,True
Arithmetic,2_digit_addition,'',Is 51 plus 58 equal to 387?,No,-4.915647506713867,-4.487490653991699,-5.063414584994315,-4.6745454961061474,0.14776707828044788,0.18705484211444823,No,True,No,True
Arithmetic,2_digit_addition,'',Is 23 plus 47 equal to 70?,Yes,-4.712399005889893,-4.341180801391602,-5.063414584994315,-4.6745454961061474,0.3510155791044225,0.3333646947145459,No,False,Yes,True
Arithmetic,2_digit_multiplication,'',Is 61 times 62 equal to 9267?,No,-4.96511697769165,-4.73766040802002,-5.063414584994315,-4.6745454961061474,0.09829760730266468,-0.06311491191387297,No,True,Yes,False
Arithmetic,2_digit_subtraction,'',Is 47 minus 97 equal to 158?,No,-5.1213154792785645,-4.443957328796387,-5.063414584994315,-4.6745454961061474,-0.05790089428424938,0.23058816730976073,No,True,No,True
Arithmetic,1_digit_addition,'',Is 5 plus 1 equal to 6?,Yes,-5.028860092163086,-4.78196382522583,-5.063414584994315,-4.6745454961061474,0.03455449283122913,-0.10741832911968263,No,False,Yes,True
Arithmetic,1_digit_addition,'',Is 9 plus 5 equal to 14?,Yes,-5.068668365478516,-4.635883331298828,-5.063414584994315,-4.6745454961061474,-0.005253780484200554,0.03866216480731932,No,False,No,False
Arithmetic,1_digit_multiplication,'',Is 1 times 3 equal to 1?,No,-4.960548400878906,-5.153387069702148,-5.063414584994315,-4.6745454961061474,0.10286618411540882,-0.478841573596001,Yes,False,Yes,False
Arithmetic,2_digit_addition,'',Is 12 plus 66 equal to 78?,Yes,-4.915524005889893,-4.358572959899902,-5.063414584994315,-4.6745454961061474,0.1478905791044225,0.3159725362062451,No,False,No,False
Arithmetic,2_digit_subtraction,'',Is 81 minus 38 equal to 43?,Yes,-4.985874652862549,-4.562090873718262,-5.063414584994315,-4.6745454961061474,0.07753993213176624,0.11245462238788573,No,False,No,False
Arithmetic,1_digit_addition,'',Is 7 plus 3 equal to 33?,No,-5.06395149230957,-4.69602632522583,-5.063414584994315,-4.6745454961061474,-0.0005369073152552417,-0.021480829119682632,No,True,Yes,False
Arithmetic,2_digit_addition,'',Is 40 plus 28 equal to 47?,No,-4.9062581062316895,-4.347892284393311,-5.063414584994315,-4.6745454961061474,0.15715647876262562,0.326653211712836,No,True,No,True
Arithmetic,2_digit_addition,'',Is 90 plus 66 equal to 156?,Yes,-4.725021839141846,-4.292200088500977,-5.063414584994315,-4.6745454961061474,0.33839274585246937,0.3823454076051709,No,False,No,False
Arithmetic,2_digit_subtraction,'',Is 66 minus 78 equal to -12?,Yes,-5.508833408355713,-4.7787251472473145,-5.063414584994315,-4.6745454961061474,-0.4454188233613978,-0.104179651141167,No,False,No,False
Arithmetic,2_digit_addition,'',Is 24 plus 95 equal to 454?,No,-5.138219356536865,-4.705530643463135,-5.063414584994315,-4.6745454961061474,-0.07480477154255016,-0.03098514735698732,No,True,No,True
Arithmetic,2_digit_subtraction,'',Is 98 minus 48 equal to 50?,Yes,-4.964496612548828,-4.40825080871582,-5.063414584994315,-4.6745454961061474,0.09891797244548695,0.26629468739032713,No,False,No,False
Arithmetic,2_digit_subtraction,'',Is 67 minus 88 equal to -21?,Yes,-5.804492473602295,-5.074320793151856,-5.063414584994315,-4.6745454961061474,-0.7410778886079799,-0.3997752970457089,No,False,No,False
Arithmetic,1_digit_addition,'',Is 8 plus 3 equal to 11?,Yes,-4.9416279792785645,-4.510928153991699,-5.063414584994315,-4.6745454961061474,0.12178660571575062,0.16361734211444823,No,False,No,False
Arithmetic,2_digit_addition,'',Is 17 plus 32 equal to 91?,No,-4.501461505889893,-4.255868911743164,-5.063414584994315,-4.6745454961061474,0.5619530791044225,0.4186765843629834,No,True,Yes,False
Arithmetic,1_digit_subtraction,'',Is 2 minus 2 equal to 0?,Yes,-5.341228485107422,-4.851709842681885,-5.063414584994315,-4.6745454961061474,-0.2778139001131068,-0.17716434657573732,No,False,No,False
Arithmetic,1_digit_subtraction,'',Is 4 minus 1 equal to 6?,No,-5.265215873718262,-4.709582328796387,-5.063414584994315,-4.6745454961061474,-0.20180128872394665,-0.03503683269023927,No,True,No,True
Arithmetic,2_digit_addition,'',Is 47 plus 41 equal to 19?,No,-5.108637809753418,-4.6215901374816895,-5.063414584994315,-4.6745454961061474,-0.0452232247591029,0.05295535862445799,No,True,No,True
Arithmetic,1_digit_addition,'',Is 8 plus 6 equal to 33?,No,-5.009397506713867,-4.51793909072876,-5.063414584994315,-4.6745454961061474,0.05401707828044788,0.15660640537738768,No,True,No,True
Arithmetic,1_digit_subtraction,'',Is 6 minus 7 equal to -1?,Yes,-5.556187152862549,-4.819903373718262,-5.063414584994315,-4.6745454961061474,-0.49277256786823376,-0.14535787761211427,No,False,No,False
Arithmetic,2_digit_addition,'',Is 53 plus 76 equal to 129?,Yes,-4.748909950256348,-4.382729530334473,-5.063414584994315,-4.6745454961061474,0.3145046347379674,0.2918159657716748,No,False,Yes,True
Arithmetic,1_digit_addition,'',Is 5 plus 6 equal to 11?,Yes,-5.055242538452148,-4.559930801391602,-5.064936867882222,-4.676182432735667,0.009694329430073978,0.11625163134406513,No,False,No,False
Arithmetic,1_digit_addition,'',Is 9 plus 0 equal to 9?,Yes,-4.807803153991699,-4.500206470489502,-5.064936867882222,-4.676182432735667,0.2571337138905232,0.17597596224616474,No,False,Yes,True
Arithmetic,1_digit_addition,'',Is 2 plus 4 equal to 4?,No,-4.909145832061768,-4.727117538452148,-5.064936867882222,-4.676182432735667,0.15579103582045484,-0.05093510571648174,No,True,Yes,False
Arithmetic,2_digit_addition,'',Is 85 plus 95 equal to 672?,No,-4.961129665374756,-4.594305038452148,-5.064936867882222,-4.676182432735667,0.10380720250746656,0.08187739428351826,No,True,Yes,False
Arithmetic,2_digit_subtraction,'',Is 36 minus 70 equal to -34?,Yes,-5.771041870117188,-5.0353779792785645,-5.064936867882222,-4.676182432735667,-0.706105002234966,-0.35919554654289776,No,False,No,False
Arithmetic,1_digit_addition,'',Is 6 plus 8 equal to 64?,No,-4.810959339141846,-4.378655433654785,-5.064936867882222,-4.676182432735667,0.2539775287403767,0.29752699908088154,No,True,No,True
Arithmetic,1_digit_subtraction,'',Is 2 minus 6 equal to 96?,No,-5.045943737030029,-4.553146839141846,-5.064936867882222,-4.676182432735667,0.01899313085219312,0.12303559359382099,No,True,No,True
Arithmetic,2_digit_multiplication,'',Is 17 times 52 equal to 469?,No,-5.19078540802002,-4.889336109161377,-5.064936867882222,-4.676182432735667,-0.125848540137798,-0.21315367642571026,No,True,Yes,False
Arithmetic,1_digit_multiplication,'',Is 8 times 3 equal to 62?,No,-4.897148609161377,-4.717315196990967,-5.064936867882222,-4.676182432735667,0.16778825872084546,-0.0411327642553001,No,True,Yes,False
Arithmetic,2_digit_subtraction,'',Is 44 minus 63 equal to -19?,Yes,-5.844770908355713,-5.049770832061768,-5.064936867882222,-4.676182432735667,-0.7798340404734905,-0.3735883993261009,No,False,No,False
Arithmetic,2_digit_addition,'',Is 72 plus 42 equal to 114?,Yes,-4.884312152862549,-4.4572529792785645,-5.064936867882222,-4.676182432735667,0.1806247150196736,0.21892945345710224,No,False,No,False
Arithmetic,2_digit_subtraction,'',Is 75 minus 91 equal to 994?,No,-5.052450656890869,-4.561757564544678,-5.064936867882222,-4.676182432735667,0.012486210991353275,0.11442486819098896,No,True,No,True
Arithmetic,2_digit_addition,'',Is 90 plus 39 equal to 169?,No,-4.955662727355957,-4.39915132522583,-5.064936867882222,-4.676182432735667,0.10927414052626538,0.2770311075098366,No,True,No,True
Arithmetic,1_digit_subtraction,'',Is 0 minus 2 equal to -2?,Yes,-5.945844650268555,-5.344770908355713,-5.064936867882222,-4.676182432735667,-0.8809077823863323,-0.6685884756200462,No,False,No,False
Arithmetic,1_digit_subtraction,'',Is 2 minus 8 equal to -6?,Yes,-5.662679195404053,-5.054879665374756,-5.064936867882222,-4.676182432735667,-0.5977423275218303,-0.37869723263908917,No,False,No,False
Arithmetic,2_digit_subtraction,'',Is 22 minus 77 equal to 540?,No,-5.045586109161377,-4.615752696990967,-5.064936867882222,-4.676182432735667,0.019350758720845462,0.0604297357446999,No,True,No,True
Arithmetic,1_digit_subtraction,'',Is 2 minus 0 equal to 2?,Yes,-5.544479370117188,-5.242379665374756,-5.064936867882222,-4.676182432735667,-0.479542502234966,-0.5661972326390892,No,False,Yes,True
Arithmetic,1_digit_addition,'',Is 0 plus 7 equal to 7?,Yes,-5.333370685577393,-4.970389366149902,-5.064936867882222,-4.676182432735667,-0.26843381769517016,-0.29420693341423565,No,False,Yes,True
Arithmetic,1_digit_addition,'',Is 4 plus 8 equal to 12?,Yes,-4.961492538452148,-4.404894828796387,-5.064936867882222,-4.676182432735667,0.10344432943007398,0.27128760393928,No,False,No,False
Arithmetic,2_digit_multiplication,'',Is 38 times 70 equal to 4210?,No,-5.087437152862549,-4.663653373718262,-5.064936867882222,-4.676182432735667,-0.022500284980326413,0.012529059017404975,No,True,No,True
Arithmetic,1_digit_multiplication,'',Is 9 times 9 equal to 81?,Yes,-4.727117538452148,-4.546072959899902,-5.064936867882222,-4.676182432735667,0.337819329430074,0.13010947283576435,No,False,Yes,True
Arithmetic,2_digit_addition,'',Is 83 plus 61 equal to 682?,No,-4.845249652862549,-4.607940196990967,-5.064936867882222,-4.676182432735667,0.2196872150196736,0.0682422357446999,No,True,Yes,False
Arithmetic,2_digit_addition,'',Is 13 plus 86 equal to 70?,No,-4.878434658050537,-4.384737491607666,-5.064936867882222,-4.676182432735667,0.1865022098316853,0.2914449411280007,No,True,No,True
Arithmetic,1_digit_addition,'',Is 1 plus 1 equal to 6?,No,-5.125192165374756,-4.944903373718262,-5.064936867882222,-4.676182432735667,-0.060255297492533444,-0.268720940982595,No,True,Yes,False
Arithmetic,2_digit_addition,'',Is 49 plus 20 equal to 69?,Yes,-4.933246612548828,-4.4375081062316895,-5.064936867882222,-4.676182432735667,0.1316902553333943,0.23867432650397724,No,False,No,False
Arithmetic,2_digit_addition,'',Is 22 plus 62 equal to 84?,Yes,-4.698747158050537,-4.454421520233154,-5.064936867882222,-4.676182432735667,0.3661897098316853,0.2217609125025124,No,False,Yes,True
Arithmetic,1_digit_subtraction,'',Is 5 minus 7 equal to -2?,Yes,-5.708074569702148,-4.969305038452148,-5.064936867882222,-4.676182432735667,-0.643137701819926,-0.29312260571648174,No,False,No,False
Arithmetic,2_digit_multiplication,'',Is 57 times 82 equal to 4674?,Yes,-5.093555450439453,-4.927291870117188,-5.064936867882222,-4.676182432735667,-0.02861858255723071,-0.2511094373815217,No,False,Yes,True
Arithmetic,1_digit_addition,'',Is 2 plus 6 equal to 8?,Yes,-5.015817165374756,-4.772002696990967,-5.064936867882222,-4.676182432735667,0.049119702507466556,-0.0958202642553001,No,False,Yes,True
Arithmetic,1_digit_multiplication,'',Is 2 times 4 equal to 1?,No,-4.991703510284424,-4.999478340148926,-5.064936867882222,-4.676182432735667,0.07323335759779859,-0.3232959074132591,Yes,False,Yes,False
Arithmetic,2_digit_addition,'',Is 55 plus 38 equal to 95?,No,-4.6171956062316895,-4.184287071228027,-5.064936867882222,-4.676182432735667,0.44774126165053296,0.49189536150763935,No,True,No,True
Arithmetic,1_digit_subtraction,'',Is 7 minus 0 equal to 7?,Yes,-5.445504665374756,-4.893740653991699,-5.064936867882222,-4.676182432735667,-0.38056779749253344,-0.21755822125603252,No,False,No,False
Arithmetic,2_digit_multiplication,'',Is 29 times 21 equal to 609?,Yes,-5.155491352081299,-4.856969356536865,-5.064936867882222,-4.676182432735667,-0.09055448419907641,-0.18078692380119854,No,False,Yes,True
Arithmetic,2_digit_subtraction,'',Is 73 minus 48 equal to 25?,Yes,-4.951836109161377,-4.399899005889893,-5.064936867882222,-4.676182432735667,0.11310075872084546,0.2762834268457741,No,False,No,False
Arithmetic,1_digit_subtraction,'',Is 1 minus 1 equal to 0?,Yes,-5.282749652862549,-4.7931904792785645,-5.064936867882222,-4.676182432735667,-0.2178127849803264,-0.11700804654289776,No,False,No,False
Arithmetic,1_digit_addition,'',Is 4 plus 5 equal to 4?,No,-4.935000419616699,-4.564424991607666,-5.064936867882222,-4.676182432735667,0.1299364482655232,0.11175744112800068,No,True,Yes,False
Arithmetic,2_digit_addition,'',Is 23 plus 72 equal to 34?,No,-4.885708332061768,-4.579586505889893,-5.064936867882222,-4.676182432735667,0.17922853582045484,0.09659592684577412,No,True,Yes,False
Arithmetic,1_digit_addition,'',Is 1 plus 2 equal to 6?,No,-5.108086109161377,-4.9271626472473145,-5.064936867882222,-4.676182432735667,-0.04314924127915454,-0.25098021451164776,No,True,Yes,False
Arithmetic,2_digit_subtraction,'',Is 59 minus 25 equal to 80?,No,-4.866778373718262,-4.435556411743164,-5.064936867882222,-4.676182432735667,0.1981584941639607,0.24062602099250263,No,True,No,True
Arithmetic,1_digit_multiplication,'',Is 2 times 2 equal to 4?,Yes,-4.915004253387451,-5.0481858253479,-5.064936867882222,-4.676182432735667,0.14993261449477124,-0.3720033926122337,Yes,True,Yes,True
Arithmetic,2_digit_subtraction,'',Is 72 minus 97 equal to 549?,No,-5.225825309753418,-4.611780643463135,-5.064936867882222,-4.676182432735667,-0.16088844187119555,0.06440178927253193,No,True,No,True
Arithmetic,2_digit_multiplication,'',Is 30 times 74 equal to 4045?,No,-4.978062152862549,-4.674770832061768,-5.064936867882222,-4.676182432735667,0.08687471501967359,0.001411600673899116,No,True,Yes,False
Arithmetic,1_digit_multiplication,'',Is 3 times 8 equal to 78?,No,-4.980750560760498,-4.739797592163086,-5.064936867882222,-4.676182432735667,0.08418630712172437,-0.06361515942741924,No,True,Yes,False
Arithmetic,2_digit_subtraction,'',Is 40 minus 81 equal to 105?,No,-5.102117538452148,-4.546072959899902,-5.064936867882222,-4.676182432735667,-0.03718067056992602,0.13010947283576435,No,True,No,True
Arithmetic,1_digit_multiplication,'',Is 7 times 3 equal to 21?,Yes,-5.085548400878906,-4.8478779792785645,-5.064936867882222,-4.676182432735667,-0.020611532996683835,-0.17169554654289776,No,False,Yes,True
Arithmetic,2_digit_addition,'',Is 85 plus 95 equal to 180?,Yes,-4.6919026374816895,-4.382729530334473,-5.064936867882222,-4.676182432735667,0.37303423040053296,0.29345290240119404,No,False,Yes,True
Arithmetic,2_digit_multiplication,'',Is 19 times 53 equal to 2646?,No,-5.170491695404053,-4.934637069702148,-5.064936867882222,-4.676182432735667,-0.10555482752183032,-0.25845463696648174,No,True,Yes,False
Arithmetic,2_digit_subtraction,'',Is 61 minus 61 equal to 5?,No,-5.313520908355713,-4.831020832061768,-5.064936867882222,-4.676182432735667,-0.24858404047349048,-0.15483839932610088,No,True,No,True
Arithmetic,1_digit_addition,'',Is 4 plus 3 equal to 3?,No,-5.032711505889893,-4.599618911743164,-5.064936867882222,-4.676182432735667,0.03222536199232984,0.07656352099250263,No,True,No,True
Arithmetic,1_digit_addition,'',Is 4 plus 4 equal to 8?,Yes,-4.935959339141846,-4.503655433654785,-5.064936867882222,-4.676182432735667,0.1289775287403767,0.17252699908088154,No,False,No,False
Arithmetic,1_digit_subtraction,'',Is 1 minus 2 equal to 20?,No,-5.424587726593018,-4.809206962585449,-5.064429505666096,-4.677090451452466,-0.3601582209269214,-0.13211651113298295,No,True,No,True
Arithmetic,2_digit_subtraction,'',Is 46 minus 52 equal to 38?,No,-5.109671592712402,-4.49418830871582,-5.064429505666096,-4.677090451452466,-0.04524208704630617,0.18290214273664596,No,True,No,True
Arithmetic,2_digit_multiplication,'',Is 43 times 32 equal to 2920?,No,-4.919353485107422,-4.620622158050537,-5.064429505666096,-4.677090451452466,0.1450760205586743,0.05646829340192916,No,True,Yes,False
Arithmetic,2_digit_multiplication,'',Is 17 times 93 equal to 7453?,No,-5.113250732421875,-4.94077730178833,-5.064429505666096,-4.677090451452466,-0.048821226755778824,-0.2636868503358638,No,True,Yes,False
Arithmetic,2_digit_addition,'',Is 27 plus 48 equal to 75?,Yes,-4.8975982666015625,-4.464529991149902,-5.064429505666096,-4.677090451452466,0.16683123906453368,0.21256046030256392,No,False,No,False
Arithmetic,2_digit_multiplication,'',Is 72 times 26 equal to 1872?,Yes,-4.88608980178833,-4.647002696990967,-5.064429505666096,-4.677090451452466,0.1783397038777661,0.030087754461499472,No,False,Yes,True
Arithmetic,1_digit_multiplication,'',Is 7 times 6 equal to 67?,No,-5.126499652862549,-4.826690196990967,-5.064429505666096,-4.677090451452466,-0.06207014719645265,-0.14959974553850053,No,True,Yes,False
Arithmetic,1_digit_addition,'',Is 4 plus 1 equal to 5?,Yes,-4.989797592163086,-4.620325088500977,-5.064429505666096,-4.677090451452466,0.07463191350301024,0.056765362951489706,No,False,Yes,True
Arithmetic,2_digit_addition,'',Is 94 plus 75 equal to 370?,No,-4.775022506713867,-4.345211505889893,-5.064429505666096,-4.677090451452466,0.289406998952229,0.3318789455625737,No,True,No,True
Arithmetic,2_digit_addition,'',Is 30 plus 53 equal to 39?,No,-4.6450276374816895,-4.3365654945373535,-5.064429505666096,-4.677090451452466,0.4194018681844067,0.34052495691511275,No,True,Yes,False
Arithmetic,2_digit_subtraction,'',Is 11 minus 89 equal to 658?,No,-5.243772506713867,-4.690615653991699,-5.064429505666096,-4.677090451452466,-0.179343001047771,-0.01352520253923295,No,True,No,True
Arithmetic,1_digit_subtraction,'',Is 2 minus 1 equal to 8?,No,-5.320504665374756,-4.954586505889893,-5.064429505666096,-4.677090451452466,-0.2560751597086597,-0.2774960544374263,No,True,Yes,False
Arithmetic,2_digit_addition,'',Is 60 plus 57 equal to 913?,No,-4.883004665374756,-4.452715873718262,-5.064429505666096,-4.677090451452466,0.18142484029134032,0.22437457773420455,No,True,No,True
Arithmetic,2_digit_multiplication,'',Is 60 times 85 equal to 5100?,Yes,-4.997594356536865,-4.630312919616699,-5.064429505666096,-4.677090451452466,0.06683514912923094,0.04677753183576705,No,False,Yes,True
Arithmetic,2_digit_addition,'',Is 66 plus 47 equal to 951?,No,-4.981512069702148,-4.491778373718262,-5.064429505666096,-4.677090451452466,0.08291743596394774,0.18531207773420455,No,True,No,True
Arithmetic,2_digit_subtraction,'',Is 31 minus 54 equal to 904?,No,-5.139336109161377,-4.587399005889893,-5.064429505666096,-4.677090451452466,-0.07490660349528078,0.08969144556257369,No,True,No,True
Arithmetic,1_digit_multiplication,'',Is 6 times 8 equal to 48?,Yes,-4.833700656890869,-4.652956962585449,-5.064429505666096,-4.677090451452466,0.23072884877522704,0.02413348886701705,No,False,Yes,True
Arithmetic,2_digit_multiplication,'',Is 26 times 17 equal to 442?,Yes,-5.12828540802002,-4.828317165374756,-5.064429505666096,-4.677090451452466,-0.06385590235392424,-0.1512267139222896,No,False,Yes,True
Arithmetic,2_digit_addition,'',Is 43 plus 57 equal to 100?,Yes,-4.581240653991699,-4.211143970489502,-5.064429505666096,-4.677090451452466,0.48318885167439696,0.4659464809629643,No,False,Yes,True
Arithmetic,2_digit_addition,'',Is 22 plus 98 equal to 120?,Yes,-4.7465901374816895,-4.314424991607666,-5.064429505666096,-4.677090451452466,0.3178393681844067,0.36266545984480025,No,False,No,False
Arithmetic,1_digit_addition,'',Is 6 plus 0 equal to 1?,No,-5.070504665374756,-4.640215873718262,-5.064429505666096,-4.677090451452466,-0.006075159708659683,0.03687457773420455,No,True,No,True
Arithmetic,1_digit_addition,'',Is 7 plus 9 equal to 16?,Yes,-4.966360092163086,-4.534905433654785,-5.064429505666096,-4.677090451452466,0.09806941350301024,0.1421850177976811,No,False,No,False
Arithmetic,1_digit_subtraction,'',Is 6 minus 0 equal to 6?,Yes,-5.325719356536865,-4.834293365478516,-5.064429505666096,-4.677090451452466,-0.26128985087076906,-0.15720291402604936,No,False,No,False
Arithmetic,1_digit_subtraction,'',Is 9 minus 9 equal to 7?,No,-5.143740653991699,-4.587034702301025,-5.064429505666096,-4.677090451452466,-0.07931114832560304,0.09005574915144088,No,True,No,True
Arithmetic,2_digit_subtraction,'',Is 26 minus 10 equal to 16?,Yes,-5.206684112548828,-4.588524341583252,-5.064429505666096,-4.677090451452466,-0.14225460688273195,0.08856610986921432,No,False,No,False
Arithmetic,2_digit_multiplication,'',Is 71 times 85 equal to 6035?,Yes,-5.063520908355713,-4.829710006713867,-5.064429505666096,-4.677090451452466,0.0009085973103832856,-0.15261955526140092,No,False,Yes,True
Arithmetic,1_digit_addition,'',Is 2 plus 7 equal to 9?,Yes,-4.96421480178833,-4.7240376472473145,-5.064429505666096,-4.677090451452466,0.1002147038777661,-0.046947195794848184,No,False,Yes,True
Arithmetic,1_digit_addition,'',Is 0 plus 9 equal to 9?,Yes,-5.090718746185303,-4.788325309753418,-5.064429505666096,-4.677090451452466,-0.026289240519206558,-0.1112348583009517,No,False,Yes,True
Arithmetic,2_digit_multiplication,'',Is 40 times 23 equal to 920?,Yes,-5.036199569702148,-4.6681904792785645,-5.064429505666096,-4.677090451452466,0.02822993596394774,0.008899972173901816,No,False,Yes,True
Arithmetic,2_digit_subtraction,'',Is 51 minus 67 equal to 309?,No,-5.044012069702148,-4.493649005889893,-5.064429505666096,-4.677090451452466,0.02041743596394774,0.1834414455625737,No,True,No,True
Arithmetic,2_digit_addition,'',Is 15 plus 65 equal to 10?,No,-4.83043909072876,-4.521493911743164,-5.064429505666096,-4.677090451452466,0.2339904149373364,0.1555965397093022,No,True,Yes,False
Arithmetic,1_digit_addition,'',Is 0 plus 2 equal to 2?,Yes,-5.349850177764893,-5.047895908355713,-5.064429505666096,-4.677090451452466,-0.2854206720987964,-0.3708054569032466,No,False,Yes,True
Arithmetic,1_digit_subtraction,'',Is 1 minus 2 equal to -1?,Yes,-5.704145908355713,-5.156442165374756,-5.064429505666096,-4.677090451452466,-0.6397164026896167,-0.4793517139222896,No,False,No,False
Arithmetic,1_digit_multiplication,'',Is 3 times 2 equal to 7?,No,-5.008754253387451,-5.0169358253479,-5.064429505666096,-4.677090451452466,0.055675252278645004,-0.3398453738954341,Yes,False,Yes,False
Arithmetic,1_digit_subtraction,'',Is 8 minus 2 equal to 6?,Yes,-5.236896991729736,-4.7465901374816895,-5.064429505666096,-4.677090451452466,-0.17246748606364015,-0.06949968602922318,No,False,No,False
Arithmetic,2_digit_multiplication,'',Is 95 times 81 equal to 3935?,No,-5.129781246185303,-4.771031856536865,-5.064429505666096,-4.677090451452466,-0.06535174051920656,-0.09394140508439897,No,True,Yes,False
Arithmetic,2_digit_subtraction,'',Is 36 minus 81 equal to -45?,Yes,-5.308326244354248,-4.697850227355957,-5.064429505666096,-4.677090451452466,-0.24389673868815187,-0.020759775903490763,No,False,No,False
Arithmetic,2_digit_addition,'',Is 97 plus 80 equal to 177?,Yes,-4.7931904792785645,-4.363952159881592,-5.064429505666096,-4.677090451452466,0.2712390263875317,0.31313829157087447,No,False,No,False
Arithmetic,2_digit_multiplication,'',Is 83 times 70 equal to 5810?,Yes,-4.981979370117188,-4.7463154792785645,-5.064429505666096,-4.677090451452466,0.08245013554890779,-0.06922502782609818,No,False,Yes,True
Arithmetic,1_digit_multiplication,'',Is 8 times 6 equal to 48?,Yes,-4.809637069702148,-4.631377696990967,-5.064429505666096,-4.677090451452466,0.25479243596394774,0.04571275446149947,No,False,Yes,True
Arithmetic,1_digit_subtraction,'',Is 1 minus 3 equal to -2?,Yes,-5.91734790802002,-5.307583332061768,-5.064429505666096,-4.677090451452466,-0.8529184023539242,-0.6304928806093013,No,False,No,False
Arithmetic,1_digit_addition,'',Is 3 plus 3 equal to 4?,No,-4.7968831062316895,-4.675530433654785,-5.064429505666096,-4.677090451452466,0.2675463994344067,0.0015600177976811125,No,True,Yes,False
Arithmetic,1_digit_multiplication,'',Is 8 times 0 equal to 6?,No,-4.899818420410156,-4.785258293151856,-5.064429505666096,-4.677090451452466,0.16461108525593993,-0.10816784169939009,No,True,Yes,False
Arithmetic,1_digit_addition,'',Is 6 plus 5 equal to 11?,Yes,-5.077715873718262,-4.582702159881592,-5.064429505666096,-4.677090451452466,-0.013286368052165543,0.09438829157087447,No,False,No,False
Arithmetic,2_digit_multiplication,'',Is 14 times 67 equal to 890?,No,-4.920586109161377,-4.681149005889893,-5.064429505666096,-4.677090451452466,0.14384339650471922,-0.004058554437426309,No,True,Yes,False
Arithmetic,1_digit_addition,'',Is 1 plus 5 equal to 6?,Yes,-5.012000560760498,-4.89207649230957,-5.064429505666096,-4.677090451452466,0.05242894490559813,-0.21498604085710404,No,False,Yes,True
Arithmetic,1_digit_addition,'',Is 9 plus 6 equal to 57?,No,-4.83043909072876,-4.397635459899902,-5.064429505666096,-4.677090451452466,0.2339904149373364,0.2794549915525639,No,True,No,True
Arithmetic,1_digit_multiplication,'',Is 2 times 7 equal to 14?,Yes,-5.22203540802002,-5.109567165374756,-5.064429505666096,-4.677090451452466,-0.15760590235392424,-0.4324767139222896,No,False,Yes,True
Arithmetic,1_digit_addition,'',Is 0 plus 7 equal to 8?,No,-5.205802440643311,-4.905728340148926,-5.064429505666096,-4.677090451452466,-0.14137293497721526,-0.2286378886964595,No,True,Yes,False
Arithmetic,1_digit_addition,'',Is 2 plus 1 equal to 3?,Yes,-5.100472450256348,-4.9809651374816895,-5.064429505666096,-4.677090451452466,-0.03604294459025148,-0.3038746860292232,No,False,Yes,True
Arithmetic,1_digit_multiplication,'',Is 3 times 8 equal to 24?,Yes,-4.716344356536865,-4.662418365478516,-5.066823969891196,-4.679569841686047,0.35047961335433087,0.017151476207531324,No,False,Yes,True
Arithmetic,1_digit_multiplication,'',Is 2 times 9 equal to 18?,Yes,-4.934637069702148,-4.8802876472473145,-5.066823969891196,-4.679569841686047,0.13218690018904766,-0.2007178055612675,No,False,Yes,True
Arithmetic,2_digit_subtraction,'',Is 11 minus 72 equal to -61?,Yes,-5.583541870117188,-4.8490376472473145,-5.066823969891196,-4.679569841686047,-0.5167179002259923,-0.1694678055612675,No,False,No,False
Arithmetic,2_digit_subtraction,'',Is 51 minus 91 equal to -40?,Yes,-5.372604370117188,-4.764190196990967,-5.066823969891196,-4.679569841686047,-0.3057804002259923,-0.08462035530491985,No,False,No,False
Arithmetic,2_digit_subtraction,'',Is 48 minus 62 equal to 948?,No,-5.153387069702148,-4.539617538452148,-5.066823969891196,-4.679569841686047,-0.08656309981095234,0.1399523032338985,No,True,No,True
Arithmetic,2_digit_subtraction,'',Is 36 minus 58 equal to -22?,Yes,-5.407749652862549,-4.672430038452148,-5.066823969891196,-4.679569841686047,-0.34092568297135273,0.007139803233898512,No,False,No,False
Arithmetic,1_digit_multiplication,'',Is 6 times 4 equal to 33?,No,-5.071254253387451,-4.830530643463135,-5.066823969891196,-4.679569841686047,-0.004430283496255072,-0.15096080177708782,No,True,Yes,False
Arithmetic,2_digit_multiplication,'',Is 25 times 15 equal to 375?,Yes,-5.057583332061768,-4.688961505889893,-5.066823969891196,-4.679569841686047,0.009240637829428522,-0.009391664203845629,No,False,Yes,True
Arithmetic,1_digit_subtraction,'',Is 2 minus 9 equal to 59?,No,-5.101754665374756,-4.610836505889893,-5.066823969891196,-4.679569841686047,-0.03493069548355976,0.06873333579615437,No,True,No,True
Arithmetic,2_digit_multiplication,'',Is 98 times 32 equal to 5963?,No,-5.169479370117188,-4.8713154792785645,-5.066823969891196,-4.679569841686047,-0.10265540022599229,-0.1917456375925175,No,True,Yes,False
Arithmetic,2_digit_addition,'',Is 94 plus 65 equal to 159?,Yes,-4.639190196990967,-4.270868301391602,-5.066823969891196,-4.679569841686047,0.4276337729002293,0.4087015402944454,No,False,Yes,True
Arithmetic,2_digit_subtraction,'',Is 46 minus 22 equal to 24?,Yes,-5.095335006713867,-4.54293155670166,-5.066823969891196,-4.679569841686047,-0.028511036822671088,0.1366382849843868,No,False,No,False
Arithmetic,1_digit_subtraction,'',Is 8 minus 7 equal to 2?,No,-5.33922290802002,-4.851754665374756,-5.066823969891196,-4.679569841686047,-0.2723989381288243,-0.1721848236887089,No,True,No,True
Arithmetic,1_digit_addition,'',Is 0 plus 8 equal to 1?,No,-5.123287677764893,-4.821333408355713,-5.066823969891196,-4.679569841686047,-0.05646370787369648,-0.14176356666966594,No,True,Yes,False
Arithmetic,1_digit_subtraction,'',Is 6 minus 2 equal to 6?,No,-5.2787251472473145,-4.786493301391602,-5.066823969891196,-4.679569841686047,-0.21190117735611835,-0.10692345970555461,No,True,No,True
Arithmetic,2_digit_multiplication,'',Is 70 times 65 equal to 4550?,Yes,-5.034145832061768,-4.604678153991699,-5.066823969891196,-4.679569841686047,0.03267813782942852,0.07489168769434773,No,False,No,False
Arithmetic,1_digit_multiplication,'',Is 4 times 4 equal to 12?,No,-5.018520832061768,-4.776553153991699,-5.066823969891196,-4.679569841686047,0.04830313782942852,-0.09698331230565227,No,True,Yes,False
Arithmetic,2_digit_multiplication,'',Is 62 times 68 equal to 4216?,Yes,-4.989620685577393,-4.698025226593018,-5.066823969891196,-4.679569841686047,0.07720328431380352,-0.01845538490697063,No,False,Yes,True
Arithmetic,1_digit_subtraction,'',Is 6 minus 3 equal to 3?,Yes,-5.404013156890869,-4.850021839141846,-5.066823969891196,-4.679569841686047,-0.33718918699967304,-0.17045199745579875,No,False,No,False
Arithmetic,1_digit_subtraction,'',Is 8 minus 9 equal to 63?,No,-5.1135029792785645,-4.497430801391602,-5.066823969891196,-4.679569841686047,-0.04667900938736835,0.1821390402944454,No,True,No,True
Arithmetic,1_digit_addition,'',Is 1 plus 3 equal to 5?,No,-5.026333332061768,-4.905840873718262,-5.066823969891196,-4.679569841686047,0.04049063782942852,-0.22627103203221477,No,True,Yes,False
Arithmetic,2_digit_addition,'',Is 58 plus 83 equal to 467?,No,-5.046485900878906,-4.6213154792785645,-5.066823969891196,-4.679569841686047,0.02033806901228985,0.058254362407482496,No,True,No,True
Arithmetic,2_digit_addition,'',Is 46 plus 20 equal to 66?,Yes,-5.040647506713867,-4.549990653991699,-5.066823969891196,-4.679569841686047,0.026176463177328912,0.12957918769434773,No,False,No,False
Arithmetic,2_digit_multiplication,'',Is 12 times 46 equal to 552?,Yes,-5.152625560760498,-4.786672592163086,-5.066823969891196,-4.679569841686047,-0.08580159086930195,-0.10710275047703899,No,False,Yes,True
Arithmetic,1_digit_subtraction,'',Is 3 minus 6 equal to -3?,Yes,-5.804165840148926,-5.129519462585449,-5.066823969891196,-4.679569841686047,-0.7373418702577297,-0.44994962089940227,No,False,No,False
Arithmetic,1_digit_multiplication,'',Is 0 times 5 equal to 2?,No,-5.31704568862915,-5.324985504150391,-5.066823969891196,-4.679569841686047,-0.2502217187379543,-0.6454156624643437,Yes,False,Yes,False
Arithmetic,2_digit_subtraction,'',Is 96 minus 78 equal to 83?,No,-5.0403733253479,-4.548799991607666,-5.066823969891196,-4.679569841686047,0.02645064454329571,0.13076985007838093,No,True,No,True
Arithmetic,2_digit_multiplication,'',Is 76 times 56 equal to 4256?,Yes,-5.069648742675781,-4.780728340148926,-5.066823969891196,-4.679569841686047,-0.00282477278458515,-0.10115849846287883,No,False,Yes,True
Arithmetic,2_digit_addition,'',Is 59 plus 82 equal to 133?,No,-4.712522506713867,-4.470211505889893,-5.066823969891196,-4.679569841686047,0.3543014631773289,0.20935833579615437,No,True,Yes,False
Arithmetic,1_digit_addition,'',Is 8 plus 0 equal to 7?,No,-5.162773609161377,-4.672430038452148,-5.066823969891196,-4.679569841686047,-0.09594963927018085,0.007139803233898512,No,True,No,True
Arithmetic,2_digit_multiplication,'',Is 97 times 64 equal to 6466?,No,-4.846462726593018,-4.545334339141846,-5.066823969891196,-4.679569841686047,0.22036124329817852,0.13423550254420125,No,True,Yes,False
Arithmetic,2_digit_multiplication,'',Is 92 times 52 equal to 4784?,Yes,-5.185787677764893,-4.890235900878906,-5.066823969891196,-4.679569841686047,-0.11896370787369648,-0.2106660591928593,No,False,Yes,True
Arithmetic,1_digit_addition,'',Is 8 plus 0 equal to 8?,Yes,-4.968897342681885,-4.6632232666015625,-5.066823969891196,-4.679569841686047,0.09792662720931133,0.01634657508448445,No,False,Yes,True
Arithmetic,2_digit_multiplication,'',Is 69 times 29 equal to 2001?,Yes,-4.636247158050537,-4.331195831298828,-5.066823969891196,-4.679569841686047,0.430576811840659,0.3483740103872188,No,False,Yes,True
Arithmetic,2_digit_multiplication,'',Is 50 times 80 equal to 4000?,Yes,-5.2228779792785645,-4.790524005889893,-5.066823969891196,-4.679569841686047,-0.15605400938736835,-0.11095416420384563,No,False,No,False
Arithmetic,2_digit_multiplication,'',Is 65 times 54 equal to 7962?,No,-5.149458408355713,-4.976754665374756,-5.066823969891196,-4.679569841686047,-0.08263443846451679,-0.2971848236887089,No,True,Yes,False
Arithmetic,1_digit_multiplication,'',Is 3 times 2 equal to 6?,Yes,-4.864324569702148,-4.9349751472473145,-5.066823969891196,-4.679569841686047,0.20249940018904766,-0.2554053055612675,Yes,True,Yes,True
Arithmetic,2_digit_subtraction,'',Is 40 minus 81 equal to -41?,Yes,-5.774818420410156,-4.9778733253479,-5.066823969891196,-4.679569841686047,-0.7079944505189602,-0.29830348366185344,No,False,No,False
Arithmetic,2_digit_subtraction,'',Is 90 minus 10 equal to 80?,Yes,-4.981139659881592,-4.360877513885498,-5.066823969891196,-4.679569841686047,0.0856843100096043,0.3186923278005489,No,False,No,False
Arithmetic,2_digit_multiplication,'',Is 66 times 17 equal to 1122?,Yes,-5.193929195404053,-4.836129665374756,-5.066823969891196,-4.679569841686047,-0.12710522551285663,-0.1565598236887089,No,False,Yes,True
Arithmetic,2_digit_multiplication,'',Is 83 times 47 equal to 5398?,No,-5.136688232421875,-4.842461109161377,-5.066823969891196,-4.679569841686047,-0.0698642625306789,-0.16289126747533,No,True,Yes,False
Arithmetic,2_digit_subtraction,'',Is 46 minus 55 equal to 82?,No,-5.030159950256348,-4.477859020233154,-5.066823969891196,-4.679569841686047,0.036664019634848444,0.20171082145289265,No,True,No,True
Arithmetic,1_digit_multiplication,'',Is 2 times 4 equal to 8?,Yes,-5.046485900878906,-5.056272506713867,-5.066823969891196,-4.679569841686047,0.02033806901228985,-0.37670266502782024,Yes,True,Yes,True
Arithmetic,1_digit_addition,'',Is 1 plus 1 equal to 2?,Yes,-5.276150226593018,-5.156546592712402,-5.066823969891196,-4.679569841686047,-0.20932625670182148,-0.4769767510263554,No,False,Yes,True
Arithmetic,2_digit_addition,'',Is 50 plus 33 equal to 20?,No,-5.016180038452148,-4.520202159881592,-5.066823969891196,-4.679569841686047,0.05064393143904766,0.15936768180445515,No,True,No,True
Arithmetic,2_digit_multiplication,'',Is 65 times 49 equal to 3185?,Yes,-5.111742973327637,-4.813441753387451,-5.066823969891196,-4.679569841686047,-0.04491900343644062,-0.13387191170140422,No,False,Yes,True
Arithmetic,1_digit_addition,'',Is 5 plus 9 equal to 14?,Yes,-5.148992538452148,-4.591806411743164,-5.066823969891196,-4.679569841686047,-0.08216856856095234,0.08776342994288289,No,False,No,False
Arithmetic,2_digit_subtraction,'',Is 36 minus 40 equal to 53?,No,-4.980121612548828,-4.424461841583252,-5.066823969891196,-4.679569841686047,0.08670235734236797,0.255108000102795,No,True,No,True
Arithmetic,2_digit_addition,'',Is 51 plus 84 equal to 135?,Yes,-4.862270832061768,-4.495303153991699,-5.066823969891196,-4.679569841686047,0.20455313782942852,0.18426668769434773,No,False,Yes,True
Arithmetic,2_digit_multiplication,'',Is 99 times 72 equal to 9372?,No,-5.086958408355713,-4.664254665374756,-5.066823969891196,-4.679569841686047,-0.02013443846451679,0.01531517631129109,No,True,No,True
Arithmetic,2_digit_subtraction,'',Is 20 minus 34 equal to 331?,No,-5.2513108253479,-4.571609020233154,-5.066058899402617,-4.678052591323851,-0.18525192594528317,0.10644357109069702,No,True,No,True
Arithmetic,2_digit_subtraction,'',Is 59 minus 76 equal to 510?,No,-4.937692165374756,-4.569903373718262,-5.066058899402617,-4.678052591323851,0.12836673402786136,0.1081492176055896,No,True,Yes,False
Arithmetic,2_digit_subtraction,'',Is 98 minus 77 equal to 21?,Yes,-5.055629253387451,-4.443668365478516,-5.066058899402617,-4.678052591323851,0.01042964601516605,0.2343842258453357,No,False,No,False
Arithmetic,2_digit_multiplication,'',Is 67 times 88 equal to 5896?,Yes,-5.065546035766602,-4.898048400878906,-5.066058899402617,-4.678052591323851,0.0005128636360156591,-0.21999580955505493,No,False,Yes,True
Arithmetic,1_digit_addition,'',Is 9 plus 1 equal to 10?,Yes,-4.880868911743164,-4.571815013885498,-5.066058899402617,-4.678052591323851,0.18518998765945316,0.10623757743835327,No,False,Yes,True
Arithmetic,2_digit_subtraction,'',Is 40 minus 30 equal to 10?,Yes,-5.175309658050537,-4.618484020233154,-5.066058899402617,-4.678052591323851,-0.10925075864791989,0.05956857109069702,No,False,No,False
Arithmetic,2_digit_multiplication,'',Is 32 times 66 equal to 6468?,No,-4.924587726593018,-4.683246612548828,-5.066058899402617,-4.678052591323851,0.14147117280959964,-0.005194021224976808,No,True,Yes,False
Arithmetic,1_digit_multiplication,'',Is 5 times 4 equal to 20?,Yes,-5.010708332061768,-4.704586505889893,-5.066058899402617,-4.678052591323851,0.055350567340849643,-0.02653391456604126,No,False,Yes,True
Arithmetic,1_digit_addition,'',Is 5 plus 2 equal to 7?,Yes,-5.108965873718262,-4.73824405670166,-5.066058899402617,-4.678052591323851,-0.0429069743156445,-0.06019146537780884,No,False,Yes,True
Arithmetic,1_digit_subtraction,'',Is 0 minus 3 equal to 61?,No,-5.338983535766602,-4.673374652862549,-5.066058899402617,-4.678052591323851,-0.27292463636398434,0.004677938461302489,No,True,No,True
Arithmetic,2_digit_subtraction,'',Is 64 minus 49 equal to 15?,Yes,-5.0744404792785645,-4.51949405670166,-5.066058899402617,-4.678052591323851,-0.008381579875947232,0.15855853462219116,No,False,No,False
Arithmetic,2_digit_subtraction,'',Is 65 minus 90 equal to 842?,No,-5.155512809753418,-4.603968143463135,-5.066058899402617,-4.678052591323851,-0.08945391035080075,0.07408444786071655,No,True,No,True
Arithmetic,1_digit_addition,'',Is 0 plus 0 equal to 0?,Yes,-5.424921035766602,-4.998616695404053,-5.066058899402617,-4.678052591323851,-0.35886213636398434,-0.3205641040802014,No,False,No,False
Arithmetic,1_digit_multiplication,'',Is 7 times 3 equal to 95?,No,-4.840125560760498,-4.536672592163086,-5.066058899402617,-4.678052591323851,0.22593333864211917,0.14137999916076538,No,True,Yes,False
Arithmetic,1_digit_multiplication,'',Is 6 times 5 equal to 56?,No,-4.821897506713867,-4.641180038452148,-5.066058899402617,-4.678052591323851,0.24416139268875003,0.03687255287170288,No,True,Yes,False
Arithmetic,2_digit_addition,'',Is 50 plus 94 equal to 968?,No,-5.140817165374756,-4.523028373718262,-5.066058899402617,-4.678052591323851,-0.07475826597213864,0.1550242176055896,No,True,No,True
Arithmetic,1_digit_multiplication,'',Is 0 times 3 equal to 0?,Yes,-5.258188724517822,-5.08230447769165,-5.066058899402617,-4.678052591323851,-0.19212982511520504,-0.4042518863677991,No,False,Yes,True
Arithmetic,2_digit_multiplication,'',Is 66 times 39 equal to 6867?,No,-5.101173400878906,-4.7396626472473145,-5.066058899402617,-4.678052591323851,-0.03511450147628903,-0.061610055923463136,No,True,Yes,False
Arithmetic,2_digit_subtraction,'',Is 76 minus 37 equal to 39?,Yes,-4.979275226593018,-4.489797592163086,-5.066058899402617,-4.678052591323851,0.08678367280959964,0.18825499916076538,No,False,No,False
Arithmetic,2_digit_addition,'',Is 23 plus 10 equal to 75?,No,-4.706240653991699,-4.334582328796387,-5.066058899402617,-4.678052591323851,0.359818245410918,0.3434702625274646,No,True,Yes,False
Arithmetic,1_digit_addition,'',Is 8 plus 1 equal to 9?,Yes,-4.8606858253479,-4.554604530334473,-5.066058899402617,-4.678052591323851,0.20537307405471683,0.12344806098937866,No,False,Yes,True
Arithmetic,1_digit_addition,'',Is 4 plus 1 equal to 7?,No,-5.147002696990967,-4.715514659881592,-5.066058899402617,-4.678052591323851,-0.08094379758834958,-0.03746206855774048,No,True,No,True
Arithmetic,1_digit_addition,'',Is 3 plus 8 equal to 11?,Yes,-4.894184112548828,-4.524814605712891,-5.066058899402617,-4.678052591323851,0.1718747868537891,0.1532379856109607,No,False,Yes,True
Arithmetic,1_digit_multiplication,'',Is 1 times 9 equal to 2?,No,-5.08922290802002,-5.22202730178833,-5.066058899402617,-4.678052591323851,-0.023164008617403198,-0.5439747104644788,Yes,False,Yes,False
Arithmetic,2_digit_multiplication,'',Is 43 times 43 equal to 1849?,Yes,-4.858086109161377,-4.55700159072876,-5.066058899402617,-4.678052591323851,0.20797279024124027,0.12105100059509155,No,False,Yes,True
Arithmetic,1_digit_subtraction,'',Is 1 minus 3 equal to 72?,No,-5.168250560760498,-4.676394462585449,-5.066058899402617,-4.678052591323851,-0.10219166135788083,0.0016581287384020982,No,True,No,True
Arithmetic,2_digit_multiplication,'',Is 96 times 26 equal to 2496?,Yes,-4.89390230178833,-4.592315196990967,-5.066058899402617,-4.678052591323851,0.17215659761428714,0.08573739433288452,No,False,Yes,True
Arithmetic,2_digit_addition,'',Is 76 plus 68 equal to 252?,No,-4.815037727355957,-4.321689605712891,-5.066058899402617,-4.678052591323851,0.2510211720466602,0.3563629856109607,No,True,No,True
Arithmetic,2_digit_multiplication,'',Is 49 times 43 equal to 9863?,No,-5.15953540802002,-4.860960006713867,-5.066058899402617,-4.678052591323851,-0.0934765086174032,-0.18290741539001587,No,True,Yes,False
Arithmetic,1_digit_subtraction,'',Is 9 minus 5 equal to 7?,No,-5.269059658050537,-4.7134528160095215,-5.066058899402617,-4.678052591323851,-0.2030007586479199,-0.03540022468567017,No,True,No,True
Arithmetic,1_digit_addition,'',Is 3 plus 8 equal to 77?,No,-4.9193501472473145,-4.424990653991699,-5.066058899402617,-4.678052591323851,0.14670875215530277,0.2530619373321521,No,True,No,True
Arithmetic,1_digit_addition,'',Is 8 plus 6 equal to 14?,Yes,-5.182209491729736,-4.690934658050537,-5.066058899402617,-4.678052591323851,-0.1161505923271191,-0.012882066726685792,No,False,No,False
Arithmetic,1_digit_addition,'',Is 5 plus 0 equal to 8?,No,-5.085528373718262,-4.715514659881592,-5.066058899402617,-4.678052591323851,-0.019469474315644497,-0.03746206855774048,No,True,Yes,False
Arithmetic,1_digit_multiplication,'',Is 8 times 5 equal to 65?,No,-4.875941753387451,-4.697718143463135,-5.066058899402617,-4.678052591323851,0.19011714601516605,-0.01966555213928345,No,True,Yes,False
Arithmetic,2_digit_addition,'',Is 70 plus 90 equal to 198?,No,-5.016180038452148,-4.458368301391602,-5.066058899402617,-4.678052591323851,0.049878860950468784,0.21968428993224975,No,True,No,True
Arithmetic,1_digit_subtraction,'',Is 6 minus 1 equal to 7?,No,-5.4896626472473145,-4.873056411743164,-5.066058899402617,-4.678052591323851,-0.42360374784469723,-0.19500382041931275,No,True,No,True
Arithmetic,1_digit_subtraction,'',Is 8 minus 6 equal to 2?,Yes,-5.336958408355713,-4.850273609161377,-5.066058899402617,-4.678052591323851,-0.27089950895309567,-0.17222101783752564,No,False,No,False
Arithmetic,2_digit_subtraction,'',Is 61 minus 33 equal to 85?,No,-4.909145832061768,-4.481139659881592,-5.066058899402617,-4.678052591323851,0.15691306734084964,0.19691293144225952,No,True,No,True
Arithmetic,2_digit_multiplication,'',Is 24 times 76 equal to 6365?,No,-5.013229370117188,-4.95640230178833,-5.066058899402617,-4.678052591323851,0.05282952928542883,-0.27834971046447876,No,True,Yes,False
Arithmetic,2_digit_subtraction,'',Is 85 minus 61 equal to 97?,No,-4.868649005889893,-4.375206470489502,-5.066058899402617,-4.678052591323851,0.19740989351272464,0.30284612083434936,No,True,No,True
Arithmetic,1_digit_multiplication,'',Is 8 times 0 equal to 0?,Yes,-4.952366352081299,-4.710200309753418,-5.066058899402617,-4.678052591323851,0.1136925473213184,-0.03214771842956665,No,False,Yes,True
Arithmetic,2_digit_addition,'',Is 22 plus 66 equal to 99?,No,-4.718340873718262,-4.285827159881592,-5.066058899402617,-4.678052591323851,0.3477180256843555,0.3922254314422595,No,True,No,True
Arithmetic,2_digit_multiplication,'',Is 13 times 77 equal to 1001?,Yes,-5.140817165374756,-4.714053153991699,-5.066058899402617,-4.678052591323851,-0.07475826597213864,-0.0360005626678479,No,False,No,False
Arithmetic,2_digit_multiplication,'',Is 46 times 29 equal to 6333?,No,-5.222625732421875,-4.864324569702148,-5.066058899402617,-4.678052591323851,-0.15656683301925778,-0.18627197837829712,No,True,Yes,False
Arithmetic,2_digit_multiplication,'',Is 87 times 22 equal to 1914?,Yes,-5.034145832061768,-4.545519828796387,-5.066058899402617,-4.678052591323851,0.031913067340849643,0.1325327625274646,No,False,No,False
Arithmetic,1_digit_subtraction,'',Is 9 minus 3 equal to 1?,No,-5.131881237030029,-4.639882564544678,-5.066058899402617,-4.678052591323851,-0.06582233762741208,0.03817002677917358,No,True,No,True
Arithmetic,2_digit_addition,'',Is 80 plus 30 equal to 438?,No,-5.108086109161377,-4.616778373718262,-5.066058899402617,-4.678052591323851,-0.04202720975875973,0.0612742176055896,No,True,No,True
Arithmetic,1_digit_subtraction,'',Is 7 minus 3 equal to 7?,No,-5.4103779792785645,-4.857431411743164,-5.066058899402617,-4.678052591323851,-0.34431907987594723,-0.17937882041931275,No,True,No,True
Arithmetic,2_digit_subtraction,'',Is 93 minus 67 equal to 26?,Yes,-4.90952730178833,-4.359930038452148,-5.066058899402617,-4.678052591323851,0.15653159761428714,0.3181225528717029,No,False,No,False
Arithmetic,1_digit_multiplication,'',Is 5 times 3 equal to 71?,No,-4.843942165374756,-4.662627696990967,-5.066058899402617,-4.678052591323851,0.22211673402786136,0.01542489433288452,No,True,Yes,False
Arithmetic,1_digit_addition,'',Is 9 plus 8 equal to 17?,Yes,-4.997610092163086,-4.565637588500977,-5.067098254703339,-4.677332777295792,0.06948816254025303,0.11169518879481544,No,False,No,False
Arithmetic,2_digit_subtraction,'',Is 62 minus 92 equal to -30?,Yes,-5.380416870117188,-4.772002696990967,-5.067098254703339,-4.677332777295792,-0.3133186154138494,-0.0946699196951748,No,False,No,False
Arithmetic,1_digit_multiplication,'',Is 1 times 7 equal to 3?,No,-5.154866695404053,-5.288673400878906,-5.067098254703339,-4.677332777295792,-0.08776844070071377,-0.6113406235831143,Yes,False,Yes,False
Arithmetic,2_digit_subtraction,'',Is 79 minus 69 equal to 10?,Yes,-5.061978340148926,-4.576584339141846,-5.067098254703339,-4.677332777295792,0.005119914554413185,0.1007484381539463,No,False,No,False
Arithmetic,2_digit_subtraction,'',Is 35 minus 76 equal to -41?,Yes,-5.538673400878906,-4.803252696990967,-5.067098254703339,-4.677332777295792,-0.4715751461755673,-0.1259199196951748,No,False,No,False
Arithmetic,2_digit_addition,'',Is 38 plus 57 equal to 95?,Yes,-4.667621612548828,-4.23637580871582,-5.067098254703339,-4.677332777295792,0.39947664215451084,0.4409569685799717,No,False,No,False
Arithmetic,2_digit_addition,'',Is 80 plus 54 equal to 452?,No,-4.9896626472473145,-4.559264659881592,-5.067098254703339,-4.677332777295792,0.07743560745602451,0.1180681174142002,No,True,No,True
Arithmetic,2_digit_multiplication,'',Is 91 times 84 equal to 7644?,Yes,-5.070844650268555,-4.97203540802002,-5.067098254703339,-4.677332777295792,-0.003746395565215721,-0.2947026307242284,No,False,Yes,True
Arithmetic,2_digit_multiplication,'',Is 14 times 55 equal to 770?,Yes,-5.039254665374756,-4.733965873718262,-5.067098254703339,-4.677332777295792,0.027843589328583107,-0.05663309642246972,No,False,Yes,True
Arithmetic,1_digit_multiplication,'',Is 8 times 3 equal to 24?,Yes,-4.692449569702148,-4.639190196990967,-5.067098254703339,-4.677332777295792,0.37464868500119053,0.0381425803048252,No,False,Yes,True
Arithmetic,2_digit_addition,'',Is 98 plus 36 equal to 520?,No,-4.84520149230957,-4.413320064544678,-5.067098254703339,-4.677332777295792,0.22189676239376865,0.26401271275111426,No,True,No,True
Arithmetic,2_digit_subtraction,'',Is 62 minus 19 equal to 43?,Yes,-5.05015230178833,-4.500555038452148,-5.067098254703339,-4.677332777295792,0.01694595291500889,0.17677773884364356,No,False,No,False
Arithmetic,2_digit_subtraction,'',Is 22 minus 66 equal to -44?,Yes,-5.624241352081299,-4.828272342681885,-5.067098254703339,-4.677332777295792,-0.5571430973779599,-0.15093956538609277,No,False,No,False
Arithmetic,1_digit_multiplication,'',Is 6 times 8 equal to 46?,No,-4.908771991729736,-4.667497158050537,-5.067098254703339,-4.677332777295792,0.15832626297360264,0.00983561924525489,No,True,Yes,False
Arithmetic,2_digit_subtraction,'',Is 43 minus 19 equal to 90?,No,-4.688055038452148,-4.194510459899902,-5.067098254703339,-4.677332777295792,0.37904321625119053,0.48282231739588966,No,True,No,True
Arithmetic,2_digit_addition,'',Is 24 plus 79 equal to 103?,Yes,-4.896047592163086,-4.463524341583252,-5.067098254703339,-4.677332777295792,0.17105066254025303,0.21380843571254005,No,False,No,False
Arithmetic,2_digit_multiplication,'',Is 43 times 90 equal to 1683?,No,-4.952735900878906,-4.654815196990967,-5.067098254703339,-4.677332777295792,0.11436235382443272,0.022517580304825202,No,True,Yes,False
Arithmetic,1_digit_addition,'',Is 4 plus 0 equal to 4?,Yes,-4.976153373718262,-4.607431411743164,-5.067098254703339,-4.677332777295792,0.09094488098507725,0.06990136555262794,No,False,Yes,True
Arithmetic,1_digit_addition,'',Is 1 plus 6 equal to 7?,Yes,-5.254949569702148,-5.010708332061768,-5.067098254703339,-4.677332777295792,-0.18785131499880947,-0.3333755547659756,No,False,Yes,True
Arithmetic,2_digit_multiplication,'',Is 49 times 21 equal to 1029?,Yes,-5.34702730178833,-4.920440196990967,-5.067098254703339,-4.677332777295792,-0.2799290470849911,-0.2431074196951748,No,False,No,False
Arithmetic,2_digit_subtraction,'',Is 73 minus 41 equal to 32?,Yes,-4.7931904792785645,-4.364618301391602,-5.067098254703339,-4.677332777295792,0.2739077754247745,0.31271447590419044,No,False,No,False
Arithmetic,1_digit_subtraction,'',Is 2 minus 9 equal to -7?,Yes,-5.671391010284424,-4.999068737030029,-5.067098254703339,-4.677332777295792,-0.6042927555810849,-0.3217359597342373,No,False,No,False
Arithmetic,1_digit_multiplication,'',Is 4 times 8 equal to 13?,No,-5.251144886016846,-4.887331962585449,-5.067098254703339,-4.677332777295792,-0.18404663131350674,-0.20999918528965722,No,True,Yes,False
Arithmetic,2_digit_subtraction,'',Is 87 minus 39 equal to 48?,Yes,-4.92332649230957,-4.43168830871582,-5.067098254703339,-4.677332777295792,0.14377176239376865,0.2456444685799717,No,False,No,False
Arithmetic,2_digit_subtraction,'',Is 16 minus 17 equal to -1?,Yes,-5.560104370117188,-4.826690196990967,-5.067098254703339,-4.677332777295792,-0.4930061154138494,-0.1493574196951748,No,False,No,False
Arithmetic,2_digit_multiplication,'',Is 76 times 29 equal to 2204?,Yes,-5.225179195404053,-4.867379665374756,-5.067098254703339,-4.677332777295792,-0.15808094070071377,-0.19004688807896386,No,False,Yes,True
Arithmetic,2_digit_addition,'',Is 77 plus 62 equal to 679?,No,-5.101173400878906,-4.6771626472473145,-5.067098254703339,-4.677332777295792,-0.034075146175567284,0.00017013004847754587,No,True,No,True
Arithmetic,1_digit_multiplication,'',Is 8 times 6 equal to 38?,No,-4.934637069702148,-4.631377696990967,-5.067098254703339,-4.677332777295792,0.13246118500119053,0.0459550803048252,No,True,Yes,False
Arithmetic,1_digit_addition,'',Is 7 plus 2 equal to 9?,Yes,-5.029013156890869,-4.6015706062316895,-5.067098254703339,-4.677332777295792,0.038085097812469826,0.07576217106410255,No,False,No,False
Arithmetic,2_digit_addition,'',Is 90 plus 37 equal to 370?,No,-4.8177876472473145,-4.385928153991699,-5.067098254703339,-4.677332777295792,0.2493106074560245,0.2914046233040928,No,True,No,True
Arithmetic,1_digit_addition,'',Is 4 plus 6 equal to 10?,Yes,-5.023992538452148,-4.467394828796387,-5.067098254703339,-4.677332777295792,0.04310571625119053,0.20993794849940528,No,False,No,False
Arithmetic,2_digit_addition,'',Is 73 plus 51 equal to 124?,Yes,-4.868772506713867,-4.440615653991699,-5.067098254703339,-4.677332777295792,0.19832574798947178,0.23671712330409278,No,False,No,False
Arithmetic,2_digit_subtraction,'',Is 94 minus 28 equal to 66?,Yes,-5.040647506713867,-4.48824405670166,-5.067098254703339,-4.677332777295792,0.02645074798947178,0.18908872059413184,No,False,No,False
Arithmetic,1_digit_addition,'',Is 0 plus 6 equal to 6?,Yes,-5.183563232421875,-4.880416870117188,-5.067098254703339,-4.677332777295792,-0.11646497771853603,-0.2030840928213964,No,False,Yes,True
Arithmetic,2_digit_subtraction,'',Is 10 minus 68 equal to 362?,No,-5.150975227355957,-4.53325080871582,-5.067098254703339,-4.677332777295792,-0.08387697265261806,0.1440819685799717,No,True,No,True
Arithmetic,1_digit_subtraction,'',Is 2 minus 2 equal to 5?,No,-5.2697529792785645,-4.964053153991699,-5.067098254703339,-4.677332777295792,-0.2026547245752255,-0.2867203766959072,No,True,Yes,False
Arithmetic,1_digit_subtraction,'',Is 1 minus 6 equal to 18?,No,-5.358637809753418,-4.807093143463135,-5.067098254703339,-4.677332777295792,-0.291539555050079,-0.12976036616734277,No,True,No,True
Arithmetic,2_digit_multiplication,'',Is 58 times 75 equal to 8998?,No,-5.218883514404297,-4.858853340148926,-5.067098254703339,-4.677332777295792,-0.1517852597009579,-0.18152056285313378,No,True,Yes,False
Arithmetic,1_digit_multiplication,'',Is 1 times 1 equal to 7?,No,-5.122137069702148,-5.190395832061768,-5.067098254703339,-4.677332777295792,-0.05503881499880947,-0.5130630547659756,Yes,False,Yes,False
Arithmetic,1_digit_addition,'',Is 1 plus 3 equal to 4?,Yes,-5.028844356536865,-4.909684658050537,-5.067098254703339,-4.677332777295792,0.03825389816647373,-0.2323518807547451,No,False,Yes,True
Arithmetic,1_digit_subtraction,'',Is 2 minus 5 equal to 39?,No,-5.179165840148926,-4.627537727355957,-5.067098254703339,-4.677332777295792,-0.11206758544558681,0.04979504993983497,No,True,No,True
Arithmetic,2_digit_subtraction,'',Is 96 minus 74 equal to 20?,No,-5.086129665374756,-4.409365653991699,-5.067098254703339,-4.677332777295792,-0.019031410671416893,0.2679671233040928,No,True,No,True
Arithmetic,1_digit_subtraction,'',Is 4 minus 8 equal to 58?,No,-5.109930038452148,-4.428885459899902,-5.067098254703339,-4.677332777295792,-0.04283178374880947,0.24844731739588966,No,True,No,True
Arithmetic,2_digit_multiplication,'',Is 54 times 97 equal to 5238?,Yes,-5.083198070526123,-4.724325656890869,-5.067098254703339,-4.677332777295792,-0.01609981582278408,-0.04699287959507714,No,False,Yes,True
Arithmetic,1_digit_subtraction,'',Is 8 minus 7 equal to 1?,Yes,-5.255416870117188,-4.6447529792785645,-5.067098254703339,-4.677332777295792,-0.18831861541384942,0.032579798017227546,No,False,No,False
Arithmetic,2_digit_subtraction,'',Is 38 minus 43 equal to 49?,No,-4.932225227355957,-4.37700080871582,-5.067098254703339,-4.677332777295792,0.13487302734738194,0.3003319685799717,No,True,No,True
Arithmetic,1_digit_subtraction,'',Is 4 minus 5 equal to 81?,No,-5.131377696990967,-4.389269828796387,-5.067098254703339,-4.677332777295792,-0.06427944228762783,0.2880629484994053,No,True,No,True
Arithmetic,2_digit_addition,'',Is 74 plus 54 equal to 154?,No,-4.8334126472473145,-4.466180801391602,-5.067098254703339,-4.677332777295792,0.2336856074560245,0.21115197590419044,No,True,Yes,False
Arithmetic,1_digit_addition,'',Is 1 plus 6 equal to 5?,No,-5.037773609161377,-4.8556904792785645,-5.067098254703339,-4.677332777295792,0.029324645541962013,-0.17835770198277245,No,True,Yes,False
Arithmetic,1_digit_addition,'',Is 5 plus 7 equal to 12?,Yes,-5.035769462585449,-4.602939605712891,-5.067098254703339,-4.677332777295792,0.03132879211788975,0.07439317158290137,No,False,No,False
Arithmetic,2_digit_addition,'',Is 82 plus 29 equal to 434?,No,-4.958074569702148,-4.654815196990967,-5.062740151231938,-4.6745356494730155,0.10466558152978944,0.019720452482048678,No,True,Yes,False
Arithmetic,2_digit_subtraction,'',Is 70 minus 50 equal to 20?,Yes,-5.1447529792785645,-4.52730655670166,-5.062740151231938,-4.6745356494730155,-0.08201282804662657,0.14722909277135532,No,False,No,False
Arithmetic,2_digit_multiplication,'',Is 76 times 40 equal to 8832?,No,-5.085453510284424,-4.788131237030029,-5.062740151231938,-4.6745356494730155,-0.02271335905248595,-0.11359558755701382,No,True,Yes,False
Arithmetic,1_digit_multiplication,'',Is 8 times 1 equal to 2?,No,-5.103201866149902,-5.110519886016846,-5.062740151231938,-4.6745356494730155,-0.040461714917964464,-0.43598423654383023,Yes,False,Yes,False
Arithmetic,2_digit_addition,'',Is 28 plus 83 equal to 747?,No,-4.832644462585449,-4.399814605712891,-5.062740151231938,-4.6745356494730155,0.23009568864648866,0.27472104376012485,No,True,No,True
Arithmetic,2_digit_multiplication,'',Is 86 times 72 equal to 6192?,Yes,-5.060787677764893,-4.892124652862549,-5.062740151231938,-4.6745356494730155,0.0019524734670453014,-0.21758900338953335,No,False,Yes,True
Arithmetic,1_digit_subtraction,'',Is 6 minus 1 equal to 5?,Yes,-5.241778373718262,-4.748644828796387,-5.062740151231938,-4.6745356494730155,-0.17903822248632384,-0.07410917932337124,No,False,No,False
Arithmetic,2_digit_addition,'',Is 31 plus 85 equal to 694?,No,-4.940212726593018,-4.573871612548828,-5.062740151231938,-4.6745356494730155,0.1225274246389203,0.10066403692418735,No,True,Yes,False
Arithmetic,2_digit_addition,'',Is 93 plus 35 equal to 128?,Yes,-4.595211505889893,-4.288780212402344,-5.062740151231938,-4.6745356494730155,0.4675286453420453,0.3857554370706717,No,False,Yes,True
Arithmetic,2_digit_subtraction,'',Is 57 minus 98 equal to -41?,Yes,-5.740804195404053,-4.948208332061768,-5.062740151231938,-4.6745356494730155,-0.6780640441721149,-0.2736726825887521,No,False,No,False
Arithmetic,2_digit_addition,'',Is 48 plus 28 equal to 94?,No,-4.8646626472473145,-4.30855655670166,-5.062740151231938,-4.6745356494730155,0.19807750398462343,0.3659790927713553,No,True,No,True
Arithmetic,2_digit_addition,'',Is 38 plus 57 equal to 20?,No,-4.818877696990967,-4.388055801391602,-5.062740151231938,-4.6745356494730155,0.24386245424097108,0.2864798480814139,No,True,No,True
Arithmetic,2_digit_multiplication,'',Is 55 times 89 equal to 4895?,Yes,-4.871195793151856,-4.568668365478516,-5.062740151231938,-4.6745356494730155,0.19154435808008152,0.10586728399449985,No,False,Yes,True
Arithmetic,2_digit_multiplication,'',Is 32 times 95 equal to 3040?,Yes,-5.017124652862549,-4.713833332061768,-5.062740151231938,-4.6745356494730155,0.04561549836938905,-0.0392976825887521,No,False,Yes,True
Arithmetic,2_digit_addition,'',Is 69 plus 17 equal to 86?,Yes,-4.565934658050537,-4.322237491607666,-5.062740151231938,-4.6745356494730155,0.49680549318140077,0.35229815786534946,No,False,Yes,True
Arithmetic,2_digit_addition,'',Is 30 plus 45 equal to 21?,No,-4.900022506713867,-4.468340873718262,-5.062740151231938,-4.6745356494730155,0.1627176445180707,0.20619477575475376,No,True,No,True
Arithmetic,2_digit_multiplication,'',Is 56 times 66 equal to 9668?,No,-5.107662677764893,-4.813999652862549,-5.062740151231938,-4.6745356494730155,-0.0449225265329547,-0.13946400338953335,No,True,Yes,False
Arithmetic,1_digit_multiplication,'',Is 1 times 6 equal to 6?,Yes,-4.942790985107422,-5.135334491729736,-5.062740151231938,-4.6745356494730155,0.119949166124516,-0.46079884225672085,Yes,True,Yes,True
Arithmetic,2_digit_addition,'',Is 93 plus 99 equal to 778?,No,-4.851859092712402,-4.360752105712891,-5.062740151231938,-4.6745356494730155,0.21088105851953554,0.31378354376012485,No,True,No,True
Arithmetic,1_digit_multiplication,'',Is 5 times 1 equal to 5?,Yes,-4.795440196990967,-4.924990653991699,-5.062740151231938,-4.6745356494730155,0.2672999542409711,-0.25045500451868374,Yes,True,Yes,True
Arithmetic,1_digit_multiplication,'',Is 5 times 8 equal to 40?,Yes,-4.924770832061768,-4.681149005889893,-5.062740151231938,-4.6745356494730155,0.1379693191701703,-0.006613356416877103,No,False,Yes,True
Arithmetic,2_digit_multiplication,'',Is 72 times 94 equal to 1630?,No,-4.905860900878906,-4.6693501472473145,-5.062740151231938,-4.6745356494730155,0.15687925035303163,0.005185502225701022,No,True,Yes,False
Arithmetic,1_digit_multiplication,'',Is 9 times 3 equal to 27?,Yes,-4.850631237030029,-4.670334339141846,-5.062740151231938,-4.6745356494730155,0.21210891420190858,0.004201310331169772,No,False,Yes,True
Arithmetic,2_digit_addition,'',Is 76 plus 88 equal to 164?,Yes,-4.897148609161377,-4.470211505889893,-5.062740151231938,-4.6745356494730155,0.16559154207056093,0.2043241435831229,No,False,No,False
Arithmetic,2_digit_multiplication,'',Is 63 times 23 equal to 1449?,Yes,-5.071477890014648,-4.717461109161377,-5.062740151231938,-4.6745356494730155,-0.008737738782710558,-0.04292545968836148,No,False,Yes,True
Arithmetic,1_digit_multiplication,'',Is 2 times 8 equal to 96?,No,-4.79233980178833,-4.6146626472473145,-5.062740151231938,-4.6745356494730155,0.2704003494436078,0.05987300222570102,No,True,Yes,False
Arithmetic,1_digit_addition,'',Is 2 plus 7 equal to 1?,No,-5.042701244354248,-4.801063060760498,-5.062740151231938,-4.6745356494730155,0.020038906877689833,-0.12652741128748257,No,True,Yes,False
Arithmetic,2_digit_multiplication,'',Is 44 times 48 equal to 9687?,No,-5.098646640777588,-4.802165985107422,-5.062740151231938,-4.6745356494730155,-0.03590648954565001,-0.1276303356344064,No,True,Yes,False
Arithmetic,1_digit_multiplication,'',Is 4 times 3 equal to 12?,Yes,-4.937692165374756,-4.759274005889893,-5.062740151231938,-4.6745356494730155,0.12504798585718202,-0.0847383564168771,No,False,Yes,True
Arithmetic,2_digit_addition,'',Is 28 plus 84 equal to 112?,Yes,-4.856875419616699,-4.362445831298828,-5.062740151231938,-4.6745356494730155,0.20586473161523866,0.31208981817418735,No,False,No,False
Arithmetic,2_digit_subtraction,'',Is 11 minus 96 equal to 594?,No,-5.2853779792785645,-4.668639659881592,-5.062740151231938,-4.6745356494730155,-0.22263782804662657,0.005895989591423678,No,True,No,True
Arithmetic,2_digit_subtraction,'',Is 92 minus 76 equal to 86?,No,-4.693877696990967,-4.388681411743164,-5.062740151231938,-4.6745356494730155,0.3688624542409711,0.2858542377298514,No,True,Yes,False
Arithmetic,2_digit_multiplication,'',Is 61 times 13 equal to 350?,No,-4.929298400878906,-4.568877696990967,-5.062740151231938,-4.6745356494730155,0.13344175035303163,0.10565795248204868,No,True,Yes,False
Arithmetic,1_digit_subtraction,'',Is 4 minus 9 equal to 85?,No,-5.079586505889893,-4.336143970489502,-5.062740151231938,-4.6745356494730155,-0.0168463546579547,0.3383916789835135,No,True,No,True
Arithmetic,1_digit_subtraction,'',Is 8 minus 9 equal to -1?,Yes,-5.491798400878906,-4.757403373718262,-5.062740151231938,-4.6745356494730155,-0.42905824964696837,-0.08286772424524624,No,False,No,False
Arithmetic,2_digit_addition,'',Is 44 plus 82 equal to 126?,Yes,-4.758367538452148,-4.326769828796387,-5.062740151231938,-4.6745356494730155,0.30437261277978944,0.34776582067662876,No,False,No,False
Arithmetic,2_digit_subtraction,'',Is 61 minus 84 equal to 616?,No,-5.176948070526123,-4.693075656890869,-5.062740151231938,-4.6745356494730155,-0.11420791929418517,-0.018540007417853666,No,True,No,True
Arithmetic,1_digit_subtraction,'',Is 7 minus 9 equal to -2?,Yes,-5.637762069702148,-4.90075159072876,-5.062740151231938,-4.6745356494730155,-0.5750219184702106,-0.2262159412557443,No,False,No,False
Arithmetic,2_digit_addition,'',Is 83 plus 61 equal to 144?,Yes,-4.633109092712402,-4.4531331062316895,-5.062740151231938,-4.6745356494730155,0.42963105851953554,0.22140254324132602,No,False,Yes,True
Arithmetic,2_digit_multiplication,'',Is 53 times 95 equal to 7408?,No,-5.169308185577393,-4.811978340148926,-5.062740151231938,-4.6745356494730155,-0.1065680343454547,-0.1374426906759103,No,True,Yes,False
Arithmetic,2_digit_multiplication,'',Is 98 times 71 equal to 4004?,No,-5.063520908355713,-4.767210006713867,-5.062740151231938,-4.6745356494730155,-0.000780757123775011,-0.09267435724085171,No,True,Yes,False
Arithmetic,2_digit_addition,'',Is 81 plus 63 equal to 720?,No,-4.557583332061768,-4.43981409072876,-5.062740151231938,-4.6745356494730155,0.5051568191701703,0.2347215587442557,No,True,Yes,False
Arithmetic,2_digit_addition,'',Is 55 plus 15 equal to 38?,No,-4.721865653991699,-4.350760459899902,-5.062740151231938,-4.6745356494730155,0.34087449724023866,0.32377518957311313,No,True,Yes,False
Arithmetic,2_digit_subtraction,'',Is 98 minus 42 equal to 56?,Yes,-4.936065196990967,-4.381457328796387,-5.062740151231938,-4.6745356494730155,0.12667495424097108,0.29307832067662876,No,False,No,False
Arithmetic,2_digit_addition,'',Is 27 plus 99 equal to 126?,Yes,-5.007070064544678,-4.450342178344727,-5.062740151231938,-4.6745356494730155,0.055670086687260145,0.2241934711282889,No,False,No,False
Arithmetic,2_digit_addition,'',Is 28 plus 19 equal to 17?,No,-5.133367538452148,-4.702322959899902,-5.062740151231938,-4.6745356494730155,-0.07062738722021056,-0.02778731042688687,No,True,No,True
Arithmetic,1_digit_addition,'',Is 4 plus 4 equal to 5?,No,-4.968007564544678,-4.534905433654785,-5.062740151231938,-4.6745356494730155,0.09473258668726015,0.13963021581823032,No,True,No,True
Arithmetic,2_digit_subtraction,'',Is 17 minus 34 equal to 270?,No,-4.9427876472473145,-4.449889659881592,-5.062740151231938,-4.6745356494730155,0.11995250398462343,0.22464598959142368,No,True,No,True
Arithmetic,1_digit_multiplication,'',Is 8 times 8 equal to 24?,No,-4.755406856536865,-4.638980865478516,-5.062740151231938,-4.6745356494730155,0.30733329469507265,0.03555478399449985,No,True,Yes,False
Arithmetic,1_digit_multiplication,'',Is 5 times 6 equal to 30?,Yes,-4.803252696990967,-4.68355655670166,-5.062740151231938,-4.6745356494730155,0.2594874542409711,-0.009020907228644681,No,False,Yes,True
Arithmetic,2_digit_multiplication,'',Is 99 times 38 equal to 7080?,No,-5.0638108253479,-4.509109020233154,-5.064501946076102,-4.6761967219477105,0.0006911207282014331,0.16708770171455622,No,True,No,True
Arithmetic,2_digit_multiplication,'',Is 27 times 26 equal to 285?,No,-5.086129665374756,-4.721865653991699,-5.064501946076102,-4.6761967219477105,-0.021627719298654036,-0.0456689320439887,No,True,Yes,False
Arithmetic,2_digit_subtraction,'',Is 57 minus 84 equal to -27?,Yes,-5.651114940643311,-4.984671592712402,-5.064501946076102,-4.6761967219477105,-0.5866129945672096,-0.3084748707646918,No,False,No,False
Arithmetic,2_digit_addition,'',Is 11 plus 53 equal to 64?,Yes,-4.684264659881592,-4.376502513885498,-5.064501946076102,-4.6761967219477105,0.38023728619451,0.2996942080622125,No,False,Yes,True
Arithmetic,1_digit_subtraction,'',Is 8 minus 3 equal to 3?,No,-5.366665840148926,-4.815037727355957,-5.064501946076102,-4.6761967219477105,-0.30216389407282396,-0.1388410054082465,No,True,No,True
Arithmetic,1_digit_addition,'',Is 9 plus 4 equal to 13?,Yes,-5.118649005889893,-4.561697959899902,-5.064501946076102,-4.6761967219477105,-0.054147059813790754,0.11449876204780818,No,False,No,False
Arithmetic,2_digit_multiplication,'',Is 13 times 45 equal to 550?,No,-5.209648609161377,-4.719305038452148,-5.064501946076102,-4.6761967219477105,-0.14514666308527513,-0.043108316504437916,No,True,No,True
Arithmetic,1_digit_addition,'',Is 7 plus 2 equal to 8?,No,-5.025975227355957,-4.720127105712891,-5.064501946076102,-4.6761967219477105,0.03852671872014479,-0.0439303837651801,No,True,Yes,False
Arithmetic,2_digit_multiplication,'',Is 10 times 46 equal to 389?,No,-5.073208332061768,-4.51949405670166,-5.064501946076102,-4.6761967219477105,-0.008706385985665754,0.15670266524605037,No,True,No,True
Arithmetic,1_digit_subtraction,'',Is 7 minus 7 equal to 6?,No,-5.198208332061768,-4.770202159881592,-5.064501946076102,-4.6761967219477105,-0.13370638598566575,-0.09400543793388128,No,True,No,True
Arithmetic,1_digit_subtraction,'',Is 3 minus 0 equal to 3?,Yes,-5.424770832061768,-5.05700159072876,-5.064501946076102,-4.6761967219477105,-0.36026888598566575,-0.38080486878104924,No,False,Yes,True
Arithmetic,1_digit_subtraction,'',Is 5 minus 6 equal to 69?,No,-5.170440196990967,-4.426452159881592,-5.064501946076102,-4.6761967219477105,-0.10593825091486497,0.24974456206611872,No,True,No,True
Arithmetic,1_digit_multiplication,'',Is 5 times 1 equal to 1?,No,-5.053398609161377,-4.995083332061768,-5.064501946076102,-4.6761967219477105,0.01110333691472487,-0.31888661011405706,No,True,Yes,False
Arithmetic,1_digit_subtraction,'',Is 2 minus 5 equal to -3?,Yes,-5.951741695404053,-5.340887069702148,-5.064501946076102,-4.6761967219477105,-0.8872397493279509,-0.6646903477544379,No,False,No,False
Arithmetic,1_digit_multiplication,'',Is 2 times 1 equal to 2?,Yes,-4.954269886016846,-5.210006237030029,-5.064501946076102,-4.6761967219477105,0.11023206005925612,-0.5338095150823188,Yes,True,Yes,True
Arithmetic,2_digit_multiplication,'',Is 10 times 83 equal to 472?,No,-5.017124652862549,-4.7162251472473145,-5.064501946076102,-4.6761967219477105,0.047377293213552996,-0.04002842529960393,No,True,Yes,False
Arithmetic,2_digit_addition,'',Is 93 plus 31 equal to 721?,No,-4.826836109161377,-4.523028373718262,-5.064501946076102,-4.6761967219477105,0.23766583691472487,0.1531683482294488,No,True,Yes,False
Arithmetic,1_digit_multiplication,'',Is 0 times 8 equal to 0?,Yes,-5.342985153198242,-5.047407150268555,-5.064501946076102,-4.6761967219477105,-0.27848320712214036,-0.37121042832084417,No,False,Yes,True
Arithmetic,1_digit_addition,'',Is 4 plus 8 equal to 24?,No,-4.814905643463135,-4.321609020233154,-5.064501946076102,-4.6761967219477105,0.24959630261296706,0.3545877017145562,No,True,No,True
Arithmetic,1_digit_addition,'',Is 1 plus 4 equal to 8?,No,-4.988563060760498,-4.807225227355957,-5.064501946076102,-4.6761967219477105,0.07593888531560378,-0.1310285054082465,No,True,Yes,False
Arithmetic,2_digit_multiplication,'',Is 63 times 97 equal to 9084?,No,-5.124805450439453,-4.958541870117188,-5.064501946076102,-4.6761967219477105,-0.0603035043633513,-0.28234514816947787,No,True,Yes,False
Arithmetic,1_digit_multiplication,'',Is 5 times 6 equal to 42?,No,-4.940395832061768,-4.758367538452148,-5.064501946076102,-4.6761967219477105,0.12410611401433425,-0.08217081650443792,No,True,Yes,False
Arithmetic,1_digit_subtraction,'',Is 9 minus 5 equal to 4?,Yes,-5.008367538452148,-4.576181411743164,-5.064501946076102,-4.6761967219477105,0.056134407623953386,0.10001531020454646,No,False,No,False
Arithmetic,1_digit_addition,'',Is 8 plus 5 equal to 13?,Yes,-5.185094356536865,-4.6919026374816895,-5.064501946076102,-4.6761967219477105,-0.12059241046076341,-0.01570591553397893,No,False,No,False
Arithmetic,2_digit_addition,'',Is 47 plus 75 equal to 122?,Yes,-4.9885029792785645,-4.496764659881592,-5.064501946076102,-4.6761967219477105,0.07599896679753737,0.17943206206611872,No,False,No,False
Arithmetic,1_digit_subtraction,'',Is 5 minus 4 equal to 9?,No,-5.0825276374816895,-4.5259528160095215,-5.064501946076102,-4.6761967219477105,-0.01802569140558763,0.15024390593818904,No,True,No,True
Arithmetic,2_digit_addition,'',Is 15 plus 11 equal to 26?,Yes,-4.938961505889893,-4.443368911743164,-5.064501946076102,-4.6761967219477105,0.12554044018620925,0.23282781020454646,No,False,No,False
Arithmetic,2_digit_multiplication,'',Is 39 times 48 equal to 8277?,No,-5.137709140777588,-4.782191753387451,-5.064501946076102,-4.6761967219477105,-0.07320719470148607,-0.10599503143974065,No,True,Yes,False
Arithmetic,2_digit_subtraction,'',Is 22 minus 55 equal to 993?,No,-5.075262069702148,-4.523992538452148,-5.064501946076102,-4.6761967219477105,-0.010760123626046614,0.15220418349556208,No,True,No,True
Arithmetic,1_digit_subtraction,'',Is 5 minus 0 equal to 5?,Yes,-5.241778373718262,-4.809930801391602,-5.064501946076102,-4.6761967219477105,-0.1772764276421599,-0.13373407944389104,No,False,No,False
Arithmetic,2_digit_addition,'',Is 39 plus 55 equal to 94?,Yes,-4.59606409072876,-4.163260459899902,-5.064501946076102,-4.6761967219477105,0.46843785534734206,0.5129362620478082,No,False,No,False
Arithmetic,1_digit_subtraction,'',Is 1 minus 4 equal to 37?,No,-5.308082580566406,-4.695459842681885,-5.064501946076102,-4.6761967219477105,-0.24358063449030443,-0.019263120734174244,No,True,No,True
Arithmetic,2_digit_multiplication,'',Is 54 times 51 equal to 3681?,No,-5.103201866149902,-4.68113899230957,-5.064501946076102,-4.6761967219477105,-0.03869992007380052,-0.004942270361859791,No,True,No,True
Arithmetic,1_digit_multiplication,'',Is 0 times 0 equal to 2?,No,-5.465610504150391,-5.413398742675781,-5.064501946076102,-4.6761967219477105,-0.4011085580742888,-0.7372020207280707,No,True,Yes,False
Arithmetic,2_digit_subtraction,'',Is 11 minus 27 equal to 867?,No,-5.2931904792785645,-4.676452159881592,-5.064501946076102,-4.6761967219477105,-0.22868853320246263,-0.0002554379338812751,No,True,No,True
Arithmetic,1_digit_subtraction,'',Is 3 minus 1 equal to 3?,No,-5.285769462585449,-4.979149341583252,-5.064501946076102,-4.6761967219477105,-0.2212675165093474,-0.30295261963554143,No,True,Yes,False
Arithmetic,2_digit_subtraction,'',Is 56 minus 65 equal to -9?,Yes,-5.321333408355713,-4.654815196990967,-5.064501946076102,-4.6761967219477105,-0.25683146227961107,0.021381524956743725,No,False,No,False
Arithmetic,1_digit_subtraction,'',Is 1 minus 5 equal to 26?,No,-5.259312152862549,-4.6459126472473145,-5.064501946076102,-4.6761967219477105,-0.194810206786447,0.03028407470039607,No,True,No,True
Arithmetic,1_digit_addition,'',Is 6 plus 8 equal to 14?,Yes,-5.2631001472473145,-4.707702159881592,-5.064501946076102,-4.6761967219477105,-0.19859820117121263,-0.031505437933881275,No,False,No,False
Arithmetic,2_digit_addition,'',Is 55 plus 32 equal to 87?,Yes,-4.545334339141846,-4.238030433654785,-5.064501946076102,-4.6761967219477105,0.5191676069342561,0.43816628829292537,No,False,Yes,True
Arithmetic,1_digit_multiplication,'',Is 9 times 9 equal to 86?,No,-4.643740653991699,-4.461143970489502,-5.064501946076102,-4.6761967219477105,0.4207612920844026,0.21505275145820857,No,True,Yes,False
Arithmetic,2_digit_addition,'',Is 11 plus 22 equal to 33?,Yes,-4.948428153991699,-4.578790664672852,-5.064501946076102,-4.6761967219477105,0.1160737920844026,0.09740605727485896,No,False,Yes,True
Arithmetic,2_digit_multiplication,'',Is 84 times 31 equal to 2604?,Yes,-5.140429973602295,-4.846271991729736,-5.064501946076102,-4.6761967219477105,-0.0759280275261931,-0.1700752697820258,No,False,Yes,True
Arithmetic,1_digit_multiplication,'',Is 3 times 3 equal to 9?,Yes,-4.808695793151856,-4.818668365478516,-5.064501946076102,-4.6761967219477105,0.25580615292424547,-0.1424716435308051,Yes,True,Yes,True
Arithmetic,2_digit_multiplication,'',Is 19 times 89 equal to 2333?,No,-5.251020908355713,-5.075262069702148,-5.064501946076102,-4.6761967219477105,-0.18651896227961107,-0.3990653477544379,No,True,Yes,False
Arithmetic,2_digit_multiplication,'',Is 25 times 29 equal to 783?,No,-5.205837726593018,-4.840456962585449,-5.064501946076102,-4.6761967219477105,-0.14133578051691575,-0.1642602406377387,No,True,Yes,False
Arithmetic,2_digit_multiplication,'',Is 14 times 81 equal to 1134?,Yes,-5.063999652862549,-4.826690196990967,-5.064501946076102,-4.6761967219477105,0.0005022932135529956,-0.15049347504325628,No,False,Yes,True
Arithmetic,1_digit_subtraction,'',Is 7 minus 4 equal to 8?,No,-5.170440196990967,-4.740832328796387,-5.064501946076102,-4.6761967219477105,-0.10593825091486497,-0.0646356068486762,No,True,No,True
Arithmetic,1_digit_addition,'',Is 6 plus 5 equal to 83?,No,-4.944903373718262,-4.512389659881592,-5.064501946076102,-4.6761967219477105,0.1195985723578401,0.16380706206611872,No,True,No,True
Arithmetic,2_digit_addition,'',Is 56 plus 85 equal to 141?,Yes,-4.798460006713867,-4.37105655670166,-5.064501946076102,-4.6761967219477105,0.26604193936223464,0.30514016524605037,No,False,No,False
Arithmetic,1_digit_multiplication,'',Is 7 times 1 equal to 7?,Yes,-4.946897506713867,-4.95543909072876,-5.064018027782439,-4.675558860301971,0.11712052106857218,-0.2798802304267891,Yes,True,Yes,True
Arithmetic,2_digit_multiplication,'',Is 73 times 42 equal to 3066?,Yes,-5.007328510284424,-4.708700656890869,-5.064018027782439,-4.675558860301971,0.05668951749801554,-0.03314179658889849,No,False,Yes,True
Arithmetic,1_digit_addition,'',Is 7 plus 8 equal to 17?,No,-5.178597450256348,-4.7491607666015625,-5.064018027782439,-4.675558860301971,-0.11457942247390829,-0.07360190629959185,No,True,No,True
Arithmetic,2_digit_subtraction,'',Is 27 minus 40 equal to 802?,No,-4.954066753387451,-4.5247483253479,-5.064018027782439,-4.675558860301971,0.1099512743949882,0.15081053495407026,No,True,No,True
Arithmetic,1_digit_multiplication,'',Is 6 times 2 equal to 12?,Yes,-4.94858980178833,-4.893520832061768,-5.064018027782439,-4.675558860301971,0.11542822599410929,-0.21796197175979692,No,False,Yes,True
Arithmetic,2_digit_addition,'',Is 14 plus 89 equal to 103?,Yes,-4.880422592163086,-4.510950088500977,-5.064018027782439,-4.675558860301971,0.18359543561935343,0.1646087718009941,No,False,Yes,True
Arithmetic,1_digit_subtraction,'',Is 2 minus 7 equal to 74?,No,-5.232082843780518,-4.68113899230957,-5.064018027782439,-4.675558860301971,-0.1680648159980782,-0.0055801320075996586,No,True,No,True
Arithmetic,1_digit_addition,'',Is 5 plus 4 equal to 7?,No,-5.124590873718262,-4.692077159881592,-5.064018027782439,-4.675558860301971,-0.06057284593582235,-0.016518299579621143,No,True,No,True
Arithmetic,1_digit_subtraction,'',Is 0 minus 7 equal to -7?,Yes,-5.808705806732178,-5.092991352081299,-5.064018027782439,-4.675558860301971,-0.7446877789497384,-0.4174324917793282,No,False,No,False
Arithmetic,2_digit_addition,'',Is 49 plus 98 equal to 401?,No,-4.655447959899902,-4.0956339836120605,-5.064018027782439,-4.675558860301971,0.408570067882537,0.5799248766899101,No,True,No,True
Arithmetic,1_digit_subtraction,'',Is 3 minus 1 equal to 2?,Yes,-5.3244404792785645,-5.01949405670166,-5.064018027782439,-4.675558860301971,-0.2604224514961251,-0.3439351963996895,No,False,Yes,True
Arithmetic,1_digit_addition,'',Is 4 plus 7 equal to 11?,Yes,-5.05613899230957,-4.50071382522583,-5.064018027782439,-4.675558860301971,0.007879035472869056,0.17484503507614058,No,False,No,False
Arithmetic,2_digit_subtraction,'',Is 94 minus 23 equal to 52?,No,-4.927297592163086,-4.370842933654785,-5.064018027782439,-4.675558860301971,0.13672043561935343,0.3047159266471855,No,True,No,True
Arithmetic,1_digit_addition,'',Is 7 plus 9 equal to 59?,No,-4.815934658050537,-4.384737491607666,-5.064018027782439,-4.675558860301971,0.24808336973190226,0.29082136869430464,No,True,No,True
Arithmetic,2_digit_addition,'',Is 66 plus 27 equal to 99?,No,-4.7541279792785645,-4.323428153991699,-5.064018027782439,-4.675558860301971,0.3098900485038749,0.35213070631027144,No,True,No,True
Arithmetic,2_digit_multiplication,'',Is 37 times 50 equal to 1850?,Yes,-4.883367538452148,-4.577322959899902,-5.064018027782439,-4.675558860301971,0.18065048933029093,0.09823590040206831,No,False,Yes,True
Arithmetic,2_digit_subtraction,'',Is 63 minus 70 equal to 74?,No,-5.030512809753418,-4.4809651374816895,-5.064018027782439,-4.675558860301971,0.0335052180290214,0.1945937228202812,No,True,No,True
Arithmetic,1_digit_multiplication,'',Is 5 times 5 equal to 25?,Yes,-4.912627696990967,-4.73043155670166,-5.064018027782439,-4.675558860301971,0.15139033079147257,-0.0548726963996895,No,False,Yes,True
Arithmetic,2_digit_multiplication,'',Is 30 times 99 equal to 2970?,Yes,-4.822850227355957,-4.45383882522583,-5.064018027782439,-4.675558860301971,0.24116780042648234,0.22172003507614058,No,False,Yes,True
Arithmetic,2_digit_addition,'',Is 11 plus 83 equal to 46?,No,-4.747610092163086,-4.315637588500977,-5.064018027782439,-4.675558860301971,0.31640793561935343,0.3599212718009941,No,True,No,True
Arithmetic,2_digit_subtraction,'',Is 39 minus 91 equal to -52?,Yes,-5.47983980178833,-4.743649005889893,-5.064018027782439,-4.675558860301971,-0.4158217740058907,-0.06809014558792192,No,False,No,False
Arithmetic,1_digit_addition,'',Is 3 plus 2 equal to 5?,Yes,-4.83043909072876,-4.646493911743164,-5.064018027782439,-4.675558860301971,0.2335789370536796,0.02906494855880659,No,False,Yes,True
Arithmetic,2_digit_subtraction,'',Is 49 minus 86 equal to -37?,Yes,-5.634451866149902,-4.838475227355957,-5.064018027782439,-4.675558860301971,-0.570433838367463,-0.16291636705398638,No,False,No,False
Arithmetic,2_digit_addition,'',Is 15 plus 50 equal to 49?,No,-4.858965873718262,-4.424990653991699,-5.064018027782439,-4.675558860301971,0.20505215406417765,0.25056820631027144,No,True,No,True
Arithmetic,1_digit_multiplication,'',Is 9 times 2 equal to 18?,Yes,-4.7981858253479,-4.7413482666015625,-5.064018027782439,-4.675558860301971,0.265832202434539,-0.06578940629959185,No,False,Yes,True
Arithmetic,2_digit_multiplication,'',Is 62 times 81 equal to 5273?,No,-5.096796035766602,-4.929298400878906,-5.064018027782439,-4.675558860301971,-0.032778007984162194,-0.2537395405769356,No,True,Yes,False
Arithmetic,1_digit_multiplication,'',Is 0 times 4 equal to 7?,No,-5.367719650268555,-5.133977890014648,-5.064018027782439,-4.675558860301971,-0.3037016224861153,-0.4584190297126778,No,True,Yes,False
Arithmetic,2_digit_subtraction,'',Is 35 minus 43 equal to 47?,No,-4.85543155670166,-4.360472202301025,-5.064018027782439,-4.675558860301971,0.2085864710807792,0.31508665800094526,No,True,No,True
Arithmetic,2_digit_addition,'',Is 38 plus 37 equal to 75?,Yes,-4.779709339141846,-4.347405433654785,-5.064018027782439,-4.675558860301971,0.28430868864059367,0.3281534266471855,No,False,No,False
Arithmetic,1_digit_subtraction,'',Is 0 minus 9 equal to 71?,No,-5.107662677764893,-4.44077730178833,-5.064018027782439,-4.675558860301971,-0.04364464998245321,0.23478155851364058,No,True,No,True
Arithmetic,1_digit_addition,'',Is 9 plus 1 equal to 26?,No,-4.868649005889893,-4.374197959899902,-5.064018027782439,-4.675558860301971,0.1953690218925468,0.3013609004020683,No,True,No,True
Arithmetic,1_digit_multiplication,'',Is 1 times 6 equal to 4?,No,-4.913578510284424,-5.107082843780518,-5.064018027782439,-4.675558860301971,0.15043951749801554,-0.4315239834785469,Yes,False,Yes,False
Arithmetic,1_digit_subtraction,'',Is 7 minus 6 equal to 7?,No,-5.3869404792785645,-4.833993911743164,-5.064018027782439,-4.675558860301971,-0.3229224514961251,-0.1584350514411934,No,True,No,True
Arithmetic,2_digit_subtraction,'',Is 33 minus 71 equal to -38?,Yes,-5.399937152862549,-4.789617538452148,-5.064018027782439,-4.675558860301971,-0.33591912508010946,-0.11405867815017778,No,False,No,False
Arithmetic,1_digit_subtraction,'',Is 6 minus 2 equal to 4?,Yes,-5.2697529792785645,-4.77730655670166,-5.064018027782439,-4.675558860301971,-0.20573495149612508,-0.1017476963996895,No,False,No,False
Arithmetic,2_digit_subtraction,'',Is 21 minus 35 equal to 797?,No,-5.222758293151856,-4.545230865478516,-5.064018027782439,-4.675558860301971,-0.158740265369417,0.13032799482345503,No,True,No,True
Arithmetic,1_digit_subtraction,'',Is 6 minus 4 equal to 2?,Yes,-5.350825309753418,-4.7981858253479,-5.064018027782439,-4.675558860301971,-0.2868072819709786,-0.12262696504592974,No,False,No,False
Arithmetic,2_digit_addition,'',Is 23 plus 32 equal to 55?,Yes,-4.65856409072876,-4.350207328796387,-5.064018027782439,-4.675558860301971,0.4054539370536796,0.32535153150558394,No,False,Yes,True
Arithmetic,1_digit_addition,'',Is 3 plus 0 equal to 3?,Yes,-5.057225227355957,-4.8750081062316895,-5.064018027782439,-4.675558860301971,0.006792800426482337,-0.1994492459297188,No,False,Yes,True
Arithmetic,2_digit_subtraction,'',Is 10 minus 81 equal to 998?,No,-5.087399005889893,-4.468467712402344,-5.064018027782439,-4.675558860301971,-0.02338097810745321,0.2070911478996269,No,True,No,True
Arithmetic,2_digit_multiplication,'',Is 71 times 43 equal to 3053?,Yes,-5.091010570526123,-4.795943737030029,-5.064018027782439,-4.675558860301971,-0.02699254274368368,-0.12038487672805864,No,False,Yes,True
Arithmetic,1_digit_addition,'',Is 9 plus 2 equal to 50?,No,-4.661493301391602,-4.227228164672852,-5.064018027782439,-4.675558860301971,0.4025247263908378,0.4483306956291191,No,True,No,True
Arithmetic,1_digit_subtraction,'',Is 3 minus 5 equal to -2?,Yes,-5.666775226593018,-5.113894462585449,-5.064018027782439,-4.675558860301971,-0.6027571988105782,-0.43833560228347856,No,False,No,False
Arithmetic,1_digit_multiplication,'',Is 2 times 0 equal to 2?,No,-4.938999652862549,-5.133004665374756,-5.064018027782439,-4.675558860301971,0.12501837491989054,-0.4574458050727852,Yes,False,Yes,False
Arithmetic,1_digit_addition,'',Is 1 plus 4 equal to 5?,Yes,-5.009397506713867,-4.889190196990967,-5.064018027782439,-4.675558860301971,0.05462052106857218,-0.21363133668899614,No,False,Yes,True
Arithmetic,2_digit_multiplication,'',Is 94 times 26 equal to 5872?,No,-5.048374652862549,-4.7463154792785645,-5.064018027782439,-4.675558860301971,0.01564337491989054,-0.0707566189765938,No,True,Yes,False
Arithmetic,2_digit_multiplication,'',Is 10 times 66 equal to 491?,No,-4.944903373718262,-4.451181411743164,-5.064018027782439,-4.675558860301971,0.11911465406417765,0.2243774485588066,No,True,No,True
Arithmetic,2_digit_multiplication,'',Is 88 times 70 equal to 6160?,Yes,-5.146725177764893,-4.851173400878906,-5.064018027782439,-4.675558860301971,-0.08270714998245321,-0.1756145405769356,No,False,Yes,True
Arithmetic,2_digit_subtraction,'',Is 24 minus 46 equal to 850?,No,-5.0900654792785645,-4.53356409072876,-5.064018027782439,-4.675558860301971,-0.026047451496125085,0.1419947695732109,No,True,No,True
Arithmetic,2_digit_multiplication,'',Is 84 times 43 equal to 3612?,Yes,-5.010180473327637,-4.714945793151856,-5.064018027782439,-4.675558860301971,0.05383755445480265,-0.0393869328498857,No,False,Yes,True
