Type,Digits,Context,Question,Correct Answer,raw_yes_logprob,raw_no_logprob,batch_yes_mean,batch_no_mean,calibrated_yes_logprob,calibrated_no_logprob,raw_predicted_answer,raw_is_correct,batchcalib_predicted_answer,batchcalib_is_correct
Arithmetic,2_digit_multiplication,'',Is 15 times 20 equal to 300?,Yes,-5.029815196990967,-4.660827159881592,-5.027097606658936,-4.632443237304687,-0.0027175903320308947,-0.028383922576904475,No,False,Yes,True
Arithmetic,2_digit_subtraction,'',Is 20 minus 51 equal to 906?,No,-5.396200656890869,-4.654709339141846,-5.027097606658936,-4.632443237304687,-0.36910305023193324,-0.02226610183715838,No,True,No,True
Arithmetic,1_digit_addition,'',Is 2 plus 4 equal to 6?,Yes,-4.994709491729736,-4.8138108253479,-5.027097606658936,-4.632443237304687,0.032388114929199574,-0.18136758804321307,No,False,Yes,True
Arithmetic,1_digit_multiplication,'',Is 4 times 2 equal to 2?,No,-4.999478340148926,-4.945609092712402,-5.027097606658936,-4.632443237304687,0.02761926651001012,-0.313165855407715,No,True,Yes,False
Arithmetic,1_digit_addition,'',Is 7 plus 7 equal to 72?,No,-4.866778373718262,-4.498056411743164,-5.027097606658936,-4.632443237304687,0.16031923294067418,0.13438682556152326,No,True,Yes,False
Arithmetic,2_digit_multiplication,'',Is 54 times 51 equal to 2754?,Yes,-5.001380920410156,-4.703272342681885,-5.027097606658936,-4.632443237304687,0.025716686248779652,-0.07082910537719744,No,False,Yes,True
Arithmetic,1_digit_subtraction,'',Is 1 minus 7 equal to -6?,Yes,-5.670491695404053,-5.064085006713867,-5.027097606658936,-4.632443237304687,-0.6433940887451168,-0.43164176940917987,No,False,No,False
Arithmetic,2_digit_subtraction,'',Is 47 minus 38 equal to 9?,Yes,-5.09702730178833,-4.54918909072876,-5.027097606658936,-4.632443237304687,-0.06992969512939418,0.08325414657592756,No,False,No,False
Arithmetic,1_digit_multiplication,'',Is 7 times 8 equal to 77?,No,-5.08921480178833,-4.726153373718262,-5.027097606658936,-4.632443237304687,-0.062117195129394176,-0.0937101364135744,No,True,Yes,False
Arithmetic,2_digit_subtraction,'',Is 27 minus 13 equal to 93?,No,-5.000555038452148,-4.382010459899902,-5.027097606658936,-4.632443237304687,0.026542568206787465,0.250432777404785,No,True,No,True
Arithmetic,2_digit_subtraction,'',Is 64 minus 25 equal to 67?,No,-5.130575656890869,-4.576584339141846,-5.027097606658936,-4.632443237304687,-0.10347805023193324,0.05585889816284162,No,True,No,True
Arithmetic,1_digit_addition,'',Is 7 plus 5 equal to 16?,No,-4.952715873718262,-4.583368301391602,-5.027097606658936,-4.632443237304687,0.07438173294067418,0.04907493591308576,No,True,Yes,False
Arithmetic,1_digit_addition,'',Is 2 plus 6 equal to 6?,No,-5.002712726593018,-4.82176399230957,-5.027097606658936,-4.632443237304687,0.024384880065918324,-0.189320755004883,No,True,Yes,False
Arithmetic,2_digit_subtraction,'',Is 51 minus 29 equal to 91?,No,-4.721155643463135,-4.290359020233154,-5.027097606658936,-4.632443237304687,0.30594196319580114,0.342084217071533,No,True,No,True
Arithmetic,1_digit_subtraction,'',Is 5 minus 2 equal to 5?,No,-5.167178153991699,-4.734092712402344,-5.027097606658936,-4.632443237304687,-0.14008054733276332,-0.10164947509765643,No,True,No,True
Arithmetic,1_digit_addition,'',Is 7 plus 3 equal to 10?,Yes,-5.043581962585449,-4.611961841583252,-5.027097606658936,-4.632443237304687,-0.016484355926513317,0.02048139572143537,No,False,No,False
Arithmetic,1_digit_multiplication,'',Is 4 times 6 equal to 24?,Yes,-4.789254665374756,-4.610836505889893,-5.027097606658936,-4.632443237304687,0.23784294128418004,0.021606731414794744,No,False,Yes,True
Arithmetic,2_digit_addition,'',Is 48 plus 96 equal to 144?,Yes,-4.9416279792785645,-4.44762659072876,-5.027097606658936,-4.632443237304687,0.08546962738037145,0.18481664657592756,No,False,No,False
Arithmetic,2_digit_subtraction,'',Is 41 minus 45 equal to 94?,No,-4.8724751472473145,-4.317743301391602,-5.027097606658936,-4.632443237304687,0.15462245941162145,0.31469993591308576,No,True,No,True
Arithmetic,1_digit_multiplication,'',Is 6 times 3 equal to 56?,No,-4.775022506713867,-4.656805038452148,-5.027097606658936,-4.632443237304687,0.2520750999450687,-0.024361801147461115,No,True,Yes,False
Arithmetic,1_digit_subtraction,'',Is 7 minus 3 equal to 4?,Yes,-5.226859092712402,-4.735752105712891,-5.055947995185852,-4.660356175899505,-0.17091109752655065,-0.07539592981338572,No,False,No,False
Arithmetic,2_digit_addition,'',Is 26 plus 85 equal to 331?,No,-4.9075608253479,-4.4771904945373535,-5.055947995185852,-4.660356175899505,0.1483871698379513,0.1831656813621514,No,True,No,True
Arithmetic,2_digit_addition,'',Is 71 plus 34 equal to 352?,No,-4.735960006713867,-4.432803153991699,-5.055947995185852,-4.660356175899505,0.3199879884719845,0.22755302190780569,No,True,Yes,False
Arithmetic,1_digit_subtraction,'',Is 8 minus 8 equal to 0?,Yes,-5.239665985107422,-4.5638108253479,-5.055947995185852,-4.660356175899505,-0.18371798992157018,0.09654535055160451,No,False,No,False
Arithmetic,1_digit_addition,'',Is 3 plus 1 equal to 4?,Yes,-4.888125419616699,-4.766921520233154,-5.055947995185852,-4.660356175899505,0.16782257556915248,-0.10656534433364939,No,False,Yes,True
Arithmetic,1_digit_subtraction,'',Is 3 minus 7 equal to 88?,No,-5.039617538452148,-4.483019828796387,-5.055947995185852,-4.660356175899505,0.016330456733703258,0.17733634710311819,No,True,No,True
Arithmetic,2_digit_addition,'',Is 13 plus 36 equal to 31?,No,-4.866778373718262,-4.498056411743164,-5.055947995185852,-4.660356175899505,0.18916962146758998,0.16229976415634084,No,True,Yes,False
Arithmetic,1_digit_multiplication,'',Is 3 times 0 equal to 0?,Yes,-4.905860900878906,-4.790647506713867,-5.055947995185852,-4.660356175899505,0.15008709430694545,-0.13029133081436228,No,False,Yes,True
Arithmetic,1_digit_subtraction,'',Is 0 minus 0 equal to 0?,Yes,-5.430219650268555,-4.889241695404053,-5.055947995185852,-4.660356175899505,-0.374271655082703,-0.22888551950454783,No,False,No,False
Arithmetic,1_digit_multiplication,'',Is 6 times 3 equal to 18?,Yes,-4.902445793151856,-4.846155643463135,-5.055947995185852,-4.660356175899505,0.15350220203399534,-0.18579946756362986,No,False,Yes,True
Arithmetic,1_digit_subtraction,'',Is 0 minus 1 equal to -1?,Yes,-5.695844650268555,-5.09703540802002,-5.055947995185852,-4.660356175899505,-0.639896655082703,-0.4366792321205155,No,False,No,False
Arithmetic,2_digit_subtraction,'',Is 11 minus 72 equal to 552?,No,-5.2775654792785645,-4.660827159881592,-5.055947995185852,-4.660356175899505,-0.22161748409271276,-0.0004709839820868922,No,True,No,True
Arithmetic,2_digit_addition,'',Is 78 plus 53 equal to 659?,No,-5.110874652862549,-4.6849751472473145,-5.055947995185852,-4.660356175899505,-0.05492665767669713,-0.02461897134780955,No,True,No,True
Arithmetic,2_digit_addition,'',Is 66 plus 58 equal to 124?,Yes,-4.914254665374756,-4.424990653991699,-5.055947995185852,-4.660356175899505,0.14169332981109584,0.23536552190780569,No,False,No,False
Arithmetic,1_digit_subtraction,'',Is 9 minus 2 equal to 7?,Yes,-5.254519462585449,-4.698450088500977,-5.055947995185852,-4.660356175899505,-0.19857146739959752,-0.03809391260147166,No,False,No,False
Arithmetic,1_digit_multiplication,'',Is 0 times 4 equal to 0?,Yes,-5.316341876983643,-5.078657150268555,-5.055947995185852,-4.660356175899505,-0.2603938817977909,-0.4183009743690498,No,False,Yes,True
Arithmetic,1_digit_multiplication,'',Is 0 times 2 equal to 4?,No,-5.065546035766602,-5.196477890014648,-5.055947995185852,-4.660356175899505,-0.009598040580749867,-0.5361217141151435,Yes,False,Yes,False
Arithmetic,1_digit_addition,'',Is 5 plus 8 equal to 38?,No,-4.931149005889893,-4.373056411743164,-5.055947995185852,-4.660356175899505,0.12479898929595912,0.28729976415634084,No,True,No,True
Arithmetic,1_digit_subtraction,'',Is 4 minus 8 equal to -4?,Yes,-5.477504253387451,-4.803043365478516,-5.055947995185852,-4.660356175899505,-0.4215562582015995,-0.14268718957901072,No,False,No,False
Arithmetic,2_digit_addition,'',Is 29 plus 68 equal to 87?,No,-4.509274005889893,-4.264269828796387,-5.055947995185852,-4.660356175899505,0.5466739892959591,0.3960863471031182,No,True,Yes,False
Arithmetic,2_digit_multiplication,'',Is 84 times 36 equal to 7062?,No,-5.366523742675781,-5.138332843780518,-5.102396376927693,-4.689461024602253,-0.26412736574808804,-0.44887181917826435,No,True,Yes,False
Arithmetic,1_digit_addition,'',Is 3 plus 4 equal to 7?,Yes,-5.080530643463135,-4.773354530334473,-5.102396376927693,-4.689461024602253,0.021865733464558446,-0.08389350573221943,No,False,Yes,True
Arithmetic,2_digit_multiplication,'',Is 37 times 48 equal to 1776?,Yes,-5.122604370117188,-4.701690196990967,-5.102396376927693,-4.689461024602253,-0.020207993189495177,-0.012229172388713572,No,False,No,False
Arithmetic,1_digit_subtraction,'',Is 4 minus 6 equal to -2?,Yes,-5.73765230178833,-4.938055038452148,-5.102396376927693,-4.689461024602253,-0.6352559248606369,-0.2485940138498952,No,False,No,False
Arithmetic,2_digit_subtraction,'',Is 97 minus 66 equal to 31?,Yes,-4.901333332061768,-4.410827159881592,-5.102396376927693,-4.689461024602253,0.20106304486592563,0.27863386472066143,No,False,No,False
Arithmetic,1_digit_subtraction,'',Is 1 minus 0 equal to 1?,Yes,-5.345130920410156,-4.981969356536865,-5.102396376927693,-4.689461024602253,-0.24273454348246304,-0.292508331934612,No,False,Yes,True
Arithmetic,1_digit_subtraction,'',Is 8 minus 3 equal to 5?,Yes,-5.204710006713867,-4.714053153991699,-5.102396376927693,-4.689461024602253,-0.10231362978617398,-0.024592129389445994,No,False,No,False
Arithmetic,1_digit_addition,'',Is 5 plus 5 equal to 98?,No,-4.918639659881592,-4.297081470489502,-5.102396376927693,-4.689461024602253,0.18375671704610141,0.39237955411275127,No,True,No,True
Arithmetic,1_digit_addition,'',Is 0 plus 5 equal to 1?,No,-5.173883438110352,-4.871968746185303,-5.102396376927693,-4.689461024602253,-0.07148706118265835,-0.1825077215830495,No,True,Yes,False
Arithmetic,1_digit_subtraction,'',Is 6 minus 4 equal to 8?,No,-5.252405643463135,-4.759737491607666,-5.102396376927693,-4.689461024602253,-0.15000926653544155,-0.07027646700541279,No,True,No,True
Arithmetic,2_digit_addition,'',Is 86 plus 78 equal to 164?,Yes,-4.804879665374756,-4.43981409072876,-5.102396376927693,-4.689461024602253,0.29751671155293735,0.24964693387349346,No,False,Yes,True
Arithmetic,2_digit_multiplication,'',Is 95 times 18 equal to 1710?,Yes,-5.309637069702148,-4.759274005889893,-5.102396376927693,-4.689461024602253,-0.20724069277445523,-0.06981298128763935,No,False,No,False
Arithmetic,1_digit_subtraction,'',Is 5 minus 9 equal to -4?,Yes,-5.496195793151856,-4.818668365478516,-5.102396376927693,-4.689461024602253,-0.39379941622416315,-0.1292073408762624,No,False,No,False
Arithmetic,1_digit_addition,'',Is 1 plus 0 equal to 1?,Yes,-5.118129253387451,-4.997594356536865,-5.102396376927693,-4.689461024602253,-0.01573287645975796,-0.308133331934612,No,False,Yes,True
Arithmetic,2_digit_multiplication,'',Is 88 times 44 equal to 3872?,Yes,-5.158927440643311,-4.738563060760498,-5.102396376927693,-4.689461024602253,-0.056531063715618224,-0.04910203615824482,No,False,No,False
Arithmetic,1_digit_subtraction,'',Is 7 minus 4 equal to 3?,Yes,-5.338459491729736,-4.786562919616699,-5.102396376927693,-4.689461024602253,-0.23606311480204312,-0.097101895014446,No,False,No,False
Arithmetic,2_digit_subtraction,'',Is 45 minus 45 equal to 0?,Yes,-4.974040985107422,-4.420784950256348,-5.102396376927693,-4.689461024602253,0.12835539182027134,0.26867607434590557,No,False,No,False
Arithmetic,2_digit_multiplication,'',Is 61 times 49 equal to 2989?,Yes,-4.861014366149902,-4.500296592712402,-5.102396376927693,-4.689461024602253,0.24138201077779087,0.18916443188985088,No,False,Yes,True
Arithmetic,2_digit_multiplication,'',Is 87 times 84 equal to 5834?,No,-5.041070938110352,-4.813441753387451,-5.102396376927693,-4.689461024602253,0.06132543881734165,-0.12398072878519795,No,True,Yes,False
Arithmetic,1_digit_subtraction,'',Is 1 minus 6 equal to -5?,Yes,-5.700093746185303,-5.091344356536865,-5.102396376927693,-4.689461024602253,-0.5976973692576095,-0.401883331934612,No,False,No,False
Arithmetic,1_digit_subtraction,'',Is 2 minus 4 equal to -2?,Yes,-5.819828510284424,-5.210006237030029,-5.090044677257538,-4.701786017417907,-0.729783833026886,-0.5082202196121219,No,False,No,False
Arithmetic,1_digit_addition,'',Is 1 plus 8 equal to 9?,Yes,-4.922067165374756,-4.678252696990967,-5.090044677257538,-4.701786017417907,0.16797751188278198,0.023533320426940563,No,False,Yes,True
Arithmetic,1_digit_subtraction,'',Is 3 minus 9 equal to 90?,No,-4.78977632522583,-4.293662071228027,-5.090044677257538,-4.701786017417907,0.30026835203170776,0.40812394618988,No,True,No,True
Arithmetic,1_digit_addition,'',Is 6 plus 1 equal to 1?,No,-5.126585006713867,-4.757403373718262,-5.090044677257538,-4.701786017417907,-0.036540329456329346,-0.05561735630035436,No,True,Yes,False
Arithmetic,1_digit_addition,'',Is 4 plus 5 equal to 9?,Yes,-4.932093143463135,-4.438796520233154,-5.090044677257538,-4.701786017417907,0.15795153379440308,0.26298949718475306,No,False,No,False
Arithmetic,2_digit_subtraction,'',Is 75 minus 70 equal to 5?,Yes,-5.321812152862549,-4.8322529792785645,-5.090044677257538,-4.701786017417907,-0.231767475605011,-0.1304669618606571,No,False,No,False
Arithmetic,1_digit_addition,'',Is 2 plus 8 equal to 44?,No,-4.893146991729736,-4.586084842681885,-5.090044677257538,-4.701786017417907,0.1968976855278015,0.1157011747360226,No,True,Yes,False
Arithmetic,1_digit_multiplication,'',Is 3 times 0 equal to 2?,No,-4.90171480178833,-5.032835006713867,-5.090044677257538,-4.701786017417907,0.18832987546920776,-0.33104898929595983,Yes,False,Yes,False
Arithmetic,1_digit_multiplication,'',Is 1 times 0 equal to 0?,Yes,-4.950729370117188,-4.954624652862549,-5.090044677257538,-4.701786017417907,0.13931530714034945,-0.25283863544464147,Yes,True,Yes,True
Arithmetic,1_digit_multiplication,'',Is 5 times 9 equal to 92?,No,-4.8334126472473145,-4.52575159072876,-5.090044677257538,-4.701786017417907,0.2566320300102234,0.1760344266891476,No,True,Yes,False
Arithmetic,1_digit_multiplication,'',Is 0 times 6 equal to 6?,No,-5.12917947769165,-5.138912677764893,-5.090044677257538,-4.701786017417907,-0.03913480043411255,-0.4371266603469852,Yes,False,Yes,False
Arithmetic,1_digit_addition,'',Is 2 plus 0 equal to 2?,Yes,-5.192449569702148,-5.0744404792785645,-5.090044677257538,-4.701786017417907,-0.1024048924446106,-0.3726544618606571,No,False,Yes,True
Arithmetic,2_digit_multiplication,'',Is 10 times 37 equal to 370?,Yes,-5.100472450256348,-4.6085357666015625,-5.090044677257538,-4.701786017417907,-0.010427772998809814,0.09325025081634486,No,False,No,False
Arithmetic,1_digit_addition,'',Is 7 plus 4 equal to 19?,No,-5.22202730178833,-4.6693501472473145,-5.090044677257538,-4.701786017417907,-0.13198262453079224,0.032435870170592906,No,True,No,True
Arithmetic,1_digit_addition,'',Is 2 plus 2 equal to 5?,No,-4.943877696990967,-4.823428153991699,-5.090044677257538,-4.701786017417907,0.14616698026657104,-0.12164213657379186,No,True,Yes,False
Arithmetic,1_digit_multiplication,'',Is 4 times 7 equal to 92?,No,-4.828317165374756,-4.523992538452148,-5.090044677257538,-4.701786017417907,0.261727511882782,0.17779347896575892,No,True,Yes,False
Arithmetic,1_digit_addition,'',Is 9 plus 6 equal to 15?,Yes,-4.852939605712891,-4.481996059417725,-5.090044677257538,-4.701786017417907,0.23710507154464722,0.21978995800018275,No,False,Yes,True
Arithmetic,1_digit_addition,'',Is 1 plus 7 equal to 4?,No,-5.053950309753418,-4.872594356536865,-5.090044677257538,-4.701786017417907,0.03609436750411987,-0.17080833911895787,No,True,Yes,False
Arithmetic,2_digit_subtraction,'',Is 59 minus 61 equal to -2?,Yes,-5.400076866149902,-4.855121612548828,-5.090044677257538,-4.701786017417907,-0.3100321888923645,-0.15333559513092077,No,False,No,False
Arithmetic,2_digit_subtraction,'',Is 84 minus 14 equal to 59?,No,-4.845335006713867,-4.417178153991699,-5.090044677257538,-4.701786017417907,0.24470967054367065,0.28460786342620814,No,True,No,True
Arithmetic,2_digit_multiplication,'',Is 23 times 62 equal to 1426?,Yes,-5.038673400878906,-4.8021626472473145,-5.081401391029358,-4.698490033149719,0.04272799015045159,-0.10367261409759543,No,False,Yes,True
Arithmetic,1_digit_subtraction,'',Is 8 minus 5 equal to 2?,No,-5.329145908355713,-4.781442165374756,-5.081401391029358,-4.698490033149719,-0.24774451732635505,-0.08295213222503683,No,True,No,True
Arithmetic,2_digit_subtraction,'',Is 53 minus 54 equal to 42?,No,-4.8322529792785645,-4.403680801391602,-5.081401391029358,-4.698490033149719,0.24914841175079339,0.29480923175811746,No,True,No,True
Arithmetic,1_digit_addition,'',Is 8 plus 7 equal to 15?,Yes,-4.971155643463135,-4.6021904945373535,-5.081401391029358,-4.698490033149719,0.11024574756622307,0.09629953861236551,No,False,Yes,True
Arithmetic,1_digit_multiplication,'',Is 3 times 4 equal to 12?,Yes,-4.923460006713867,-4.868649005889893,-5.081401391029358,-4.698490033149719,0.15794138431549065,-0.17015897274017355,No,False,Yes,True
Arithmetic,2_digit_multiplication,'',Is 57 times 13 equal to 554?,No,-5.211958408355713,-4.915647506713867,-5.081401391029358,-4.698490033149719,-0.13055701732635505,-0.21715747356414816,No,True,Yes,False
Arithmetic,2_digit_multiplication,'',Is 46 times 57 equal to 9476?,No,-5.004896640777588,-4.710200309753418,-5.081401391029358,-4.698490033149719,0.07650475025176995,-0.011710276603698944,No,True,Yes,False
Arithmetic,1_digit_addition,'',Is 2 plus 9 equal to 11?,Yes,-4.944222450256348,-4.638980865478516,-5.081401391029358,-4.698490033149719,0.13717894077301018,0.0595091676712034,No,False,Yes,True
Arithmetic,2_digit_multiplication,'',Is 54 times 99 equal to 9293?,No,-4.931326866149902,-4.631881237030029,-5.081401391029358,-4.698490033149719,0.1500745248794555,0.06660879611968973,No,True,Yes,False
Arithmetic,2_digit_addition,'',Is 68 plus 82 equal to 349?,No,-4.838459491729736,-4.534684658050537,-5.081401391029358,-4.698490033149719,0.2429418992996215,0.16380537509918192,No,True,Yes,False
Arithmetic,1_digit_multiplication,'',Is 1 times 2 equal to 2?,Yes,-5.056187152862549,-5.37046480178833,-5.081401391029358,-4.698490033149719,0.02521423816680901,-0.671974768638611,Yes,True,Yes,True
Arithmetic,1_digit_multiplication,'',Is 7 times 4 equal to 98?,No,-5.024379253387451,-4.5981526374816895,-5.081401391029358,-4.698490033149719,0.05702213764190667,0.10033739566802957,No,True,No,True
Arithmetic,1_digit_subtraction,'',Is 0 minus 1 equal to 29?,No,-5.201741695404053,-4.657835006713867,-5.081401391029358,-4.698490033149719,-0.1203403043746949,0.04065502643585184,No,True,No,True
Arithmetic,1_digit_subtraction,'',Is 4 minus 9 equal to -5?,Yes,-5.464945793151856,-4.726479530334473,-5.081401391029358,-4.698490033149719,-0.3835444021224985,-0.02798949718475363,No,False,No,False
Arithmetic,2_digit_multiplication,'',Is 14 times 86 equal to 6736?,No,-5.075832843780518,-4.775975227355957,-5.081401391029358,-4.698490033149719,0.005568547248840261,-0.077485194206238,No,True,Yes,False
Arithmetic,2_digit_addition,'',Is 99 plus 48 equal to 970?,No,-4.67258882522583,-4.238030433654785,-5.081401391029358,-4.698490033149719,0.40881256580352776,0.46045959949493387,No,True,No,True
Arithmetic,1_digit_multiplication,'',Is 3 times 9 equal to 27?,Yes,-4.897148609161377,-4.780840873718262,-5.081401391029358,-4.698490033149719,0.18425278186798089,-0.0823508405685427,No,False,Yes,True
Arithmetic,2_digit_subtraction,'',Is 65 minus 49 equal to 16?,Yes,-5.0677876472473145,-4.513055801391602,-5.081401391029358,-4.698490033149719,0.013613743782043386,0.18543423175811746,No,False,No,False
Arithmetic,1_digit_subtraction,'',Is 1 minus 9 equal to 66?,No,-5.240898609161377,-4.626461505889893,-5.081401391029358,-4.698490033149719,-0.15949721813201911,0.07202852725982645,No,True,No,True
Arithmetic,1_digit_addition,'',Is 4 plus 9 equal to 13?,Yes,-5.209502696990967,-4.529306411743164,-5.081401391029358,-4.698490033149719,-0.12810130596160896,0.16918362140655496,No,False,No,False
Arithmetic,1_digit_multiplication,'',Is 7 times 6 equal to 42?,Yes,-4.95640230178833,-4.717315196990967,-5.064804347356161,-4.672204685211182,0.10840204556783117,-0.04511051177978498,No,False,Yes,True
Arithmetic,1_digit_addition,'',Is 8 plus 4 equal to 12?,Yes,-4.8646626472473145,-4.495303153991699,-5.064804347356161,-4.672204685211182,0.2001417001088468,0.1769015312194826,No,False,Yes,True
Arithmetic,2_digit_addition,'',Is 69 plus 80 equal to 149?,Yes,-4.8869404792785645,-4.457702159881592,-5.064804347356161,-4.672204685211182,0.1778638680775968,0.21450252532959002,No,False,No,False
Arithmetic,1_digit_addition,'',Is 9 plus 4 equal to 78?,No,-4.81636905670166,-4.258478164672852,-5.064804347356161,-4.672204685211182,0.2484352906545011,0.41372652053833026,No,True,No,True
Arithmetic,2_digit_subtraction,'',Is 46 minus 30 equal to 88?,No,-5.053597450256348,-4.499917030334473,-5.064804347356161,-4.672204685211182,0.011206897099813595,0.17228765487670916,No,True,No,True
Arithmetic,2_digit_addition,'',Is 15 plus 55 equal to 70?,Yes,-4.760928153991699,-4.389269828796387,-5.064804347356161,-4.672204685211182,0.30387619336446203,0.2829348564147951,No,False,Yes,True
Arithmetic,2_digit_multiplication,'',Is 46 times 52 equal to 2392?,Yes,-5.085548400878906,-4.6615376472473145,-5.064804347356161,-4.672204685211182,-0.020744053522745,0.010667037963867365,No,False,No,False
Arithmetic,2_digit_subtraction,'',Is 79 minus 11 equal to 68?,Yes,-5.071897506713867,-4.58199405670166,-5.064804347356161,-4.672204685211182,-0.007093159357705936,0.09021062850952166,No,False,No,False
Arithmetic,2_digit_multiplication,'',Is 63 times 37 equal to 2331?,Yes,-5.160125732421875,-4.742379665374756,-5.064804347356161,-4.672204685211182,-0.09532138506571375,-0.07017498016357404,No,False,No,False
Arithmetic,2_digit_subtraction,'',Is 86 minus 38 equal to 48?,Yes,-4.961084842681885,-4.4693779945373535,-5.064804347356161,-4.672204685211182,0.10371950467427649,0.2028266906738283,No,False,No,False
Arithmetic,1_digit_subtraction,'',Is 9 minus 7 equal to 2?,Yes,-5.240898609161377,-4.750555038452148,-5.064804347356161,-4.672204685211182,-0.1760942618052157,-0.07835035324096662,No,False,No,False
Arithmetic,2_digit_subtraction,'',Is 56 minus 99 equal to 866?,No,-5.205837726593018,-4.530507564544678,-5.064804347356161,-4.672204685211182,-0.14103337923685633,0.14169712066650408,No,True,No,True
Arithmetic,1_digit_addition,'',Is 7 plus 8 equal to 15?,Yes,-5.037521839141846,-4.667717933654785,-5.064804347356161,-4.672204685211182,0.02728250821431555,0.004486751556396662,No,False,Yes,True
Arithmetic,2_digit_subtraction,'',Is 29 minus 24 equal to 5?,Yes,-5.115898609161377,-4.749590873718262,-5.064804347356161,-4.672204685211182,-0.0510942618052157,-0.0773861885070799,No,False,Yes,True
Arithmetic,2_digit_addition,'',Is 93 plus 50 equal to 278?,No,-4.803756237030029,-4.3125081062316895,-5.064804347356161,-4.672204685211182,0.26104811032613195,0.35969657897949237,No,True,No,True
Arithmetic,2_digit_multiplication,'',Is 63 times 23 equal to 3084?,No,-5.074188232421875,-4.779961109161377,-5.064804347356161,-4.672204685211182,-0.009383885065713748,-0.10775642395019513,No,True,Yes,False
Arithmetic,1_digit_subtraction,'',Is 9 minus 7 equal to 9?,No,-4.97106409072876,-4.477659702301025,-5.064804347356161,-4.672204685211182,0.09374025662740149,0.19454498291015643,No,True,No,True
Arithmetic,1_digit_addition,'',Is 9 plus 2 equal to 11?,Yes,-4.893740653991699,-4.461143970489502,-5.064804347356161,-4.672204685211182,0.17106369336446203,0.21106071472167987,No,False,No,False
Arithmetic,2_digit_addition,'',Is 80 plus 11 equal to 91?,Yes,-4.601479530334473,-4.230645656585693,-5.064804347356161,-4.672204685211182,0.4633248170216886,0.44155902862548846,No,False,Yes,True
Arithmetic,1_digit_addition,'',Is 7 plus 4 equal to 11?,Yes,-5.0744404792785645,-4.58199405670166,-5.064804347356161,-4.672204685211182,-0.009636131922403202,0.09021062850952166,No,False,No,False
Arithmetic,1_digit_multiplication,'',Is 0 times 9 equal to 0?,Yes,-5.238657474517822,-5.003711700439453,-5.055062818527222,-4.6688297782625465,-0.18359465599059988,-0.3348819221769066,No,False,Yes,True
Arithmetic,2_digit_subtraction,'',Is 29 minus 67 equal to -38?,Yes,-5.235519886016846,-4.747610092163086,-5.055062818527222,-4.6688297782625465,-0.1804570674896233,-0.07878031390053941,No,False,No,False
Arithmetic,2_digit_multiplication,'',Is 20 times 56 equal to 7037?,No,-5.249478340148926,-4.75926399230957,-5.055062818527222,-4.6688297782625465,-0.1944155216217034,-0.09043421404702379,No,True,No,True
Arithmetic,2_digit_multiplication,'',Is 97 times 29 equal to 9518?,No,-5.093228340148926,-4.791600227355957,-5.055062818527222,-4.6688297782625465,-0.03816552162170339,-0.1227704490934105,No,True,Yes,False
Arithmetic,1_digit_multiplication,'',Is 3 times 3 equal to 6?,No,-4.870083332061768,-5.001461505889893,-5.055062818527222,-4.6688297782625465,0.1849794864654548,-0.33263172762734605,Yes,False,Yes,False
Arithmetic,2_digit_multiplication,'',Is 45 times 39 equal to 1755?,Yes,-5.131523609161377,-4.70543909072876,-5.055062818527222,-4.6688297782625465,-0.07646079063415456,-0.03660931246621324,No,False,No,False
Arithmetic,1_digit_subtraction,'',Is 6 minus 6 equal to 0?,Yes,-5.325262069702148,-4.647002696990967,-5.055062818527222,-4.6688297782625465,-0.27019925117492605,0.02182708127157973,No,False,No,False
Arithmetic,1_digit_addition,'',Is 9 plus 3 equal to 12?,Yes,-4.8209404945373535,-4.511895656585693,-5.055062818527222,-4.6688297782625465,0.23412232398986887,0.15693412167685317,No,False,Yes,True
Arithmetic,2_digit_addition,'',Is 55 plus 32 equal to 32?,No,-4.359581470489502,-4.174769878387451,-5.055062818527222,-4.6688297782625465,0.6954813480377204,0.49405989987509535,No,True,Yes,False
Arithmetic,2_digit_addition,'',Is 27 plus 58 equal to 27?,No,-4.737490653991699,-4.429893970489502,-5.055062818527222,-4.6688297782625465,0.31757216453552317,0.23893580777304457,No,True,Yes,False
Arithmetic,1_digit_subtraction,'',Is 4 minus 4 equal to 5?,No,-5.17418909072876,-4.617393970489502,-5.055062818527222,-4.6688297782625465,-0.11912627220153738,0.05143580777304457,No,True,No,True
Arithmetic,2_digit_multiplication,'',Is 40 times 12 equal to 480?,Yes,-4.893520832061768,-4.524899005889893,-5.055062818527222,-4.6688297782625465,0.1615419864654548,0.14393077237265395,No,False,Yes,True
Arithmetic,1_digit_subtraction,'',Is 3 minus 9 equal to -6?,Yes,-5.475273609161377,-4.862490653991699,-5.055062818527222,-4.6688297782625465,-0.42021079063415456,-0.1936608757291527,No,False,No,False
Arithmetic,1_digit_subtraction,'',Is 2 minus 4 equal to 16?,No,-5.246195793151856,-4.8169026374816895,-5.055062818527222,-4.6688297782625465,-0.19113297462463397,-0.14807285921914293,No,True,No,True
Arithmetic,2_digit_multiplication,'',Is 91 times 55 equal to 1342?,No,-5.092991352081299,-4.795784950256348,-5.055062818527222,-4.6688297782625465,-0.03792853355407644,-0.12695517199380113,No,True,Yes,False
Arithmetic,2_digit_addition,'',Is 37 plus 33 equal to 45?,No,-4.6475982666015625,-4.340020656585693,-5.055062818527222,-4.6688297782625465,0.4074645519256599,0.32880912167685317,No,True,Yes,False
Arithmetic,2_digit_addition,'',Is 21 plus 52 equal to 25?,No,-4.767086505889893,-4.397082328796387,-5.055062818527222,-4.6688297782625465,0.2879763126373298,0.2717474494661598,No,True,Yes,False
Arithmetic,1_digit_multiplication,'',Is 6 times 6 equal to 31?,No,-4.8556904792785645,-4.73824405670166,-5.055062818527222,-4.6688297782625465,0.19937233924865794,-0.06941427843911363,No,True,Yes,False
Arithmetic,1_digit_multiplication,'',Is 5 times 7 equal to 60?,No,-4.791958332061768,-4.673336505889893,-5.055062818527222,-4.6688297782625465,0.2631044864654548,-0.004506727627346052,No,True,Yes,False
Arithmetic,2_digit_subtraction,'',Is 64 minus 16 equal to 48?,Yes,-4.9260029792785645,-4.432803153991699,-5.055062818527222,-4.6688297782625465,0.12905983924865794,0.2360266242708473,No,False,No,False
Arithmetic,2_digit_multiplication,'',Is 25 times 49 equal to 8152?,No,-5.302165985107422,-4.872594356536865,-5.062081933021546,-4.675006175041198,-0.24008405208587558,-0.19758818149566704,No,True,No,True
Arithmetic,2_digit_addition,'',Is 50 plus 91 equal to 159?,No,-4.898992538452148,-4.403014659881592,-5.062081933021546,-4.675006175041198,0.16308939456939786,0.2719915151596064,No,True,No,True
Arithmetic,1_digit_subtraction,'',Is 5 minus 1 equal to 4?,Yes,-5.173336505889893,-4.740243911743164,-5.062081933021546,-4.675006175041198,-0.11125457286834628,-0.06523773670196586,No,False,No,False
Arithmetic,2_digit_addition,'',Is 76 plus 94 equal to 168?,No,-4.889534950256348,-4.521793365478516,-5.062081933021546,-4.675006175041198,0.17254698276519864,0.15321280956268257,No,True,Yes,False
Arithmetic,2_digit_addition,'',Is 78 plus 64 equal to 142?,Yes,-4.823208332061768,-4.395202159881592,-5.062081933021546,-4.675006175041198,0.23887360095977872,0.2798040151596064,No,False,No,False
Arithmetic,1_digit_multiplication,'',Is 0 times 7 equal to 0?,Yes,-5.246029376983643,-5.070844650268555,-5.062081933021546,-4.675006175041198,-0.18394744396209628,-0.3958384752273565,No,False,Yes,True
Arithmetic,2_digit_addition,'',Is 61 plus 58 equal to 119?,Yes,-4.718942165374756,-4.292178153991699,-5.062081933021546,-4.675006175041198,0.34313976764679044,0.382828021049499,No,False,No,False
Arithmetic,2_digit_addition,'',Is 62 plus 55 equal to 628?,No,-4.954269886016846,-4.589496612548828,-5.062081933021546,-4.675006175041198,0.1078120470047006,0.08550956249237007,No,True,Yes,False
Arithmetic,1_digit_multiplication,'',Is 0 times 0 equal to 0?,Yes,-5.320363998413086,-5.139567852020264,-5.062081933021546,-4.675006175041198,-0.25828206539153964,-0.4645616769790655,No,False,Yes,True
Arithmetic,1_digit_multiplication,'',Is 9 times 8 equal to 32?,No,-4.700625419616699,-4.581195831298828,-5.062081933021546,-4.675006175041198,0.3614565134048471,0.09381034374237007,No,True,Yes,False
Arithmetic,2_digit_multiplication,'',Is 69 times 45 equal to 3105?,Yes,-5.265758514404297,-4.969894886016846,-5.062081933021546,-4.675006175041198,-0.20367658138275058,-0.2948887109756475,No,False,Yes,True
Arithmetic,1_digit_subtraction,'',Is 0 minus 9 equal to -9?,Yes,-5.555219650268555,-4.958541870117188,-5.062081933021546,-4.675006175041198,-0.4931377172470084,-0.2835356950759902,No,False,No,False
Arithmetic,2_digit_addition,'',Is 45 plus 89 equal to 134?,Yes,-5.004949569702148,-4.515215873718262,-5.062081933021546,-4.675006175041198,0.05713236331939786,0.15979030132293648,No,False,No,False
Arithmetic,1_digit_subtraction,'',Is 9 minus 2 equal to 5?,No,-5.11168909072876,-4.678885459899902,-5.062081933021546,-4.675006175041198,-0.04960715770721347,-0.003879284858704146,No,True,No,True
Arithmetic,2_digit_subtraction,'',Is 41 minus 29 equal to 12?,Yes,-5.058875560760498,-4.5078206062316895,-5.062081933021546,-4.675006175041198,0.0032063722610482515,0.16718556880950874,No,False,No,False
Arithmetic,1_digit_multiplication,'',Is 6 times 1 equal to 4?,No,-4.91733980178833,-4.924770832061768,-5.062081933021546,-4.675006175041198,0.14474213123321622,-0.24976465702056938,Yes,False,Yes,False
Arithmetic,1_digit_subtraction,'',Is 3 minus 8 equal to -5?,Yes,-5.502712726593018,-4.889882564544678,-5.062081933021546,-4.675006175041198,-0.4406307935714713,-0.21487638950347954,No,False,No,False
Arithmetic,1_digit_subtraction,'',Is 8 minus 4 equal to 2?,No,-5.275076866149902,-4.724325656890869,-5.062081933021546,-4.675006175041198,-0.21299493312835605,-0.04931948184967094,No,True,No,True
Arithmetic,2_digit_multiplication,'',Is 16 times 22 equal to 352?,Yes,-5.159888744354248,-4.797171592712402,-5.062081933021546,-4.675006175041198,-0.09780681133270175,-0.12216541767120415,No,False,Yes,True
Arithmetic,1_digit_subtraction,'',Is 9 minus 6 equal to 3?,Yes,-5.345335006713867,-4.792178153991699,-5.062081933021546,-4.675006175041198,-0.2832530736923209,-0.11717197895050102,No,False,No,False
Arithmetic,2_digit_multiplication,'',Is 52 times 64 equal to 4487?,No,-5.114620685577393,-4.757290840148926,-5.0654827435811365,-4.674246003892685,-0.049137941996256096,-0.08304483625624037,No,True,Yes,False
Arithmetic,2_digit_subtraction,'',Is 69 minus 74 equal to -5?,Yes,-5.37047290802002,-4.7631001472473145,-5.0654827435811365,-4.674246003892685,-0.30499016443888394,-0.08885414335462904,No,False,No,False
Arithmetic,2_digit_multiplication,'',Is 52 times 16 equal to 833?,No,-5.124241352081299,-4.825719356536865,-5.0654827435811365,-4.674246003892685,-0.058758608500162346,-0.15147335264417983,No,True,Yes,False
Arithmetic,1_digit_subtraction,'',Is 9 minus 1 equal to 2?,No,-5.242484092712402,-4.811757564544678,-5.0654827435811365,-4.674246003892685,-0.17700134913126586,-0.13751156065199233,No,True,No,True
Arithmetic,1_digit_subtraction,'',Is 1 minus 7 equal to 68?,No,-5.36265230178833,-4.748565196990967,-5.0654827435811365,-4.674246003892685,-0.2971695582071936,-0.07431919309828139,No,True,No,True
Arithmetic,2_digit_subtraction,'',Is 83 minus 10 equal to 48?,No,-4.916958332061768,-4.487490653991699,-5.0654827435811365,-4.674246003892685,0.1485244115193689,0.1867553499009862,No,True,No,True
Arithmetic,1_digit_addition,'',Is 0 plus 1 equal to 5?,No,-5.216010570526123,-4.915207386016846,-5.0654827435811365,-4.674246003892685,-0.15052782694498656,-0.2409613821241603,No,True,Yes,False
Arithmetic,2_digit_subtraction,'',Is 25 minus 14 equal to 34?,No,-5.381377696990967,-4.824889659881592,-5.0654827435811365,-4.674246003892685,-0.3158949534098303,-0.1506436559889064,No,True,No,True
Arithmetic,2_digit_subtraction,'',Is 96 minus 25 equal to 86?,No,-4.960528373718262,-4.466806411743164,-5.0654827435811365,-4.674246003892685,0.10495436986287476,0.20743959214952135,No,True,No,True
Arithmetic,1_digit_addition,'',Is 8 plus 2 equal to 47?,No,-4.905159950256348,-4.349918365478516,-5.0654827435811365,-4.674246003892685,0.16032279332478883,0.3243276384141698,No,True,No,True
Arithmetic,2_digit_addition,'',Is 27 plus 77 equal to 104?,Yes,-4.93981409072876,-4.570030212402344,-5.0654827435811365,-4.674246003892685,0.12566865285237672,0.10421579149034166,No,False,Yes,True
Arithmetic,2_digit_subtraction,'',Is 59 minus 99 equal to -40?,Yes,-5.259312152862549,-4.709502696990967,-5.0654827435811365,-4.674246003892685,-0.19382940928141235,-0.03525669309828139,No,False,No,False
Arithmetic,1_digit_subtraction,'',Is 2 minus 7 equal to -5?,Yes,-5.668843746185303,-5.122594356536865,-5.0654827435811365,-4.674246003892685,-0.6033610026041663,-0.4483483526441798,No,False,No,False
Arithmetic,1_digit_subtraction,'',Is 8 minus 2 equal to 9?,No,-5.122763156890869,-4.6328206062316895,-5.0654827435811365,-4.674246003892685,-0.05728041330973266,0.041425397660995955,No,True,No,True
Arithmetic,1_digit_addition,'',Is 7 plus 7 equal to 14?,Yes,-5.232940196990967,-4.864618301391602,-5.0654827435811365,-4.674246003892685,-0.16745745340983031,-0.19037229749891615,No,False,Yes,True
Arithmetic,1_digit_multiplication,'',Is 6 times 4 equal to 24?,Yes,-4.786199569702148,-4.670440196990967,-5.0654827435811365,-4.674246003892685,0.27928317387898804,0.0038058069017186114,No,False,Yes,True
Arithmetic,1_digit_addition,'',Is 3 plus 3 equal to 6?,Yes,-4.903860092163086,-4.72075080871582,-5.0654827435811365,-4.674246003892685,0.16162265141805054,-0.046504804823134904,No,False,Yes,True
Arithmetic,2_digit_multiplication,'',Is 93 times 65 equal to 6045?,Yes,-4.874610900878906,-4.6381001472473145,-5.0654827435811365,-4.674246003892685,0.19087184270223023,0.036145856645370955,No,False,Yes,True
Arithmetic,1_digit_addition,'',Is 9 plus 8 equal to 95?,No,-4.615243911743164,-4.1190714836120605,-5.0654827435811365,-4.674246003892685,0.4502388318379724,0.5551745202806249,No,True,No,True
Arithmetic,2_digit_addition,'',Is 47 plus 73 equal to 120?,Yes,-4.8556904792785645,-4.364618301391602,-5.0654827435811365,-4.674246003892685,0.20979226430257203,0.30962770250108385,No,False,No,False
Arithmetic,2_digit_addition,'',Is 97 plus 27 equal to 124?,Yes,-4.9494404792785645,-4.395868301391602,-5.066935358047486,-4.672985110282897,0.1174948787689214,0.27711680889129564,No,False,No,False
Arithmetic,2_digit_subtraction,'',Is 29 minus 14 equal to 14?,No,-5.0599751472473145,-4.629577159881592,-5.066935358047486,-4.672985110282897,0.006960210800171396,0.043407950401305406,No,True,No,True
Arithmetic,1_digit_subtraction,'',Is 5 minus 8 equal to 97?,No,-5.134274005889893,-4.327322959899902,-5.066935358047486,-4.672985110282897,-0.06733864784240673,0.34566215038299486,No,True,No,True
Arithmetic,2_digit_multiplication,'',Is 71 times 90 equal to 3673?,No,-5.094915390014648,-4.865898609161377,-5.066935358047486,-4.672985110282897,-0.02798003196716259,-0.19291349887847975,No,True,Yes,False
Arithmetic,1_digit_subtraction,'',Is 1 minus 0 equal to 4?,No,-5.388229370117188,-5.025022506713867,-5.066935358047486,-4.672985110282897,-0.32129401206970254,-0.35203739643097,No,True,Yes,False
Arithmetic,2_digit_subtraction,'',Is 94 minus 89 equal to 5?,Yes,-5.228062152862549,-4.740752696990967,-5.066935358047486,-4.672985110282897,-0.16112679481506298,-0.0677675867080696,No,False,No,False
Arithmetic,1_digit_multiplication,'',Is 4 times 6 equal to 95?,No,-4.837522506713867,-4.47106409072876,-5.066935358047486,-4.672985110282897,0.22941285133361866,0.20192101955413744,No,True,Yes,False
Arithmetic,2_digit_subtraction,'',Is 43 minus 31 equal to 66?,No,-4.992334842681885,-4.501296520233154,-5.066935358047486,-4.672985110282897,0.07460051536560108,0.1716885900497429,No,True,No,True
Arithmetic,1_digit_multiplication,'',Is 2 times 2 equal to 5?,No,-4.914254665374756,-5.045440196990967,-5.066935358047486,-4.672985110282897,0.15268069267273,-0.3724550867080696,Yes,False,Yes,False
Arithmetic,1_digit_multiplication,'',Is 4 times 8 equal to 32?,Yes,-4.896031856536865,-4.656167030334473,-5.066935358047486,-4.672985110282897,0.17090350151062061,0.016818079948424547,No,False,Yes,True
Arithmetic,2_digit_subtraction,'',Is 89 minus 60 equal to 95?,No,-4.845335006713867,-4.478024005889893,-5.066935358047486,-4.672985110282897,0.22160035133361866,0.19496110439300463,No,True,Yes,False
Arithmetic,2_digit_addition,'',Is 67 plus 70 equal to 123?,No,-4.880575656890869,-4.513235092163086,-5.066935358047486,-4.672985110282897,0.1863597011566167,0.15975001811981127,No,True,Yes,False
Arithmetic,1_digit_addition,'',Is 5 plus 7 equal to 76?,No,-4.875555038452148,-4.318368911743164,-5.066935358047486,-4.672985110282897,0.1913803195953374,0.35461619853973314,No,True,No,True
Arithmetic,2_digit_subtraction,'',Is 48 minus 30 equal to 94?,No,-5.053756237030029,-4.435959339141846,-5.066935358047486,-4.672985110282897,0.013179121017456552,0.2370257711410515,No,True,No,True
Arithmetic,1_digit_multiplication,'',Is 5 times 4 equal to 22?,No,-5.125192165374756,-4.819903373718262,-5.066935358047486,-4.672985110282897,-0.05825680732727001,-0.14691826343536452,No,True,Yes,False
Arithmetic,1_digit_addition,'',Is 2 plus 8 equal to 10?,Yes,-4.9271626472473145,-4.620303153991699,-5.066935358047486,-4.672985110282897,0.1397727108001714,0.052681956291197984,No,False,Yes,True
Arithmetic,1_digit_addition,'',Is 5 plus 2 equal to 8?,No,-4.942922592163086,-4.634189605712891,-5.066935358047486,-4.672985110282897,0.12401276588439991,0.03879550457000658,No,True,Yes,False
Arithmetic,2_digit_subtraction,'',Is 62 minus 99 equal to -37?,Yes,-5.654866695404053,-4.923460006713867,-5.066935358047486,-4.672985110282897,-0.5879313373565669,-0.25047489643097,No,False,No,False
Arithmetic,2_digit_subtraction,'',Is 87 minus 73 equal to 14?,Yes,-5.39391040802002,-4.8490376472473145,-5.066935358047486,-4.672985110282897,-0.32697504997253457,-0.17605253696441725,No,False,No,False
Arithmetic,1_digit_subtraction,'',Is 2 minus 0 equal to 8?,No,-5.405860900878906,-4.9818501472473145,-5.066935358047486,-4.672985110282897,-0.3389255428314204,-0.30886503696441725,No,True,No,True
Arithmetic,2_digit_subtraction,'',Is 73 minus 48 equal to 88?,No,-4.870083332061768,-4.440615653991699,-5.063404094089162,-4.664770089496265,0.193320762027394,0.22415443550456615,No,True,No,True
Arithmetic,2_digit_subtraction,'',Is 47 minus 78 equal to -31?,Yes,-5.655491352081299,-4.8637776374816895,-5.063404094089162,-4.664770089496265,-0.5920872579921372,-0.19900754798542408,No,False,No,False
Arithmetic,2_digit_addition,'',Is 77 plus 97 equal to 609?,No,-5.218360900878906,-4.7306904792785645,-5.063404094089162,-4.664770089496265,-0.15495680678974466,-0.06592038978229908,No,True,No,True
Arithmetic,2_digit_subtraction,'',Is 41 minus 55 equal to -14?,Yes,-5.79234790802002,-4.936065196990967,-5.063404094089162,-4.664770089496265,-0.7289438139308588,-0.2712951074947014,No,False,No,False
Arithmetic,2_digit_subtraction,'',Is 67 minus 63 equal to 9?,No,-5.077366352081299,-4.6575608253479,-5.063404094089162,-4.664770089496265,-0.01396225799213724,0.00720926414836498,No,True,No,True
Arithmetic,1_digit_subtraction,'',Is 9 minus 4 equal to 3?,No,-5.2385029792785645,-4.684264659881592,-5.063404094089162,-4.664770089496265,-0.17509888518940286,-0.019494570385326426,No,True,No,True
Arithmetic,2_digit_addition,'',Is 82 plus 81 equal to 163?,Yes,-4.741097450256348,-4.499917030334473,-5.063404094089162,-4.664770089496265,0.32230664383281393,0.16485305916179271,No,False,Yes,True
Arithmetic,2_digit_addition,'',Is 62 plus 24 equal to 86?,Yes,-4.716513156890869,-4.411672592163086,-5.063404094089162,-4.664770089496265,0.34689093719829245,0.25309749733317943,No,False,Yes,True
Arithmetic,2_digit_addition,'',Is 63 plus 85 equal to 148?,Yes,-4.773629665374756,-4.407711505889893,-5.063404094089162,-4.664770089496265,0.28977442871440573,0.2570585836063728,No,False,Yes,True
Arithmetic,2_digit_multiplication,'',Is 93 times 60 equal to 5580?,Yes,-4.905728340148926,-4.667621612548828,-5.063404094089162,-4.664770089496265,0.1576757539402358,-0.0028515230525627544,No,False,Yes,True
Arithmetic,2_digit_multiplication,'',Is 91 times 47 equal to 4277?,Yes,-5.003046035766602,-4.71421480178833,-5.063404094089162,-4.664770089496265,0.060358058322560026,-0.04944471229206471,No,False,Yes,True
Arithmetic,2_digit_addition,'',Is 89 plus 25 equal to 114?,Yes,-4.754949569702148,-4.451690196990967,-5.063404094089162,-4.664770089496265,0.30845452438701315,0.21307989250529857,No,False,Yes,True
Arithmetic,1_digit_multiplication,'',Is 7 times 0 equal to 9?,No,-4.95641040802002,-4.782835006713867,-5.063404094089162,-4.664770089496265,0.10699368606914117,-0.11806491721760182,No,True,Yes,False
Arithmetic,2_digit_subtraction,'',Is 41 minus 10 equal to 95?,No,-4.9349751472473145,-4.255243301391602,-5.063404094089162,-4.664770089496265,0.12842894684184714,0.4095267881046638,No,True,No,True
Arithmetic,2_digit_subtraction,'',Is 48 minus 12 equal to 36?,Yes,-5.151150226593018,-4.597309112548828,-5.063404094089162,-4.664770089496265,-0.08774613250385599,0.06746097694743725,No,False,No,False
Arithmetic,1_digit_subtraction,'',Is 5 minus 3 equal to 1?,No,-5.239781856536865,-4.7465901374816895,-5.063404094089162,-4.664770089496265,-0.17637776244770365,-0.08182004798542408,No,True,No,True
Arithmetic,2_digit_addition,'',Is 29 plus 82 equal to 411?,No,-4.664617538452148,-4.357431411743164,-5.063404094089162,-4.664770089496265,0.39878655563701315,0.3073386777531013,No,True,Yes,False
Arithmetic,1_digit_subtraction,'',Is 5 minus 9 equal to 34?,No,-5.1294026374816895,-4.5728278160095215,-5.063404094089162,-4.664770089496265,-0.06599854339252786,0.09194227348674389,No,True,No,True
Arithmetic,2_digit_addition,'',Is 12 plus 16 equal to 98?,No,-5.009274005889893,-4.326769828796387,-5.063404094089162,-4.664770089496265,0.05413008819926901,0.33800026069987865,No,True,No,True
Arithmetic,1_digit_multiplication,'',Is 9 times 8 equal to 72?,Yes,-4.729100227355957,-4.54758882522583,-5.063404094089162,-4.664770089496265,0.33430386673320456,0.11718126427043529,No,False,Yes,True
Arithmetic,2_digit_multiplication,'',Is 55 times 15 equal to 825?,Yes,-4.980570793151856,-4.677187919616699,-5.072079652547837,-4.669764635960261,0.0915088593959803,-0.007423283656438073,No,False,Yes,True
Arithmetic,2_digit_subtraction,'',Is 10 minus 27 equal to -17?,Yes,-6.036770343780518,-5.23582649230957,-5.072079652547837,-4.669764635960261,-0.9646906912326809,-0.5660618563493092,No,False,No,False
Arithmetic,2_digit_multiplication,'',Is 16 times 16 equal to 248?,No,-5.223699569702148,-4.671465873718262,-5.072079652547837,-4.669764635960261,-0.15161991715431178,-0.0017012377580005733,No,True,No,True
Arithmetic,2_digit_subtraction,'',Is 62 minus 26 equal to 36?,Yes,-5.004949569702148,-4.517086505889893,-5.072079652547837,-4.669764635960261,0.06713008284568822,0.15267813007036857,No,False,No,False
Arithmetic,1_digit_subtraction,'',Is 0 minus 5 equal to 38?,No,-5.249804973602295,-4.639887809753418,-5.072079652547837,-4.669764635960261,-0.17772532105445826,0.029876826206843177,No,True,No,True
Arithmetic,1_digit_multiplication,'',Is 0 times 2 equal to 0?,Yes,-5.192173004150391,-5.07423210144043,-5.072079652547837,-4.669764635960261,-0.12009335160255397,-0.40446746548016854,No,False,Yes,True
Arithmetic,2_digit_addition,'',Is 37 plus 35 equal to 72?,Yes,-4.723269462585449,-4.41606330871582,-5.072079652547837,-4.669764635960261,0.34881018996238744,0.25370132724444083,No,False,Yes,True
Arithmetic,1_digit_addition,'',Is 9 plus 0 equal to 4?,No,-4.937090873718262,-4.630243301391602,-5.072079652547837,-4.669764635960261,0.13498877882957494,0.03952133456865958,No,True,Yes,False
Arithmetic,1_digit_subtraction,'',Is 3 minus 0 equal to 5?,No,-5.2709126472473145,-4.903014659881592,-5.072079652547837,-4.669764635960261,-0.1988329946994778,-0.23325002392133065,No,True,Yes,False
Arithmetic,2_digit_addition,'',Is 66 plus 66 equal to 341?,No,-4.90952730178833,-4.483965873718262,-5.072079652547837,-4.669764635960261,0.16255235075950658,0.18579876224199943,No,True,No,True
Arithmetic,1_digit_subtraction,'',Is 5 minus 8 equal to -3?,Yes,-5.718228340148926,-4.918581962585449,-5.072079652547837,-4.669764635960261,-0.6461486876010891,-0.24881732662518807,No,False,No,False
Arithmetic,1_digit_addition,'',Is 7 plus 1 equal to 8?,Yes,-5.077715873718262,-4.771493911743164,-5.072079652547837,-4.669764635960261,-0.00563622117042506,-0.10172927578290292,No,False,Yes,True
Arithmetic,2_digit_multiplication,'',Is 64 times 37 equal to 7550?,No,-4.98765230178833,-4.6224751472473145,-5.072079652547837,-4.669764635960261,0.08442735075950658,0.04728948871294669,No,True,Yes,False
Arithmetic,2_digit_addition,'',Is 94 plus 25 equal to 865?,No,-5.01108980178833,-4.5834126472473145,-5.072079652547837,-4.669764635960261,0.06098985075950658,0.08635198871294669,No,True,No,True
Arithmetic,2_digit_subtraction,'',Is 71 minus 81 equal to -10?,Yes,-5.37828540802002,-4.834502696990967,-5.072079652547837,-4.669764635960261,-0.30620575547218376,-0.16473806103070565,No,False,No,False
Arithmetic,1_digit_subtraction,'',Is 9 minus 9 equal to 0?,Yes,-5.0599751472473145,-4.442743301391602,-5.072079652547837,-4.669764635960261,0.012104505300522206,0.22702133456865958,No,False,No,False
Arithmetic,2_digit_subtraction,'',Is 30 minus 63 equal to 999?,No,-5.006377696990967,-4.385928153991699,-5.072079652547837,-4.669764635960261,0.06570195555686986,0.2838364819685619,No,True,No,True
Arithmetic,1_digit_multiplication,'',Is 5 times 3 equal to 15?,Yes,-5.00926399230957,-4.951584339141846,-5.072079652547837,-4.669764635960261,0.06281566023826635,-0.28181970318158456,No,False,Yes,True
Arithmetic,2_digit_multiplication,'',Is 27 times 17 equal to 459?,Yes,-5.181068420410156,-4.8216233253479,-5.072079652547837,-4.669764635960261,-0.10898876786231959,-0.15185868938763925,No,False,Yes,True
Arithmetic,2_digit_subtraction,'',Is 79 minus 74 equal to 3?,No,-5.391790390014648,-4.912773609161377,-5.072079652547837,-4.669764635960261,-0.3197107374668118,-0.2430089732011158,No,True,No,True
Arithmetic,1_digit_subtraction,'',Is 6 minus 8 equal to -2?,Yes,-5.69077730178833,-4.952715873718262,-5.072042903533349,-4.668733994777386,-0.6187343982549809,-0.28398187894087545,No,False,No,False
Arithmetic,1_digit_multiplication,'',Is 3 times 7 equal to 53?,No,-4.950719356536865,-4.833437919616699,-5.072042903533349,-4.668733994777386,0.12132354699648396,-0.16470392483931295,No,True,Yes,False
Arithmetic,1_digit_addition,'',Is 3 plus 1 equal to 9?,No,-4.8490376472473145,-4.60543155670166,-5.072042903533349,-4.668733994777386,0.22300525628603474,0.06330243807572611,No,True,Yes,False
Arithmetic,2_digit_subtraction,'',Is 63 minus 80 equal to 278?,No,-5.10483980178833,-4.492742538452148,-5.072042903533349,-4.668733994777386,-0.03279689825498089,0.17599145632523783,No,True,No,True
Arithmetic,1_digit_addition,'',Is 5 plus 4 equal to 9?,Yes,-4.905840873718262,-4.473327159881592,-5.072042903533349,-4.668733994777386,0.16620202981508747,0.19540683489579447,No,False,No,False
Arithmetic,1_digit_multiplication,'',Is 4 times 9 equal to 36?,Yes,-4.807400226593018,-4.629519462585449,-5.072042903533349,-4.668733994777386,0.2646426769403316,0.039214532191937046,No,False,Yes,True
Arithmetic,2_digit_addition,'',Is 34 plus 89 equal to 356?,No,-4.7853779792785645,-4.417178153991699,-5.072042903533349,-4.668733994777386,0.28666492425478474,0.25155584078568705,No,True,Yes,False
Arithmetic,2_digit_subtraction,'',Is 42 minus 39 equal to 3?,Yes,-5.32359790802002,-4.838833332061768,-5.072042903533349,-4.668733994777386,-0.25155500448667123,-0.1700993372843813,No,False,No,False
Arithmetic,1_digit_addition,'',Is 3 plus 9 equal to 97?,No,-4.8637776374816895,-4.3072028160095215,-5.072042903533349,-4.668733994777386,0.20826526605165974,0.3615311787678648,No,True,No,True
Arithmetic,1_digit_addition,'',Is 6 plus 3 equal to 9?,Yes,-4.990752696990967,-4.559930801391602,-5.072042903533349,-4.668733994777386,0.08129020654238239,0.1088031933857847,No,False,No,False
Arithmetic,2_digit_addition,'',Is 91 plus 43 equal to 134?,Yes,-4.890103340148926,-4.52488899230957,-5.072042903533349,-4.668733994777386,0.1819395633844234,0.14384500246781595,No,False,Yes,True
Arithmetic,1_digit_subtraction,'',Is 0 minus 4 equal to -4?,Yes,-5.734907150268555,-5.07359790802002,-5.072042903533349,-4.668733994777386,-0.6628642467352055,-0.40486391324263415,No,False,No,False
Arithmetic,1_digit_subtraction,'',Is 9 minus 1 equal to 8?,Yes,-5.054604530334473,-4.684664726257324,-5.072042903533349,-4.668733994777386,0.017438373198876533,-0.015930731479937954,No,False,Yes,True
Arithmetic,1_digit_addition,'',Is 8 plus 9 equal to 17?,Yes,-5.107138156890869,-4.615646839141846,-5.072042903533349,-4.668733994777386,-0.03509525335751995,0.05308715563554056,No,False,No,False
Arithmetic,2_digit_subtraction,'',Is 59 minus 45 equal to 83?,No,-4.978147506713867,-4.61168909072876,-5.072042903533349,-4.668733994777386,0.093895396819482,0.0570449040486265,No,True,Yes,False
Arithmetic,2_digit_multiplication,'',Is 45 times 75 equal to 8456?,No,-5.062016010284424,-4.763388156890869,-5.072042903533349,-4.668733994777386,0.010026893248925361,-0.09465416211348288,No,True,Yes,False
Arithmetic,1_digit_subtraction,'',Is 4 minus 6 equal to 12?,No,-5.249590873718262,-4.568957328796387,-5.072042903533349,-4.668733994777386,-0.17754797018491253,0.09977666598099955,No,True,No,True
Arithmetic,1_digit_multiplication,'',Is 8 times 7 equal to 56?,Yes,-4.86265230178833,-4.624590873718262,-5.072042903533349,-4.668733994777386,0.2093906017450191,0.044143121059124546,No,False,Yes,True
Arithmetic,1_digit_subtraction,'',Is 3 minus 5 equal to 25?,No,-5.0669026374816895,-4.5728278160095215,-5.072042903533349,-4.668733994777386,0.0051402660516597365,0.09590617876786478,No,True,No,True
Arithmetic,2_digit_multiplication,'',Is 26 times 83 equal to 2158?,Yes,-5.153854370117188,-4.976754665374756,-5.072042903533349,-4.668733994777386,-0.0818114665838392,-0.3080206705973696,No,False,Yes,True
Arithmetic,1_digit_multiplication,'',Is 9 times 4 equal to 55?,No,-4.814905643463135,-4.509737491607666,-5.064832450662341,-4.667962404659816,0.24992680719920646,0.15822491305215003,No,True,Yes,False
Arithmetic,1_digit_subtraction,'',Is 8 minus 4 equal to 4?,Yes,-5.164254665374756,-4.610836505889893,-5.064832450662341,-4.667962404659816,-0.09942221471241464,0.05712589876992347,No,False,No,False
Arithmetic,2_digit_multiplication,'',Is 39 times 58 equal to 6277?,No,-5.153683185577393,-4.798019886016846,-5.064832450662341,-4.667962404659816,-0.08885073491505135,-0.13005748135702966,No,True,Yes,False
Arithmetic,2_digit_addition,'',Is 88 plus 62 equal to 386?,No,-4.829710006713867,-4.46325159072876,-5.064832450662341,-4.667962404659816,0.23512244394847404,0.20471081393105628,No,True,Yes,False
Arithmetic,2_digit_addition,'',Is 36 plus 67 equal to 415?,No,-4.825888156890869,-4.458547592163086,-5.064832450662341,-4.667962404659816,0.23894429377147208,0.2094148124967301,No,True,Yes,False
Arithmetic,2_digit_addition,'',Is 82 plus 17 equal to 99?,Yes,-4.678756237030029,-4.311757564544678,-5.064832450662341,-4.667962404659816,0.3860762136323119,0.3562048401151383,No,False,Yes,True
Arithmetic,1_digit_multiplication,'',Is 3 times 6 equal to 18?,Yes,-4.929879665374756,-4.875555038452148,-5.064832450662341,-4.667962404659816,0.13495278528758536,-0.2075926337923324,No,False,Yes,True
Arithmetic,1_digit_multiplication,'',Is 4 times 7 equal to 28?,Yes,-5.084648609161377,-4.782711505889893,-5.064832450662341,-4.667962404659816,-0.01981615849903573,-0.11474910123007653,No,False,Yes,True
Arithmetic,2_digit_subtraction,'',Is 81 minus 36 equal to 45?,Yes,-4.881523609161377,-4.454586505889893,-5.064832450662341,-4.667962404659816,0.18330884150096427,0.21337589876992347,No,False,No,False
Arithmetic,1_digit_multiplication,'',Is 3 times 1 equal to 7?,No,-5.004949569702148,-5.014190196990967,-5.064832450662341,-4.667962404659816,0.059882880960192786,-0.34622779233115075,Yes,False,Yes,False
Arithmetic,1_digit_multiplication,'',Is 1 times 9 equal to 9?,Yes,-4.866450309753418,-4.937647342681885,-5.064832450662341,-4.667962404659816,0.19838214090892325,-0.2696849380220687,Yes,True,Yes,True
Arithmetic,2_digit_addition,'',Is 73 plus 67 equal to 140?,Yes,-4.885334491729736,-4.4575276374816895,-5.064832450662341,-4.667962404659816,0.1794979589326049,0.2104347671781266,No,False,No,False
Arithmetic,2_digit_addition,'',Is 51 plus 46 equal to 53?,No,-4.862934112548828,-4.557274341583252,-5.064832450662341,-4.667962404659816,0.2018983381135131,0.11068806307656409,No,True,Yes,False
Arithmetic,2_digit_subtraction,'',Is 85 minus 69 equal to 93?,No,-4.813055038452148,-4.381457328796387,-5.064832450662341,-4.667962404659816,0.2517774122101928,0.2865050758634293,No,True,No,True
Arithmetic,1_digit_subtraction,'',Is 5 minus 1 equal to 9?,No,-5.183246612548828,-4.627586841583252,-5.064832450662341,-4.667962404659816,-0.1184141618864869,0.04037556307656409,No,True,No,True
Arithmetic,1_digit_addition,'',Is 6 plus 3 equal to 4?,No,-4.9887776374816895,-4.6803154945373535,-5.064832450662341,-4.667962404659816,0.07605481318065177,-0.012353089877537471,No,True,Yes,False
Arithmetic,1_digit_addition,'',Is 0 plus 6 equal to 9?,No,-5.133977890014648,-4.773048400878906,-5.064832450662341,-4.667962404659816,-0.06914543935230721,-0.1050859962190902,No,True,Yes,False
Arithmetic,1_digit_subtraction,'',Is 6 minus 6 equal to 3?,No,-5.445504665374756,-4.892086505889893,-5.064832450662341,-4.667962404659816,-0.38067221471241464,-0.22412410123007653,No,True,No,True
Arithmetic,1_digit_multiplication,'',Is 4 times 1 equal to 1?,No,-4.926824569702148,-4.8713154792785645,-5.064832450662341,-4.667962404659816,0.13800788096019279,-0.2033530746187484,No,True,Yes,False
Arithmetic,1_digit_addition,'',Is 5 plus 0 equal to 5?,Yes,-4.94762659072876,-4.701181411743164,-5.064832450662341,-4.667962404659816,0.11720585993358146,-0.03321900708334802,No,False,Yes,True
Arithmetic,2_digit_multiplication,'',Is 38 times 57 equal to 2166?,Yes,-5.214813232421875,-4.795586109161377,-5.057765194574992,-4.665939798355102,-0.1570480378468826,-0.1296463108062751,No,False,No,False
Arithmetic,2_digit_subtraction,'',Is 67 minus 82 equal to 879?,No,-5.157749652862549,-4.609930038452148,-5.057765194574992,-4.665939798355102,-0.09998445828755642,0.05600975990295343,No,True,No,True
Arithmetic,1_digit_addition,'',Is 7 plus 0 equal to 6?,No,-5.148629665374756,-4.844305038452148,-5.057765194574992,-4.665939798355102,-0.09086447079976345,-0.17836524009704657,No,True,Yes,False
Arithmetic,2_digit_subtraction,'',Is 62 minus 36 equal to 77?,No,-5.092461109161377,-4.47887659072876,-5.057765194574992,-4.665939798355102,-0.034695914586384546,0.1870632076263421,No,True,No,True
Arithmetic,2_digit_addition,'',Is 47 plus 14 equal to 45?,No,-4.747610092163086,-4.378137588500977,-5.057765194574992,-4.665939798355102,0.31015510241190647,0.2878022098541253,No,True,Yes,False
Arithmetic,2_digit_multiplication,'',Is 40 times 12 equal to 440?,No,-5.048019886016846,-4.68113899230957,-5.057765194574992,-4.665939798355102,0.009745308558146704,-0.015199193954468448,No,True,Yes,False
Arithmetic,2_digit_addition,'',Is 78 plus 58 equal to 943?,No,-4.901832580566406,-4.5403733253479,-5.057765194574992,-4.665939798355102,0.15593261400858616,0.12556647300720147,No,True,Yes,False
Arithmetic,2_digit_subtraction,'',Is 73 minus 67 equal to 8?,No,-5.102943420410156,-4.6809983253479,-5.057765194574992,-4.665939798355102,-0.04517822583516384,-0.015058526992798527,No,True,No,True
Arithmetic,2_digit_addition,'',Is 18 plus 31 equal to 49?,Yes,-4.685110092163086,-4.251377105712891,-5.057765194574992,-4.665939798355102,0.37265510241190647,0.41456269264221124,No,False,No,False
Arithmetic,2_digit_multiplication,'',Is 42 times 38 equal to 1626?,No,-5.06577730178833,-4.641180038452148,-5.057765194574992,-4.665939798355102,-0.008012107213337671,0.024759759902953427,No,True,No,True
Arithmetic,1_digit_multiplication,'',Is 8 times 9 equal to 32?,No,-4.768520832061768,-4.65230655670166,-5.057765194574992,-4.665939798355102,0.28924436251322483,0.013633241653441708,No,True,Yes,False
Arithmetic,2_digit_multiplication,'',Is 84 times 54 equal to 4536?,Yes,-4.993208408355713,-4.696897506713867,-5.057765194574992,-4.665939798355102,0.06455678621927952,-0.030957708358765323,No,False,Yes,True
Arithmetic,1_digit_multiplication,'',Is 2 times 1 equal to 6?,No,-4.866798400878906,-5.000192165374756,-5.057765194574992,-4.665939798355102,0.19096679369608616,-0.334252367019654,Yes,False,Yes,False
Arithmetic,2_digit_multiplication,'',Is 27 times 12 equal to 324?,Yes,-5.008004665374756,-4.70543909072876,-5.057765194574992,-4.665939798355102,0.04976052920023655,-0.0394992923736579,No,False,Yes,True
Arithmetic,1_digit_addition,'',Is 2 plus 5 equal to 7?,Yes,-5.147148609161377,-4.9037251472473145,-5.057765194574992,-4.665939798355102,-0.08938341458638455,-0.2377853488922126,No,False,Yes,True
Arithmetic,2_digit_addition,'',Is 42 plus 71 equal to 113?,Yes,-4.767210006713867,-4.401553153991699,-5.057765194574992,-4.665939798355102,0.2905551878611252,0.26438664436340265,No,False,Yes,True
Arithmetic,1_digit_multiplication,'',Is 1 times 4 equal to 3?,No,-5.083198070526123,-5.216457843780518,-5.057765194574992,-4.665939798355102,-0.02543287595113064,-0.5505180454254157,Yes,False,Yes,False
Arithmetic,2_digit_multiplication,'',Is 34 times 59 equal to 1890?,No,-4.55540132522583,-4.247621059417725,-5.057765194574992,-4.665939798355102,0.5023638693491623,0.41831873893737725,No,True,Yes,False
Arithmetic,2_digit_subtraction,'',Is 64 minus 52 equal to 35?,No,-4.9260029792785645,-4.434264659881592,-5.057765194574992,-4.665939798355102,0.13176221529642795,0.23167513847351007,No,True,No,True
Arithmetic,2_digit_multiplication,'',Is 30 times 59 equal to 1770?,Yes,-4.896031856536865,-4.592105865478516,-5.057765194574992,-4.665939798355102,0.16173333803812717,0.07383393287658624,No,False,Yes,True
Arithmetic,2_digit_subtraction,'',Is 81 minus 36 equal to 74?,No,-5.014887809753418,-4.5278401374816895,-5.055074694752693,-4.662769599258899,0.04018688499927503,0.13492946177720988,No,True,No,True
Arithmetic,2_digit_subtraction,'',Is 72 minus 25 equal to 47?,Yes,-5.136820793151856,-4.520937919616699,-5.055074694752693,-4.662769599258899,-0.08174609839916336,0.14183167964220011,No,False,No,False
Arithmetic,1_digit_subtraction,'',Is 4 minus 3 equal to 3?,No,-5.350127696990967,-4.732431411743164,-5.055074694752693,-4.662769599258899,-0.2950530022382738,-0.06966181248426473,No,True,No,True
Arithmetic,2_digit_multiplication,'',Is 58 times 75 equal to 4350?,Yes,-4.942916870117188,-4.6447529792785645,-5.055074694752693,-4.662769599258899,0.11215782463550461,0.01801661998033488,No,False,Yes,True
Arithmetic,2_digit_addition,'',Is 56 plus 93 equal to 911?,No,-4.526553153991699,-4.093467712402344,-5.055074694752693,-4.662769599258899,0.5285215407609938,0.5693018868565556,No,True,No,True
Arithmetic,2_digit_subtraction,'',Is 33 minus 76 equal to 487?,No,-4.909684658050537,-4.415987491607666,-5.055074694752693,-4.662769599258899,0.1453900367021559,0.24678210765123332,No,True,No,True
Arithmetic,2_digit_subtraction,'',Is 14 minus 57 equal to -43?,Yes,-5.671485900878906,-4.937090873718262,-5.055074694752693,-4.662769599258899,-0.6164112061262133,-0.2743212744593624,No,False,No,False
Arithmetic,1_digit_addition,'',Is 0 plus 0 equal to 2?,No,-5.581171035766602,-5.22203540802002,-5.055074694752693,-4.662769599258899,-0.5260963410139086,-0.5592658087611211,No,True,Yes,False
Arithmetic,1_digit_addition,'',Is 8 plus 7 equal to 61?,No,-4.886820793151856,-4.3950276374816895,-5.055074694752693,-4.662769599258899,0.16825390160083664,0.2677419617772099,No,True,No,True
Arithmetic,2_digit_subtraction,'',Is 59 minus 19 equal to 10?,No,-4.931272506713867,-4.503115653991699,-5.055074694752693,-4.662769599258899,0.12380218803882581,0.15965394526720011,No,True,No,True
Arithmetic,1_digit_subtraction,'',Is 6 minus 0 equal to 5?,No,-5.303756237030029,-4.811757564544678,-5.055074694752693,-4.662769599258899,-0.2486815422773363,-0.1489879652857784,No,True,No,True
Arithmetic,1_digit_addition,'',Is 9 plus 3 equal to 89?,No,-4.575555801391602,-4.265831470489502,-5.055074694752693,-4.662769599258899,0.47951889336109144,0.3969381287693974,No,True,Yes,False
Arithmetic,1_digit_multiplication,'',Is 7 times 7 equal to 83?,No,-5.036199569702148,-4.798336505889893,-5.055074694752693,-4.662769599258899,0.01887512505054456,-0.13556690663099324,No,True,Yes,False
Arithmetic,2_digit_multiplication,'',Is 28 times 71 equal to 1988?,Yes,-4.495303153991699,-4.313165664672852,-5.055074694752693,-4.662769599258899,0.5597715407609938,0.34960393458604777,No,False,Yes,True
Arithmetic,1_digit_subtraction,'',Is 5 minus 0 equal to 4?,No,-5.288131237030029,-4.795334339141846,-5.055074694752693,-4.662769599258899,-0.2330565422773363,-0.13256473988294637,No,True,No,True
Arithmetic,1_digit_multiplication,'',Is 9 times 0 equal to 2?,No,-4.911199569702148,-4.8556904792785645,-5.055074694752693,-4.662769599258899,0.14387512505054456,-0.19292088001966512,No,True,Yes,False
Arithmetic,2_digit_addition,'',Is 42 plus 47 equal to 89?,Yes,-4.5669026374816895,-4.2603278160095215,-5.055074694752693,-4.662769599258899,0.48817205727100355,0.40244178324937785,No,False,Yes,True
Arithmetic,2_digit_multiplication,'',Is 67 times 41 equal to 4995?,No,-5.179023742675781,-4.888332843780518,-5.055074694752693,-4.662769599258899,-0.12394904792308825,-0.22556324452161824,No,True,Yes,False
Arithmetic,2_digit_addition,'',Is 52 plus 48 equal to 115?,No,-4.875147342681885,-4.3819732666015625,-5.055074694752693,-4.662769599258899,0.17992735207080823,0.28079633265733683,No,True,No,True
Arithmetic,2_digit_multiplication,'',Is 82 times 45 equal to 3690?,Yes,-5.111383438110352,-4.940895080566406,-5.055074694752693,-4.662769599258899,-0.056308743357658564,-0.2781254813075069,No,False,Yes,True
Arithmetic,2_digit_addition,'',Is 86 plus 87 equal to 173?,Yes,-4.911540985107422,-4.550309658050537,-5.05761866569519,-4.668790027674506,0.14607768058776838,0.11848036962396868,No,False,Yes,True
Arithmetic,2_digit_multiplication,'',Is 95 times 18 equal to 1148?,No,-5.343360900878906,-4.7943501472473145,-5.05761866569519,-4.668790027674506,-0.285742235183716,-0.12556011957280866,No,True,No,True
Arithmetic,1_digit_multiplication,'',Is 1 times 4 equal to 4?,Yes,-4.858985900878906,-5.115898609161377,-5.05761866569519,-4.668790027674506,0.198632764816284,-0.44710858148687116,Yes,True,Yes,True
Arithmetic,1_digit_multiplication,'',Is 7 times 2 equal to 14?,Yes,-5.220249652862549,-4.9818501472473145,-5.05761866569519,-4.668790027674506,-0.16263098716735858,-0.31306011957280866,No,False,Yes,True
Arithmetic,2_digit_multiplication,'',Is 67 times 43 equal to 2881?,Yes,-5.045491695404053,-4.689085006713867,-5.05761866569519,-4.668790027674506,0.012126970291137518,-0.020294979039361394,No,False,Yes,True
Arithmetic,1_digit_multiplication,'',Is 7 times 5 equal to 35?,Yes,-4.904961109161377,-4.727117538452148,-5.05761866569519,-4.668790027674506,0.1526575565338133,-0.058327510777642644,No,False,Yes,True
Arithmetic,2_digit_addition,'',Is 23 plus 65 equal to 88?,Yes,-4.633367538452148,-4.325555801391602,-5.05761866569519,-4.668790027674506,0.4242511272430418,0.34323422628290423,No,False,Yes,True
Arithmetic,1_digit_subtraction,'',Is 3 minus 2 equal to 4?,No,-5.157711505889893,-4.850760459899902,-5.05761866569519,-4.668790027674506,-0.10009284019470233,-0.18197043222539655,No,True,Yes,False
Arithmetic,2_digit_subtraction,'',Is 17 minus 99 equal to -82?,Yes,-5.626144886016846,-4.888235092163086,-5.05761866569519,-4.668790027674506,-0.5685262203216555,-0.21944506448858014,No,False,No,False
Arithmetic,1_digit_subtraction,'',Is 6 minus 5 equal to 3?,No,-5.404961109161377,-4.852117538452148,-5.05761866569519,-4.668790027674506,-0.3473424434661867,-0.18332751077764264,No,True,No,True
Arithmetic,1_digit_multiplication,'',Is 4 times 5 equal to 44?,No,-4.944023609161377,-4.702715873718262,-5.05761866569519,-4.668790027674506,0.1135950565338133,-0.033925846043755925,No,True,Yes,False
Arithmetic,1_digit_addition,'',Is 1 plus 8 equal to 4?,No,-5.048374652862549,-4.865898609161377,-5.05761866569519,-4.668790027674506,0.009244012832641424,-0.19710858148687116,No,True,Yes,False
Arithmetic,1_digit_addition,'',Is 4 plus 0 equal to 6?,No,-5.086234092712402,-4.655507564544678,-5.05761866569519,-4.668790027674506,-0.02861542701721209,0.01328246312982806,No,True,No,True
Arithmetic,1_digit_subtraction,'',Is 9 minus 3 equal to 6?,Yes,-5.103024005889893,-4.671072959899902,-5.05761866569519,-4.668790027674506,-0.045405340194702326,-0.00228293222539655,No,False,No,False
Arithmetic,2_digit_multiplication,'',Is 63 times 96 equal to 2179?,No,-5.01199197769165,-4.842366695404053,-5.05761866569519,-4.668790027674506,0.04562668800353986,-0.17357666772954694,No,True,Yes,False
Arithmetic,1_digit_multiplication,'',Is 0 times 1 equal to 1?,No,-5.081171035766602,-5.149602890014648,-5.05761866569519,-4.668790027674506,-0.02355237007141131,-0.48081286234014264,Yes,False,Yes,False
Arithmetic,2_digit_addition,'',Is 18 plus 91 equal to 109?,Yes,-4.875147342681885,-4.381168365478516,-5.05761866569519,-4.668790027674506,0.1824713230133055,0.28762166219599017,No,False,No,False
Arithmetic,1_digit_subtraction,'',Is 0 minus 0 equal to 4?,No,-5.452930450439453,-4.974166870117188,-5.05761866569519,-4.668790027674506,-0.3953117847442629,-0.3053768424426826,No,True,No,True
Arithmetic,2_digit_multiplication,'',Is 86 times 46 equal to 4220?,No,-5.089813232421875,-4.672067165374756,-5.05761866569519,-4.668790027674506,-0.03219456672668475,-0.0032771377002500657,No,True,No,True
Arithmetic,1_digit_addition,'',Is 4 plus 9 equal to 17?,No,-5.166958332061768,-4.612490653991699,-5.05761866569519,-4.668790027674506,-0.10933966636657733,0.056299373682806575,No,True,No,True
Arithmetic,2_digit_multiplication,'',Is 62 times 11 equal to 682?,Yes,-5.059760570526123,-4.764693737030029,-5.057165899541642,-4.669061977333492,-0.0025946709844806293,-0.0956317596965377,No,False,Yes,True
Arithmetic,1_digit_subtraction,'',Is 3 minus 4 equal to -1?,Yes,-5.545586109161377,-4.868649005889893,-5.057165899541642,-4.669061977333492,-0.48842020961973454,-0.19958702855640098,No,False,No,False
Arithmetic,2_digit_subtraction,'',Is 15 minus 34 equal to 405?,No,-5.126461505889893,-4.569510459899902,-5.057165899541642,-4.669061977333492,-0.06929560634825016,0.09955151743358925,No,True,No,True
Arithmetic,2_digit_addition,'',Is 14 plus 74 equal to 88?,Yes,-4.817812919616699,-4.4478278160095215,-5.057165899541642,-4.669061977333492,0.2393529799249432,0.2212341613239701,No,False,Yes,True
Arithmetic,2_digit_addition,'',Is 80 plus 61 equal to 616?,No,-5.045586109161377,-4.616778373718262,-5.057165899541642,-4.669061977333492,0.011579790380265464,0.05228360361522988,No,True,No,True
Arithmetic,1_digit_multiplication,'',Is 6 times 0 equal to 3?,No,-5.052291870117188,-4.937692165374756,-5.057165899541642,-4.669061977333492,0.004874029424454029,-0.26863018804126426,No,True,Yes,False
Arithmetic,2_digit_addition,'',Is 47 plus 62 equal to 109?,Yes,-4.935094356536865,-4.382729530334473,-5.057165899541642,-4.669061977333492,0.12207154300477718,0.28633244699901894,No,False,No,False
Arithmetic,1_digit_multiplication,'',Is 1 times 8 equal to 8?,Yes,-4.856512069702148,-5.112270832061768,-5.057165899541642,-4.669061977333492,0.20065382983949398,-0.443208854728276,Yes,True,Yes,True
Arithmetic,2_digit_multiplication,'',Is 56 times 86 equal to 7047?,No,-5.114448070526123,-4.755575656890869,-5.057165899541642,-4.669061977333492,-0.05728217098448063,-0.08651367955737754,No,True,Yes,False
Arithmetic,1_digit_subtraction,'',Is 9 minus 4 equal to 5?,Yes,-5.08043909072876,-4.585655212402344,-5.057165899541642,-4.669061977333492,-0.023273191187117348,0.08340676493114785,No,False,No,False
Arithmetic,1_digit_subtraction,'',Is 5 minus 5 equal to 6?,No,-5.200625419616699,-4.706195831298828,-5.057165899541642,-4.669061977333492,-0.1434595200750568,-0.03713385396533653,No,True,No,True
Arithmetic,1_digit_subtraction,'',Is 8 minus 0 equal to 4?,No,-5.265235900878906,-4.7787251472473145,-5.057165899541642,-4.669061977333492,-0.20807000133726383,-0.10966316991382286,No,True,No,True
Arithmetic,1_digit_addition,'',Is 9 plus 5 equal to 26?,No,-4.868649005889893,-4.311697959899902,-5.057165899541642,-4.669061977333492,0.18851689365174984,0.35736401743358925,No,True,No,True
Arithmetic,1_digit_subtraction,'',Is 8 minus 0 equal to 8?,Yes,-5.268337726593018,-4.779709339141846,-5.057165899541642,-4.669061977333492,-0.21117182705137516,-0.1106473618083541,No,False,No,False
Arithmetic,1_digit_multiplication,'',Is 7 times 9 equal to 63?,Yes,-4.975273609161377,-4.735836505889893,-5.057165899541642,-4.669061977333492,0.08189229038026546,-0.06677452855640098,No,False,Yes,True
Arithmetic,1_digit_addition,'',Is 3 plus 6 equal to 3?,No,-4.9896626472473145,-4.745303153991699,-5.057165899541642,-4.669061977333492,0.06750325229432796,-0.07624117665820762,No,True,Yes,False
Arithmetic,1_digit_subtraction,'',Is 9 minus 8 equal to 1?,Yes,-5.0744404792785645,-4.520202159881592,-5.057165899541642,-4.669061977333492,-0.017274579736922036,0.1488598174518998,No,False,No,False
Arithmetic,1_digit_addition,'',Is 1 plus 2 equal to 3?,Yes,-5.131722450256348,-5.073747158050537,-5.057165899541642,-4.669061977333492,-0.07455655071470524,-0.4046851807170455,No,False,Yes,True
Arithmetic,2_digit_addition,'',Is 45 plus 63 equal to 108?,Yes,-4.7700276374816895,-4.399734020233154,-5.057165899541642,-4.669061977333492,0.28713826205995296,0.2693279571003373,No,False,Yes,True
Arithmetic,1_digit_addition,'',Is 8 plus 4 equal to 84?,No,-4.811409950256348,-4.381168365478516,-5.057165899541642,-4.669061977333492,0.24575594928529476,0.287893611854976,No,True,No,True
Arithmetic,1_digit_multiplication,'',Is 8 times 1 equal to 8?,Yes,-4.711234092712402,-4.843007564544678,-5.058118387272483,-4.672686038519205,0.3468842945600805,-0.17032152602547246,Yes,True,Yes,True
Arithmetic,1_digit_subtraction,'',Is 5 minus 7 equal to 57?,No,-5.179278373718262,-4.560556411743164,-5.058118387272483,-4.672686038519205,-0.12115998644577886,0.11212962677604121,No,True,No,True
Arithmetic,1_digit_addition,'',Is 2 plus 2 equal to 4?,Yes,-4.9271626472473145,-4.80700159072876,-5.058118387272483,-4.672686038519205,0.1309557400251684,-0.1343155522095545,No,False,Yes,True
Arithmetic,2_digit_subtraction,'',Is 79 minus 67 equal to 12?,Yes,-5.093360900878906,-4.608965873718262,-5.058118387272483,-4.672686038519205,-0.03524251360642339,0.06372016480094356,No,False,No,False
Arithmetic,2_digit_multiplication,'',Is 47 times 45 equal to 7221?,No,-5.383977890014648,-4.903387069702148,-5.058118387272483,-4.672686038519205,-0.3258595027421656,-0.23070103118294316,No,True,No,True
Arithmetic,2_digit_multiplication,'',Is 60 times 92 equal to 5520?,Yes,-4.999478340148926,-4.63426399230957,-5.058118387272483,-4.672686038519205,0.05864004712355708,0.038422046209634964,No,False,Yes,True
Arithmetic,1_digit_addition,'',Is 2 plus 5 equal to 5?,No,-4.9260029792785645,-4.805242538452148,-5.058118387272483,-4.672686038519205,0.1321154079939184,-0.13255649993294316,No,True,Yes,False
Arithmetic,2_digit_subtraction,'',Is 48 minus 66 equal to -18?,Yes,-5.712318420410156,-4.9153733253479,-5.058118387272483,-4.672686038519205,-0.6542000331376734,-0.24268728682869511,No,False,No,False
Arithmetic,2_digit_addition,'',Is 21 plus 30 equal to 51?,Yes,-4.886371612548828,-4.45383882522583,-5.058118387272483,-4.672686038519205,0.17174677472365474,0.2188472132933752,No,False,No,False
Arithmetic,2_digit_addition,'',Is 68 plus 94 equal to 162?,Yes,-4.639190196990967,-4.332702159881592,-5.058118387272483,-4.672686038519205,0.41892819028151607,0.3399838786376135,No,False,Yes,True
Arithmetic,1_digit_multiplication,'',Is 1 times 3 equal to 3?,Yes,-4.993687152862549,-5.309637069702148,-5.058118387272483,-4.672686038519205,0.06443123440993404,-0.6369510311829432,Yes,True,Yes,True
Arithmetic,2_digit_multiplication,'',Is 29 times 26 equal to 830?,No,-4.855570793151856,-4.678043365478516,-5.058118387272483,-4.672686038519205,0.2025475941206265,-0.005357326959310349,No,True,Yes,False
Arithmetic,2_digit_multiplication,'',Is 17 times 95 equal to 5099?,No,-5.073208332061768,-4.704586505889893,-5.058118387272483,-4.672686038519205,-0.015089944789284715,-0.0319004673706873,No,True,Yes,False
Arithmetic,1_digit_multiplication,'',Is 8 times 2 equal to 16?,Yes,-4.86265230178833,-4.8088154792785645,-5.058118387272483,-4.672686038519205,0.19546608548415279,-0.13612944075935918,No,False,Yes,True
Arithmetic,1_digit_multiplication,'',Is 2 times 3 equal to 6?,Yes,-4.952735900878906,-5.025022506713867,-5.058118387272483,-4.672686038519205,0.10538248639357661,-0.3523364681946619,Yes,True,Yes,True
Arithmetic,1_digit_multiplication,'',Is 6 times 2 equal to 26?,No,-4.952735900878906,-4.713833332061768,-5.058118387272483,-4.672686038519205,0.10538248639357661,-0.0411472935425623,No,True,Yes,False
Arithmetic,2_digit_multiplication,'',Is 80 times 16 equal to 6114?,No,-5.404537677764893,-4.923374652862549,-5.058118387272483,-4.672686038519205,-0.3464192904924097,-0.25068861434334355,No,True,No,True
Arithmetic,1_digit_subtraction,'',Is 5 minus 5 equal to 0?,Yes,-5.251585006713867,-4.571774005889893,-5.058118387272483,-4.672686038519205,-0.19346661944138432,0.1009120326293127,No,False,No,False
Arithmetic,2_digit_subtraction,'',Is 23 minus 99 equal to -76?,Yes,-5.41733980178833,-4.679278373718262,-5.058118387272483,-4.672686038519205,-0.3592214145158472,-0.006592335199056443,No,False,No,False
Arithmetic,1_digit_subtraction,'',Is 4 minus 4 equal to 0?,Yes,-5.282835006713867,-4.479678153991699,-5.058118387272483,-4.672686038519205,-0.22471661944138432,0.19300788452750606,No,False,No,False
Arithmetic,2_digit_subtraction,'',Is 11 minus 50 equal to 196?,No,-5.303252696990967,-4.560556411743164,-5.056852136850356,-4.669290640354156,-0.24640056014061074,0.10873422861099158,No,True,No,True
Arithmetic,2_digit_multiplication,'',Is 85 times 87 equal to 7395?,Yes,-5.123287677764893,-4.83140230178833,-5.056852136850356,-4.669290640354156,-0.06643554091453652,-0.16211166143417444,No,False,Yes,True
Arithmetic,1_digit_multiplication,'',Is 7 times 7 equal to 49?,Yes,-4.877895832061768,-4.57418155670166,-5.056852136850356,-4.669290640354156,0.17895630478858848,0.09510908365249549,No,False,Yes,True
Arithmetic,2_digit_subtraction,'',Is 97 minus 36 equal to 28?,No,-5.000147342681885,-4.446609020233154,-5.056852136850356,-4.669290640354156,0.056704794168471295,0.22268162012100134,No,True,No,True
Arithmetic,2_digit_addition,'',Is 92 plus 20 equal to 112?,Yes,-4.873565196990967,-4.380243301391602,-5.056852136850356,-4.669290640354156,0.18328693985938926,0.2890473389625541,No,False,No,False
Arithmetic,2_digit_subtraction,'',Is 12 minus 47 equal to -35?,Yes,-5.59702730178833,-4.922430038452148,-5.056852136850356,-4.669290640354156,-0.540175164937974,-0.2531393980979928,No,False,No,False
Arithmetic,1_digit_addition,'',Is 3 plus 4 equal to 8?,No,-4.85387659072876,-4.608019828796387,-5.056852136850356,-4.669290640354156,0.2029755461215963,0.06127081155776892,No,True,Yes,False
Arithmetic,2_digit_addition,'',Is 87 plus 40 equal to 127?,Yes,-5.027445793151856,-4.476479530334473,-5.056852136850356,-4.669290640354156,0.029406343698499704,0.19281111001968299,No,False,No,False
Arithmetic,1_digit_addition,'',Is 8 plus 8 equal to 89?,No,-4.657711505889893,-4.287118911743164,-5.056852136850356,-4.669290640354156,0.3991406309604635,0.3821717286109916,No,True,Yes,False
Arithmetic,2_digit_subtraction,'',Is 92 minus 28 equal to 71?,No,-4.799770832061768,-4.307803153991699,-5.056852136850356,-4.669290640354156,0.2570813047885885,0.3614874863624564,No,True,No,True
Arithmetic,2_digit_addition,'',Is 52 plus 41 equal to 26?,No,-4.823208332061768,-4.393740653991699,-5.056852136850356,-4.669290640354156,0.23364380478858848,0.2755499863624564,No,True,No,True
Arithmetic,1_digit_subtraction,'',Is 4 minus 7 equal to -3?,Yes,-5.792457580566406,-4.9340901374816895,-5.056852136850356,-4.669290640354156,-0.7356054437160502,-0.2647994971275338,No,False,No,False
Arithmetic,2_digit_subtraction,'',Is 73 minus 24 equal to 49?,Yes,-4.961129665374756,-4.406805038452148,-5.056852136850356,-4.669290640354156,0.0957224714756002,0.2624856019020072,No,False,No,False
Arithmetic,1_digit_subtraction,'',Is 2 minus 8 equal to 50?,No,-5.165647506713867,-4.54918909072876,-5.056852136850356,-4.669290640354156,-0.10879536986351113,0.12010154962539588,No,True,No,True
Arithmetic,1_digit_multiplication,'',Is 5 times 0 equal to 7?,No,-5.102707386016846,-4.984671592712402,-5.056852136850356,-4.669290640354156,-0.04585524916648964,-0.3153809523582467,No,True,Yes,False
Arithmetic,2_digit_multiplication,'',Is 55 times 45 equal to 2475?,Yes,-4.948025226593018,-4.583547592163086,-5.056852136850356,-4.669290640354156,0.10882691025733848,0.0857430481910697,No,False,Yes,True
Arithmetic,1_digit_subtraction,'',Is 2 minus 1 equal to 1?,Yes,-5.33140230178833,-4.9662251472473145,-5.056852136850356,-4.669290640354156,-0.274550164937974,-0.2969345068931588,No,False,Yes,True
Arithmetic,1_digit_multiplication,'',Is 3 times 9 equal to 91?,No,-4.599325656890869,-4.481985092163086,-5.056852136850356,-4.669290640354156,0.4575264799594869,0.1873055481910697,No,True,Yes,False
Arithmetic,2_digit_addition,'',Is 77 plus 31 equal to 129?,No,-4.890817165374756,-4.526553153991699,-5.056852136850356,-4.669290640354156,0.1660349714756002,0.14273748636245642,No,True,Yes,False
Arithmetic,1_digit_multiplication,'',Is 2 times 8 equal to 16?,Yes,-4.927165985107422,-4.873909950256348,-5.056852136850356,-4.669290640354156,0.12968615174293419,-0.20461930990219201,No,False,Yes,True
Arithmetic,1_digit_multiplication,'',Is 6 times 9 equal to 14?,No,-5.157191753387451,-4.917497158050537,-5.055572857175553,-4.668728246007646,-0.10161889621189779,-0.2487689120428911,No,True,Yes,False
Arithmetic,2_digit_multiplication,'',Is 98 times 56 equal to 6647?,No,-5.092037677764893,-4.856979370117188,-5.055572857175553,-4.668728246007646,-0.0364648205893392,-0.18825112410954237,No,True,Yes,False
Arithmetic,1_digit_addition,'',Is 7 plus 5 equal to 12?,Yes,-5.057225227355957,-4.626377105712891,-5.055572857175553,-4.668728246007646,-0.0016523701804036506,0.042351140294755396,No,False,No,False
Arithmetic,2_digit_multiplication,'',Is 95 times 29 equal to 3422?,No,-5.208541870117188,-4.7228779792785645,-5.055572857175553,-4.668728246007646,-0.152969012941635,-0.05414973327091843,No,True,No,True
Arithmetic,1_digit_multiplication,'',Is 6 times 7 equal to 54?,No,-5.002712726593018,-4.762331962585449,-5.055572857175553,-4.668728246007646,0.0528601305825358,-0.0936037165778032,No,True,Yes,False
Arithmetic,1_digit_addition,'',Is 6 plus 4 equal to 10?,Yes,-5.021047592163086,-4.588524341583252,-5.055572857175553,-4.668728246007646,0.03452526501246744,0.08020390442439407,No,False,No,False
Arithmetic,1_digit_subtraction,'',Is 5 minus 2 equal to 3?,Yes,-5.334502696990967,-4.90230655670166,-5.055572857175553,-4.668728246007646,-0.2789298398154134,-0.23357831069401414,No,False,No,False
Arithmetic,1_digit_subtraction,'',Is 2 minus 3 equal to 89?,No,-4.999068737030029,-4.568771839141846,-5.055572857175553,-4.668728246007646,0.056504120145524084,0.09995640686580032,No,True,No,True
Arithmetic,2_digit_addition,'',Is 53 plus 24 equal to 77?,Yes,-4.8166279792785645,-4.38668155670166,-5.055572857175553,-4.668728246007646,0.23894487789698893,0.28204668930598586,No,False,No,False
Arithmetic,2_digit_addition,'',Is 68 plus 11 equal to 99?,No,-4.709502696990967,-4.278014659881592,-5.055572857175553,-4.668728246007646,0.3460701601845866,0.3907135861260542,No,True,No,True
Arithmetic,1_digit_multiplication,'',Is 6 times 9 equal to 54?,Yes,-4.918070793151856,-4.6762776374816895,-5.055572857175553,-4.668728246007646,0.13750206402369702,-0.007549391474043432,No,False,Yes,True
Arithmetic,1_digit_multiplication,'',Is 7 times 2 equal to 74?,No,-4.997604370117188,-4.6994404792785645,-5.055572857175553,-4.668728246007646,0.05796848705836499,-0.030712233270918432,No,True,Yes,False
Arithmetic,2_digit_addition,'',Is 40 plus 54 equal to 94?,Yes,-4.7569732666015625,-4.198904991149902,-5.055572857175553,-4.668728246007646,0.2985995905739909,0.4698232548577437,No,False,No,False
Arithmetic,1_digit_subtraction,'',Is 1 minus 1 equal to 6?,No,-5.301063060760498,-4.935110092163086,-5.055572857175553,-4.668728246007646,-0.24549020358494467,-0.2663818461554399,No,True,Yes,False
Arithmetic,1_digit_multiplication,'',Is 9 times 5 equal to 82?,No,-4.8646626472473145,-4.559264659881592,-5.055572857175553,-4.668728246007646,0.19091020992823893,0.10946358612605422,No,True,Yes,False
Arithmetic,2_digit_addition,'',Is 15 plus 99 equal to 968?,No,-4.9731526374816895,-4.477859020233154,-5.055572857175553,-4.668728246007646,0.08242021969386393,0.19086922577449172,No,True,No,True
Arithmetic,1_digit_subtraction,'',Is 8 minus 1 equal to 7?,Yes,-5.400022506713867,-4.78511905670166,-5.055572857175553,-4.668728246007646,-0.3444496495383138,-0.11639081069401414,No,False,No,False
Arithmetic,2_digit_addition,'',Is 27 plus 77 equal to 475?,No,-4.953680038452148,-4.522082328796387,-5.055572857175553,-4.668728246007646,0.10189281872340494,0.1466459172112593,No,True,No,True
Arithmetic,1_digit_multiplication,'',Is 3 times 7 equal to 21?,Yes,-5.020915985107422,-4.8450608253479,-5.055572857175553,-4.668728246007646,0.034656872068131506,-0.17633257934025437,No,False,Yes,True
Arithmetic,1_digit_multiplication,'',Is 2 times 5 equal to 74?,No,-5.015141010284424,-4.840125560760498,-5.055572857175553,-4.668728246007646,0.04043184689112955,-0.17139731475285203,No,True,Yes,False
Arithmetic,1_digit_addition,'',Is 3 plus 6 equal to 9?,Yes,-4.890921592712402,-4.585195064544678,-5.058728951757604,-4.669469698992642,0.1678073590452014,0.08427463444796413,No,False,Yes,True
Arithmetic,1_digit_addition,'',Is 6 plus 2 equal to 8?,Yes,-5.046465873718262,-4.677118301391602,-5.058728951757604,-4.669469698992642,0.012263078039342012,-0.007648602398959703,No,False,Yes,True
Arithmetic,2_digit_multiplication,'',Is 75 times 43 equal to 3225?,Yes,-5.137762069702148,-4.712399005889893,-5.058728951757604,-4.669469698992642,-0.0790331179445447,-0.04292930689725072,No,False,No,False
Arithmetic,2_digit_addition,'',Is 11 plus 72 equal to 83?,Yes,-4.860836505889893,-4.553332328796387,-5.058728951757604,-4.669469698992642,0.19789244586771115,0.11613737019625514,No,False,Yes,True
Arithmetic,1_digit_multiplication,'',Is 6 times 0 equal to 0?,Yes,-4.968266010284424,-4.727707386016846,-5.058728951757604,-4.669469698992642,0.0904629414731799,-0.058237687024203844,No,False,Yes,True
Arithmetic,1_digit_addition,'',Is 1 plus 9 equal to 39?,No,-4.981512069702148,-4.5521626472473145,-5.058728951757604,-4.669469698992642,0.0772168820554553,0.1173070517453274,No,True,No,True
Arithmetic,2_digit_addition,'',Is 27 plus 74 equal to 101?,Yes,-4.931149005889893,-4.374717712402344,-5.058728951757604,-4.669469698992642,0.12757994586771115,0.2947519865902981,No,False,No,False
Arithmetic,2_digit_subtraction,'',Is 13 minus 60 equal to 594?,No,-5.350273609161377,-4.735836505889893,-5.058728951757604,-4.669469698992642,-0.2915446574037732,-0.06636680689725072,No,True,No,True
Arithmetic,2_digit_addition,'',Is 79 plus 42 equal to 121?,Yes,-4.663131237030029,-4.29758882522583,-5.058728951757604,-4.669469698992642,0.39559771472757443,0.3718808737668118,No,False,Yes,True
Arithmetic,1_digit_addition,'',Is 4 plus 2 equal to 1?,No,-5.048460006713867,-4.556149005889893,-5.058728951757604,-4.669469698992642,0.010268945043736544,0.11332069310274928,No,True,No,True
Arithmetic,1_digit_multiplication,'',Is 0 times 5 equal to 0?,Yes,-5.222591876983643,-5.047407150268555,-5.058728951757604,-4.669469698992642,-0.16386292522603885,-0.37793745127591283,No,False,Yes,True
Arithmetic,1_digit_addition,'',Is 8 plus 2 equal to 10?,Yes,-4.912627696990967,-4.543639659881592,-5.058728951757604,-4.669469698992642,0.14610125476663693,0.12583003911105006,No,False,Yes,True
Arithmetic,1_digit_subtraction,'',Is 7 minus 5 equal to 5?,No,-5.2228779792785645,-4.731139659881592,-5.058728951757604,-4.669469698992642,-0.16414902752096072,-0.06166996088894994,No,True,No,True
Arithmetic,1_digit_subtraction,'',Is 7 minus 1 equal to 6?,Yes,-5.273584842681885,-4.8443779945373535,-5.058728951757604,-4.669469698992642,-0.21485589092428103,-0.17490829554471166,No,False,No,False
Arithmetic,1_digit_multiplication,'',Is 3 times 5 equal to 27?,No,-4.962082386016846,-4.783787727355957,-5.058728951757604,-4.669469698992642,0.09664656574075803,-0.11431802836331517,No,True,Yes,False
Arithmetic,1_digit_subtraction,'',Is 1 minus 9 equal to -8?,Yes,-5.536666870117188,-4.9271626472473145,-5.058728951757604,-4.669469698992642,-0.47793791835958466,-0.2576929482546726,No,False,No,False
Arithmetic,1_digit_subtraction,'',Is 0 minus 8 equal to -8?,Yes,-5.461469650268555,-4.927291870117188,-5.058728951757604,-4.669469698992642,-0.40274069851095096,-0.25782217112454653,No,False,No,False
Arithmetic,1_digit_subtraction,'',Is 8 minus 8 equal to 3?,No,-5.317449569702148,-4.766180038452148,-5.058728951757604,-4.669469698992642,-0.2587206179445447,-0.09671033945950658,No,True,No,True
Arithmetic,2_digit_subtraction,'',Is 18 minus 51 equal to -33?,Yes,-5.937110900878906,-5.077715873718262,-5.058728951757604,-4.669469698992642,-0.8783819491213025,-0.40824617472561986,No,False,No,False
Arithmetic,1_digit_addition,'',Is 4 plus 6 equal to 30?,No,-4.774899005889893,-4.279894828796387,-5.058728951757604,-4.669469698992642,0.28382994586771115,0.38957487019625514,No,True,No,True
Arithmetic,1_digit_multiplication,'',Is 8 times 4 equal to 95?,No,-4.830837726593018,-4.465456962585449,-5.058523540911466,-4.668961813138878,0.22768581431844837,0.20350485055342915,No,True,Yes,False
Arithmetic,2_digit_multiplication,'',Is 38 times 22 equal to 143?,No,-5.09702730178833,-4.610836505889893,-5.058523540911466,-4.668961813138878,-0.038503760876864135,0.05812530724898579,No,True,No,True
Arithmetic,2_digit_subtraction,'',Is 34 minus 28 equal to 6?,Yes,-5.141566753387451,-4.651872158050537,-5.058523540911466,-4.668961813138878,-0.08304321247598523,0.01708965508834126,No,False,No,False
Arithmetic,2_digit_addition,'',Is 69 plus 92 equal to 161?,Yes,-4.6681904792785645,-4.36324405670166,-5.058523540911466,-4.668961813138878,0.3903330616329015,0.3057177564372182,No,False,Yes,True
Arithmetic,2_digit_subtraction,'',Is 28 minus 26 equal to 2?,Yes,-5.372604370117188,-4.823208332061768,-5.058523540911466,-4.668961813138878,-0.31408082920572244,-0.1542465189228892,No,False,No,False
Arithmetic,2_digit_addition,'',Is 64 plus 27 equal to 69?,No,-4.707133293151856,-4.338343143463135,-5.058523540911466,-4.668961813138878,0.3513902477596096,0.3306186696757436,No,True,Yes,False
Arithmetic,2_digit_subtraction,'',Is 10 minus 10 equal to 1?,No,-5.329710006713867,-4.835528373718262,-5.058523540911466,-4.668961813138878,-0.27118646580240124,-0.16656656057938335,No,True,No,True
Arithmetic,2_digit_addition,'',Is 23 plus 63 equal to 86?,Yes,-4.569903373718262,-4.325555801391602,-5.058523540911466,-4.668961813138878,0.4886201671932042,0.3434060117472768,No,False,Yes,True
Arithmetic,2_digit_addition,'',Is 65 plus 26 equal to 15?,No,-4.851153373718262,-4.543639659881592,-5.058523540911466,-4.668961813138878,0.20737016719320422,0.12532215325728657,No,True,Yes,False
Arithmetic,1_digit_addition,'',Is 2 plus 0 equal to 8?,No,-5.108086109161377,-4.9271626472473145,-5.058523540911466,-4.668961813138878,-0.04956256824991101,-0.2582008341084361,No,True,Yes,False
Arithmetic,2_digit_addition,'',Is 32 plus 87 equal to 119?,Yes,-4.806272506713867,-4.313961505889893,-5.058523540911466,-4.668961813138878,0.25225103419759876,0.3550003072489858,No,False,No,False
Arithmetic,2_digit_addition,'',Is 30 plus 53 equal to 83?,Yes,-4.759274005889893,-4.388681411743164,-5.058523540911466,-4.668961813138878,0.29924953502157337,0.2802804013957143,No,False,Yes,True
Arithmetic,1_digit_multiplication,'',Is 9 times 1 equal to 9?,Yes,-4.603024005889893,-4.670519828796387,-5.058523540911466,-4.668961813138878,0.45549953502157337,-0.0015580156575083492,Yes,True,Yes,True
Arithmetic,2_digit_multiplication,'',Is 79 times 48 equal to 5422?,No,-5.086958408355713,-4.789254665374756,-5.058523540911466,-4.668961813138878,-0.028434867444246947,-0.12029285223587749,No,True,Yes,False
Arithmetic,2_digit_multiplication,'',Is 78 times 67 equal to 7221?,No,-5.241992950439453,-4.888229370117188,-5.058523540911466,-4.668961813138878,-0.18346940952798718,-0.21926755697831002,No,True,Yes,False
Arithmetic,1_digit_subtraction,'',Is 7 minus 8 equal to -1?,Yes,-5.552395343780518,-4.755422592163086,-5.058523540911466,-4.668961813138878,-0.49387180286905163,-0.08646077902420757,No,False,No,False
Arithmetic,1_digit_subtraction,'',Is 4 minus 0 equal to 2?,No,-5.454066753387451,-4.901872158050537,-5.058523540911466,-4.668961813138878,-0.39554321247598523,-0.23291034491165874,No,True,No,True
Arithmetic,2_digit_subtraction,'',Is 15 minus 31 equal to -16?,Yes,-5.600273609161377,-5.048336505889893,-5.058523540911466,-4.668961813138878,-0.541750068249911,-0.3793746927510142,No,False,No,False
Arithmetic,2_digit_multiplication,'',Is 92 times 88 equal to 1424?,No,-5.037679195404053,-4.743772506713867,-5.058523540911466,-4.668961813138878,0.02084434550741321,-0.07481069357498882,No,True,Yes,False
Arithmetic,1_digit_subtraction,'',Is 7 minus 2 equal to 5?,Yes,-5.2619404792785645,-4.770868301391602,-5.058523540911466,-4.668961813138878,-0.2034169383670985,-0.10190648825272319,No,False,No,False
Arithmetic,1_digit_multiplication,'',Is 1 times 1 equal to 1?,Yes,-4.990898609161377,-5.181272506713867,-5.057399356365202,-4.66882108648618,0.06650074720382548,-0.5124514202276869,Yes,True,Yes,True
Arithmetic,1_digit_subtraction,'',Is 9 minus 0 equal to 5?,No,-5.186065196990967,-4.755243301391602,-5.057399356365202,-4.66882108648618,-0.12866584062576436,-0.08642221490542124,No,True,No,True
Arithmetic,1_digit_subtraction,'',Is 4 minus 0 equal to 4?,Yes,-5.258109092712402,-4.76633882522583,-5.057399356365202,-4.66882108648618,-0.2007097363471999,-0.09751773873964975,No,False,No,False
Arithmetic,1_digit_subtraction,'',Is 3 minus 3 equal to 2?,No,-5.210528373718262,-4.965514659881592,-5.057399356365202,-4.66882108648618,-0.15312901735305928,-0.29669357339541147,No,True,Yes,False
Arithmetic,2_digit_subtraction,'',Is 37 minus 47 equal to 774?,No,-5.255290985107422,-4.644059658050537,-5.057399356365202,-4.66882108648618,-0.19789162874221944,0.024761428435643218,No,True,No,True
Arithmetic,1_digit_multiplication,'',Is 8 times 2 equal to 95?,No,-4.764336109161377,-4.460528373718262,-5.057399356365202,-4.66882108648618,0.2930632472038255,0.2082927127679186,No,True,Yes,False
Arithmetic,2_digit_addition,'',Is 84 plus 83 equal to 167?,Yes,-4.8490376472473145,-4.482431411743164,-5.057399356365202,-4.66882108648618,0.20836170911788798,0.18638967474301626,No,False,Yes,True
Arithmetic,1_digit_subtraction,'',Is 4 minus 2 equal to 2?,Yes,-5.312647342681885,-4.757729530334473,-5.057399356365202,-4.66882108648618,-0.25524798631668233,-0.08890844384829233,No,False,No,False
Arithmetic,2_digit_multiplication,'',Is 56 times 57 equal to 3192?,Yes,-5.028854370117188,-4.791958332061768,-5.057399356365202,-4.66882108648618,0.028544986248014048,-0.12313724557558725,No,False,Yes,True
Arithmetic,2_digit_multiplication,'',Is 93 times 88 equal to 4450?,No,-4.88609790802002,-4.5900654792785645,-5.057399356365202,-4.66882108648618,0.17130144834518202,0.07875560720761587,No,True,Yes,False
Arithmetic,2_digit_addition,'',Is 88 plus 44 equal to 132?,Yes,-4.87827730178833,-4.451690196990967,-5.057399356365202,-4.66882108648618,0.17912205457687236,0.21713088949521353,No,False,No,False
Arithmetic,2_digit_subtraction,'',Is 29 minus 93 equal to -64?,Yes,-5.28452730178833,-4.673336505889893,-5.057399356365202,-4.66882108648618,-0.22712794542312764,-0.004515419403712251,No,False,No,False
Arithmetic,2_digit_multiplication,'',Is 54 times 80 equal to 4320?,Yes,-4.933082580566406,-4.632959842681885,-5.057399356365202,-4.66882108648618,0.12431677579879619,0.03586124380429556,No,False,Yes,True
Arithmetic,1_digit_subtraction,'',Is 7 minus 1 equal to 7?,No,-5.357940196990967,-4.803885459899902,-5.057399356365202,-4.66882108648618,-0.30054084062576436,-0.13506437341372202,No,True,No,True
Arithmetic,2_digit_addition,'',Is 33 plus 12 equal to 45?,Yes,-4.520202159881592,-4.210655212402344,-5.057399356365202,-4.66882108648618,0.5371971964836106,0.4581658740838366,No,False,Yes,True
Arithmetic,1_digit_multiplication,'',Is 7 times 0 equal to 0?,Yes,-5.032270908355713,-4.733086109161377,-5.057399356365202,-4.66882108648618,0.025128448009489546,-0.06426502267519663,No,False,Yes,True
Arithmetic,1_digit_addition,'',Is 8 plus 9 equal to 50?,No,-4.833437919616699,-4.276508331298828,-5.057399356365202,-4.66882108648618,0.22396143674850322,0.3923127551873522,No,True,No,True
Arithmetic,1_digit_addition,'',Is 2 plus 9 equal to 37?,No,-4.997137069702148,-4.5677876472473145,-5.057399356365202,-4.66882108648618,0.060262286663054,0.10103343923886587,No,True,No,True
Arithmetic,1_digit_multiplication,'',Is 9 times 6 equal to 54?,Yes,-4.851859092712402,-4.6093831062316895,-5.057399356365202,-4.66882108648618,0.2055402636528001,0.059437980254490874,No,False,Yes,True
Arithmetic,1_digit_addition,'',Is 1 plus 5 equal to 7?,No,-5.200262069702148,-4.9572529792785645,-5.057399356365202,-4.66882108648618,-0.142862713336946,-0.2884318927923841,No,True,Yes,False
Arithmetic,2_digit_subtraction,'',Is 25 minus 73 equal to 731?,No,-5.325719356536865,-4.709293365478516,-5.0520543432235705,-4.668956136703491,-0.27366501331329474,-0.04033722877502477,No,True,No,True
Arithmetic,1_digit_multiplication,'',Is 3 times 1 equal to 3?,Yes,-4.814085006713867,-5.070867538452148,-5.0520543432235705,-4.668956136703491,0.2379693365097033,-0.4019114017486576,Yes,True,Yes,True
Arithmetic,1_digit_multiplication,'',Is 9 times 3 equal to 96?,No,-4.543581962585449,-4.42387580871582,-5.0520543432235705,-4.668956136703491,0.5084723806381213,0.24508032798767054,No,True,Yes,False
Arithmetic,1_digit_multiplication,'',Is 1 times 0 equal to 4?,No,-4.880416870117188,-5.075262069702148,-5.0520543432235705,-4.668956136703491,0.1716374731063821,-0.4063059329986576,Yes,False,Yes,False
Arithmetic,1_digit_subtraction,'',Is 3 minus 6 equal to 15?,No,-5.313055038452148,-4.818957328796387,-5.0520543432235705,-4.668956136703491,-0.26100069522857794,-0.15000119209289586,No,True,No,True
Arithmetic,1_digit_subtraction,'',Is 1 minus 8 equal to 47?,No,-5.186211109161377,-4.571774005889893,-5.0520543432235705,-4.668956136703491,-0.13415676593780645,0.09718213081359828,No,True,No,True
Arithmetic,1_digit_multiplication,'',Is 8 times 8 equal to 64?,Yes,-4.6809983253479,-4.624917030334473,-5.0520543432235705,-4.668956136703491,0.3710560178756701,0.0440391063690182,No,False,Yes,True
Arithmetic,2_digit_subtraction,'',Is 89 minus 15 equal to 45?,No,-4.816688060760498,-4.448871612548828,-5.0520543432235705,-4.668956136703491,0.23536628246307245,0.22008452415466273,No,True,Yes,False
Arithmetic,1_digit_multiplication,'',Is 7 times 8 equal to 56?,Yes,-4.928398609161377,-4.688961505889893,-5.0520543432235705,-4.668956136703491,0.12365573406219355,-0.020005369186401722,No,False,Yes,True
Arithmetic,1_digit_subtraction,'',Is 9 minus 0 equal to 9?,Yes,-5.085528373718262,-4.592947959899902,-5.0520543432235705,-4.668956136703491,-0.03347403049469122,0.07600817680358851,No,False,No,False
Arithmetic,2_digit_subtraction,'',Is 34 minus 41 equal to 36?,No,-4.71325159072876,-4.344415664672852,-5.0520543432235705,-4.668956136703491,0.33880275249481073,0.3245404720306393,No,True,Yes,False
Arithmetic,1_digit_addition,'',Is 5 plus 3 equal to 5?,No,-4.882729530334473,-4.635883331298828,-5.0520543432235705,-4.668956136703491,0.16932481288909784,0.03307280540466273,No,True,Yes,False
Arithmetic,1_digit_addition,'',Is 6 plus 7 equal to 22?,No,-5.112809658050537,-4.618484020233154,-5.0520543432235705,-4.668956136703491,-0.06075531482696661,0.05047211647033656,No,True,No,True
Arithmetic,1_digit_multiplication,'',Is 6 times 6 equal to 36?,Yes,-4.836129665374756,-4.719305038452148,-5.0520543432235705,-4.668956136703491,0.21592467784881464,-0.05034890174865758,No,False,Yes,True
Arithmetic,1_digit_addition,'',Is 3 plus 0 equal to 8?,No,-4.929278373718262,-4.746764659881592,-5.0520543432235705,-4.668956136703491,0.12277596950530878,-0.07780852317810094,No,True,Yes,False
Arithmetic,1_digit_multiplication,'',Is 1 times 8 equal to 9?,No,-4.907630920410156,-4.919469356536865,-5.0520543432235705,-4.668956136703491,0.14442342281341425,-0.2505132198333744,Yes,False,Yes,False
Arithmetic,2_digit_multiplication,'',Is 36 times 43 equal to 1548?,Yes,-4.965887069702148,-4.787627696990967,-5.0520543432235705,-4.668956136703491,0.08616727352142206,-0.11867156028747594,No,False,Yes,True
Arithmetic,2_digit_addition,'',Is 79 plus 92 equal to 160?,No,-4.7044358253479,-4.399734020233154,-5.0520543432235705,-4.668956136703491,0.3476185178756701,0.26922211647033656,No,True,Yes,False
Arithmetic,2_digit_multiplication,'',Is 31 times 16 equal to 496?,Yes,-4.936978340148926,-4.69676399230957,-5.0520543432235705,-4.668956136703491,0.11507600307464472,-0.027807855606079457,No,False,Yes,True
Arithmetic,2_digit_multiplication,'',Is 72 times 27 equal to 3699?,No,-4.911666870117188,-4.549770832061768,-5.0520543432235705,-4.668956136703491,0.1403874731063821,0.11918530464172328,No,True,Yes,False
Arithmetic,2_digit_addition,'',Is 12 plus 96 equal to 108?,Yes,-4.962399005889893,-4.404894828796387,-5.052763456564683,-4.672866073938517,0.09036445067479004,0.2679712451421299,No,False,No,False
Arithmetic,1_digit_multiplication,'',Is 0 times 3 equal to 5?,No,-5.093086242675781,-5.164196014404297,-5.052763456564683,-4.672866073938517,-0.04032278611109863,-0.49132994046578027,Yes,False,Yes,False
Arithmetic,1_digit_multiplication,'',Is 0 times 6 equal to 0?,Yes,-5.257748126983643,-5.02371072769165,-5.052763456564683,-4.672866073938517,-0.20498467041895996,-0.3508446537531338,No,False,Yes,True
Arithmetic,2_digit_multiplication,'',Is 91 times 84 equal to 6063?,No,-4.926948070526123,-4.754188060760498,-5.052763456564683,-4.672866073938517,0.12581538603855957,-0.08132198682198144,No,True,Yes,False
Arithmetic,2_digit_multiplication,'',Is 29 times 21 equal to 312?,No,-4.884397506713867,-4.643740653991699,-5.052763456564683,-4.672866073938517,0.16836594985081543,0.029125419946817388,No,True,Yes,False
Arithmetic,1_digit_subtraction,'',Is 4 minus 1 equal to 3?,Yes,-5.3606858253479,-4.805984020233154,-5.052763456564683,-4.672866073938517,-0.30792236878321777,-0.1331179462946377,No,False,No,False
Arithmetic,1_digit_addition,'',Is 4 plus 2 equal to 6?,Yes,-4.975127696990967,-4.543639659881592,-5.052763456564683,-4.672866073938517,0.07763575957371582,0.1292264140569248,No,False,No,False
Arithmetic,1_digit_multiplication,'',Is 1 times 2 equal to 7?,No,-5.152076244354248,-5.221462726593018,-5.052763456564683,-4.672866073938517,-0.09931278778956543,-0.548596652654501,Yes,False,Yes,False
Arithmetic,1_digit_multiplication,'',Is 5 times 2 equal to 10?,Yes,-5.013219356536865,-4.8950276374816895,-5.052763456564683,-4.672866073938517,0.039544100027817386,-0.22216156354317285,No,False,Yes,True
Arithmetic,1_digit_addition,'',Is 5 plus 1 equal to 9?,No,-4.930242538452148,-4.559264659881592,-5.052763456564683,-4.672866073938517,0.12252091811253418,0.11360141405692481,No,True,Yes,False
Arithmetic,1_digit_subtraction,'',Is 2 minus 6 equal to -4?,Yes,-5.748616695404053,-5.140817165374756,-5.052763456564683,-4.672866073938517,-0.6958532388393701,-0.46795109143623925,No,False,No,False
Arithmetic,2_digit_addition,'',Is 80 plus 11 equal to 80?,No,-4.780447959899902,-4.346644878387451,-5.052763456564683,-4.672866073938517,0.2723154966647803,0.32622119555106543,No,True,No,True
Arithmetic,1_digit_multiplication,'',Is 2 times 3 equal to 7?,No,-5.134451866149902,-5.083700656890869,-5.052763456564683,-4.672866073938517,-0.08168840958521972,-0.41083458295235253,No,True,Yes,False
Arithmetic,2_digit_multiplication,'',Is 52 times 53 equal to 2756?,Yes,-5.10484790802002,-4.806272506713867,-5.052763456564683,-4.672866073938517,-0.0520844514553378,-0.13340643277535058,No,False,Yes,True
Arithmetic,2_digit_multiplication,'',Is 71 times 85 equal to 3719?,No,-5.055852890014648,-4.764336109161377,-5.052763456564683,-4.672866073938517,-0.003089433449965817,-0.09147003522286035,No,True,Yes,False
Arithmetic,2_digit_multiplication,'',Is 50 times 23 equal to 5941?,No,-5.132423400878906,-4.703317165374756,-5.052763456564683,-4.672866073938517,-0.07965994431422363,-0.030451091436239253,No,True,No,True
Arithmetic,1_digit_addition,'',Is 0 plus 5 equal to 5?,Yes,-5.133833408355713,-4.892124652862549,-5.052763456564683,-4.672866073938517,-0.08106995179103027,-0.21925857892403222,No,False,Yes,True
Arithmetic,1_digit_multiplication,'',Is 5 times 0 equal to 0?,Yes,-5.032749652862549,-4.848699569702148,-5.052763456564683,-4.672866073938517,0.020013803702133792,-0.17583349576363183,No,False,Yes,True
Arithmetic,2_digit_addition,'',Is 62 plus 92 equal to 971?,No,-4.909645080566406,-4.484522342681885,-5.052763456564683,-4.672866073938517,0.14311837599827637,0.18834373125663184,No,True,No,True
Arithmetic,1_digit_addition,'',Is 9 plus 9 equal to 27?,No,-4.82102632522583,-4.325746059417725,-5.052763456564683,-4.672866073938517,0.23173713133885254,0.347120014520792,No,True,No,True
Arithmetic,1_digit_subtraction,'',Is 6 minus 8 equal to 20?,No,-5.249590873718262,-4.506457328796387,-5.05487567672023,-4.6716954337226015,-0.19471519699803164,0.16523810492621482,No,True,No,True
Arithmetic,2_digit_multiplication,'',Is 43 times 10 equal to 124?,No,-4.965887069702148,-4.54137659072876,-5.05487567672023,-4.6716954337226015,0.08898860701808164,0.13031884299384178,No,True,No,True
Arithmetic,1_digit_subtraction,'',Is 0 minus 7 equal to 95?,No,-5.05016040802002,-4.440395832061768,-5.05487567672023,-4.6716954337226015,0.004715268700209663,0.23129960166083396,No,True,No,True
Arithmetic,1_digit_subtraction,'',Is 4 minus 2 equal to 8?,No,-5.241778373718262,-4.686144828796387,-5.05487567672023,-4.6716954337226015,-0.18690269699803164,-0.014449395073785176,No,True,No,True
Arithmetic,1_digit_addition,'',Is 6 plus 0 equal to 6?,Yes,-5.101859092712402,-4.733632564544678,-5.05487567672023,-4.6716954337226015,-0.04698341599217226,-0.06193713082207619,No,False,Yes,True
Arithmetic,2_digit_multiplication,'',Is 50 times 84 equal to 4200?,Yes,-5.204624652862549,-4.7162251472473145,-5.05487567672023,-4.6716954337226015,-0.14974897614231875,-0.04452971352471291,No,False,No,False
Arithmetic,1_digit_subtraction,'',Is 7 minus 5 equal to 2?,Yes,-5.378395080566406,-4.8294358253479,-5.05487567672023,-4.6716954337226015,-0.32351940384617617,-0.15774039162529885,No,False,No,False
Arithmetic,1_digit_addition,'',Is 4 plus 3 equal to 7?,Yes,-5.111780643463135,-4.618484020233154,-5.05487567672023,-4.6716954337226015,-0.056904966742904683,0.053211413489447246,No,False,No,False
Arithmetic,2_digit_subtraction,'',Is 50 minus 39 equal to 15?,No,-5.4115376472473145,-4.79293155670166,-5.05487567672023,-4.6716954337226015,-0.35666197052708437,-0.12123612297905861,No,True,No,True
Arithmetic,1_digit_subtraction,'',Is 0 minus 8 equal to 11?,No,-5.273242950439453,-4.731979370117188,-5.05487567672023,-4.6716954337226015,-0.21836727371922304,-0.060283936394586846,No,True,No,True
Arithmetic,2_digit_multiplication,'',Is 11 times 24 equal to 264?,Yes,-5.066688060760498,-4.700735092163086,-5.05487567672023,-4.6716954337226015,-0.011812384040267965,-0.029039658440484395,No,False,Yes,True
Arithmetic,1_digit_addition,'',Is 8 plus 1 equal to 8?,No,-4.8637776374816895,-4.619112491607666,-5.05487567672023,-4.6716954337226015,0.19109803923854063,0.05258294211493553,No,True,Yes,False
Arithmetic,1_digit_multiplication,'',Is 4 times 9 equal to 99?,No,-4.911825656890869,-4.4218831062316895,-5.05487567672023,-4.6716954337226015,0.14305001982936094,0.2498123274909121,No,True,No,True
Arithmetic,2_digit_subtraction,'',Is 74 minus 32 equal to 18?,No,-5.081020832061768,-4.58980655670166,-5.05487567672023,-4.6716954337226015,-0.026145155341537496,0.08188887702094139,No,True,No,True
Arithmetic,1_digit_subtraction,'',Is 4 minus 3 equal to 1?,Yes,-5.232138156890869,-4.615646839141846,-5.05487567672023,-4.6716954337226015,-0.17726248017063906,0.05604859458075584,No,False,No,False
Arithmetic,2_digit_subtraction,'',Is 50 minus 50 equal to 0?,Yes,-5.306187152862549,-4.625192165374756,-5.05487567672023,-4.6716954337226015,-0.25131147614231875,0.04650326834784568,No,False,No,False
Arithmetic,1_digit_multiplication,'',Is 9 times 2 equal to 83?,No,-4.831020832061768,-4.65075159072876,-5.05487567672023,-4.6716954337226015,0.2238548446584625,0.020943842993841777,No,True,Yes,False
Arithmetic,2_digit_multiplication,'',Is 76 times 18 equal to 1368?,Yes,-5.318929195404053,-4.900022506713867,-5.05487567672023,-4.6716954337226015,-0.26405351868382265,-0.22832707299126564,No,False,No,False
Arithmetic,1_digit_addition,'',Is 5 plus 5 equal to 10?,Yes,-4.931064605712891,-4.558829784393311,-5.05487567672023,-4.6716954337226015,0.12381107100733946,0.11286564932929011,No,False,Yes,True
Arithmetic,1_digit_multiplication,'',Is 9 times 4 equal to 36?,Yes,-4.664359092712402,-4.546132564544678,-5.05487567672023,-4.6716954337226015,0.39051658400782774,0.1255628691779238,No,False,Yes,True
Arithmetic,2_digit_multiplication,'',Is 70 times 23 equal to 1610?,Yes,-5.18296480178833,-4.696774005889893,-5.058633886916296,-4.672459231955664,-0.12433091487203374,-0.024314773934228207,No,False,No,False
Arithmetic,1_digit_multiplication,'',Is 7 times 4 equal to 28?,Yes,-5.036199569702148,-4.734930038452148,-5.058633886916296,-4.672459231955664,0.022434317214147903,-0.062470806496484066,No,False,Yes,True
Arithmetic,1_digit_addition,'',Is 3 plus 9 equal to 12?,Yes,-4.842105865478516,-4.5337653160095215,-5.058633886916296,-4.672459231955664,0.21652802143778072,0.1386939159461429,No,False,Yes,True
Arithmetic,2_digit_multiplication,'',Is 25 times 63 equal to 1575?,Yes,-5.0666279792785645,-4.76168155670166,-5.058633886916296,-4.672459231955664,-0.007994092362268113,-0.08922232474599578,No,False,Yes,True
Arithmetic,2_digit_multiplication,'',Is 86 times 12 equal to 3301?,No,-5.335742473602295,-4.977504253387451,-5.058633886916296,-4.672459231955664,-0.2771085866859986,-0.3050450214317868,No,True,Yes,False
Arithmetic,1_digit_multiplication,'',Is 0 times 1 equal to 0?,Yes,-5.24636697769165,-5.068600177764893,-5.058633886916296,-4.672459231955664,-0.18773309077535405,-0.3961409458092282,No,False,Yes,True
Arithmetic,2_digit_multiplication,'',Is 43 times 32 equal to 1376?,Yes,-5.108985900878906,-4.686065196990967,-5.058633886916296,-4.672459231955664,-0.05035201396260991,-0.013605965035302425,No,False,No,False
Arithmetic,1_digit_addition,'',Is 6 plus 6 equal to 70?,No,-4.925309658050537,-4.368484020233154,-5.058633886916296,-4.672459231955664,0.13332422886575923,0.3039752117225101,No,True,No,True
Arithmetic,1_digit_multiplication,'',Is 9 times 0 equal to 0?,Yes,-4.872137069702148,-4.6291279792785645,-5.058633886916296,-4.672459231955664,0.1864968172141479,0.04333125267709992,No,False,Yes,True
Arithmetic,2_digit_subtraction,'',Is 68 minus 56 equal to 41?,No,-4.995826244354248,-4.447850227355957,-5.058633886916296,-4.672459231955664,0.0628076425620483,0.22460900459970734,No,True,No,True
Arithmetic,1_digit_subtraction,'',Is 4 minus 5 equal to -1?,Yes,-5.616450309753418,-4.7544026374816895,-5.058633886916296,-4.672459231955664,-0.5578164228371216,-0.08194340552602508,No,False,No,False
Arithmetic,1_digit_subtraction,'',Is 0 minus 3 equal to -3?,Yes,-6.051352024078369,-5.326741695404053,-5.058633886916296,-4.672459231955664,-0.9927181371620728,-0.6542824634483884,No,False,No,False
Arithmetic,2_digit_addition,'',Is 31 plus 88 equal to 119?,Yes,-4.803252696990967,-4.372430801391602,-5.058633886916296,-4.672459231955664,0.25538118992532954,0.3000284305640628,No,False,No,False
Arithmetic,2_digit_subtraction,'',Is 37 minus 10 equal to 17?,No,-5.438441753387451,-4.825625419616699,-5.058633886916296,-4.672459231955664,-0.37980786647115483,-0.15316618766103485,No,True,No,True
Arithmetic,1_digit_subtraction,'',Is 8 minus 1 equal to 1?,No,-5.265103340148926,-4.713475227355957,-5.058633886916296,-4.672459231955664,-0.20646945323262944,-0.04101599540029266,No,True,No,True
Arithmetic,2_digit_subtraction,'',Is 54 minus 93 equal to 148?,No,-4.9584126472473145,-4.342394828796387,-5.058633886916296,-4.672459231955664,0.10022123966898189,0.33006440315927765,No,True,No,True
Arithmetic,2_digit_subtraction,'',Is 95 minus 80 equal to 45?,No,-5.04051399230957,-4.423252105712891,-5.058633886916296,-4.672459231955664,0.018119894606726028,0.24920712624277375,No,True,No,True
Arithmetic,2_digit_multiplication,'',Is 24 times 90 equal to 2160?,Yes,-4.993687152862549,-4.875192165374756,-5.058633886916296,-4.672459231955664,0.06494673405374751,-0.2027329334190915,No,False,Yes,True
Arithmetic,2_digit_subtraction,'',Is 24 minus 46 equal to -22?,Yes,-5.583415985107422,-4.784684658050537,-5.058633886916296,-4.672459231955664,-0.5247820981911255,-0.11222542609487274,No,False,No,False
Arithmetic,1_digit_multiplication,'',Is 8 times 5 equal to 40?,Yes,-4.83921480178833,-4.538653373718262,-5.058633886916296,-4.672459231955664,0.21941908512796626,0.13380585823740265,No,False,Yes,True
Arithmetic,2_digit_subtraction,'',Is 61 minus 40 equal to 33?,No,-5.194575309753418,-4.706559658050537,-5.055369015397696,-4.67098644684101,-0.13920629435572174,-0.0355732112095275,No,True,No,True
Arithmetic,2_digit_addition,'',Is 21 plus 65 equal to 86?,Yes,-4.6606526374816895,-4.352859020233154,-5.055369015397696,-4.67098644684101,0.3947163779160068,0.3181274266078553,No,False,Yes,True
Arithmetic,2_digit_multiplication,'',Is 36 times 82 equal to 6725?,No,-4.84702730178833,-4.607940196990967,-5.055369015397696,-4.67098644684101,0.20834171360936615,0.06304624985004281,No,True,Yes,False
Arithmetic,2_digit_multiplication,'',Is 95 times 91 equal to 8645?,Yes,-4.997604370117188,-4.6369404792785645,-5.055369015397696,-4.67098644684101,0.05776464528050784,0.034045967562445156,No,False,Yes,True
Arithmetic,1_digit_multiplication,'',Is 2 times 7 equal to 44?,No,-4.954764366149902,-4.840125560760498,-5.055369015397696,-4.67098644684101,0.10060464924779389,-0.16913911391948844,No,True,Yes,False
Arithmetic,1_digit_multiplication,'',Is 1 times 7 equal to 7?,Yes,-5.028728485107422,-5.161656856536865,-5.055369015397696,-4.67098644684101,0.026640530290274356,-0.4906704096958556,Yes,True,Yes,True
Arithmetic,2_digit_subtraction,'',Is 61 minus 41 equal to 20?,Yes,-5.024379253387451,-4.474062919616699,-5.055369015397696,-4.67098644684101,0.03098976201024506,0.1969235272243104,No,False,No,False
Arithmetic,1_digit_subtraction,'',Is 0 minus 2 equal to 27?,No,-5.42579460144043,-4.759451866149902,-5.055369015397696,-4.67098644684101,-0.37042558604273346,-0.08846541930889273,No,True,No,True
Arithmetic,2_digit_multiplication,'',Is 55 times 38 equal to 8610?,No,-5.037773609161377,-4.673336505889893,-5.055369015397696,-4.67098644684101,0.017595406236319278,-0.0023500590488829687,No,True,Yes,False
Arithmetic,1_digit_subtraction,'',Is 8 minus 6 equal to 5?,No,-5.209648609161377,-4.657711505889893,-5.055369015397696,-4.67098644684101,-0.15427959376368072,0.013274940951117031,No,True,No,True
Arithmetic,1_digit_addition,'',Is 8 plus 5 equal to 30?,No,-4.709502696990967,-4.340514659881592,-5.055369015397696,-4.67098644684101,0.34586631840672943,0.3304717869594178,No,True,Yes,False
Arithmetic,1_digit_addition,'',Is 3 plus 7 equal to 10?,Yes,-4.915524005889893,-4.608019828796387,-5.055369015397696,-4.67098644684101,0.13984500950780365,0.06296661804462289,No,False,Yes,True
Arithmetic,1_digit_multiplication,'',Is 6 times 7 equal to 42?,Yes,-4.889336109161377,-4.710528373718262,-5.055369015397696,-4.67098644684101,0.16603290623631928,-0.03954192687725211,No,False,Yes,True
Arithmetic,2_digit_addition,'',Is 60 plus 47 equal to 107?,Yes,-4.940037727355957,-4.384189605712891,-5.055369015397696,-4.67098644684101,0.1153312880417392,0.286796841128119,No,False,No,False
Arithmetic,1_digit_multiplication,'',Is 8 times 9 equal to 72?,Yes,-4.799587726593018,-4.620746612548828,-5.055369015397696,-4.67098644684101,0.25578128880467865,0.050239834292181484,No,False,Yes,True
Arithmetic,1_digit_addition,'',Is 2 plus 3 equal to 5?,Yes,-4.984522342681885,-4.803043365478516,-5.055369015397696,-4.67098644684101,0.07084667271581147,-0.13205691863750602,No,False,Yes,True
Arithmetic,2_digit_addition,'',Is 96 plus 78 equal to 174?,Yes,-4.951836109161377,-4.461492538452148,-5.055369015397696,-4.67098644684101,0.10353290623631928,0.20949390838886117,No,False,No,False
Arithmetic,1_digit_multiplication,'',Is 9 times 6 equal to 27?,No,-4.926063060760498,-4.685110092163086,-5.055369015397696,-4.67098644684101,0.12930595463719818,-0.014123645322076328,No,True,Yes,False
Arithmetic,2_digit_subtraction,'',Is 78 minus 38 equal to 40?,Yes,-4.945459842681885,-4.454421520233154,-5.055369015397696,-4.67098644684101,0.10990917271581147,0.2165649266078553,No,False,No,False
Arithmetic,1_digit_multiplication,'',Is 9 times 7 equal to 63?,Yes,-4.836234092712402,-4.6562581062316895,-5.055369015397696,-4.67098644684101,0.2191349226852939,0.014728340609320156,No,False,Yes,True
Arithmetic,2_digit_subtraction,'',Is 86 minus 95 equal to 28?,No,-5.137762069702148,-4.52575159072876,-5.057425806522369,-4.672323801517487,-0.08033626317977927,0.14657221078872684,No,True,No,True
Arithmetic,1_digit_multiplication,'',Is 9 times 5 equal to 45?,Yes,-4.632403373718262,-4.450555801391602,-5.057425806522369,-4.672323801517487,0.42502243280410745,0.22176800012588505,No,False,Yes,True
Arithmetic,2_digit_addition,'',Is 60 plus 53 equal to 113?,Yes,-4.850127696990967,-4.356139659881592,-5.057425806522369,-4.672323801517487,0.20729810953140237,0.3161841416358948,No,False,No,False
Arithmetic,1_digit_subtraction,'',Is 5 minus 6 equal to -1?,Yes,-5.557400226593018,-4.817019462585449,-5.057425806522369,-4.672323801517487,-0.4999744200706484,-0.1446956610679626,No,False,No,False
Arithmetic,1_digit_subtraction,'',Is 1 minus 4 equal to -3?,Yes,-5.982991695404053,-5.248711109161377,-5.057425806522369,-4.672323801517487,-0.9255658888816836,-0.5763873076438903,No,False,No,False
Arithmetic,1_digit_addition,'',Is 8 plus 3 equal to 17?,No,-5.161199569702148,-4.7318501472473145,-5.057425806522369,-4.672323801517487,-0.10377376317977927,-0.059526345729827845,No,True,No,True
Arithmetic,1_digit_subtraction,'',Is 5 minus 4 equal to 1?,Yes,-5.243772506713867,-4.688055038452148,-5.057425806522369,-4.672323801517487,-0.18634670019149802,-0.01573123693466183,No,False,No,False
Arithmetic,2_digit_multiplication,'',Is 50 times 57 equal to 2850?,Yes,-5.1224751472473145,-4.690615653991699,-5.057425806522369,-4.672323801517487,-0.06504934072494528,-0.01829185247421261,No,False,No,False
Arithmetic,1_digit_multiplication,'',Is 0 times 9 equal to 6?,No,-5.195844650268555,-5.087102890014648,-5.057425806522369,-4.672323801517487,-0.13841884374618552,-0.41477908849716183,No,True,Yes,False
Arithmetic,2_digit_addition,'',Is 83 plus 38 equal to 121?,Yes,-4.5744404792785645,-4.332702159881592,-5.057425806522369,-4.672323801517487,0.4829853272438047,0.3396216416358948,No,False,Yes,True
Arithmetic,2_digit_addition,'',Is 67 plus 77 equal to 144?,Yes,-4.80613899230957,-4.50071382522583,-5.057425806522369,-4.672323801517487,0.25128681421279886,0.17160997629165653,No,False,Yes,True
Arithmetic,1_digit_addition,'',Is 9 plus 9 equal to 18?,Yes,-4.749717712402344,-4.4400787353515625,-5.057425806522369,-4.672323801517487,0.3077080941200254,0.2322450661659241,No,False,Yes,True
Arithmetic,1_digit_multiplication,'',Is 2 times 9 equal to 77?,No,-5.054298400878906,-4.752895832061768,-5.057425806522369,-4.672323801517487,0.0031274056434629216,-0.08057203054428097,No,True,Yes,False
Arithmetic,1_digit_addition,'',Is 1 plus 7 equal to 8?,Yes,-5.097758293151856,-4.916468143463135,-5.057425806522369,-4.672323801517487,-0.040332486629487185,-0.24414434194564816,No,False,Yes,True
Arithmetic,2_digit_subtraction,'',Is 95 minus 99 equal to -4?,Yes,-5.511451244354248,-4.838475227355957,-5.057425806522369,-4.672323801517487,-0.4540254378318789,-0.16615142583847042,No,False,No,False
Arithmetic,1_digit_multiplication,'',Is 6 times 5 equal to 30?,Yes,-4.745083332061768,-4.626461505889893,-5.057425806522369,-4.672323801517487,0.3123424744606016,0.04586229562759403,No,False,Yes,True
Arithmetic,1_digit_addition,'',Is 0 plus 9 equal to 7?,No,-5.277313232421875,-4.853062152862549,-5.057425806522369,-4.672323801517487,-0.21988742589950583,-0.18073835134506222,No,True,No,True
Arithmetic,2_digit_multiplication,'',Is 48 times 64 equal to 3072?,Yes,-5.08921480178833,-4.7240376472473145,-5.057425806522369,-4.672323801517487,-0.031788995265960907,-0.051713845729827845,No,False,Yes,True
Arithmetic,1_digit_addition,'',Is 6 plus 7 equal to 13?,Yes,-5.3294358253479,-4.7740654945373535,-5.057425806522369,-4.672323801517487,-0.2720100188255312,-0.10174169301986691,No,False,No,False
Arithmetic,2_digit_multiplication,'',Is 38 times 42 equal to 2285?,No,-5.222625732421875,-4.867379665374756,-5.057425806522369,-4.672323801517487,-0.16519992589950583,-0.19505586385726925,No,True,Yes,False
Arithmetic,2_digit_subtraction,'',Is 27 minus 68 equal to -41?,Yes,-5.624241352081299,-4.890772342681885,-5.059989911510098,-4.674429213616156,-0.5642514405712005,-0.21634312906572895,No,False,No,False
Arithmetic,1_digit_subtraction,'',Is 3 minus 4 equal to 26?,No,-5.163653373718262,-4.483019828796387,-5.059989911510098,-4.674429213616156,-0.10366346220816336,0.1914093848197691,No,True,No,True
Arithmetic,1_digit_addition,'',Is 0 plus 2 equal to 3?,No,-5.327929973602295,-5.026832580566406,-5.059989911510098,-4.674429213616156,-0.26794006209219656,-0.35240336695025043,No,True,Yes,False
Arithmetic,1_digit_addition,'',Is 8 plus 8 equal to 16?,Yes,-4.898992538452148,-4.467394828796387,-5.059989911510098,-4.674429213616156,0.16099737305794992,0.2070343848197691,No,False,No,False
Arithmetic,1_digit_subtraction,'',Is 3 minus 2 equal to 1?,Yes,-5.1916279792785645,-4.823428153991699,-5.059989911510098,-4.674429213616156,-0.1316380677684661,-0.1489989403755434,No,False,Yes,True
Arithmetic,2_digit_multiplication,'',Is 34 times 89 equal to 3026?,Yes,-4.95640230178833,-4.655840873718262,-5.059989911510098,-4.674429213616156,0.10358760972176828,0.0185883398978941,No,False,Yes,True
Arithmetic,1_digit_subtraction,'',Is 2 minus 3 equal to -1?,Yes,-5.726078510284424,-5.114950656890869,-5.059989911510098,-4.674429213616156,-0.6660885987743255,-0.4405214432747133,No,False,No,False
Arithmetic,2_digit_multiplication,'',Is 54 times 22 equal to 2345?,No,-5.023048400878906,-4.7228779792785645,-5.059989911510098,-4.674429213616156,0.03694151063119211,-0.04844876566240863,No,True,Yes,False
Arithmetic,1_digit_multiplication,'',Is 9 times 1 equal to 4?,No,-4.741097450256348,-4.810000419616699,-5.059989911510098,-4.674429213616156,0.3188924612537507,-0.1355712060005434,Yes,False,Yes,False
Arithmetic,2_digit_addition,'',Is 20 plus 68 equal to 66?,No,-4.899899005889893,-4.404306411743164,-5.059989911510098,-4.674429213616156,0.16009090562020578,0.27012280187299176,No,True,No,True
Arithmetic,2_digit_subtraction,'',Is 78 minus 42 equal to 36?,Yes,-4.900959491729736,-4.536562919616699,-5.059989911510098,-4.674429213616156,0.15903041978036203,0.1378662939994566,No,False,Yes,True
Arithmetic,1_digit_multiplication,'',Is 5 times 5 equal to 10?,No,-5.030840873718262,-4.848993301391602,-5.059989911510098,-4.674429213616156,0.02914903779183664,-0.17456408777544574,No,True,Yes,False
Arithmetic,1_digit_subtraction,'',Is 0 minus 6 equal to -6?,Yes,-5.645102024078369,-5.047895908355713,-5.059989911510098,-4.674429213616156,-0.5851121125682708,-0.37346669473955707,No,False,No,False
Arithmetic,2_digit_subtraction,'',Is 31 minus 51 equal to -20?,Yes,-5.44077730178833,-4.767086505889893,-5.059989911510098,-4.674429213616156,-0.3807873902782317,-0.09265729227373676,No,False,No,False
Arithmetic,1_digit_addition,'',Is 0 plus 1 equal to 1?,Yes,-5.152313232421875,-4.911666870117188,-5.059989911510098,-4.674429213616156,-0.09232332091177664,-0.23723765650103257,No,False,Yes,True
Arithmetic,1_digit_addition,'',Is 6 plus 4 equal to 72?,No,-4.873565196990967,-4.44136905670166,-5.059989911510098,-4.674429213616156,0.18642471451913156,0.23306015691449566,No,True,No,True
Arithmetic,1_digit_multiplication,'',Is 4 times 4 equal to 16?,Yes,-4.936568737030029,-4.757070064544678,-5.059989911510098,-4.674429213616156,0.12342117448006906,-0.08264085092852191,No,False,Yes,True
Arithmetic,1_digit_addition,'',Is 5 plus 8 equal to 13?,Yes,-5.171465873718262,-4.613952159881592,-5.059989911510098,-4.674429213616156,-0.11147596220816336,0.060477053734564024,No,False,No,False
Arithmetic,2_digit_multiplication,'',Is 74 times 56 equal to 4144?,Yes,-5.031383514404297,-4.796353340148926,-5.059989911510098,-4.674429213616156,0.028606397105801484,-0.12192412653276996,No,False,Yes,True
Arithmetic,1_digit_addition,'',Is 6 plus 6 equal to 12?,Yes,-5.00231409072876,-4.631457328796387,-5.059989911510098,-4.674429213616156,0.057675820781338594,0.0429718848197691,No,False,Yes,True
Arithmetic,2_digit_multiplication,'',Is 57 times 82 equal to 7689?,No,-5.077930450439453,-4.911666870117188,-5.0629258707165725,-4.677091257274151,-0.015004579722880607,-0.23457561284303718,No,True,Yes,False
Arithmetic,1_digit_addition,'',Is 0 plus 4 equal to 4?,Yes,-5.119555473327637,-4.817790985107422,-5.0629258707165725,-4.677091257274151,-0.0566296026110642,-0.14069972783327067,No,False,Yes,True
Arithmetic,1_digit_multiplication,'',Is 4 times 2 equal to 8?,Yes,-4.958074569702148,-4.842315196990967,-5.0629258707165725,-4.677091257274151,0.10485130101442408,-0.1652239397168156,No,False,Yes,True
Arithmetic,2_digit_subtraction,'',Is 74 minus 82 equal to -8?,Yes,-5.293843746185303,-4.7513108253479,-5.0629258707165725,-4.677091257274151,-0.23091787546873022,-0.07421956807374919,No,False,No,False
Arithmetic,2_digit_addition,'',Is 73 plus 98 equal to 171?,Yes,-4.838650226593018,-4.409809112548828,-5.0629258707165725,-4.677091257274151,0.22427564412355494,0.2672821447253231,No,False,No,False
Arithmetic,1_digit_multiplication,'',Is 2 times 6 equal to 14?,No,-5.26891040802002,-5.093942165374756,-5.0629258707165725,-4.677091257274151,-0.2059845373034479,-0.41685090810060466,No,True,Yes,False
Arithmetic,1_digit_addition,'',Is 6 plus 2 equal to 1?,No,-5.104084491729736,-4.674280643463135,-5.0629258707165725,-4.677091257274151,-0.04115862101316381,0.002810613811016438,No,True,No,True
Arithmetic,2_digit_subtraction,'',Is 61 minus 80 equal to -19?,Yes,-6.319255352020264,-5.405512809753418,-5.0629258707165725,-4.677091257274151,-1.2563294813036912,-0.7284215524792668,No,False,No,False
Arithmetic,1_digit_multiplication,'',Is 2 times 6 equal to 12?,Yes,-5.013229370117188,-4.962522506713867,-5.0629258707165725,-4.677091257274151,0.04969650059938413,-0.285431249439716,No,False,Yes,True
Arithmetic,1_digit_subtraction,'',Is 0 minus 4 equal to 36?,No,-5.131755352020264,-4.589332580566406,-5.0629258707165725,-4.677091257274151,-0.06882948130369115,0.08775867670774495,No,True,No,True
Arithmetic,1_digit_subtraction,'',Is 7 minus 2 equal to 3?,No,-5.367379665374756,-4.93981409072876,-5.0629258707165725,-4.677091257274151,-0.30445379465818334,-0.26272283345460856,No,True,No,True
Arithmetic,2_digit_subtraction,'',Is 20 minus 33 equal to -13?,Yes,-6.042701244354248,-5.11863899230957,-5.0629258707165725,-4.677091257274151,-0.9797753736376755,-0.4415477350354191,No,False,No,False
Arithmetic,1_digit_addition,'',Is 0 plus 8 equal to 8?,Yes,-5.055708408355713,-4.81577730178833,-5.0629258707165725,-4.677091257274151,0.007217462360859628,-0.13868604451417887,No,False,Yes,True
Arithmetic,2_digit_multiplication,'',Is 66 times 86 equal to 5676?,Yes,-5.128046035766602,-4.899937152862549,-5.0629258707165725,-4.677091257274151,-0.06512016505002904,-0.22284589558839762,No,False,Yes,True
Arithmetic,2_digit_addition,'',Is 11 plus 31 equal to 42?,Yes,-4.7187581062316895,-4.348349571228027,-5.0629258707165725,-4.677091257274151,0.34416776448488307,0.32874168604612386,No,False,Yes,True
Arithmetic,2_digit_subtraction,'',Is 97 minus 24 equal to 73?,Yes,-5.172067165374756,-4.557803153991699,-5.0629258707165725,-4.677091257274151,-0.10914129465818334,0.11928810328245198,No,False,No,False
Arithmetic,1_digit_addition,'',Is 1 plus 9 equal to 10?,Yes,-4.956684112548828,-4.71165132522583,-5.0629258707165725,-4.677091257274151,0.1062417581677444,-0.034560067951678874,No,False,Yes,True
Arithmetic,1_digit_addition,'',Is 6 plus 9 equal to 96?,No,-4.7500081062316895,-4.192099571228027,-5.0629258707165725,-4.677091257274151,0.31291776448488307,0.48499168604612386,No,True,No,True
Arithmetic,1_digit_addition,'',Is 3 plus 5 equal to 8?,Yes,-4.845211505889893,-4.661493301391602,-5.0629258707165725,-4.677091257274151,0.21771436482667994,0.015597955882549641,No,False,Yes,True
Arithmetic,2_digit_subtraction,'',Is 58 minus 40 equal to 84?,No,-4.916958332061768,-4.48824405670166,-5.0629258707165725,-4.677091257274151,0.14596753865480494,0.18884720057249105,No,True,No,True
Arithmetic,1_digit_multiplication,'',Is 5 times 7 equal to 35?,Yes,-4.950888156890869,-4.771047592163086,-5.062614854176839,-4.676953515139494,0.11172669728597029,-0.09409407702359207,No,False,Yes,True
Arithmetic,2_digit_addition,'',Is 96 plus 71 equal to 590?,No,-4.821897506713867,-4.454586505889893,-5.062614854176839,-4.676953515139494,0.24071734746297224,0.2223670092496013,No,True,Yes,False
Arithmetic,2_digit_multiplication,'',Is 66 times 31 equal to 5554?,No,-5.106343746185303,-4.932209491729736,-5.062614854176839,-4.676953515139494,-0.043728892008463305,-0.25525597659024246,No,True,Yes,False
Arithmetic,2_digit_multiplication,'',Is 71 times 86 equal to 6106?,Yes,-5.202930450439453,-4.976173400878906,-5.062614854176839,-4.676953515139494,-0.1403155962626137,-0.2992198857394124,No,False,Yes,True
Arithmetic,1_digit_multiplication,'',Is 5 times 2 equal to 91?,No,-4.687692165374756,-4.506377696990967,-5.062614854176839,-4.676953515139494,0.37492268880208357,0.17057581814852707,No,True,Yes,False
Arithmetic,1_digit_multiplication,'',Is 0 times 8 equal to 1?,No,-5.195688724517822,-5.085742950439453,-5.062614854176839,-4.676953515139494,-0.13307387034098284,-0.40878943529995926,No,True,Yes,False
Arithmetic,1_digit_addition,'',Is 5 plus 9 equal to 85?,No,-4.77730655670166,-4.280967712402344,-5.062614854176839,-4.676953515139494,0.2853082974751793,0.3959858027371501,No,True,No,True
Arithmetic,2_digit_addition,'',Is 83 plus 74 equal to 192?,No,-4.768520832061768,-4.46325159072876,-5.062614854176839,-4.676953515139494,0.29409402211507185,0.2137019244107341,No,True,Yes,False
Arithmetic,2_digit_addition,'',Is 54 plus 64 equal to 422?,No,-4.601153373718262,-4.294305801391602,-5.062614854176839,-4.676953515139494,0.4614614804585777,0.3826477137478923,No,True,Yes,False
Arithmetic,2_digit_addition,'',Is 95 plus 41 equal to 136?,Yes,-4.876585006713867,-4.44762659072876,-5.062614854176839,-4.676953515139494,0.18602984746297224,0.2293269244107341,No,False,No,False
Arithmetic,2_digit_subtraction,'',Is 70 minus 75 equal to -5?,Yes,-5.394263744354248,-4.84520149230957,-5.062614854176839,-4.676953515139494,-0.3316488901774086,-0.16824797717007645,No,False,No,False
Arithmetic,1_digit_subtraction,'',Is 1 minus 8 equal to -7?,Yes,-5.700385570526123,-4.967818737030029,-5.062614854176839,-4.676953515139494,-0.6377707163492836,-0.29086522189053543,No,False,No,False
Arithmetic,2_digit_subtraction,'',Is 81 minus 21 equal to 82?,No,-4.9896626472473145,-4.623644828796387,-5.062614854176839,-4.676953515139494,0.07295220692952498,0.05330868634310715,No,True,Yes,False
Arithmetic,2_digit_multiplication,'',Is 68 times 37 equal to 4867?,No,-5.139866352081299,-4.717659950256348,-5.062614854176839,-4.676953515139494,-0.0772514979044594,-0.04070643511685379,No,True,No,True
Arithmetic,1_digit_subtraction,'',Is 7 minus 6 equal to 1?,Yes,-5.292701244354248,-4.74363899230957,-5.062614854176839,-4.676953515139494,-0.23008639017740862,-0.06668547717007645,No,False,No,False
Arithmetic,1_digit_multiplication,'',Is 4 times 0 equal to 3?,No,-5.009312152862549,-4.893520832061768,-5.062614854176839,-4.676953515139494,0.0533027013142906,-0.2165673169222737,No,True,Yes,False
Arithmetic,1_digit_subtraction,'',Is 4 minus 7 equal to 28?,No,-5.217315196990967,-4.475207328796387,-5.062614854176839,-4.676953515139494,-0.15470034281412737,0.20174618634310715,No,True,No,True
Arithmetic,2_digit_addition,'',Is 12 plus 85 equal to 97?,Yes,-4.888235092163086,-4.39262580871582,-5.062614854176839,-4.676953515139494,0.1743797620137535,0.28432770642367355,No,False,No,False
Arithmetic,2_digit_subtraction,'',Is 13 minus 33 equal to -20?,Yes,-5.571812152862549,-4.836492538452148,-5.062614854176839,-4.676953515139494,-0.5091972986857094,-0.15953902331265457,No,False,No,False
Arithmetic,1_digit_multiplication,'',Is 9 times 7 equal to 12?,No,-4.8606858253479,-4.7428154945373535,-5.062614854176839,-4.676953515139494,0.20192902882893904,-0.06586197939785965,No,True,Yes,False
Arithmetic,1_digit_subtraction,'',Is 5 minus 3 equal to 2?,Yes,-5.337522506713867,-4.844305038452148,-5.06136002260096,-4.674878435275135,-0.27616248411290734,-0.16942660317701375,No,False,No,False
Arithmetic,2_digit_addition,'',Is 48 plus 10 equal to 58?,Yes,-4.983965873718262,-4.488952159881592,-5.06136002260096,-4.674878435275135,0.07739414888269813,0.1859262753935429,No,False,No,False
Arithmetic,1_digit_addition,'',Is 5 plus 3 equal to 8?,Yes,-4.909365653991699,-4.600207328796387,-5.06136002260096,-4.674878435275135,0.15199436860926063,0.07467110647874797,No,False,Yes,True
Arithmetic,1_digit_addition,'',Is 4 plus 7 equal to 86?,No,-4.835528373718262,-4.279306411743164,-5.06136002260096,-4.674878435275135,0.22583164888269813,0.39557202353197063,No,True,No,True
Arithmetic,2_digit_subtraction,'',Is 71 minus 28 equal to 43?,Yes,-4.997137069702148,-4.508367538452148,-5.06136002260096,-4.674878435275135,0.06422295289881141,0.16651089682298625,No,False,No,False
Arithmetic,2_digit_subtraction,'',Is 78 minus 24 equal to 20?,No,-5.147148609161377,-4.53356409072876,-5.06136002260096,-4.674878435275135,-0.0857885865604171,0.14131434454637493,No,True,No,True
Arithmetic,1_digit_multiplication,'',Is 5 times 9 equal to 45?,Yes,-4.7787251472473145,-4.596865653991699,-5.06136002260096,-4.674878435275135,0.2826348753536454,0.07801278128343547,No,False,Yes,True
Arithmetic,1_digit_addition,'',Is 3 plus 5 equal to 1?,No,-4.939085006713867,-4.756377696990967,-5.06136002260096,-4.674878435275135,0.12227501588709266,-0.0814992617158321,No,True,Yes,False
Arithmetic,1_digit_subtraction,'',Is 7 minus 8 equal to 75?,No,-5.120622158050537,-4.441092491149902,-5.06136002260096,-4.674878435275135,-0.05926213544957726,0.23378594412523235,No,True,No,True
Arithmetic,2_digit_multiplication,'',Is 20 times 57 equal to 1140?,Yes,-5.16733980178833,-4.740752696990967,-5.06136002260096,-4.674878435275135,-0.10597977918737023,-0.0658742617158321,No,False,No,False
Arithmetic,1_digit_subtraction,'',Is 3 minus 8 equal to 16?,No,-5.098269462585449,-4.604700088500977,-5.06136002260096,-4.674878435275135,-0.03690943998448937,0.07017834677415813,No,True,No,True
Arithmetic,2_digit_subtraction,'',Is 42 minus 44 equal to 28?,No,-4.912627696990967,-4.421072959899902,-5.06136002260096,-4.674878435275135,0.14873232560999305,0.25380547537523235,No,True,No,True
Arithmetic,1_digit_subtraction,'',Is 3 minus 7 equal to -4?,Yes,-5.579269886016846,-5.028860092163086,-5.06136002260096,-4.674878435275135,-0.5179098634158859,-0.35398165688795125,No,False,No,False
Arithmetic,2_digit_subtraction,'',Is 12 minus 31 equal to 145?,No,-5.171465873718262,-4.553332328796387,-5.06136002260096,-4.674878435275135,-0.11010585111730187,0.12154610647874797,No,True,No,True
Arithmetic,2_digit_multiplication,'',Is 82 times 21 equal to 6925?,No,-5.035125732421875,-4.740898609161377,-5.06136002260096,-4.674878435275135,0.02623429017908485,-0.06602017388624226,No,True,Yes,False
Arithmetic,2_digit_subtraction,'',Is 84 minus 48 equal to 57?,No,-5.019813060760498,-4.591360092163086,-5.06136002260096,-4.674878435275135,0.041546961840461805,0.08351834311204875,No,True,No,True
Arithmetic,2_digit_addition,'',Is 41 plus 83 equal to 124?,Yes,-4.843942165374756,-4.417178153991699,-5.06136002260096,-4.674878435275135,0.217417857226204,0.2577002812834355,No,False,No,False
Arithmetic,2_digit_subtraction,'',Is 86 minus 62 equal to 94?,No,-4.889534950256348,-4.3990654945373535,-5.06136002260096,-4.674878435275135,0.1718250723446122,0.2758129407377812,No,True,No,True
Arithmetic,1_digit_multiplication,'',Is 1 times 5 equal to 5?,Yes,-4.844894886016846,-5.099325656890869,-5.06136002260096,-4.674878435275135,0.21646513658411415,-0.42444722161573445,Yes,True,Yes,True
Arithmetic,2_digit_subtraction,'',Is 93 minus 42 equal to 84?,No,-4.787627696990967,-4.482431411743164,-5.06136002260096,-4.674878435275135,0.27373232560999305,0.19244702353197063,No,True,Yes,False
Arithmetic,2_digit_subtraction,'',Is 35 minus 56 equal to 147?,No,-4.993649005889893,-4.312706470489502,-5.061572527204242,-4.674887981414796,0.06792352131434942,0.3621815109252937,No,True,No,True
Arithmetic,1_digit_multiplication,'',Is 7 times 1 equal to 9?,No,-4.884312152862549,-4.8334126472473145,-5.061572527204242,-4.674887981414796,0.17726037434169317,-0.15852466583251879,No,True,Yes,False
Arithmetic,1_digit_subtraction,'',Is 3 minus 3 equal to 0?,Yes,-5.272506237030029,-4.718007564544678,-5.061572527204242,-4.674887981414796,-0.2109337098257873,-0.043119583129882066,No,False,No,False
Arithmetic,2_digit_addition,'',Is 44 plus 74 equal to 652?,No,-4.932583332061768,-4.56481409072876,-5.061572527204242,-4.674887981414796,0.12898919514247442,0.1100738906860359,No,True,Yes,False
Arithmetic,2_digit_subtraction,'',Is 51 minus 19 equal to 32?,Yes,-5.037627696990967,-4.545519828796387,-5.061572527204242,-4.674887981414796,0.023944830213275203,0.12936815261840895,No,False,No,False
Arithmetic,2_digit_subtraction,'',Is 50 minus 39 equal to 11?,Yes,-5.345335006713867,-4.665524005889893,-5.061572527204242,-4.674887981414796,-0.2837624795096252,0.00936397552490309,No,False,No,False
Arithmetic,1_digit_subtraction,'',Is 7 minus 7 equal to 0?,Yes,-5.280728340148926,-4.667621612548828,-5.061572527204242,-4.674887981414796,-0.21915581294468378,0.007266368865967543,No,False,No,False
Arithmetic,1_digit_multiplication,'',Is 5 times 8 equal to 67?,No,-5.084648609161377,-4.842315196990967,-5.061572527204242,-4.674887981414796,-0.023076081957134953,-0.16742721557617113,No,True,Yes,False
Arithmetic,1_digit_addition,'',Is 3 plus 7 equal to 18?,No,-4.967315196990967,-4.59761905670166,-5.061572527204242,-4.674887981414796,0.0942573302132752,0.07726892471313551,No,True,Yes,False
Arithmetic,2_digit_multiplication,'',Is 79 times 86 equal to 6794?,Yes,-5.1917033195495605,-4.967991352081299,-5.061572527204242,-4.674887981414796,-0.13013079234531855,-0.29310337066650316,No,False,Yes,True
Arithmetic,2_digit_subtraction,'',Is 80 minus 85 equal to 12?,No,-5.246195793151856,-4.756168365478516,-5.061572527204242,-4.674887981414796,-0.18462326594761436,-0.08128038406371996,No,True,No,True
Arithmetic,1_digit_multiplication,'',Is 4 times 0 equal to 0?,Yes,-5.032630920410156,-4.730570793151856,-5.061572527204242,-4.674887981414796,0.02894160679408575,-0.05568281173706069,No,False,Yes,True
Arithmetic,2_digit_subtraction,'',Is 85 minus 81 equal to 4?,Yes,-5.179298400878906,-4.8177876472473145,-5.061572527204242,-4.674887981414796,-0.11772587367466425,-0.14289966583251879,No,False,Yes,True
Arithmetic,2_digit_addition,'',Is 96 plus 49 equal to 330?,No,-4.8412251472473145,-4.346865653991699,-5.061572527204242,-4.674887981414796,0.22034737995692755,0.32802232742309645,No,True,No,True
Arithmetic,1_digit_addition,'',Is 0 plus 3 equal to 3?,Yes,-5.360540390014648,-4.997604370117188,-5.061572527204242,-4.674887981414796,-0.29896786281040644,-0.3227163887023927,No,False,Yes,True
Arithmetic,1_digit_multiplication,'',Is 7 times 5 equal to 57?,No,-5.075832843780518,-4.77488899230957,-5.061572527204242,-4.674887981414796,-0.014260316576275578,-0.10000101089477464,No,True,Yes,False
Arithmetic,2_digit_addition,'',Is 26 plus 21 equal to 33?,No,-5.020202159881592,-4.649534702301025,-5.061572527204242,-4.674887981414796,0.0413703673226502,0.025353279113770277,No,True,Yes,False
Arithmetic,2_digit_addition,'',Is 29 plus 30 equal to 89?,No,-4.41477632522583,-4.230704784393311,-5.061572527204242,-4.674887981414796,0.6467962019784119,0.44418319702148423,No,True,Yes,False
Arithmetic,1_digit_addition,'',Is 3 plus 2 equal to 7?,No,-5.057093143463135,-4.7506279945373535,-5.061572527204242,-4.674887981414796,0.004479383741107235,-0.07574001312255785,No,True,Yes,False
Arithmetic,2_digit_multiplication,'',Is 34 times 37 equal to 1258?,Yes,-5.157749652862549,-4.733965873718262,-5.061572527204242,-4.674887981414796,-0.09617712565830683,-0.05907789230346605,No,False,No,False
Arithmetic,1_digit_multiplication,'',Is 1 times 5 equal to 3?,No,-5.062016010284424,-5.194790840148926,-5.061019459035662,-4.6752584960725585,-0.0009965512487619677,-0.5195323440763673,Yes,False,Yes,False
Arithmetic,2_digit_subtraction,'',Is 14 minus 16 equal to 33?,No,-5.205530643463135,-4.651508331298828,-5.061019459035662,-4.6752584960725585,-0.1445111844274729,0.023750164773730376,No,True,No,True
Arithmetic,2_digit_subtraction,'',Is 35 minus 13 equal to 22?,Yes,-5.0468831062316895,-4.426474571228027,-5.061019459035662,-4.6752584960725585,0.014136352803972407,0.24878392484453116,No,False,No,False
Arithmetic,2_digit_subtraction,'',Is 68 minus 85 equal to -17?,Yes,-5.969915390014648,-5.30015230178833,-5.061019459035662,-4.6752584960725585,-0.9088959309789866,-0.6248938057157716,No,False,No,False
Arithmetic,1_digit_addition,'',Is 2 plus 3 equal to 3?,No,-4.9818501472473145,-4.862490653991699,-5.061019459035662,-4.6752584960725585,0.07916931178834741,-0.18723215791914072,No,True,Yes,False
Arithmetic,1_digit_subtraction,'',Is 1 minus 5 equal to -4?,Yes,-5.739448070526123,-5.129188060760498,-5.061019459035662,-4.6752584960725585,-0.6784286114904612,-0.45392956468793955,No,False,No,False
Arithmetic,2_digit_addition,'',Is 85 plus 29 equal to 114?,Yes,-4.659809112548828,-4.352939605712891,-5.061019459035662,-4.6752584960725585,0.40121034648683374,0.3223188903596679,No,False,Yes,True
Arithmetic,1_digit_multiplication,'',Is 2 times 0 equal to 0?,Yes,-4.952366352081299,-4.835200309753418,-5.061019459035662,-4.6752584960725585,0.10865310695436303,-0.15994181368085947,No,False,Yes,True
Arithmetic,1_digit_addition,'',Is 9 plus 7 equal to 79?,No,-4.817812919616699,-4.323904991149902,-5.061019459035662,-4.6752584960725585,0.24320653941896264,0.35135350492265616,No,True,No,True
Arithmetic,1_digit_addition,'',Is 9 plus 7 equal to 16?,Yes,-4.882070064544678,-4.449912071228027,-5.061019459035662,-4.6752584960725585,0.17894939449098413,0.22534642484453116,No,False,No,False
Arithmetic,1_digit_multiplication,'',Is 3 times 6 equal to 40?,No,-4.808875560760498,-4.631271839141846,-5.061019459035662,-4.6752584960725585,0.2521438982751638,0.0439866569307128,No,True,Yes,False
Arithmetic,1_digit_multiplication,'',Is 3 times 5 equal to 15?,Yes,-4.9728779792785645,-4.917178153991699,-5.061019459035662,-4.6752584960725585,0.08814147975709741,-0.24191965791914072,No,False,Yes,True
Arithmetic,1_digit_subtraction,'',Is 9 minus 8 equal to 6?,No,-5.060110092163086,-4.566155433654785,-5.061019459035662,-4.6752584960725585,0.000909366872575923,0.10910306241777334,No,True,No,True
Arithmetic,2_digit_subtraction,'',Is 21 minus 31 equal to 924?,No,-5.148629665374756,-4.59606409072876,-5.061019459035662,-4.6752584960725585,-0.087610206339094,0.07919440534379873,No,True,No,True
Arithmetic,1_digit_multiplication,'',Is 8 times 7 equal to 91?,No,-4.64390230178833,-4.4662251472473145,-5.061019459035662,-4.6752584960725585,0.4171171572473318,0.20903334882524405,No,True,Yes,False
Arithmetic,2_digit_addition,'',Is 27 plus 74 equal to 579?,No,-5.204710006713867,-4.71325159072876,-5.061019459035662,-4.6752584960725585,-0.14369054767820533,-0.037993094656201265,No,True,No,True
Arithmetic,1_digit_multiplication,'',Is 8 times 4 equal to 32?,Yes,-4.833074569702148,-4.656805038452148,-5.061019459035662,-4.6752584960725585,0.22794488933351342,0.018453457620410063,No,False,Yes,True
Arithmetic,2_digit_multiplication,'',Is 98 times 32 equal to 3136?,Yes,-5.196333408355713,-4.775022506713867,-5.061019459035662,-4.6752584960725585,-0.13531394932005103,-0.09976401064130869,No,False,No,False
Arithmetic,2_digit_addition,'',Is 37 plus 36 equal to 79?,No,-4.79051399230957,-4.423252105712891,-5.061019459035662,-4.6752584960725585,0.27050546672609155,0.2520063903596679,No,True,Yes,False
Arithmetic,2_digit_addition,'',Is 94 plus 61 equal to 933?,No,-4.856512069702148,-4.492742538452148,-5.061019459035662,-4.6752584960725585,0.20450738933351342,0.18251595762041006,No,True,Yes,False
Arithmetic,2_digit_multiplication,'',Is 62 times 59 equal to 3275?,No,-4.973646640777588,-4.802165985107422,-5.060831939851917,-4.675385152971424,0.0871852990743287,-0.12678083213599756,No,True,Yes,False
Arithmetic,2_digit_multiplication,'',Is 79 times 91 equal to 7189?,Yes,-5.089439868927002,-4.802165985107422,-5.060831939851917,-4.675385152971424,-0.02860792907508536,-0.12678083213599756,No,False,Yes,True
Arithmetic,2_digit_multiplication,'',Is 16 times 33 equal to 391?,No,-5.116798400878906,-4.7552876472473145,-5.060831939851917,-4.675385152971424,-0.055966461026989656,-0.07990249427589013,No,True,Yes,False
Arithmetic,2_digit_multiplication,'',Is 22 times 75 equal to 1257?,No,-5.177291870117188,-4.876585006713867,-5.060831939851917,-4.675385152971424,-0.1164599302652718,-0.20119985374244287,No,True,Yes,False
Arithmetic,1_digit_subtraction,'',Is 9 minus 6 equal to 9?,No,-4.968007564544678,-4.536279678344727,-5.060831939851917,-4.675385152971424,0.09282437530723886,0.13910547462669776,No,True,No,True
Arithmetic,1_digit_subtraction,'',Is 0 minus 5 equal to -5?,Yes,-5.61355447769165,-5.07359790802002,-5.060831939851917,-4.675385152971424,-0.5527225378397338,-0.3982127550485961,No,False,No,False
Arithmetic,1_digit_addition,'',Is 7 plus 1 equal to 4?,No,-5.039209842681885,-4.795230865478516,-5.060831939851917,-4.675385152971424,0.02162209717003183,-0.1198457125070913,No,True,Yes,False
Arithmetic,2_digit_subtraction,'',Is 60 minus 50 equal to 10?,Yes,-5.120083332061768,-4.626461505889893,-5.060831939851917,-4.675385152971424,-0.059251392209850984,0.04892364708153174,No,False,No,False
Arithmetic,1_digit_subtraction,'',Is 6 minus 5 equal to 1?,Yes,-5.30015230178833,-4.7474751472473145,-5.060831939851917,-4.675385152971424,-0.23932036193641348,-0.07208999427589013,No,False,No,False
Arithmetic,2_digit_addition,'',Is 13 plus 50 equal to 86?,No,-4.929278373718262,-4.434930801391602,-5.060831939851917,-4.675385152971424,0.13155356613365488,0.24045435157982276,No,True,No,True
Arithmetic,2_digit_multiplication,'',Is 11 times 81 equal to 652?,No,-4.99546480178833,-4.758367538452148,-5.060831939851917,-4.675385152971424,0.06536713806358652,-0.08298238548072412,No,True,Yes,False
Arithmetic,2_digit_addition,'',Is 54 plus 42 equal to 96?,Yes,-4.534365653991699,-4.164268970489502,-5.060831939851917,-4.675385152971424,0.5264662858602174,0.5111161824819224,No,False,Yes,True
Arithmetic,1_digit_subtraction,'',Is 7 minus 9 equal to 22?,No,-5.2153401374816895,-4.535333156585693,-5.060831939851917,-4.675385152971424,-0.15450819762977286,0.14005199638573096,No,True,No,True
Arithmetic,1_digit_addition,'',Is 7 plus 0 equal to 7?,Yes,-5.221645832061768,-4.85543155670166,-5.060831939851917,-4.675385152971424,-0.16081389220985098,-0.18004640373023584,No,False,Yes,True
Arithmetic,1_digit_addition,'',Is 5 plus 6 equal to 95?,No,-4.7882232666015625,-4.2915778160095215,-5.060831939851917,-4.675385152971424,0.2726086732503541,0.38380733696190283,No,True,No,True
Arithmetic,1_digit_multiplication,'',Is 6 times 1 equal to 6?,Yes,-4.763388156890869,-4.895144462585449,-5.060831939851917,-4.675385152971424,0.29744378296104745,-0.2197593096140249,Yes,True,Yes,True
Arithmetic,1_digit_addition,'',Is 2 plus 1 equal to 6?,No,-5.047067165374756,-4.865752696990967,-5.060831939851917,-4.675385152971424,0.013764774477160735,-0.19036754401954248,No,True,Yes,False
Arithmetic,1_digit_subtraction,'',Is 8 minus 5 equal to 3?,Yes,-5.343360900878906,-4.7931904792785645,-5.060831939851917,-4.675385152971424,-0.28252896102698966,-0.11780532630714013,No,False,No,False
Arithmetic,2_digit_addition,'',Is 35 plus 41 equal to 76?,Yes,-4.663979530334473,-4.231539726257324,-5.060831939851917,-4.675385152971424,0.39685240951744394,0.4438454267141001,No,False,No,False
Arithmetic,2_digit_multiplication,'',Is 52 times 13 equal to 678?,No,-5.181326866149902,-4.758109092712402,-5.060831939851917,-4.675385152971424,-0.12049492629798575,-0.08272393974097803,No,True,No,True
Arithmetic,2_digit_multiplication,'',Is 80 times 84 equal to 6720?,Yes,-5.099166870117188,-4.7385029792785645,-5.064717673000538,-4.676625096170528,-0.03444919711665051,-0.061877883108036436,No,False,Yes,True
Arithmetic,2_digit_addition,'',Is 17 plus 95 equal to 221?,No,-4.992484092712402,-4.436757564544678,-5.064717673000538,-4.676625096170528,0.07223358028813553,0.23986753162585028,No,True,No,True
Arithmetic,2_digit_multiplication,'',Is 17 times 77 equal to 5736?,No,-5.095130920410156,-4.797022342681885,-5.064717673000538,-4.676625096170528,-0.03041324740961837,-0.12039724651135675,No,True,Yes,False
Arithmetic,1_digit_subtraction,'',Is 6 minus 9 equal to -3?,Yes,-5.778957843780518,-4.981081962585449,-5.064717673000538,-4.676625096170528,-0.7142401707799797,-0.3044568664149212,No,False,No,False
Arithmetic,1_digit_multiplication,'',Is 3 times 4 equal to 28?,No,-4.948208332061768,-4.829586505889893,-5.064717673000538,-4.676625096170528,0.1165093409387703,-0.15296140971936456,No,True,Yes,False
Arithmetic,2_digit_subtraction,'',Is 40 minus 80 equal to -40?,Yes,-5.469691753387451,-4.7934651374816895,-5.064717673000538,-4.676625096170528,-0.4049740803869133,-0.11684004131116144,No,False,No,False
Arithmetic,1_digit_subtraction,'',Is 6 minus 7 equal to 20?,No,-5.245746612548828,-4.56450080871582,-5.064717673000538,-4.676625096170528,-0.18102893954829025,0.1121242874547077,No,True,No,True
Arithmetic,1_digit_subtraction,'',Is 0 minus 6 equal to 69?,No,-5.299921035766602,-4.569923400878906,-5.064717673000538,-4.676625096170528,-0.23520336276606368,0.10670169529162177,No,True,No,True
Arithmetic,2_digit_subtraction,'',Is 41 minus 84 equal to -43?,Yes,-5.722625732421875,-4.993772506713867,-5.064717673000538,-4.676625096170528,-0.6579080594213371,-0.31714741054333917,No,False,No,False
Arithmetic,2_digit_subtraction,'',Is 27 minus 44 equal to -17?,Yes,-5.835548400878906,-5.101153373718262,-5.064717673000538,-4.676625096170528,-0.7708307278783684,-0.4245282775477337,No,False,No,False
Arithmetic,1_digit_addition,'',Is 7 plus 6 equal to 21?,No,-5.091344356536865,-4.599918365478516,-5.064717673000538,-4.676625096170528,-0.026626683536327356,0.07670673069201239,No,True,No,True
Arithmetic,2_digit_subtraction,'',Is 44 minus 20 equal to 24?,Yes,-4.889190196990967,-4.396493911743164,-5.064717673000538,-4.676625096170528,0.17552747600957108,0.28013118442736396,No,False,No,False
Arithmetic,1_digit_addition,'',Is 1 plus 0 equal to 3?,No,-5.350825309753418,-5.168070793151856,-5.064717673000538,-4.676625096170528,-0.2861076367528801,-0.49144569698132834,No,True,Yes,False
Arithmetic,2_digit_subtraction,'',Is 56 minus 65 equal to 34?,No,-5.190212726593018,-4.639882564544678,-5.064717673000538,-4.676625096170528,-0.1254950535924797,0.03674253162585028,No,True,No,True
Arithmetic,1_digit_subtraction,'',Is 6 minus 9 equal to 93?,No,-5.000555038452148,-4.319510459899902,-5.064717673000538,-4.676625096170528,0.06416263454838944,0.3571146362706257,No,True,No,True
Arithmetic,2_digit_addition,'',Is 21 plus 19 equal to 16?,No,-4.964053153991699,-4.530967712402344,-5.064717673000538,-4.676625096170528,0.10066451900883866,0.14565738376818427,No,True,No,True
Arithmetic,1_digit_addition,'',Is 0 plus 4 equal to 2?,No,-5.31667947769165,-4.957000732421875,-5.064717673000538,-4.676625096170528,-0.2519618046911125,-0.280375636251347,No,True,Yes,False
Arithmetic,1_digit_multiplication,'',Is 0 times 7 equal to 9?,No,-5.137250900268555,-5.028683185577393,-5.064717673000538,-4.676625096170528,-0.07253322726801681,-0.35205808940686456,No,True,Yes,False
Arithmetic,2_digit_addition,'',Is 54 plus 37 equal to 91?,Yes,-4.442922592163086,-4.135950088500977,-5.064717673000538,-4.676625096170528,0.6217950808374519,0.5406750076695515,No,False,Yes,True
Arithmetic,1_digit_addition,'',Is 6 plus 1 equal to 7?,Yes,-5.299280643463135,-4.8678154945373535,-5.064717673000538,-4.676625096170528,-0.2345629704625969,-0.1911903983668255,No,False,No,False
Arithmetic,1_digit_addition,'',Is 0 plus 3 equal to 7?,No,-5.355438232421875,-4.929298400878906,-5.063061862725479,-4.675860642775514,-0.29237636969639613,-0.2534377581033924,No,True,No,True
Arithmetic,2_digit_multiplication,'',Is 71 times 95 equal to 6541?,No,-5.092366695404053,-4.795586109161377,-5.063061862725479,-4.675860642775514,-0.029304832678573867,-0.11972546638586312,No,True,Yes,False
Arithmetic,1_digit_multiplication,'',Is 4 times 5 equal to 20?,Yes,-5.017210006713867,-4.651553153991699,-5.063061862725479,-4.675860642775514,0.04585185601161168,0.024307488783814613,No,False,Yes,True
Arithmetic,1_digit_multiplication,'',Is 7 times 9 equal to 92?,No,-4.821897506713867,-4.51793909072876,-5.063061862725479,-4.675860642775514,0.24116435601161168,0.15792155204675407,No,True,Yes,False
Arithmetic,2_digit_addition,'',Is 36 plus 18 equal to 54?,Yes,-4.684206962585449,-4.31321382522583,-5.063061862725479,-4.675860642775514,0.37885490014002965,0.36264681754968375,No,False,Yes,True
Arithmetic,1_digit_addition,'',Is 7 plus 6 equal to 13?,Yes,-5.315395832061768,-4.760928153991699,-5.063061862725479,-4.675860642775514,-0.2523339693362887,-0.08506751121618539,No,False,No,False
Arithmetic,1_digit_subtraction,'',Is 6 minus 3 equal to 5?,No,-5.257403373718262,-4.763681411743164,-5.063061862725479,-4.675860642775514,-0.19434151099278285,-0.08782076896765023,No,True,No,True
Arithmetic,1_digit_subtraction,'',Is 7 minus 0 equal to 5?,No,-5.330837726593018,-4.842209339141846,-5.063061862725479,-4.675860642775514,-0.2677758638675387,-0.16634869636633187,No,True,No,True
Arithmetic,1_digit_multiplication,'',Is 4 times 3 equal to 26?,No,-4.865898609161377,-4.624590873718262,-5.063061862725479,-4.675860642775514,0.19716325356410191,0.05126976905725211,No,True,Yes,False
Arithmetic,2_digit_multiplication,'',Is 22 times 47 equal to 1034?,Yes,-5.27672290802002,-4.854458332061768,-5.063061862725479,-4.675860642775514,-0.21366104529454155,-0.17859768928625375,No,False,No,False
Arithmetic,1_digit_multiplication,'',Is 2 times 5 equal to 10?,Yes,-5.015103340148926,-4.961234092712402,-5.063061862725479,-4.675860642775514,0.047958522576553086,-0.2853734499368885,No,False,Yes,True
Arithmetic,1_digit_addition,'',Is 6 plus 9 equal to 15?,Yes,-5.01949405670166,-4.586143970489502,-5.063061862725479,-4.675860642775514,0.04356780602381871,0.08971667228601188,No,False,No,False
Arithmetic,2_digit_addition,'',Is 50 plus 92 equal to 175?,No,-4.9653401374816895,-4.407546520233154,-5.063061862725479,-4.675860642775514,0.09772172524378941,0.26831412254235953,No,True,No,True
Arithmetic,2_digit_multiplication,'',Is 24 times 78 equal to 1872?,Yes,-4.890817165374756,-4.71325159072876,-5.063061862725479,-4.675860642775514,0.172244697350723,-0.037390947953245934,No,False,Yes,True
Arithmetic,2_digit_addition,'',Is 54 plus 13 equal to 67?,Yes,-4.65856409072876,-4.351280212402344,-5.063061862725479,-4.675860642775514,0.4044977719967191,0.3245804303731701,No,False,Yes,True
Arithmetic,1_digit_multiplication,'',Is 4 times 1 equal to 4?,Yes,-4.721645832061768,-4.853024005889893,-5.063061862725479,-4.675860642775514,0.3414160306637113,-0.17716336311437875,Yes,True,Yes,True
Arithmetic,2_digit_addition,'',Is 51 plus 58 equal to 387?,No,-4.915647506713867,-4.487490653991699,-5.063061862725479,-4.675860642775514,0.14741435601161168,0.1883699887838146,No,True,No,True
Arithmetic,2_digit_addition,'',Is 23 plus 47 equal to 70?,Yes,-4.712399005889893,-4.341180801391602,-5.063061862725479,-4.675860642775514,0.3506628568355863,0.33467984138391227,No,False,Yes,True
Arithmetic,2_digit_multiplication,'',Is 61 times 62 equal to 9267?,No,-4.96511697769165,-4.73766040802002,-5.063061862725479,-4.675860642775514,0.09794488503382848,-0.06179976524450659,No,True,Yes,False
Arithmetic,2_digit_subtraction,'',Is 47 minus 97 equal to 158?,No,-5.1213154792785645,-4.443957328796387,-5.063061862725479,-4.675860642775514,-0.058253616553085585,0.2319033139791271,No,True,No,True
Arithmetic,1_digit_addition,'',Is 5 plus 1 equal to 6?,Yes,-5.028860092163086,-4.78196382522583,-5.063414584994317,-4.67454549610615,0.03455449283123091,-0.10741832911967997,No,False,Yes,True
Arithmetic,1_digit_addition,'',Is 9 plus 5 equal to 14?,Yes,-5.068668365478516,-4.635883331298828,-5.063414584994317,-4.67454549610615,-0.005253780484198778,0.038662164807321986,No,False,No,False
Arithmetic,1_digit_multiplication,'',Is 1 times 3 equal to 1?,No,-4.960548400878906,-5.153387069702148,-5.063414584994317,-4.67454549610615,0.1028661841154106,-0.4788415735959983,Yes,False,Yes,False
Arithmetic,2_digit_addition,'',Is 12 plus 66 equal to 78?,Yes,-4.915524005889893,-4.358572959899902,-5.063414584994317,-4.67454549610615,0.14789057910442427,0.31597253620624777,No,False,No,False
Arithmetic,2_digit_subtraction,'',Is 81 minus 38 equal to 43?,Yes,-4.985874652862549,-4.562090873718262,-5.063414584994317,-4.67454549610615,0.07753993213176802,0.11245462238788839,No,False,No,False
Arithmetic,1_digit_addition,'',Is 7 plus 3 equal to 33?,No,-5.06395149230957,-4.69602632522583,-5.063414584994317,-4.67454549610615,-0.0005369073152534654,-0.021480829119679967,No,True,Yes,False
Arithmetic,2_digit_addition,'',Is 40 plus 28 equal to 47?,No,-4.9062581062316895,-4.347892284393311,-5.063414584994317,-4.67454549610615,0.1571564787626274,0.3266532117128387,No,True,No,True
Arithmetic,2_digit_addition,'',Is 90 plus 66 equal to 156?,Yes,-4.725021839141846,-4.292200088500977,-5.063414584994317,-4.67454549610615,0.33839274585247114,0.38234540760517355,No,False,No,False
Arithmetic,2_digit_subtraction,'',Is 66 minus 78 equal to -12?,Yes,-5.508833408355713,-4.7787251472473145,-5.063414584994317,-4.67454549610615,-0.44541882336139604,-0.10417965114116434,No,False,No,False
Arithmetic,2_digit_addition,'',Is 24 plus 95 equal to 454?,No,-5.138219356536865,-4.705530643463135,-5.063414584994317,-4.67454549610615,-0.07480477154254839,-0.030985147356984655,No,True,No,True
Arithmetic,2_digit_subtraction,'',Is 98 minus 48 equal to 50?,Yes,-4.964496612548828,-4.40825080871582,-5.063414584994317,-4.67454549610615,0.09891797244548872,0.2662946873903298,No,False,No,False
Arithmetic,2_digit_subtraction,'',Is 67 minus 88 equal to -21?,Yes,-5.804492473602295,-5.074320793151856,-5.063414584994317,-4.67454549610615,-0.7410778886079781,-0.39977529704570625,No,False,No,False
Arithmetic,1_digit_addition,'',Is 8 plus 3 equal to 11?,Yes,-4.9416279792785645,-4.510928153991699,-5.063414584994317,-4.67454549610615,0.1217866057157524,0.1636173421144509,No,False,No,False
Arithmetic,2_digit_addition,'',Is 17 plus 32 equal to 91?,No,-4.501461505889893,-4.255868911743164,-5.063414584994317,-4.67454549610615,0.5619530791044243,0.41867658436298605,No,True,Yes,False
Arithmetic,1_digit_subtraction,'',Is 2 minus 2 equal to 0?,Yes,-5.341228485107422,-4.851709842681885,-5.063414584994317,-4.67454549610615,-0.27781390011310503,-0.17716434657573465,No,False,No,False
Arithmetic,1_digit_subtraction,'',Is 4 minus 1 equal to 6?,No,-5.265215873718262,-4.709582328796387,-5.063414584994317,-4.67454549610615,-0.20180128872394487,-0.03503683269023661,No,True,No,True
Arithmetic,2_digit_addition,'',Is 47 plus 41 equal to 19?,No,-5.108637809753418,-4.6215901374816895,-5.063414584994317,-4.67454549610615,-0.04522322475910112,0.05295535862446066,No,True,No,True
Arithmetic,1_digit_addition,'',Is 8 plus 6 equal to 33?,No,-5.009397506713867,-4.51793909072876,-5.063414584994317,-4.67454549610615,0.05401707828044966,0.15660640537739035,No,True,No,True
Arithmetic,1_digit_subtraction,'',Is 6 minus 7 equal to -1?,Yes,-5.556187152862549,-4.819903373718262,-5.063414584994317,-4.67454549610615,-0.492772567868232,-0.1453578776121116,No,False,No,False
Arithmetic,2_digit_addition,'',Is 53 plus 76 equal to 129?,Yes,-4.748909950256348,-4.382729530334473,-5.063414584994317,-4.67454549610615,0.3145046347379692,0.29181596577167745,No,False,Yes,True
Arithmetic,1_digit_addition,'',Is 5 plus 6 equal to 11?,Yes,-5.055242538452148,-4.559930801391602,-5.066462139385504,-4.676044440850982,0.011219600933355167,0.11611363945938002,No,False,No,False
Arithmetic,1_digit_addition,'',Is 9 plus 0 equal to 9?,Yes,-4.807803153991699,-4.500206470489502,-5.066462139385504,-4.676044440850982,0.2586589853938044,0.17583797036147963,No,False,Yes,True
Arithmetic,1_digit_addition,'',Is 2 plus 4 equal to 4?,No,-4.909145832061768,-4.727117538452148,-5.066462139385504,-4.676044440850982,0.15731630732373603,-0.05107309760116685,No,True,Yes,False
Arithmetic,2_digit_addition,'',Is 85 plus 95 equal to 672?,No,-4.961129665374756,-4.594305038452148,-5.066462139385504,-4.676044440850982,0.10533247401074775,0.08173940239883315,No,True,Yes,False
Arithmetic,2_digit_subtraction,'',Is 36 minus 70 equal to -34?,Yes,-5.771041870117188,-5.0353779792785645,-5.066462139385504,-4.676044440850982,-0.7045797307316848,-0.35933353842758287,No,False,No,False
Arithmetic,1_digit_addition,'',Is 6 plus 8 equal to 64?,No,-4.810959339141846,-4.378655433654785,-5.066462139385504,-4.676044440850982,0.2555028002436579,0.29738900719619643,No,True,No,True
Arithmetic,1_digit_subtraction,'',Is 2 minus 6 equal to 96?,No,-5.045943737030029,-4.553146839141846,-5.066462139385504,-4.676044440850982,0.020518402355474308,0.12289760170913588,No,True,No,True
Arithmetic,2_digit_multiplication,'',Is 17 times 52 equal to 469?,No,-5.19078540802002,-4.889336109161377,-5.066462139385504,-4.676044440850982,-0.12432326863451681,-0.21329166831039537,No,True,Yes,False
Arithmetic,1_digit_multiplication,'',Is 8 times 3 equal to 62?,No,-4.897148609161377,-4.717315196990967,-5.066462139385504,-4.676044440850982,0.16931353022412665,-0.04127075613998521,No,True,Yes,False
Arithmetic,2_digit_subtraction,'',Is 44 minus 63 equal to -19?,Yes,-5.844770908355713,-5.049770832061768,-5.066462139385504,-4.676044440850982,-0.7783087689702093,-0.373726391210786,No,False,No,False
Arithmetic,2_digit_addition,'',Is 72 plus 42 equal to 114?,Yes,-4.884312152862549,-4.4572529792785645,-5.066462139385504,-4.676044440850982,0.18214998652295478,0.21879146157241713,No,False,No,False
Arithmetic,2_digit_subtraction,'',Is 75 minus 91 equal to 994?,No,-5.052450656890869,-4.561757564544678,-5.066462139385504,-4.676044440850982,0.014011482494634464,0.11428687630630385,No,True,No,True
Arithmetic,2_digit_addition,'',Is 90 plus 39 equal to 169?,No,-4.955662727355957,-4.39915132522583,-5.066462139385504,-4.676044440850982,0.11079941202954657,0.2768931156251515,No,True,No,True
Arithmetic,1_digit_subtraction,'',Is 0 minus 2 equal to -2?,Yes,-5.945844650268555,-5.344770908355713,-5.066462139385504,-4.676044440850982,-0.8793825108830511,-0.6687264675047313,No,False,No,False
Arithmetic,1_digit_subtraction,'',Is 2 minus 8 equal to -6?,Yes,-5.662679195404053,-5.054879665374756,-5.066462139385504,-4.676044440850982,-0.5962170560185491,-0.37883522452377427,No,False,No,False
Arithmetic,2_digit_subtraction,'',Is 22 minus 77 equal to 540?,No,-5.045586109161377,-4.615752696990967,-5.066462139385504,-4.676044440850982,0.02087603022412665,0.06029174386001479,No,True,No,True
Arithmetic,1_digit_subtraction,'',Is 2 minus 0 equal to 2?,Yes,-5.544479370117188,-5.242379665374756,-5.066462139385504,-4.676044440850982,-0.4780172307316848,-0.5663352245237743,No,False,Yes,True
Arithmetic,1_digit_addition,'',Is 0 plus 7 equal to 7?,Yes,-5.333370685577393,-4.970389366149902,-5.066462139385504,-4.676044440850982,-0.266908546191889,-0.29434492529892076,No,False,Yes,True
Arithmetic,1_digit_addition,'',Is 4 plus 8 equal to 12?,Yes,-4.961492538452148,-4.404894828796387,-5.066462139385504,-4.676044440850982,0.10496960093335517,0.27114961205459487,No,False,No,False
Arithmetic,2_digit_multiplication,'',Is 38 times 70 equal to 4210?,No,-5.087437152862549,-4.663653373718262,-5.066462139385504,-4.676044440850982,-0.020975013477045223,0.012391067132719868,No,True,No,True
Arithmetic,1_digit_multiplication,'',Is 9 times 9 equal to 81?,Yes,-4.727117538452148,-4.546072959899902,-5.0650945805367975,-4.67628941195352,0.33797704208464907,0.13021645205361754,No,False,Yes,True
Arithmetic,2_digit_addition,'',Is 83 plus 61 equal to 682?,No,-4.845249652862549,-4.607940196990967,-5.0650945805367975,-4.67628941195352,0.21984492767424868,0.06834921496255308,No,True,Yes,False
Arithmetic,2_digit_addition,'',Is 13 plus 86 equal to 70?,No,-4.878434658050537,-4.384737491607666,-5.0650945805367975,-4.67628941195352,0.1866599224862604,0.29155192034585387,No,True,No,True
Arithmetic,1_digit_addition,'',Is 1 plus 1 equal to 6?,No,-5.125192165374756,-4.944903373718262,-5.0650945805367975,-4.67628941195352,-0.06009758483795835,-0.26861396176474184,No,True,Yes,False
Arithmetic,2_digit_addition,'',Is 49 plus 20 equal to 69?,Yes,-4.933246612548828,-4.4375081062316895,-5.0650945805367975,-4.67628941195352,0.13184796798796938,0.23878130572183043,No,False,No,False
Arithmetic,2_digit_addition,'',Is 22 plus 62 equal to 84?,Yes,-4.698747158050537,-4.454421520233154,-5.0650945805367975,-4.67628941195352,0.3663474224862604,0.22186789172036558,No,False,Yes,True
Arithmetic,1_digit_subtraction,'',Is 5 minus 7 equal to -2?,Yes,-5.708074569702148,-4.969305038452148,-5.0650945805367975,-4.67628941195352,-0.6429799891653509,-0.29301562649862856,No,False,No,False
Arithmetic,2_digit_multiplication,'',Is 57 times 82 equal to 4674?,Yes,-5.093555450439453,-4.927291870117188,-5.0650945805367975,-4.67628941195352,-0.028460869902655617,-0.2510024581636685,No,False,Yes,True
Arithmetic,1_digit_addition,'',Is 2 plus 6 equal to 8?,Yes,-5.015817165374756,-4.772002696990967,-5.0650945805367975,-4.67628941195352,0.04927741516204165,-0.09571328503744692,No,False,Yes,True
Arithmetic,1_digit_multiplication,'',Is 2 times 4 equal to 1?,No,-4.991703510284424,-4.999478340148926,-5.0650945805367975,-4.67628941195352,0.07339107025237368,-0.3231889281954059,Yes,False,Yes,False
Arithmetic,2_digit_addition,'',Is 55 plus 38 equal to 95?,No,-4.6171956062316895,-4.184287071228027,-5.0650945805367975,-4.67628941195352,0.44789897430510806,0.49200234072549254,No,True,No,True
Arithmetic,1_digit_subtraction,'',Is 7 minus 0 equal to 7?,Yes,-5.445504665374756,-4.893740653991699,-5.0650945805367975,-4.67628941195352,-0.38041008483795835,-0.21745124203817934,No,False,No,False
Arithmetic,2_digit_multiplication,'',Is 29 times 21 equal to 609?,Yes,-5.155491352081299,-4.856969356536865,-5.0650945805367975,-4.67628941195352,-0.09039677154450132,-0.18067994458334535,No,False,Yes,True
Arithmetic,2_digit_subtraction,'',Is 73 minus 48 equal to 25?,Yes,-4.951836109161377,-4.399899005889893,-5.0650945805367975,-4.67628941195352,0.11325847137542056,0.2763904060636273,No,False,No,False
Arithmetic,1_digit_subtraction,'',Is 1 minus 1 equal to 0?,Yes,-5.282749652862549,-4.7931904792785645,-5.0650945805367975,-4.67628941195352,-0.21765507232575132,-0.11690106732504457,No,False,No,False
Arithmetic,1_digit_addition,'',Is 4 plus 5 equal to 4?,No,-4.935000419616699,-4.564424991607666,-5.0650945805367975,-4.67628941195352,0.1300941609200983,0.11186442034585387,No,True,Yes,False
Arithmetic,2_digit_addition,'',Is 23 plus 72 equal to 34?,No,-4.885708332061768,-4.579586505889893,-5.0650945805367975,-4.67628941195352,0.17938624847502993,0.0967029060636273,No,True,Yes,False
Arithmetic,1_digit_addition,'',Is 1 plus 2 equal to 6?,No,-5.108086109161377,-4.9271626472473145,-5.0650945805367975,-4.67628941195352,-0.042991528624579445,-0.25087323529379457,No,True,Yes,False
Arithmetic,2_digit_subtraction,'',Is 59 minus 25 equal to 80?,No,-4.866778373718262,-4.435556411743164,-5.0650945805367975,-4.67628941195352,0.1983162068185358,0.24073300021035582,No,True,No,True
Arithmetic,1_digit_multiplication,'',Is 2 times 2 equal to 4?,Yes,-4.915004253387451,-5.0481858253479,-5.0650945805367975,-4.67628941195352,0.15009032714934634,-0.3718964133943805,Yes,True,Yes,True
Arithmetic,2_digit_subtraction,'',Is 72 minus 97 equal to 549?,No,-5.225825309753418,-4.611780643463135,-5.064050275225973,-4.675418822709907,-0.16177503452744535,0.06363817924677218,No,True,No,True
Arithmetic,2_digit_multiplication,'',Is 30 times 74 equal to 4045?,No,-4.978062152862549,-4.674770832061768,-5.064050275225973,-4.675418822709907,0.08598812236342379,0.0006479906481393627,No,True,Yes,False
Arithmetic,1_digit_multiplication,'',Is 3 times 8 equal to 78?,No,-4.980750560760498,-4.739797592163086,-5.064050275225973,-4.675418822709907,0.08329971446547457,-0.064378769453179,No,True,Yes,False
Arithmetic,2_digit_subtraction,'',Is 40 minus 81 equal to 105?,No,-5.102117538452148,-4.546072959899902,-5.064050275225973,-4.675418822709907,-0.03806726322617582,0.1293458628100046,No,True,No,True
Arithmetic,1_digit_multiplication,'',Is 7 times 3 equal to 21?,Yes,-5.085548400878906,-4.8478779792785645,-5.064050275225973,-4.675418822709907,-0.02149812565293363,-0.1724591565686575,No,False,Yes,True
Arithmetic,2_digit_addition,'',Is 85 plus 95 equal to 180?,Yes,-4.6919026374816895,-4.382729530334473,-5.064050275225973,-4.675418822709907,0.37214763774428317,0.2926892923754343,No,False,Yes,True
Arithmetic,2_digit_multiplication,'',Is 19 times 53 equal to 2646?,No,-5.170491695404053,-4.934637069702148,-5.064050275225973,-4.675418822709907,-0.10644142017808012,-0.2592182469922415,No,True,Yes,False
Arithmetic,2_digit_subtraction,'',Is 61 minus 61 equal to 5?,No,-5.313520908355713,-4.831020832061768,-5.064050275225973,-4.675418822709907,-0.24947063312974027,-0.15560200935186064,No,True,No,True
Arithmetic,1_digit_addition,'',Is 4 plus 3 equal to 3?,No,-5.032711505889893,-4.599618911743164,-5.064050275225973,-4.675418822709907,0.03133876933608004,0.07579991096674288,No,True,No,True
Arithmetic,1_digit_addition,'',Is 4 plus 4 equal to 8?,Yes,-4.935959339141846,-4.503655433654785,-5.064050275225973,-4.675418822709907,0.12809093608412692,0.17176338905512178,No,False,No,False
Arithmetic,1_digit_subtraction,'',Is 1 minus 2 equal to 20?,No,-5.424587726593018,-4.809206962585449,-5.064050275225973,-4.675418822709907,-0.36053745136704496,-0.13378813987554228,No,True,No,True
Arithmetic,2_digit_subtraction,'',Is 46 minus 52 equal to 38?,No,-5.109671592712402,-4.49418830871582,-5.064050275225973,-4.675418822709907,-0.045621317486429724,0.18123051399408663,No,True,No,True
Arithmetic,2_digit_multiplication,'',Is 43 times 32 equal to 2920?,No,-4.919353485107422,-4.620622158050537,-5.064050275225973,-4.675418822709907,0.14469679011855074,0.05479666465936983,No,True,Yes,False
Arithmetic,2_digit_multiplication,'',Is 17 times 93 equal to 7453?,No,-5.113250732421875,-4.94077730178833,-5.064050275225973,-4.675418822709907,-0.04920045719590238,-0.26535847907842314,No,True,Yes,False
Arithmetic,2_digit_addition,'',Is 27 plus 48 equal to 75?,Yes,-4.8975982666015625,-4.464529991149902,-5.064050275225973,-4.675418822709907,0.16645200862441012,0.2108888315600046,No,False,No,False
Arithmetic,2_digit_multiplication,'',Is 72 times 26 equal to 1872?,Yes,-4.88608980178833,-4.647002696990967,-5.064050275225973,-4.675418822709907,0.17796047343764254,0.028416125718940144,No,False,Yes,True
Arithmetic,1_digit_multiplication,'',Is 7 times 6 equal to 67?,No,-5.126499652862549,-4.826690196990967,-5.064050275225973,-4.675418822709907,-0.06244937763657621,-0.15127137428105986,No,True,Yes,False
Arithmetic,1_digit_addition,'',Is 4 plus 1 equal to 5?,Yes,-4.989797592163086,-4.620325088500977,-5.064050275225973,-4.675418822709907,0.07425268306288668,0.05509373420893038,No,False,Yes,True
Arithmetic,2_digit_addition,'',Is 94 plus 75 equal to 370?,No,-4.775022506713867,-4.345211505889893,-5.064050275225973,-4.675418822709907,0.28902776851210543,0.33020731682001436,No,True,No,True
Arithmetic,2_digit_addition,'',Is 30 plus 53 equal to 39?,No,-4.6450276374816895,-4.3365654945373535,-5.064050275225973,-4.675418822709907,0.41902263774428317,0.3388533281725534,No,True,Yes,False
Arithmetic,2_digit_subtraction,'',Is 11 minus 89 equal to 658?,No,-5.243772506713867,-4.690615653991699,-5.063466423749925,-4.674276505817069,-0.18030608296394224,-0.016339148174630225,No,True,No,True
Arithmetic,1_digit_subtraction,'',Is 2 minus 1 equal to 8?,No,-5.320504665374756,-4.954586505889893,-5.063466423749925,-4.674276505817069,-0.2570382416248309,-0.2803100000728236,No,True,Yes,False
Arithmetic,2_digit_addition,'',Is 60 plus 57 equal to 913?,No,-4.883004665374756,-4.452715873718262,-5.063466423749925,-4.674276505817069,0.1804617583751691,0.22156063209880728,No,True,No,True
Arithmetic,2_digit_multiplication,'',Is 60 times 85 equal to 5100?,Yes,-4.997594356536865,-4.630312919616699,-5.063466423749925,-4.674276505817069,0.06587206721305972,0.043963586200369775,No,False,Yes,True
Arithmetic,2_digit_addition,'',Is 66 plus 47 equal to 951?,No,-4.981512069702148,-4.491778373718262,-5.063466423749925,-4.674276505817069,0.08195435404777651,0.18249813209880728,No,True,No,True
Arithmetic,2_digit_subtraction,'',Is 31 minus 54 equal to 904?,No,-5.139336109161377,-4.587399005889893,-5.063466423749925,-4.674276505817069,-0.075869685411452,0.08687749992717642,No,True,No,True
Arithmetic,1_digit_multiplication,'',Is 6 times 8 equal to 48?,Yes,-4.833700656890869,-4.652956962585449,-5.063466423749925,-4.674276505817069,0.2297657668590558,0.021319543231619775,No,False,Yes,True
Arithmetic,2_digit_multiplication,'',Is 26 times 17 equal to 442?,Yes,-5.12828540802002,-4.828317165374756,-5.063466423749925,-4.674276505817069,-0.06481898427009547,-0.15404065955768687,No,False,Yes,True
Arithmetic,2_digit_addition,'',Is 43 plus 57 equal to 100?,Yes,-4.581240653991699,-4.211143970489502,-5.063466423749925,-4.674276505817069,0.48222576975822573,0.46313253532756704,No,False,Yes,True
Arithmetic,2_digit_addition,'',Is 22 plus 98 equal to 120?,Yes,-4.7465901374816895,-4.314424991607666,-5.063466423749925,-4.674276505817069,0.3168762862682355,0.359851514209403,No,False,No,False
Arithmetic,1_digit_addition,'',Is 6 plus 0 equal to 1?,No,-5.070504665374756,-4.640215873718262,-5.063466423749925,-4.674276505817069,-0.00703824162483091,0.034060632098807275,No,True,No,True
Arithmetic,1_digit_addition,'',Is 7 plus 9 equal to 16?,Yes,-4.966360092163086,-4.534905433654785,-5.063466423749925,-4.674276505817069,0.09710633158683901,0.13937107216228384,No,False,No,False
Arithmetic,1_digit_subtraction,'',Is 6 minus 0 equal to 6?,Yes,-5.325719356536865,-4.834293365478516,-5.063466423749925,-4.674276505817069,-0.2622529327869403,-0.16001685966144663,No,False,No,False
Arithmetic,1_digit_subtraction,'',Is 9 minus 9 equal to 7?,No,-5.143740653991699,-4.587034702301025,-5.063466423749925,-4.674276505817069,-0.08027423024177427,0.0872418035160436,No,True,No,True
Arithmetic,2_digit_subtraction,'',Is 26 minus 10 equal to 16?,Yes,-5.206684112548828,-4.588524341583252,-5.063466423749925,-4.674276505817069,-0.14321768879890318,0.08575216423381704,No,False,No,False
Arithmetic,2_digit_multiplication,'',Is 71 times 85 equal to 6035?,Yes,-5.063520908355713,-4.829710006713867,-5.063466423749925,-4.674276505817069,-5.448460578794112e-05,-0.1554335008967982,No,False,Yes,True
Arithmetic,1_digit_addition,'',Is 2 plus 7 equal to 9?,Yes,-4.96421480178833,-4.7240376472473145,-5.063466423749925,-4.674276505817069,0.09925162196159487,-0.04976114143024546,No,False,Yes,True
Arithmetic,1_digit_addition,'',Is 0 plus 9 equal to 9?,Yes,-5.090718746185303,-4.788325309753418,-5.063466423749925,-4.674276505817069,-0.027252322435377785,-0.11404880393634897,No,False,Yes,True
Arithmetic,2_digit_multiplication,'',Is 40 times 23 equal to 920?,Yes,-5.036199569702148,-4.6681904792785645,-5.063466423749925,-4.674276505817069,0.027266854047776512,0.006086026538504541,No,False,Yes,True
Arithmetic,2_digit_subtraction,'',Is 51 minus 67 equal to 309?,No,-5.044012069702148,-4.493649005889893,-5.063466423749925,-4.674276505817069,0.019454354047776512,0.18062749992717642,No,True,No,True
Arithmetic,2_digit_addition,'',Is 15 plus 65 equal to 10?,No,-4.83043909072876,-4.521493911743164,-5.064429505666098,-4.677090451452469,0.2339904149373382,0.15559653970930487,No,True,Yes,False
Arithmetic,1_digit_addition,'',Is 0 plus 2 equal to 2?,Yes,-5.349850177764893,-5.047895908355713,-5.064429505666098,-4.677090451452469,-0.2854206720987946,-0.37080545690324396,No,False,Yes,True
Arithmetic,1_digit_subtraction,'',Is 1 minus 2 equal to -1?,Yes,-5.704145908355713,-5.156442165374756,-5.064429505666098,-4.677090451452469,-0.6397164026896149,-0.4793517139222869,No,False,No,False
Arithmetic,1_digit_multiplication,'',Is 3 times 2 equal to 7?,No,-5.008754253387451,-5.0169358253479,-5.064429505666098,-4.677090451452469,0.05567525227864678,-0.33984537389543146,Yes,False,Yes,False
Arithmetic,1_digit_subtraction,'',Is 8 minus 2 equal to 6?,Yes,-5.236896991729736,-4.7465901374816895,-5.064429505666098,-4.677090451452469,-0.17246748606363838,-0.06949968602922052,No,False,No,False
Arithmetic,2_digit_multiplication,'',Is 95 times 81 equal to 3935?,No,-5.129781246185303,-4.771031856536865,-5.064429505666098,-4.677090451452469,-0.06535174051920478,-0.0939414050843963,No,True,Yes,False
Arithmetic,2_digit_subtraction,'',Is 36 minus 81 equal to -45?,Yes,-5.308326244354248,-4.697850227355957,-5.064429505666098,-4.677090451452469,-0.2438967386881501,-0.020759775903488098,No,False,No,False
Arithmetic,2_digit_addition,'',Is 97 plus 80 equal to 177?,Yes,-4.7931904792785645,-4.363952159881592,-5.064429505666098,-4.677090451452469,0.2712390263875335,0.31313829157087714,No,False,No,False
Arithmetic,2_digit_multiplication,'',Is 83 times 70 equal to 5810?,Yes,-4.981979370117188,-4.7463154792785645,-5.064429505666098,-4.677090451452469,0.08245013554890956,-0.06922502782609552,No,False,Yes,True
Arithmetic,1_digit_multiplication,'',Is 8 times 6 equal to 48?,Yes,-4.809637069702148,-4.631377696990967,-5.064429505666098,-4.677090451452469,0.2547924359639495,0.045712754461502136,No,False,Yes,True
Arithmetic,1_digit_subtraction,'',Is 1 minus 3 equal to -2?,Yes,-5.91734790802002,-5.307583332061768,-5.064429505666098,-4.677090451452469,-0.8529184023539225,-0.6304928806092986,No,False,No,False
Arithmetic,1_digit_addition,'',Is 3 plus 3 equal to 4?,No,-4.7968831062316895,-4.675530433654785,-5.064429505666098,-4.677090451452469,0.2675463994344085,0.001560017797683777,No,True,Yes,False
Arithmetic,1_digit_multiplication,'',Is 8 times 0 equal to 6?,No,-4.899818420410156,-4.785258293151856,-5.064429505666098,-4.677090451452469,0.1646110852559417,-0.10816784169938742,No,True,Yes,False
Arithmetic,1_digit_addition,'',Is 6 plus 5 equal to 11?,Yes,-5.077715873718262,-4.582702159881592,-5.064429505666098,-4.677090451452469,-0.013286368052163766,0.09438829157087714,No,False,No,False
Arithmetic,2_digit_multiplication,'',Is 14 times 67 equal to 890?,No,-4.920586109161377,-4.681149005889893,-5.064429505666098,-4.677090451452469,0.143843396504721,-0.004058554437423645,No,True,Yes,False
Arithmetic,1_digit_addition,'',Is 1 plus 5 equal to 6?,Yes,-5.012000560760498,-4.89207649230957,-5.064429505666098,-4.677090451452469,0.052428944905599906,-0.21498604085710138,No,False,Yes,True
Arithmetic,1_digit_addition,'',Is 9 plus 6 equal to 57?,No,-4.83043909072876,-4.397635459899902,-5.064429505666098,-4.677090451452469,0.2339904149373382,0.2794549915525666,No,True,No,True
Arithmetic,1_digit_multiplication,'',Is 2 times 7 equal to 14?,Yes,-5.22203540802002,-5.109567165374756,-5.064429505666098,-4.677090451452469,-0.15760590235392247,-0.4324767139222869,No,False,Yes,True
Arithmetic,1_digit_addition,'',Is 0 plus 7 equal to 8?,No,-5.205802440643311,-4.905728340148926,-5.064429505666098,-4.677090451452469,-0.14137293497721348,-0.22863788869645685,No,True,Yes,False
Arithmetic,1_digit_addition,'',Is 2 plus 1 equal to 3?,Yes,-5.100472450256348,-4.9809651374816895,-5.064429505666098,-4.677090451452469,-0.036042944590249704,-0.3038746860292205,No,False,Yes,True
Arithmetic,1_digit_multiplication,'',Is 3 times 8 equal to 24?,Yes,-4.716344356536865,-4.662418365478516,-5.0658591907957335,-4.6776642633521055,0.3495148342588683,0.015245897873589875,No,False,Yes,True
Arithmetic,1_digit_multiplication,'',Is 2 times 9 equal to 18?,Yes,-4.934637069702148,-4.8802876472473145,-5.0658591907957335,-4.6776642633521055,0.1312221210935851,-0.20262338389520895,No,False,Yes,True
Arithmetic,2_digit_subtraction,'',Is 11 minus 72 equal to -61?,Yes,-5.583541870117188,-4.8490376472473145,-5.0658591907957335,-4.6776642633521055,-0.5176826793214548,-0.17137338389520895,No,False,No,False
Arithmetic,2_digit_subtraction,'',Is 51 minus 91 equal to -40?,Yes,-5.372604370117188,-4.764190196990967,-5.0658591907957335,-4.6776642633521055,-0.30674517932145484,-0.0865259336388613,No,False,No,False
Arithmetic,2_digit_subtraction,'',Is 48 minus 62 equal to 948?,No,-5.153387069702148,-4.539617538452148,-5.0658591907957335,-4.6776642633521055,-0.08752787890641489,0.13804672489995706,No,True,No,True
Arithmetic,2_digit_subtraction,'',Is 36 minus 58 equal to -22?,Yes,-5.407749652862549,-4.672430038452148,-5.0658591907957335,-4.6776642633521055,-0.3418904620668153,0.005234224899957063,No,False,No,False
Arithmetic,1_digit_multiplication,'',Is 6 times 4 equal to 33?,No,-5.071254253387451,-4.830530643463135,-5.0658591907957335,-4.6776642633521055,-0.005395062591717625,-0.15286638011102927,No,True,Yes,False
Arithmetic,2_digit_multiplication,'',Is 25 times 15 equal to 375?,Yes,-5.057583332061768,-4.688961505889893,-5.0658591907957335,-4.6776642633521055,0.008275858733965968,-0.011297242537787078,No,False,Yes,True
Arithmetic,1_digit_subtraction,'',Is 2 minus 9 equal to 59?,No,-5.101754665374756,-4.610836505889893,-5.0658591907957335,-4.6776642633521055,-0.03589547457902231,0.06682775746221292,No,True,No,True
Arithmetic,2_digit_multiplication,'',Is 98 times 32 equal to 5963?,No,-5.169479370117188,-4.8713154792785645,-5.0658591907957335,-4.6776642633521055,-0.10362017932145484,-0.19365121592645895,No,True,Yes,False
Arithmetic,2_digit_addition,'',Is 94 plus 65 equal to 159?,Yes,-4.639190196990967,-4.270868301391602,-5.0658591907957335,-4.6776642633521055,0.42666899380476675,0.40679596196050394,No,False,Yes,True
Arithmetic,2_digit_subtraction,'',Is 46 minus 22 equal to 24?,Yes,-5.095335006713867,-4.54293155670166,-5.0658591907957335,-4.6776642633521055,-0.02947581591813364,0.13473270665044534,No,False,No,False
Arithmetic,1_digit_subtraction,'',Is 8 minus 7 equal to 2?,No,-5.33922290802002,-4.851754665374756,-5.0658591907957335,-4.6776642633521055,-0.2733637172242869,-0.17409040202265036,No,True,No,True
Arithmetic,1_digit_addition,'',Is 0 plus 8 equal to 1?,No,-5.123287677764893,-4.821333408355713,-5.0658591907957335,-4.6776642633521055,-0.05742848696915903,-0.1436691450036074,No,True,Yes,False
Arithmetic,1_digit_subtraction,'',Is 6 minus 2 equal to 6?,No,-5.2787251472473145,-4.786493301391602,-5.0658591907957335,-4.6776642633521055,-0.2128659564515809,-0.10882903803949606,No,True,No,True
Arithmetic,2_digit_multiplication,'',Is 70 times 65 equal to 4550?,Yes,-5.034145832061768,-4.604678153991699,-5.0658591907957335,-4.6776642633521055,0.03171335873396597,0.07298610936040628,No,False,No,False
Arithmetic,1_digit_multiplication,'',Is 4 times 4 equal to 12?,No,-5.018520832061768,-4.776553153991699,-5.0658591907957335,-4.6776642633521055,0.04733835873396597,-0.09888889063959372,No,True,Yes,False
Arithmetic,2_digit_multiplication,'',Is 62 times 68 equal to 4216?,Yes,-4.989620685577393,-4.698025226593018,-5.0658591907957335,-4.6776642633521055,0.07623850521834097,-0.020360963240912078,No,False,Yes,True
Arithmetic,1_digit_subtraction,'',Is 6 minus 3 equal to 3?,Yes,-5.404013156890869,-4.850021839141846,-5.0658591907957335,-4.6776642633521055,-0.3381539660951356,-0.1723575757897402,No,False,No,False
Arithmetic,1_digit_subtraction,'',Is 8 minus 9 equal to 63?,No,-5.1135029792785645,-4.497430801391602,-5.0658591907957335,-4.6776642633521055,-0.04764378848283091,0.18023346196050394,No,True,No,True
Arithmetic,1_digit_addition,'',Is 1 plus 3 equal to 5?,No,-5.026333332061768,-4.905840873718262,-5.066794702854563,-4.67930717062443,0.040461370792795215,-0.22653370309383192,No,True,Yes,False
Arithmetic,2_digit_addition,'',Is 58 plus 83 equal to 467?,No,-5.046485900878906,-4.6213154792785645,-5.066794702854563,-4.67930717062443,0.020308801975656543,0.05799169134586535,No,True,No,True
Arithmetic,2_digit_addition,'',Is 46 plus 20 equal to 66?,Yes,-5.040647506713867,-4.549990653991699,-5.066794702854563,-4.67930717062443,0.026147196140695605,0.12931651663273058,No,False,No,False
Arithmetic,2_digit_multiplication,'',Is 12 times 46 equal to 552?,Yes,-5.152625560760498,-4.786672592163086,-5.066794702854563,-4.67930717062443,-0.08583085790593525,-0.10736542153865614,No,False,Yes,True
Arithmetic,1_digit_subtraction,'',Is 3 minus 6 equal to -3?,Yes,-5.804165840148926,-5.129519462585449,-5.066794702854563,-4.67930717062443,-0.737371137294363,-0.4502122919610194,No,False,No,False
Arithmetic,1_digit_multiplication,'',Is 0 times 5 equal to 2?,No,-5.31704568862915,-5.324985504150391,-5.066794702854563,-4.67930717062443,-0.2502509857745876,-0.6456783335259608,Yes,False,Yes,False
Arithmetic,2_digit_subtraction,'',Is 96 minus 78 equal to 83?,No,-5.0403733253479,-4.548799991607666,-5.066794702854563,-4.67930717062443,0.026421377506662402,0.13050717901676379,No,True,No,True
Arithmetic,2_digit_multiplication,'',Is 76 times 56 equal to 4256?,Yes,-5.069648742675781,-4.780728340148926,-5.066794702854563,-4.67930717062443,-0.002854039821218457,-0.10142116952449598,No,False,Yes,True
Arithmetic,2_digit_addition,'',Is 59 plus 82 equal to 133?,No,-4.712522506713867,-4.470211505889893,-5.066794702854563,-4.67930717062443,0.3542721961406956,0.20909566473453722,No,True,Yes,False
Arithmetic,1_digit_addition,'',Is 8 plus 0 equal to 7?,No,-5.162773609161377,-4.672430038452148,-5.066794702854563,-4.67930717062443,-0.09597890630681416,0.006877132172281364,No,True,No,True
Arithmetic,2_digit_multiplication,'',Is 97 times 64 equal to 6466?,No,-4.846462726593018,-4.545334339141846,-5.066794702854563,-4.67930717062443,0.22033197626154521,0.1339728314825841,No,True,Yes,False
Arithmetic,2_digit_multiplication,'',Is 92 times 52 equal to 4784?,Yes,-5.185787677764893,-4.890235900878906,-5.066794702854563,-4.67930717062443,-0.11899297491032979,-0.21092873025447645,No,False,Yes,True
Arithmetic,1_digit_addition,'',Is 8 plus 0 equal to 8?,Yes,-4.968897342681885,-4.6632232666015625,-5.066794702854563,-4.67930717062443,0.09789736017267803,0.0160839040228673,No,False,Yes,True
Arithmetic,2_digit_multiplication,'',Is 69 times 29 equal to 2001?,Yes,-4.636247158050537,-4.331195831298828,-5.066794702854563,-4.67930717062443,0.4305475448040257,0.3481113393256017,No,False,Yes,True
Arithmetic,2_digit_multiplication,'',Is 50 times 80 equal to 4000?,Yes,-5.2228779792785645,-4.790524005889893,-5.066794702854563,-4.67930717062443,-0.15608327642400166,-0.11121683526546278,No,False,No,False
Arithmetic,2_digit_multiplication,'',Is 65 times 54 equal to 7962?,No,-5.149458408355713,-4.976754665374756,-5.066794702854563,-4.67930717062443,-0.0826637055011501,-0.29744749475032606,No,True,Yes,False
Arithmetic,1_digit_multiplication,'',Is 3 times 2 equal to 6?,Yes,-4.864324569702148,-4.9349751472473145,-5.066794702854563,-4.67930717062443,0.20247013315241436,-0.25566797662288465,Yes,True,Yes,True
Arithmetic,2_digit_subtraction,'',Is 40 minus 81 equal to -41?,Yes,-5.774818420410156,-4.9778733253479,-5.066794702854563,-4.67930717062443,-0.7080237175555935,-0.2985661547234706,No,False,No,False
Arithmetic,2_digit_subtraction,'',Is 90 minus 10 equal to 80?,Yes,-4.981139659881592,-4.360877513885498,-5.066794702854563,-4.67930717062443,0.085655042972971,0.31842965673893175,No,False,No,False
Arithmetic,2_digit_multiplication,'',Is 66 times 17 equal to 1122?,Yes,-5.193929195404053,-4.836129665374756,-5.066794702854563,-4.67930717062443,-0.12713449254948994,-0.15682249475032606,No,False,Yes,True
Arithmetic,2_digit_multiplication,'',Is 83 times 47 equal to 5398?,No,-5.136688232421875,-4.842461109161377,-5.066908722619217,-4.679233676691851,-0.06977950980265835,-0.16322743246952598,No,True,Yes,False
Arithmetic,2_digit_subtraction,'',Is 46 minus 55 equal to 82?,No,-5.030159950256348,-4.477859020233154,-5.066908722619217,-4.679233676691851,0.036748772362869,0.20137465645869668,No,True,No,True
Arithmetic,1_digit_multiplication,'',Is 2 times 4 equal to 8?,Yes,-5.046485900878906,-5.056272506713867,-5.066908722619217,-4.679233676691851,0.020422821740310404,-0.3770388300220162,Yes,True,Yes,True
Arithmetic,1_digit_addition,'',Is 1 plus 1 equal to 2?,Yes,-5.276150226593018,-5.156546592712402,-5.066908722619217,-4.679233676691851,-0.20924150397380092,-0.47731291602055137,No,False,Yes,True
Arithmetic,2_digit_addition,'',Is 50 plus 33 equal to 20?,No,-5.016180038452148,-4.520202159881592,-5.066908722619217,-4.679233676691851,0.050728684167068216,0.15903151681025918,No,True,No,True
Arithmetic,2_digit_multiplication,'',Is 65 times 49 equal to 3185?,Yes,-5.111742973327637,-4.813441753387451,-5.066908722619217,-4.679233676691851,-0.044834250708420065,-0.1342080766956002,No,False,Yes,True
Arithmetic,1_digit_addition,'',Is 5 plus 9 equal to 14?,Yes,-5.148992538452148,-4.591806411743164,-5.066908722619217,-4.679233676691851,-0.08208381583293178,0.08742726494868691,No,False,No,False
Arithmetic,2_digit_subtraction,'',Is 36 minus 40 equal to 53?,No,-4.980121612548828,-4.424461841583252,-5.066908722619217,-4.679233676691851,0.08678711007038853,0.254771835108599,No,True,No,True
Arithmetic,2_digit_addition,'',Is 51 plus 84 equal to 135?,Yes,-4.862270832061768,-4.495303153991699,-5.066908722619217,-4.679233676691851,0.20463789055744908,0.18393052270015176,No,False,Yes,True
Arithmetic,2_digit_multiplication,'',Is 99 times 72 equal to 9372?,No,-5.086958408355713,-4.664254665374756,-5.066908722619217,-4.679233676691851,-0.020049685736496237,0.014979011317095114,No,True,No,True
Arithmetic,2_digit_subtraction,'',Is 20 minus 34 equal to 331?,No,-5.2513108253479,-4.571609020233154,-5.066908722619217,-4.679233676691851,-0.18440210272868374,0.10762465645869668,No,True,No,True
Arithmetic,2_digit_subtraction,'',Is 59 minus 76 equal to 510?,No,-4.937692165374756,-4.569903373718262,-5.066908722619217,-4.679233676691851,0.1292165572444608,0.10933030297358926,No,True,Yes,False
Arithmetic,2_digit_subtraction,'',Is 98 minus 77 equal to 21?,Yes,-5.055629253387451,-4.443668365478516,-5.066908722619217,-4.679233676691851,0.011279469231765482,0.23556531121333535,No,False,No,False
Arithmetic,2_digit_multiplication,'',Is 67 times 88 equal to 5896?,Yes,-5.065546035766602,-4.898048400878906,-5.066908722619217,-4.679233676691851,0.0013626868526150915,-0.21881472418705528,No,False,Yes,True
Arithmetic,1_digit_addition,'',Is 9 plus 1 equal to 10?,Yes,-4.880868911743164,-4.571815013885498,-5.066908722619217,-4.679233676691851,0.1860398108760526,0.10741866280635293,No,False,Yes,True
Arithmetic,2_digit_subtraction,'',Is 40 minus 30 equal to 10?,Yes,-5.175309658050537,-4.618484020233154,-5.066908722619217,-4.679233676691851,-0.10840093543132046,0.06074965645869668,No,False,No,False
Arithmetic,2_digit_multiplication,'',Is 32 times 66 equal to 6468?,No,-4.924587726593018,-4.683246612548828,-5.066908722619217,-4.679233676691851,0.14232099602619908,-0.004012935856977151,No,True,Yes,False
Arithmetic,1_digit_multiplication,'',Is 5 times 4 equal to 20?,Yes,-5.010708332061768,-4.704586505889893,-5.066908722619217,-4.679233676691851,0.056200390557449076,-0.025352829198041604,No,False,Yes,True
Arithmetic,1_digit_addition,'',Is 5 plus 2 equal to 7?,Yes,-5.108965873718262,-4.73824405670166,-5.066908722619217,-4.679233676691851,-0.042057151099045065,-0.05901038000980918,No,False,Yes,True
Arithmetic,1_digit_subtraction,'',Is 0 minus 3 equal to 61?,No,-5.338983535766602,-4.673374652862549,-5.066908722619217,-4.679233676691851,-0.2720748131473849,0.005859023829302146,No,True,No,True
Arithmetic,2_digit_subtraction,'',Is 64 minus 49 equal to 15?,Yes,-5.0744404792785645,-4.51949405670166,-5.066214217945022,-4.678849399333099,-0.008226261333542872,0.15935534263143847,No,False,No,False
Arithmetic,2_digit_subtraction,'',Is 65 minus 90 equal to 842?,No,-5.155512809753418,-4.603968143463135,-5.066214217945022,-4.678849399333099,-0.08929859180839639,0.07488125586996386,No,True,No,True
Arithmetic,1_digit_addition,'',Is 0 plus 0 equal to 0?,Yes,-5.424921035766602,-4.998616695404053,-5.066214217945022,-4.678849399333099,-0.35870681782158,-0.3197672960709541,No,False,No,False
Arithmetic,1_digit_multiplication,'',Is 7 times 3 equal to 95?,No,-4.840125560760498,-4.536672592163086,-5.066214217945022,-4.678849399333099,0.22608865718452353,0.1421768071700127,No,True,Yes,False
Arithmetic,1_digit_multiplication,'',Is 6 times 5 equal to 56?,No,-4.821897506713867,-4.641180038452148,-5.066214217945022,-4.678849399333099,0.2443167112311544,0.03766936088095019,No,True,Yes,False
Arithmetic,2_digit_addition,'',Is 50 plus 94 equal to 968?,No,-5.140817165374756,-4.523028373718262,-5.066214217945022,-4.678849399333099,-0.07460294742973428,0.1558210256148369,No,True,No,True
Arithmetic,1_digit_multiplication,'',Is 0 times 3 equal to 0?,Yes,-5.258188724517822,-5.08230447769165,-5.066214217945022,-4.678849399333099,-0.19197450657280068,-0.40345507835855177,No,False,Yes,True
Arithmetic,2_digit_multiplication,'',Is 66 times 39 equal to 6867?,No,-5.101173400878906,-4.7396626472473145,-5.066214217945022,-4.678849399333099,-0.03495918293388467,-0.06081324791421583,No,True,Yes,False
Arithmetic,2_digit_subtraction,'',Is 76 minus 37 equal to 39?,Yes,-4.979275226593018,-4.489797592163086,-5.066214217945022,-4.678849399333099,0.086938991352004,0.1890518071700127,No,False,No,False
Arithmetic,2_digit_addition,'',Is 23 plus 10 equal to 75?,No,-4.706240653991699,-4.334582328796387,-5.066214217945022,-4.678849399333099,0.35997356395332236,0.3442670705367119,No,True,Yes,False
Arithmetic,1_digit_addition,'',Is 8 plus 1 equal to 9?,Yes,-4.8606858253479,-4.554604530334473,-5.066214217945022,-4.678849399333099,0.2055283925971212,0.12424486899862597,No,False,Yes,True
Arithmetic,1_digit_addition,'',Is 4 plus 1 equal to 7?,No,-5.147002696990967,-4.715514659881592,-5.066214217945022,-4.678849399333099,-0.08078847904594522,-0.03666526054849317,No,True,No,True
Arithmetic,1_digit_addition,'',Is 3 plus 8 equal to 11?,Yes,-4.894184112548828,-4.524814605712891,-5.066214217945022,-4.678849399333099,0.17203010539619346,0.154034793620208,No,False,Yes,True
Arithmetic,1_digit_multiplication,'',Is 1 times 9 equal to 2?,No,-5.08922290802002,-5.22202730178833,-5.066214217945022,-4.678849399333099,-0.02300869007499884,-0.5431779024552315,Yes,False,Yes,False
Arithmetic,2_digit_multiplication,'',Is 43 times 43 equal to 1849?,Yes,-4.858086109161377,-4.55700159072876,-5.066214217945022,-4.678849399333099,0.20812810878364463,0.12184780860433886,No,False,Yes,True
Arithmetic,1_digit_subtraction,'',Is 1 minus 3 equal to 72?,No,-5.168250560760498,-4.676394462585449,-5.066214217945022,-4.678849399333099,-0.10203634281547647,0.0024549367476494055,No,True,No,True
Arithmetic,2_digit_multiplication,'',Is 96 times 26 equal to 2496?,Yes,-4.89390230178833,-4.592315196990967,-5.066214217945022,-4.678849399333099,0.1723119161566915,0.08653420234213183,No,False,Yes,True
Arithmetic,2_digit_addition,'',Is 76 plus 68 equal to 252?,No,-4.815037727355957,-4.321689605712891,-5.066214217945022,-4.678849399333099,0.25117649058906455,0.357159793620208,No,True,No,True
Arithmetic,2_digit_multiplication,'',Is 49 times 43 equal to 9863?,No,-5.15953540802002,-4.860960006713867,-5.066214217945022,-4.678849399333099,-0.09332119007499884,-0.18211060738076856,No,True,Yes,False
Arithmetic,1_digit_subtraction,'',Is 9 minus 5 equal to 7?,No,-5.269059658050537,-4.7134528160095215,-5.066214217945022,-4.678849399333099,-0.20284544010551553,-0.03460341667642286,No,True,No,True
Arithmetic,1_digit_addition,'',Is 3 plus 8 equal to 77?,No,-4.9193501472473145,-4.424990653991699,-5.066058899402618,-4.678052591323854,0.14670875215530366,0.25306193733215476,No,True,No,True
Arithmetic,1_digit_addition,'',Is 8 plus 6 equal to 14?,Yes,-5.182209491729736,-4.690934658050537,-5.066058899402618,-4.678052591323854,-0.11615059232711822,-0.012882066726683128,No,False,No,False
Arithmetic,1_digit_addition,'',Is 5 plus 0 equal to 8?,No,-5.085528373718262,-4.715514659881592,-5.066058899402618,-4.678052591323854,-0.01946947431564361,-0.037462068557737815,No,True,Yes,False
Arithmetic,1_digit_multiplication,'',Is 8 times 5 equal to 65?,No,-4.875941753387451,-4.697718143463135,-5.066058899402618,-4.678052591323854,0.19011714601516694,-0.019665552139280784,No,True,Yes,False
Arithmetic,2_digit_addition,'',Is 70 plus 90 equal to 198?,No,-5.016180038452148,-4.458368301391602,-5.066058899402618,-4.678052591323854,0.04987886095046967,0.21968428993225242,No,True,No,True
Arithmetic,1_digit_subtraction,'',Is 6 minus 1 equal to 7?,No,-5.4896626472473145,-4.873056411743164,-5.066058899402618,-4.678052591323854,-0.42360374784469634,-0.19500382041931008,No,True,No,True
Arithmetic,1_digit_subtraction,'',Is 8 minus 6 equal to 2?,Yes,-5.336958408355713,-4.850273609161377,-5.066058899402618,-4.678052591323854,-0.2708995089530948,-0.17222101783752297,No,False,No,False
Arithmetic,2_digit_subtraction,'',Is 61 minus 33 equal to 85?,No,-4.909145832061768,-4.481139659881592,-5.066058899402618,-4.678052591323854,0.15691306734085053,0.19691293144226218,No,True,No,True
Arithmetic,2_digit_multiplication,'',Is 24 times 76 equal to 6365?,No,-5.013229370117188,-4.95640230178833,-5.066058899402618,-4.678052591323854,0.05282952928542972,-0.2783497104644761,No,True,Yes,False
Arithmetic,2_digit_subtraction,'',Is 85 minus 61 equal to 97?,No,-4.868649005889893,-4.375206470489502,-5.066058899402618,-4.678052591323854,0.19740989351272553,0.30284612083435203,No,True,No,True
Arithmetic,1_digit_multiplication,'',Is 8 times 0 equal to 0?,Yes,-4.952366352081299,-4.710200309753418,-5.066058899402618,-4.678052591323854,0.11369254732131928,-0.03214771842956399,No,False,Yes,True
Arithmetic,2_digit_addition,'',Is 22 plus 66 equal to 99?,No,-4.718340873718262,-4.285827159881592,-5.066058899402618,-4.678052591323854,0.3477180256843564,0.3922254314422622,No,True,No,True
Arithmetic,2_digit_multiplication,'',Is 13 times 77 equal to 1001?,Yes,-5.140817165374756,-4.714053153991699,-5.066058899402618,-4.678052591323854,-0.07475826597213775,-0.03600056266784524,No,False,No,False
Arithmetic,2_digit_multiplication,'',Is 46 times 29 equal to 6333?,No,-5.222625732421875,-4.864324569702148,-5.066058899402618,-4.678052591323854,-0.1565668330192569,-0.18627197837829446,No,True,Yes,False
Arithmetic,2_digit_multiplication,'',Is 87 times 22 equal to 1914?,Yes,-5.034145832061768,-4.545519828796387,-5.066058899402618,-4.678052591323854,0.03191306734085053,0.13253276252746726,No,False,No,False
Arithmetic,1_digit_subtraction,'',Is 9 minus 3 equal to 1?,No,-5.131881237030029,-4.639882564544678,-5.066058899402618,-4.678052591323854,-0.06582233762741119,0.03817002677917625,No,True,No,True
Arithmetic,2_digit_addition,'',Is 80 plus 30 equal to 438?,No,-5.108086109161377,-4.616778373718262,-5.066058899402618,-4.678052591323854,-0.04202720975875884,0.06127421760559226,No,True,No,True
Arithmetic,1_digit_subtraction,'',Is 7 minus 3 equal to 7?,No,-5.4103779792785645,-4.857431411743164,-5.066058899402618,-4.678052591323854,-0.34431907987594634,-0.17937882041931008,No,True,No,True
Arithmetic,2_digit_subtraction,'',Is 93 minus 67 equal to 26?,Yes,-4.90952730178833,-4.359930038452148,-5.066058899402618,-4.678052591323854,0.15653159761428803,0.31812255287170554,No,False,No,False
Arithmetic,1_digit_multiplication,'',Is 5 times 3 equal to 71?,No,-4.843942165374756,-4.662627696990967,-5.066058899402618,-4.678052591323854,0.22211673402786225,0.015424894332887185,No,True,Yes,False
Arithmetic,1_digit_addition,'',Is 9 plus 8 equal to 17?,Yes,-4.997610092163086,-4.565637588500977,-5.065878052804983,-4.677902596604592,0.06826796064189722,0.1122650081036154,No,False,No,False
Arithmetic,2_digit_subtraction,'',Is 62 minus 92 equal to -30?,Yes,-5.380416870117188,-4.772002696990967,-5.065878052804983,-4.677902596604592,-0.31453881731220523,-0.09410010038637484,No,False,No,False
Arithmetic,1_digit_multiplication,'',Is 1 times 7 equal to 3?,No,-5.154866695404053,-5.288673400878906,-5.065878052804983,-4.677902596604592,-0.08898864259906958,-0.6107708042743143,Yes,False,Yes,False
Arithmetic,2_digit_subtraction,'',Is 79 minus 69 equal to 10?,Yes,-5.061978340148926,-4.576584339141846,-5.065878052804983,-4.677902596604592,0.0038997126560573747,0.10131825746274625,No,False,No,False
Arithmetic,2_digit_subtraction,'',Is 35 minus 76 equal to -41?,Yes,-5.538673400878906,-4.803252696990967,-5.065878052804983,-4.677902596604592,-0.4727953480739231,-0.12535010038637484,No,False,No,False
Arithmetic,2_digit_addition,'',Is 38 plus 57 equal to 95?,Yes,-4.667621612548828,-4.23637580871582,-5.065878052804983,-4.677902596604592,0.39825644025615503,0.44152678788877164,No,False,No,False
Arithmetic,2_digit_addition,'',Is 80 plus 54 equal to 452?,No,-4.9896626472473145,-4.559264659881592,-5.065878052804983,-4.677902596604592,0.0762154055576687,0.11863793672300016,No,True,No,True
Arithmetic,2_digit_multiplication,'',Is 91 times 84 equal to 7644?,Yes,-5.070844650268555,-4.97203540802002,-5.065878052804983,-4.677902596604592,-0.0049665974635715315,-0.29413281141542846,No,False,Yes,True
Arithmetic,2_digit_multiplication,'',Is 14 times 55 equal to 770?,Yes,-5.039254665374756,-4.733965873718262,-5.065878052804983,-4.677902596604592,0.026623387430227297,-0.05606327711366976,No,False,Yes,True
Arithmetic,1_digit_multiplication,'',Is 8 times 3 equal to 24?,Yes,-4.692449569702148,-4.639190196990967,-5.065878052804983,-4.677902596604592,0.3734284831028347,0.03871239961362516,No,False,Yes,True
Arithmetic,2_digit_addition,'',Is 98 plus 36 equal to 520?,No,-4.84520149230957,-4.413320064544678,-5.065878052804983,-4.677902596604592,0.22067656049541284,0.2645825320599142,No,True,No,True
Arithmetic,2_digit_subtraction,'',Is 62 minus 19 equal to 43?,Yes,-5.05015230178833,-4.500555038452148,-5.065878052804983,-4.677902596604592,0.015725751016653078,0.17734755815244352,No,False,No,False
Arithmetic,2_digit_subtraction,'',Is 22 minus 66 equal to -44?,Yes,-5.624241352081299,-4.828272342681885,-5.065878052804983,-4.677902596604592,-0.5583632992763157,-0.1503697460772928,No,False,No,False
Arithmetic,1_digit_multiplication,'',Is 6 times 8 equal to 46?,No,-4.908771991729736,-4.667497158050537,-5.065878052804983,-4.677902596604592,0.15710606107524683,0.010405438554054847,No,True,Yes,False
Arithmetic,2_digit_subtraction,'',Is 43 minus 19 equal to 90?,No,-4.688055038452148,-4.194510459899902,-5.065878052804983,-4.677902596604592,0.3778230143528347,0.4833921367046896,No,True,No,True
Arithmetic,2_digit_addition,'',Is 24 plus 79 equal to 103?,Yes,-4.896047592163086,-4.463524341583252,-5.065878052804983,-4.677902596604592,0.16983046064189722,0.21437825502134,No,False,No,False
Arithmetic,2_digit_multiplication,'',Is 43 times 90 equal to 1683?,No,-4.952735900878906,-4.654815196990967,-5.065878052804983,-4.677902596604592,0.1131421519260769,0.02308739961362516,No,True,Yes,False
Arithmetic,1_digit_addition,'',Is 4 plus 0 equal to 4?,Yes,-4.976153373718262,-4.607431411743164,-5.065878052804983,-4.677902596604592,0.08972467908672144,0.0704711848614279,No,False,Yes,True
Arithmetic,1_digit_addition,'',Is 1 plus 6 equal to 7?,Yes,-5.254949569702148,-5.010708332061768,-5.065878052804983,-4.677902596604592,-0.18907151689716528,-0.3328057354571756,No,False,Yes,True
Arithmetic,2_digit_multiplication,'',Is 49 times 21 equal to 1029?,Yes,-5.34702730178833,-4.920440196990967,-5.065878052804983,-4.677902596604592,-0.2811492489833469,-0.24253760038637484,No,False,No,False
Arithmetic,2_digit_subtraction,'',Is 73 minus 41 equal to 32?,Yes,-4.7931904792785645,-4.364618301391602,-5.067085354144755,-4.67853217996084,0.27389487486619046,0.31391387856923814,No,False,No,False
Arithmetic,1_digit_subtraction,'',Is 2 minus 9 equal to -7?,Yes,-5.671391010284424,-4.999068737030029,-5.067085354144755,-4.67853217996084,-0.6043056561396689,-0.3205365570691896,No,False,No,False
Arithmetic,1_digit_multiplication,'',Is 4 times 8 equal to 13?,No,-5.251144886016846,-4.887331962585449,-5.067085354144755,-4.67853217996084,-0.1840595318720908,-0.20879978262460952,No,True,Yes,False
Arithmetic,2_digit_subtraction,'',Is 87 minus 39 equal to 48?,Yes,-4.92332649230957,-4.43168830871582,-5.067085354144755,-4.67853217996084,0.1437588618351846,0.2468438712450194,No,False,No,False
Arithmetic,2_digit_subtraction,'',Is 16 minus 17 equal to -1?,Yes,-5.560104370117188,-4.826690196990967,-5.067085354144755,-4.67853217996084,-0.49301901597243347,-0.1481580170301271,No,False,No,False
Arithmetic,2_digit_multiplication,'',Is 76 times 29 equal to 2204?,Yes,-5.225179195404053,-4.867379665374756,-5.067085354144755,-4.67853217996084,-0.15809384125929782,-0.18884748541391616,No,False,Yes,True
Arithmetic,2_digit_addition,'',Is 77 plus 62 equal to 679?,No,-5.101173400878906,-4.6771626472473145,-5.067085354144755,-4.67853217996084,-0.034088046734151334,0.0013695327135252455,No,True,No,True
Arithmetic,1_digit_multiplication,'',Is 8 times 6 equal to 38?,No,-4.934637069702148,-4.631377696990967,-5.067085354144755,-4.67853217996084,0.13244828444260648,0.0471544829698729,No,True,Yes,False
Arithmetic,1_digit_addition,'',Is 7 plus 2 equal to 9?,Yes,-5.029013156890869,-4.6015706062316895,-5.067085354144755,-4.67853217996084,0.038072197253885776,0.07696157372915025,No,False,No,False
Arithmetic,2_digit_addition,'',Is 90 plus 37 equal to 370?,No,-4.8177876472473145,-4.385928153991699,-5.067085354144755,-4.67853217996084,0.24929770689744046,0.2926040259691405,No,True,No,True
Arithmetic,1_digit_addition,'',Is 4 plus 6 equal to 10?,Yes,-5.023992538452148,-4.467394828796387,-5.067085354144755,-4.67853217996084,0.04309281569260648,0.21113735116445298,No,False,No,False
Arithmetic,2_digit_addition,'',Is 73 plus 51 equal to 124?,Yes,-4.868772506713867,-4.440615653991699,-5.067085354144755,-4.67853217996084,0.19831284743088773,0.23791652596914048,No,False,No,False
Arithmetic,2_digit_subtraction,'',Is 94 minus 28 equal to 66?,Yes,-5.040647506713867,-4.48824405670166,-5.067085354144755,-4.67853217996084,0.02643784743088773,0.19028812325917954,No,False,No,False
Arithmetic,1_digit_addition,'',Is 0 plus 6 equal to 6?,Yes,-5.183563232421875,-4.880416870117188,-5.067085354144755,-4.67853217996084,-0.11647787827712008,-0.2018846901563487,No,False,Yes,True
Arithmetic,2_digit_subtraction,'',Is 10 minus 68 equal to 362?,No,-5.150975227355957,-4.53325080871582,-5.067085354144755,-4.67853217996084,-0.08388987321120212,0.1452813712450194,No,True,No,True
Arithmetic,1_digit_subtraction,'',Is 2 minus 2 equal to 5?,No,-5.2697529792785645,-4.964053153991699,-5.067085354144755,-4.67853217996084,-0.20266762513380954,-0.2855209740308595,No,True,Yes,False
Arithmetic,1_digit_subtraction,'',Is 1 minus 6 equal to 18?,No,-5.358637809753418,-4.807093143463135,-5.067085354144755,-4.67853217996084,-0.29155245560866305,-0.12856096350229507,No,True,No,True
Arithmetic,2_digit_multiplication,'',Is 58 times 75 equal to 8998?,No,-5.218883514404297,-4.858853340148926,-5.067085354144755,-4.67853217996084,-0.15179816025954196,-0.18032116018808608,No,True,Yes,False
Arithmetic,1_digit_multiplication,'',Is 1 times 1 equal to 7?,No,-5.122137069702148,-5.190395832061768,-5.067085354144755,-4.67853217996084,-0.05505171555739352,-0.5118636521009279,Yes,False,Yes,False
Arithmetic,1_digit_addition,'',Is 1 plus 3 equal to 4?,Yes,-5.028844356536865,-4.909684658050537,-5.067085354144755,-4.67853217996084,0.03824099760788968,-0.2311524780896974,No,False,Yes,True
Arithmetic,1_digit_subtraction,'',Is 2 minus 5 equal to 39?,No,-5.179165840148926,-4.627537727355957,-5.067128386137619,-4.677482672907273,-0.11203745401130671,0.049944945551316344,No,True,No,True
Arithmetic,2_digit_subtraction,'',Is 96 minus 74 equal to 20?,No,-5.086129665374756,-4.409365653991699,-5.067128386137619,-4.677482672907273,-0.019001279237136792,0.26811701891557416,No,True,No,True
Arithmetic,1_digit_subtraction,'',Is 4 minus 8 equal to 58?,No,-5.109930038452148,-4.428885459899902,-5.067128386137619,-4.677482672907273,-0.04280165231452937,0.24859721300737103,No,True,No,True
Arithmetic,2_digit_multiplication,'',Is 54 times 97 equal to 5238?,Yes,-5.083198070526123,-4.724325656890869,-5.067128386137619,-4.677482672907273,-0.01606968438850398,-0.046842983983595765,No,False,Yes,True
Arithmetic,1_digit_subtraction,'',Is 8 minus 7 equal to 1?,Yes,-5.255416870117188,-4.6447529792785645,-5.067128386137619,-4.677482672907273,-0.18828848397956932,0.03272969362870892,No,False,No,False
Arithmetic,2_digit_subtraction,'',Is 38 minus 43 equal to 49?,No,-4.932225227355957,-4.37700080871582,-5.067128386137619,-4.677482672907273,0.13490315878166204,0.30048186419145306,No,True,No,True
Arithmetic,1_digit_subtraction,'',Is 4 minus 5 equal to 81?,No,-5.131377696990967,-4.389269828796387,-5.067128386137619,-4.677482672907273,-0.06424931085334773,0.28821284411088666,No,True,No,True
Arithmetic,2_digit_addition,'',Is 74 plus 54 equal to 154?,No,-4.8334126472473145,-4.466180801391602,-5.067128386137619,-4.677482672907273,0.23371573889030461,0.2113018715156718,No,True,Yes,False
Arithmetic,1_digit_addition,'',Is 1 plus 6 equal to 5?,No,-5.037773609161377,-4.8556904792785645,-5.067128386137619,-4.677482672907273,0.029354776976242114,-0.17820780637129108,No,True,Yes,False
Arithmetic,1_digit_addition,'',Is 5 plus 7 equal to 12?,Yes,-5.035769462585449,-4.602939605712891,-5.067128386137619,-4.677482672907273,0.03135892355216985,0.07454306719438275,No,False,No,False
Arithmetic,2_digit_addition,'',Is 82 plus 29 equal to 434?,No,-4.958074569702148,-4.654815196990967,-5.067128386137619,-4.677482672907273,0.10905381643547063,0.02266747591630658,No,True,Yes,False
Arithmetic,2_digit_subtraction,'',Is 70 minus 50 equal to 20?,Yes,-5.1447529792785645,-4.52730655670166,-5.067128386137619,-4.677482672907273,-0.07762459314094539,0.15017611620561322,No,False,No,False
Arithmetic,2_digit_multiplication,'',Is 76 times 40 equal to 8832?,No,-5.085453510284424,-4.788131237030029,-5.067128386137619,-4.677482672907273,-0.01832512414680476,-0.11064856412275592,No,True,Yes,False
Arithmetic,1_digit_multiplication,'',Is 8 times 1 equal to 2?,No,-5.103201866149902,-5.110519886016846,-5.067128386137619,-4.677482672907273,-0.03607348001228328,-0.4330372131095723,Yes,False,Yes,False
Arithmetic,2_digit_addition,'',Is 28 plus 83 equal to 747?,No,-4.832644462585449,-4.399814605712891,-5.067128386137619,-4.677482672907273,0.23448392355216985,0.27766806719438275,No,True,No,True
Arithmetic,2_digit_multiplication,'',Is 86 times 72 equal to 6192?,Yes,-5.060787677764893,-4.892124652862549,-5.067128386137619,-4.677482672907273,0.006340708372726489,-0.21464197995527545,No,False,Yes,True
Arithmetic,1_digit_subtraction,'',Is 6 minus 1 equal to 5?,Yes,-5.241778373718262,-4.748644828796387,-5.067128386137619,-4.677482672907273,-0.17464998758064265,-0.07116215588911334,No,False,No,False
Arithmetic,2_digit_addition,'',Is 31 plus 85 equal to 694?,No,-4.940212726593018,-4.573871612548828,-5.067128386137619,-4.677482672907273,0.1269156595446015,0.10361106035844525,No,True,Yes,False
Arithmetic,2_digit_addition,'',Is 93 plus 35 equal to 128?,Yes,-4.595211505889893,-4.288780212402344,-5.067128386137619,-4.677482672907273,0.4719168802477265,0.3887024605049296,No,False,Yes,True
Arithmetic,2_digit_subtraction,'',Is 57 minus 98 equal to -41?,Yes,-5.740804195404053,-4.948208332061768,-5.067128386137619,-4.677482672907273,-0.6736758092664337,-0.2707256591544942,No,False,No,False
Arithmetic,2_digit_addition,'',Is 48 plus 28 equal to 94?,No,-4.8646626472473145,-4.30855655670166,-5.064138708291229,-4.676559740967223,0.19947606104391458,0.36800318426556267,No,True,No,True
Arithmetic,2_digit_addition,'',Is 38 plus 57 equal to 20?,No,-4.818877696990967,-4.388055801391602,-5.064138708291229,-4.676559740967223,0.24526101130026223,0.28850393957562126,No,True,No,True
Arithmetic,2_digit_multiplication,'',Is 55 times 89 equal to 4895?,Yes,-4.871195793151856,-4.568668365478516,-5.064138708291229,-4.676559740967223,0.19294291513937267,0.1078913754887072,No,False,Yes,True
Arithmetic,2_digit_multiplication,'',Is 32 times 95 equal to 3040?,Yes,-5.017124652862549,-4.713833332061768,-5.064138708291229,-4.676559740967223,0.0470140554286802,-0.037273591094544756,No,False,Yes,True
Arithmetic,2_digit_addition,'',Is 69 plus 17 equal to 86?,Yes,-4.565934658050537,-4.322237491607666,-5.064138708291229,-4.676559740967223,0.4982040502406919,0.3543222493595568,No,False,Yes,True
Arithmetic,2_digit_addition,'',Is 30 plus 45 equal to 21?,No,-4.900022506713867,-4.468340873718262,-5.064138708291229,-4.676559740967223,0.16411620157736184,0.2082188672489611,No,True,No,True
Arithmetic,2_digit_multiplication,'',Is 56 times 66 equal to 9668?,No,-5.107662677764893,-4.813999652862549,-5.064138708291229,-4.676559740967223,-0.04352396947366355,-0.137439911895326,No,True,Yes,False
Arithmetic,1_digit_multiplication,'',Is 1 times 6 equal to 6?,Yes,-4.942790985107422,-5.135334491729736,-5.064138708291229,-4.676559740967223,0.12134772318380715,-0.4587747507625135,Yes,True,Yes,True
Arithmetic,2_digit_addition,'',Is 93 plus 99 equal to 778?,No,-4.851859092712402,-4.360752105712891,-5.064138708291229,-4.676559740967223,0.21227961557882669,0.3158076352543322,No,True,No,True
Arithmetic,1_digit_multiplication,'',Is 5 times 1 equal to 5?,Yes,-4.795440196990967,-4.924990653991699,-5.064138708291229,-4.676559740967223,0.26869851130026223,-0.2484309130244764,Yes,True,Yes,True
Arithmetic,1_digit_multiplication,'',Is 5 times 8 equal to 40?,Yes,-4.924770832061768,-4.681149005889893,-5.064138708291229,-4.676559740967223,0.13936787622946145,-0.004589264922669756,No,False,Yes,True
Arithmetic,2_digit_multiplication,'',Is 72 times 94 equal to 1630?,No,-4.905860900878906,-4.6693501472473145,-5.064138708291229,-4.676559740967223,0.15827780741232278,0.007209593719908369,No,True,Yes,False
Arithmetic,1_digit_multiplication,'',Is 9 times 3 equal to 27?,Yes,-4.850631237030029,-4.670334339141846,-5.064138708291229,-4.676559740967223,0.21350747126119973,0.006225401825377119,No,False,Yes,True
Arithmetic,2_digit_addition,'',Is 76 plus 88 equal to 164?,Yes,-4.897148609161377,-4.470211505889893,-5.064138708291229,-4.676559740967223,0.16699009912985208,0.20634823507733024,No,False,No,False
Arithmetic,2_digit_multiplication,'',Is 63 times 23 equal to 1449?,Yes,-5.071477890014648,-4.717461109161377,-5.064138708291229,-4.676559740967223,-0.007339181723419408,-0.04090136819415413,No,False,Yes,True
Arithmetic,1_digit_multiplication,'',Is 2 times 8 equal to 96?,No,-4.79233980178833,-4.6146626472473145,-5.064138708291229,-4.676559740967223,0.27179890650289895,0.06189709371990837,No,True,Yes,False
Arithmetic,1_digit_addition,'',Is 2 plus 7 equal to 1?,No,-5.042701244354248,-4.801063060760498,-5.064138708291229,-4.676559740967223,0.021437463936980983,-0.12450331979327522,No,True,Yes,False
Arithmetic,2_digit_multiplication,'',Is 44 times 48 equal to 9687?,No,-5.098646640777588,-4.802165985107422,-5.064138708291229,-4.676559740967223,-0.03450793248635886,-0.12560624414019905,No,True,Yes,False
Arithmetic,1_digit_multiplication,'',Is 4 times 3 equal to 12?,Yes,-4.937692165374756,-4.759274005889893,-5.064138708291229,-4.676559740967223,0.12644654291647317,-0.08271426492266976,No,False,Yes,True
Arithmetic,2_digit_addition,'',Is 28 plus 84 equal to 112?,Yes,-4.856875419616699,-4.362445831298828,-5.064138708291229,-4.676559740967223,0.2072632886745298,0.3141139096683947,No,False,No,False
Arithmetic,2_digit_subtraction,'',Is 11 minus 96 equal to 594?,No,-5.2853779792785645,-4.668639659881592,-5.062740151231938,-4.674535649473018,-0.22263782804662657,0.005895989591426343,No,True,No,True
Arithmetic,2_digit_subtraction,'',Is 92 minus 76 equal to 86?,No,-4.693877696990967,-4.388681411743164,-5.062740151231938,-4.674535649473018,0.3688624542409711,0.2858542377298541,No,True,Yes,False
Arithmetic,2_digit_multiplication,'',Is 61 times 13 equal to 350?,No,-4.929298400878906,-4.568877696990967,-5.062740151231938,-4.674535649473018,0.13344175035303163,0.10565795248205134,No,True,Yes,False
Arithmetic,1_digit_subtraction,'',Is 4 minus 9 equal to 85?,No,-5.079586505889893,-4.336143970489502,-5.062740151231938,-4.674535649473018,-0.0168463546579547,0.3383916789835162,No,True,No,True
Arithmetic,1_digit_subtraction,'',Is 8 minus 9 equal to -1?,Yes,-5.491798400878906,-4.757403373718262,-5.062740151231938,-4.674535649473018,-0.42905824964696837,-0.08286772424524358,No,False,No,False
Arithmetic,2_digit_addition,'',Is 44 plus 82 equal to 126?,Yes,-4.758367538452148,-4.326769828796387,-5.062740151231938,-4.674535649473018,0.30437261277978944,0.3477658206766314,No,False,No,False
Arithmetic,2_digit_subtraction,'',Is 61 minus 84 equal to 616?,No,-5.176948070526123,-4.693075656890869,-5.062740151231938,-4.674535649473018,-0.11420791929418517,-0.018540007417851,No,True,No,True
Arithmetic,1_digit_subtraction,'',Is 7 minus 9 equal to -2?,Yes,-5.637762069702148,-4.90075159072876,-5.062740151231938,-4.674535649473018,-0.5750219184702106,-0.22621594125574163,No,False,No,False
Arithmetic,2_digit_addition,'',Is 83 plus 61 equal to 144?,Yes,-4.633109092712402,-4.4531331062316895,-5.062740151231938,-4.674535649473018,0.42963105851953554,0.2214025432413287,No,False,Yes,True
Arithmetic,2_digit_multiplication,'',Is 53 times 95 equal to 7408?,No,-5.169308185577393,-4.811978340148926,-5.062740151231938,-4.674535649473018,-0.1065680343454547,-0.13744269067590764,No,True,Yes,False
Arithmetic,2_digit_multiplication,'',Is 98 times 71 equal to 4004?,No,-5.063520908355713,-4.767210006713867,-5.062740151231938,-4.674535649473018,-0.000780757123775011,-0.09267435724084905,No,True,Yes,False
Arithmetic,2_digit_addition,'',Is 81 plus 63 equal to 720?,No,-4.557583332061768,-4.43981409072876,-5.062740151231938,-4.674535649473018,0.5051568191701703,0.23472155874425837,No,True,Yes,False
Arithmetic,2_digit_addition,'',Is 55 plus 15 equal to 38?,No,-4.721865653991699,-4.350760459899902,-5.062740151231938,-4.674535649473018,0.34087449724023866,0.3237751895731158,No,True,Yes,False
Arithmetic,2_digit_subtraction,'',Is 98 minus 42 equal to 56?,Yes,-4.936065196990967,-4.381457328796387,-5.062740151231938,-4.674535649473018,0.12667495424097108,0.2930783206766314,No,False,No,False
Arithmetic,2_digit_addition,'',Is 27 plus 99 equal to 126?,Yes,-5.007070064544678,-4.450342178344727,-5.062740151231938,-4.674535649473018,0.055670086687260145,0.22419347112829158,No,False,No,False
Arithmetic,2_digit_addition,'',Is 28 plus 19 equal to 17?,No,-5.133367538452148,-4.702322959899902,-5.062740151231938,-4.674535649473018,-0.07062738722021056,-0.027787310426884204,No,True,No,True
Arithmetic,1_digit_addition,'',Is 4 plus 4 equal to 5?,No,-4.968007564544678,-4.534905433654785,-5.062740151231938,-4.674535649473018,0.09473258668726015,0.13963021581823298,No,True,No,True
Arithmetic,2_digit_subtraction,'',Is 17 minus 34 equal to 270?,No,-4.9427876472473145,-4.449889659881592,-5.062740151231938,-4.674535649473018,0.11995250398462343,0.22464598959142634,No,True,No,True
Arithmetic,1_digit_multiplication,'',Is 8 times 8 equal to 24?,No,-4.755406856536865,-4.638980865478516,-5.062740151231938,-4.674535649473018,0.30733329469507265,0.035554783994502515,No,True,Yes,False
Arithmetic,1_digit_multiplication,'',Is 5 times 6 equal to 30?,Yes,-4.803252696990967,-4.68355655670166,-5.062740151231938,-4.674535649473018,0.2594874542409711,-0.009020907228642017,No,False,Yes,True
Arithmetic,2_digit_multiplication,'',Is 99 times 38 equal to 7080?,No,-5.0638108253479,-4.509109020233154,-5.064318640742982,-4.676010850497655,0.0005078153950819342,0.1669018302645009,No,True,No,True
Arithmetic,2_digit_multiplication,'',Is 27 times 26 equal to 285?,No,-5.086129665374756,-4.721865653991699,-5.064318640742982,-4.676010850497655,-0.021811024631773535,-0.04585480349404403,No,True,Yes,False
Arithmetic,2_digit_subtraction,'',Is 57 minus 84 equal to -27?,Yes,-5.651114940643311,-4.984671592712402,-5.064318640742982,-4.676010850497655,-0.5867962999003291,-0.30866074221474715,No,False,No,False
Arithmetic,2_digit_addition,'',Is 11 plus 53 equal to 64?,Yes,-4.684264659881592,-4.376502513885498,-5.064318640742982,-4.676010850497655,0.38005398086139053,0.29950833661215714,No,False,Yes,True
Arithmetic,1_digit_subtraction,'',Is 8 minus 3 equal to 3?,No,-5.366665840148926,-4.815037727355957,-5.064318640742982,-4.676010850497655,-0.30234719940594346,-0.13902687685830184,No,True,No,True
Arithmetic,1_digit_addition,'',Is 9 plus 4 equal to 13?,Yes,-5.118649005889893,-4.561697959899902,-5.064318640742982,-4.676010850497655,-0.05433036514691025,0.11431289059775285,No,False,No,False
Arithmetic,2_digit_multiplication,'',Is 13 times 45 equal to 550?,No,-5.209648609161377,-4.719305038452148,-5.064318640742982,-4.676010850497655,-0.14532996841839463,-0.043294187954493246,No,True,No,True
Arithmetic,1_digit_addition,'',Is 7 plus 2 equal to 8?,No,-5.025975227355957,-4.720127105712891,-5.064318640742982,-4.676010850497655,0.038343413387025294,-0.044116255215235434,No,True,Yes,False
Arithmetic,2_digit_multiplication,'',Is 10 times 46 equal to 389?,No,-5.073208332061768,-4.51949405670166,-5.064318640742982,-4.676010850497655,-0.008889691318785253,0.15651679379599504,No,True,No,True
Arithmetic,1_digit_subtraction,'',Is 7 minus 7 equal to 6?,No,-5.198208332061768,-4.770202159881592,-5.064318640742982,-4.676010850497655,-0.13388969131878525,-0.0941913093839366,No,True,No,True
Arithmetic,1_digit_subtraction,'',Is 3 minus 0 equal to 3?,Yes,-5.424770832061768,-5.05700159072876,-5.064318640742982,-4.676010850497655,-0.36045219131878525,-0.3809907402311046,No,False,Yes,True
Arithmetic,1_digit_subtraction,'',Is 5 minus 6 equal to 69?,No,-5.170440196990967,-4.426452159881592,-5.064318640742982,-4.676010850497655,-0.10612155624798447,0.2495586906160634,No,True,No,True
Arithmetic,1_digit_multiplication,'',Is 5 times 1 equal to 1?,No,-5.053398609161377,-4.995083332061768,-5.064318640742982,-4.676010850497655,0.010920031581605372,-0.3190724815641124,No,True,Yes,False
Arithmetic,1_digit_subtraction,'',Is 2 minus 5 equal to -3?,Yes,-5.951741695404053,-5.340887069702148,-5.064318640742982,-4.676010850497655,-0.8874230546610704,-0.6648762192044932,No,False,No,False
Arithmetic,1_digit_multiplication,'',Is 2 times 1 equal to 2?,Yes,-4.954269886016846,-5.210006237030029,-5.064318640742982,-4.676010850497655,0.11004875472613662,-0.5339953865323741,Yes,True,Yes,True
Arithmetic,2_digit_multiplication,'',Is 10 times 83 equal to 472?,No,-5.017124652862549,-4.7162251472473145,-5.064318640742982,-4.676010850497655,0.0471939878804335,-0.04021429674965926,No,True,Yes,False
Arithmetic,2_digit_addition,'',Is 93 plus 31 equal to 721?,No,-4.826836109161377,-4.523028373718262,-5.064318640742982,-4.676010850497655,0.23748253158160537,0.15298247677939347,No,True,Yes,False
Arithmetic,1_digit_multiplication,'',Is 0 times 8 equal to 0?,Yes,-5.342985153198242,-5.047407150268555,-5.064318640742982,-4.676010850497655,-0.27866651245525986,-0.3713962997708995,No,False,Yes,True
Arithmetic,1_digit_addition,'',Is 4 plus 8 equal to 24?,No,-4.814905643463135,-4.321609020233154,-5.064318640742982,-4.676010850497655,0.24941299727984756,0.3544018302645009,No,True,No,True
Arithmetic,1_digit_addition,'',Is 1 plus 4 equal to 8?,No,-4.988563060760498,-4.807225227355957,-5.064318640742982,-4.676010850497655,0.07575557998248428,-0.13121437685830184,No,True,Yes,False
Arithmetic,2_digit_multiplication,'',Is 63 times 97 equal to 9084?,No,-5.124805450439453,-4.958541870117188,-5.065088843462759,-4.675925146906,-0.059716606976694564,-0.2826167232111887,No,True,Yes,False
Arithmetic,1_digit_multiplication,'',Is 5 times 6 equal to 42?,No,-4.940395832061768,-4.758367538452148,-5.065088843462759,-4.675925146906,0.12469301140099098,-0.08244239154614874,No,True,Yes,False
Arithmetic,1_digit_subtraction,'',Is 9 minus 5 equal to 4?,Yes,-5.008367538452148,-4.576181411743164,-5.065088843462759,-4.675925146906,0.056721305010610124,0.09974373516283563,No,False,No,False
Arithmetic,1_digit_addition,'',Is 8 plus 5 equal to 13?,Yes,-5.185094356536865,-4.6919026374816895,-5.065088843462759,-4.675925146906,-0.12000551307410667,-0.015977490575689757,No,False,No,False
Arithmetic,2_digit_addition,'',Is 47 plus 75 equal to 122?,Yes,-4.9885029792785645,-4.496764659881592,-5.065088843462759,-4.675925146906,0.07658586418419411,0.1791604870244079,No,False,No,False
Arithmetic,1_digit_subtraction,'',Is 5 minus 4 equal to 9?,No,-5.0825276374816895,-4.5259528160095215,-5.065088843462759,-4.675925146906,-0.017438794018930892,0.1499723308964782,No,True,No,True
Arithmetic,2_digit_addition,'',Is 15 plus 11 equal to 26?,Yes,-4.938961505889893,-4.443368911743164,-5.065088843462759,-4.675925146906,0.12612733757286598,0.23255623516283563,No,False,No,False
Arithmetic,2_digit_multiplication,'',Is 39 times 48 equal to 8277?,No,-5.137709140777588,-4.782191753387451,-5.065088843462759,-4.675925146906,-0.07262029731482933,-0.10626660648145148,No,True,Yes,False
Arithmetic,2_digit_subtraction,'',Is 22 minus 55 equal to 993?,No,-5.075262069702148,-4.523992538452148,-5.065088843462759,-4.675925146906,-0.010173226239389876,0.15193260845385126,No,True,No,True
Arithmetic,1_digit_subtraction,'',Is 5 minus 0 equal to 5?,Yes,-5.241778373718262,-4.809930801391602,-5.065088843462759,-4.675925146906,-0.17668953025550316,-0.13400565448560187,No,False,No,False
Arithmetic,2_digit_addition,'',Is 39 plus 55 equal to 94?,Yes,-4.59606409072876,-4.163260459899902,-5.065088843462759,-4.675925146906,0.4690247527339988,0.5126646870060974,No,False,No,False
Arithmetic,1_digit_subtraction,'',Is 1 minus 4 equal to 37?,No,-5.308082580566406,-4.695459842681885,-5.065088843462759,-4.675925146906,-0.2429937371036477,-0.01953469577588507,No,True,No,True
Arithmetic,2_digit_multiplication,'',Is 54 times 51 equal to 3681?,No,-5.103201866149902,-4.68113899230957,-5.065088843462759,-4.675925146906,-0.03811302268714378,-0.005213845403570616,No,True,No,True
Arithmetic,1_digit_multiplication,'',Is 0 times 0 equal to 2?,No,-5.465610504150391,-5.413398742675781,-5.065088843462759,-4.675925146906,-0.40052166068763206,-0.7374735957697816,No,True,Yes,False
Arithmetic,2_digit_subtraction,'',Is 11 minus 27 equal to 867?,No,-5.2931904792785645,-4.676452159881592,-5.065088843462759,-4.675925146906,-0.2281016358158059,-0.0005270129755921005,No,True,No,True
Arithmetic,1_digit_subtraction,'',Is 3 minus 1 equal to 3?,No,-5.285769462585449,-4.979149341583252,-5.065088843462759,-4.675925146906,-0.22068061912269066,-0.30322419467725226,No,True,Yes,False
Arithmetic,2_digit_subtraction,'',Is 56 minus 65 equal to -9?,Yes,-5.321333408355713,-4.654815196990967,-5.065088843462759,-4.675925146906,-0.25624456489295433,0.0211099499150329,No,False,No,False
Arithmetic,1_digit_subtraction,'',Is 1 minus 5 equal to 26?,No,-5.259312152862549,-4.6459126472473145,-5.065088843462759,-4.675925146906,-0.19422330939979027,0.030012499658685243,No,True,No,True
Arithmetic,1_digit_addition,'',Is 6 plus 8 equal to 14?,Yes,-5.2631001472473145,-4.707702159881592,-5.065088843462759,-4.675925146906,-0.1980113037845559,-0.0317770129755921,No,False,No,False
Arithmetic,2_digit_addition,'',Is 55 plus 32 equal to 87?,Yes,-4.545334339141846,-4.238030433654785,-5.065088843462759,-4.675925146906,0.5197545043209129,0.43789471325121454,No,False,Yes,True
Arithmetic,1_digit_multiplication,'',Is 9 times 9 equal to 86?,No,-4.643740653991699,-4.461143970489502,-5.064581006970897,-4.67631947542059,0.420840352979198,0.2151755049310884,No,True,Yes,False
Arithmetic,2_digit_addition,'',Is 11 plus 22 equal to 33?,Yes,-4.948428153991699,-4.578790664672852,-5.064581006970897,-4.67631947542059,0.11615285297919797,0.09752881074773878,No,False,Yes,True
Arithmetic,2_digit_multiplication,'',Is 84 times 31 equal to 2604?,Yes,-5.140429973602295,-4.846271991729736,-5.064581006970897,-4.67631947542059,-0.07584896663139773,-0.16995251630914598,No,False,Yes,True
Arithmetic,1_digit_multiplication,'',Is 3 times 3 equal to 9?,Yes,-4.808695793151856,-4.818668365478516,-5.064581006970897,-4.67631947542059,0.25588521381904084,-0.14234889005792528,Yes,True,Yes,True
Arithmetic,2_digit_multiplication,'',Is 19 times 89 equal to 2333?,No,-5.251020908355713,-5.075262069702148,-5.064581006970897,-4.67631947542059,-0.1864399013848157,-0.3989425942815581,No,True,Yes,False
Arithmetic,2_digit_multiplication,'',Is 25 times 29 equal to 783?,No,-5.205837726593018,-4.840456962585449,-5.064581006970897,-4.67631947542059,-0.14125671962212039,-0.16413748716485888,No,True,Yes,False
Arithmetic,2_digit_multiplication,'',Is 14 times 81 equal to 1134?,Yes,-5.063999652862549,-4.826690196990967,-5.064581006970897,-4.67631947542059,0.0005813541083483642,-0.15037072157037645,No,False,Yes,True
Arithmetic,1_digit_subtraction,'',Is 7 minus 4 equal to 8?,No,-5.170440196990967,-4.740832328796387,-5.064581006970897,-4.67631947542059,-0.1058591900200696,-0.06451285337579638,No,True,No,True
Arithmetic,1_digit_addition,'',Is 6 plus 5 equal to 83?,No,-4.944903373718262,-4.512389659881592,-5.064581006970897,-4.67631947542059,0.11967763325263547,0.16392981553899855,No,True,No,True
Arithmetic,2_digit_addition,'',Is 56 plus 85 equal to 141?,Yes,-4.798460006713867,-4.37105655670166,-5.064581006970897,-4.67631947542059,0.26612100025703,0.3052629187189302,No,False,No,False
Arithmetic,1_digit_multiplication,'',Is 7 times 1 equal to 7?,Yes,-4.946897506713867,-4.95543909072876,-5.064581006970897,-4.67631947542059,0.11768350025703,-0.2791196153081694,Yes,True,Yes,True
Arithmetic,2_digit_multiplication,'',Is 73 times 42 equal to 3066?,Yes,-5.007328510284424,-4.708700656890869,-5.064581006970897,-4.67631947542059,0.057252496686473364,-0.0323811814702788,No,False,Yes,True
Arithmetic,1_digit_addition,'',Is 7 plus 8 equal to 17?,No,-5.178597450256348,-4.7491607666015625,-5.064581006970897,-4.67631947542059,-0.11401644328545046,-0.07284129118097216,No,True,No,True
Arithmetic,2_digit_subtraction,'',Is 27 minus 40 equal to 802?,No,-4.954066753387451,-4.5247483253479,-5.064581006970897,-4.67631947542059,0.11051425358344602,0.15157115007268995,No,True,No,True
Arithmetic,1_digit_multiplication,'',Is 6 times 2 equal to 12?,Yes,-4.94858980178833,-4.893520832061768,-5.064581006970897,-4.67631947542059,0.11599120518256711,-0.21720135664117723,No,False,Yes,True
Arithmetic,2_digit_addition,'',Is 14 plus 89 equal to 103?,Yes,-4.880422592163086,-4.510950088500977,-5.064581006970897,-4.67631947542059,0.18415841480781125,0.16536938691961378,No,False,Yes,True
Arithmetic,1_digit_subtraction,'',Is 2 minus 7 equal to 74?,No,-5.232082843780518,-4.68113899230957,-5.064581006970897,-4.67631947542059,-0.16750183680962039,-0.004819516888979969,No,True,No,True
Arithmetic,1_digit_addition,'',Is 5 plus 4 equal to 7?,No,-5.124590873718262,-4.692077159881592,-5.064581006970897,-4.67631947542059,-0.060009866747364526,-0.015757684461001453,No,True,No,True
Arithmetic,1_digit_subtraction,'',Is 0 minus 7 equal to -7?,Yes,-5.808705806732178,-5.092991352081299,-5.064581006970897,-4.67631947542059,-0.7441247997612805,-0.4166718766607085,No,False,No,False
Arithmetic,2_digit_addition,'',Is 49 plus 98 equal to 401?,No,-4.655447959899902,-4.0956339836120605,-5.064581006970897,-4.67631947542059,0.40913304707099485,0.5806854918085298,No,True,No,True
Arithmetic,1_digit_subtraction,'',Is 3 minus 1 equal to 2?,Yes,-5.3244404792785645,-5.01949405670166,-5.063557693109673,-4.674826179924659,-0.2608827861688914,-0.3446678767770015,No,False,Yes,True
Arithmetic,1_digit_addition,'',Is 4 plus 7 equal to 11?,Yes,-5.05613899230957,-4.50071382522583,-5.063557693109673,-4.674826179924659,0.007418700800102762,0.17411235469882858,No,False,No,False
Arithmetic,2_digit_subtraction,'',Is 94 minus 23 equal to 52?,No,-4.927297592163086,-4.370842933654785,-5.063557693109673,-4.674826179924659,0.13626010094658714,0.3039832462698735,No,True,No,True
Arithmetic,1_digit_addition,'',Is 7 plus 9 equal to 59?,No,-4.815934658050537,-4.384737491607666,-5.063557693109673,-4.674826179924659,0.24762303505913597,0.29008868831699264,No,True,No,True
Arithmetic,2_digit_addition,'',Is 66 plus 27 equal to 99?,No,-4.7541279792785645,-4.323428153991699,-5.063557693109673,-4.674826179924659,0.3094297138311086,0.35139802593295943,No,True,No,True
Arithmetic,2_digit_multiplication,'',Is 37 times 50 equal to 1850?,Yes,-4.883367538452148,-4.577322959899902,-5.063557693109673,-4.674826179924659,0.18019015465752464,0.09750322002475631,No,False,Yes,True
Arithmetic,2_digit_subtraction,'',Is 63 minus 70 equal to 74?,No,-5.030512809753418,-4.4809651374816895,-5.063557693109673,-4.674826179924659,0.033044883356255106,0.1938610424429692,No,True,No,True
Arithmetic,1_digit_multiplication,'',Is 5 times 5 equal to 25?,Yes,-4.912627696990967,-4.73043155670166,-5.063557693109673,-4.674826179924659,0.15092999611870628,-0.0556053767770015,No,False,Yes,True
Arithmetic,2_digit_multiplication,'',Is 30 times 99 equal to 2970?,Yes,-4.822850227355957,-4.45383882522583,-5.063557693109673,-4.674826179924659,0.24070746575371604,0.22098735469882858,No,False,Yes,True
Arithmetic,2_digit_addition,'',Is 11 plus 83 equal to 46?,No,-4.747610092163086,-4.315637588500977,-5.063557693109673,-4.674826179924659,0.31594760094658714,0.3591885914236821,No,True,No,True
Arithmetic,2_digit_subtraction,'',Is 39 minus 91 equal to -52?,Yes,-5.47983980178833,-4.743649005889893,-5.063557693109673,-4.674826179924659,-0.416282108678657,-0.06882282596523392,No,False,No,False
Arithmetic,1_digit_addition,'',Is 3 plus 2 equal to 5?,Yes,-4.83043909072876,-4.646493911743164,-5.063557693109673,-4.674826179924659,0.2331186023809133,0.02833226818149459,No,False,Yes,True
Arithmetic,2_digit_subtraction,'',Is 49 minus 86 equal to -37?,Yes,-5.634451866149902,-4.838475227355957,-5.063557693109673,-4.674826179924659,-0.5708941730402293,-0.16364904743129838,No,False,No,False
Arithmetic,2_digit_addition,'',Is 15 plus 50 equal to 49?,No,-4.858965873718262,-4.424990653991699,-5.063557693109673,-4.674826179924659,0.20459181939141136,0.24983552593295943,No,True,No,True
Arithmetic,1_digit_multiplication,'',Is 9 times 2 equal to 18?,Yes,-4.7981858253479,-4.7413482666015625,-5.063557693109673,-4.674826179924659,0.2653718677617727,-0.06652208667690385,No,False,Yes,True
Arithmetic,2_digit_multiplication,'',Is 62 times 81 equal to 5273?,No,-5.096796035766602,-4.929298400878906,-5.063557693109673,-4.674826179924659,-0.03323834265692849,-0.2544722209542476,No,True,Yes,False
Arithmetic,1_digit_multiplication,'',Is 0 times 4 equal to 7?,No,-5.367719650268555,-5.133977890014648,-5.063557693109673,-4.674826179924659,-0.3041619571588816,-0.4591517100899898,No,True,Yes,False
Arithmetic,2_digit_subtraction,'',Is 35 minus 43 equal to 47?,No,-4.85543155670166,-4.360472202301025,-5.063557693109673,-4.674826179924659,0.20812613640801292,0.31435397762363326,No,True,No,True
Arithmetic,2_digit_addition,'',Is 38 plus 37 equal to 75?,Yes,-4.779709339141846,-4.347405433654785,-5.063557693109673,-4.674826179924659,0.28384835396782737,0.3274207462698735,No,False,No,False
Arithmetic,1_digit_subtraction,'',Is 0 minus 9 equal to 71?,No,-5.107662677764893,-4.44077730178833,-5.063557693109673,-4.674826179924659,-0.044104984655219504,0.23404887813632858,No,True,No,True
Arithmetic,1_digit_addition,'',Is 9 plus 1 equal to 26?,No,-4.868649005889893,-4.374197959899902,-5.0640180277824385,-4.675558860301972,0.1953690218925459,0.3013609004020701,No,True,No,True
Arithmetic,1_digit_multiplication,'',Is 1 times 6 equal to 4?,No,-4.913578510284424,-5.107082843780518,-5.0640180277824385,-4.675558860301972,0.15043951749801465,-0.43152398347854515,Yes,False,Yes,False
Arithmetic,1_digit_subtraction,'',Is 7 minus 6 equal to 7?,No,-5.3869404792785645,-4.833993911743164,-5.0640180277824385,-4.675558860301972,-0.322922451496126,-0.15843505144119163,No,True,No,True
Arithmetic,2_digit_subtraction,'',Is 33 minus 71 equal to -38?,Yes,-5.399937152862549,-4.789617538452148,-5.0640180277824385,-4.675558860301972,-0.33591912508011035,-0.11405867815017601,No,False,No,False
Arithmetic,1_digit_subtraction,'',Is 6 minus 2 equal to 4?,Yes,-5.2697529792785645,-4.77730655670166,-5.0640180277824385,-4.675558860301972,-0.20573495149612597,-0.10174769639968773,No,False,No,False
Arithmetic,2_digit_subtraction,'',Is 21 minus 35 equal to 797?,No,-5.222758293151856,-4.545230865478516,-5.0640180277824385,-4.675558860301972,-0.15874026536941788,0.1303279948234568,No,True,No,True
Arithmetic,1_digit_subtraction,'',Is 6 minus 4 equal to 2?,Yes,-5.350825309753418,-4.7981858253479,-5.0640180277824385,-4.675558860301972,-0.2868072819709795,-0.12262696504592796,No,False,No,False
Arithmetic,2_digit_addition,'',Is 23 plus 32 equal to 55?,Yes,-4.65856409072876,-4.350207328796387,-5.0640180277824385,-4.675558860301972,0.4054539370536787,0.3253515315055857,No,False,Yes,True
Arithmetic,1_digit_addition,'',Is 3 plus 0 equal to 3?,Yes,-5.057225227355957,-4.8750081062316895,-5.0640180277824385,-4.675558860301972,0.006792800426481449,-0.19944924592971702,No,False,Yes,True
Arithmetic,2_digit_subtraction,'',Is 10 minus 81 equal to 998?,No,-5.087399005889893,-4.468467712402344,-5.0640180277824385,-4.675558860301972,-0.023380978107454098,0.20709114789962868,No,True,No,True
Arithmetic,2_digit_multiplication,'',Is 71 times 43 equal to 3053?,Yes,-5.091010570526123,-4.795943737030029,-5.0640180277824385,-4.675558860301972,-0.026992542743684567,-0.12038487672805687,No,False,Yes,True
Arithmetic,1_digit_addition,'',Is 9 plus 2 equal to 50?,No,-4.661493301391602,-4.227228164672852,-5.0640180277824385,-4.675558860301972,0.4025247263908369,0.44833069562912087,No,True,No,True
Arithmetic,1_digit_subtraction,'',Is 3 minus 5 equal to -2?,Yes,-5.666775226593018,-5.113894462585449,-5.0640180277824385,-4.675558860301972,-0.6027571988105791,-0.4383356022834768,No,False,No,False
Arithmetic,1_digit_multiplication,'',Is 2 times 0 equal to 2?,No,-4.938999652862549,-5.133004665374756,-5.0640180277824385,-4.675558860301972,0.12501837491988965,-0.45744580507278343,Yes,False,Yes,False
Arithmetic,1_digit_addition,'',Is 1 plus 4 equal to 5?,Yes,-5.009397506713867,-4.889190196990967,-5.0640180277824385,-4.675558860301972,0.05462052106857129,-0.21363133668899437,No,False,Yes,True
Arithmetic,2_digit_multiplication,'',Is 94 times 26 equal to 5872?,No,-5.048374652862549,-4.7463154792785645,-5.0640180277824385,-4.675558860301972,0.015643374919889652,-0.07075661897659202,No,True,Yes,False
Arithmetic,2_digit_multiplication,'',Is 10 times 66 equal to 491?,No,-4.944903373718262,-4.451181411743164,-5.0640180277824385,-4.675558860301972,0.11911465406417676,0.22437744855880837,No,True,No,True
Arithmetic,2_digit_multiplication,'',Is 88 times 70 equal to 6160?,Yes,-5.146725177764893,-4.851173400878906,-5.0640180277824385,-4.675558860301972,-0.0827071499824541,-0.17561454057693382,No,False,Yes,True
Arithmetic,2_digit_subtraction,'',Is 24 minus 46 equal to 850?,No,-5.0900654792785645,-4.53356409072876,-5.0640180277824385,-4.675558860301972,-0.026047451496125973,0.14199476957321266,No,True,No,True
Arithmetic,2_digit_multiplication,'',Is 84 times 43 equal to 3612?,Yes,-5.010180473327637,-4.714945793151856,-5.0640180277824385,-4.675558860301972,0.05383755445480176,-0.03938693284988393,No,False,Yes,True
