Type,Digits,Context,Question,Correct Answer,raw_yes_logprob,raw_no_logprob,batch_yes_mean,batch_no_mean,calibrated_yes_logprob,calibrated_no_logprob,raw_predicted_answer,raw_is_correct,batchcalib_predicted_answer,batchcalib_is_correct
Arithmetic,2_digit_multiplication,'',Is 15 times 20 equal to 300?,Yes,-5.029815196990967,-4.660827159881592,-5.081401391029358,-4.698490033149719,0.05158619403839104,0.03766287326812723,No,False,Yes,True
Arithmetic,2_digit_subtraction,'',Is 20 minus 51 equal to 906?,No,-5.396200656890869,-4.654709339141846,-5.081401391029358,-4.698490033149719,-0.3147992658615113,0.04378069400787332,No,True,No,True
Arithmetic,1_digit_addition,'',Is 2 plus 4 equal to 6?,Yes,-4.994709491729736,-4.8138108253479,-5.081401391029358,-4.698490033149719,0.08669189929962151,-0.11532079219818137,No,False,Yes,True
Arithmetic,1_digit_multiplication,'',Is 4 times 2 equal to 2?,No,-4.999478340148926,-4.945609092712402,-5.081401391029358,-4.698490033149719,0.08192305088043206,-0.24711905956268332,No,True,Yes,False
Arithmetic,1_digit_addition,'',Is 7 plus 7 equal to 72?,No,-4.866778373718262,-4.498056411743164,-5.081401391029358,-4.698490033149719,0.21462301731109612,0.20043362140655496,No,True,Yes,False
Arithmetic,2_digit_multiplication,'',Is 54 times 51 equal to 2754?,Yes,-5.001380920410156,-4.703272342681885,-5.081401391029358,-4.698490033149719,0.08002047061920159,-0.0047823095321657405,No,False,Yes,True
Arithmetic,1_digit_subtraction,'',Is 1 minus 7 equal to -6?,Yes,-5.670491695404053,-5.064085006713867,-5.081401391029358,-4.698490033149719,-0.5890903043746949,-0.36559497356414816,No,False,No,False
Arithmetic,2_digit_subtraction,'',Is 47 minus 38 equal to 9?,Yes,-5.09702730178833,-4.54918909072876,-5.081401391029358,-4.698490033149719,-0.01562591075897224,0.14930094242095926,No,False,No,False
Arithmetic,1_digit_multiplication,'',Is 7 times 8 equal to 77?,No,-5.08921480178833,-4.726153373718262,-5.081401391029358,-4.698490033149719,-0.007813410758972239,-0.027663340568542694,No,True,Yes,False
Arithmetic,2_digit_subtraction,'',Is 27 minus 13 equal to 93?,No,-5.000555038452148,-4.382010459899902,-5.081401391029358,-4.698490033149719,0.0808463525772094,0.3164795732498167,No,True,No,True
Arithmetic,2_digit_subtraction,'',Is 64 minus 25 equal to 67?,No,-5.130575656890869,-4.576584339141846,-5.081401391029358,-4.698490033149719,-0.0491742658615113,0.12190569400787332,No,True,No,True
Arithmetic,1_digit_addition,'',Is 7 plus 5 equal to 16?,No,-4.952715873718262,-4.583368301391602,-5.081401391029358,-4.698490033149719,0.12868551731109612,0.11512173175811746,No,True,Yes,False
Arithmetic,1_digit_addition,'',Is 2 plus 6 equal to 6?,No,-5.002712726593018,-4.82176399230957,-5.081401391029358,-4.698490033149719,0.07868866443634026,-0.12327395915985129,No,True,Yes,False
Arithmetic,2_digit_subtraction,'',Is 51 minus 29 equal to 91?,No,-4.721155643463135,-4.290359020233154,-5.081401391029358,-4.698490033149719,0.3602457475662231,0.40813101291656473,No,True,No,True
Arithmetic,1_digit_subtraction,'',Is 5 minus 2 equal to 5?,No,-5.167178153991699,-4.734092712402344,-5.081401391029358,-4.698490033149719,-0.08577676296234138,-0.035602679252624725,No,True,No,True
Arithmetic,1_digit_addition,'',Is 7 plus 3 equal to 10?,Yes,-5.043581962585449,-4.611961841583252,-5.081401391029358,-4.698490033149719,0.03781942844390862,0.08652819156646707,No,False,No,False
Arithmetic,1_digit_multiplication,'',Is 4 times 6 equal to 24?,Yes,-4.789254665374756,-4.610836505889893,-5.081401391029358,-4.698490033149719,0.292146725654602,0.08765352725982645,No,False,Yes,True
Arithmetic,2_digit_addition,'',Is 48 plus 96 equal to 144?,Yes,-4.9416279792785645,-4.44762659072876,-5.081401391029358,-4.698490033149719,0.13977341175079339,0.25086344242095926,No,False,No,False
Arithmetic,2_digit_subtraction,'',Is 41 minus 45 equal to 94?,No,-4.8724751472473145,-4.317743301391602,-5.081401391029358,-4.698490033149719,0.20892624378204339,0.38074673175811746,No,True,No,True
Arithmetic,1_digit_multiplication,'',Is 6 times 3 equal to 56?,No,-4.775022506713867,-4.656805038452148,-5.081401391029358,-4.698490033149719,0.30637888431549065,0.04168499469757059,No,True,Yes,False
Arithmetic,1_digit_subtraction,'',Is 7 minus 3 equal to 4?,Yes,-5.226859092712402,-4.735752105712891,-5.081401391029358,-4.698490033149719,-0.1454577016830445,-0.0372620725631716,No,False,No,False
Arithmetic,2_digit_addition,'',Is 26 plus 85 equal to 331?,No,-4.9075608253479,-4.4771904945373535,-5.081401391029358,-4.698490033149719,0.17384056568145745,0.2212995386123655,No,True,No,True
Arithmetic,2_digit_addition,'',Is 71 plus 34 equal to 352?,No,-4.735960006713867,-4.432803153991699,-5.081401391029358,-4.698490033149719,0.34544138431549065,0.2656868791580198,No,True,Yes,False
Arithmetic,1_digit_subtraction,'',Is 8 minus 8 equal to 0?,Yes,-5.239665985107422,-4.5638108253479,-5.081401391029358,-4.698490033149719,-0.15826459407806404,0.13467920780181863,No,False,No,False
Arithmetic,1_digit_addition,'',Is 3 plus 1 equal to 4?,Yes,-4.888125419616699,-4.766921520233154,-5.081401391029358,-4.698490033149719,0.19327597141265862,-0.06843148708343527,No,False,Yes,True
Arithmetic,1_digit_subtraction,'',Is 3 minus 7 equal to 88?,No,-5.039617538452148,-4.483019828796387,-5.081401391029358,-4.698490033149719,0.0417838525772094,0.2154702043533323,No,True,No,True
Arithmetic,2_digit_addition,'',Is 13 plus 36 equal to 31?,No,-4.866778373718262,-4.498056411743164,-5.081401391029358,-4.698490033149719,0.21462301731109612,0.20043362140655496,No,True,Yes,False
Arithmetic,1_digit_multiplication,'',Is 3 times 0 equal to 0?,Yes,-4.905860900878906,-4.790647506713867,-5.081401391029358,-4.698490033149719,0.1755404901504516,-0.09215747356414816,No,False,Yes,True
Arithmetic,1_digit_subtraction,'',Is 0 minus 0 equal to 0?,Yes,-5.430219650268555,-4.889241695404053,-5.081401391029358,-4.698490033149719,-0.34881825923919685,-0.1907516622543337,No,False,No,False
Arithmetic,1_digit_multiplication,'',Is 6 times 3 equal to 18?,Yes,-4.902445793151856,-4.846155643463135,-5.081401391029358,-4.698490033149719,0.17895559787750148,-0.14766561031341574,No,False,Yes,True
Arithmetic,1_digit_subtraction,'',Is 0 minus 1 equal to -1?,Yes,-5.695844650268555,-5.09703540802002,-5.081401391029358,-4.698490033149719,-0.6144432592391968,-0.3985453748703014,No,False,No,False
Arithmetic,2_digit_subtraction,'',Is 11 minus 72 equal to 552?,No,-5.2775654792785645,-4.660827159881592,-5.081401391029358,-4.698490033149719,-0.19616408824920661,0.03766287326812723,No,True,No,True
Arithmetic,2_digit_addition,'',Is 78 plus 53 equal to 659?,No,-5.110874652862549,-4.6849751472473145,-5.081401391029358,-4.698490033149719,-0.02947326183319099,0.013514885902404572,No,True,No,True
Arithmetic,2_digit_addition,'',Is 66 plus 58 equal to 124?,Yes,-4.914254665374756,-4.424990653991699,-5.081401391029358,-4.698490033149719,0.16714672565460198,0.2734993791580198,No,False,No,False
Arithmetic,1_digit_subtraction,'',Is 9 minus 2 equal to 7?,Yes,-5.254519462585449,-4.698450088500977,-5.081401391029358,-4.698490033149719,-0.17311807155609138,3.994464874246262e-05,No,False,No,False
Arithmetic,1_digit_multiplication,'',Is 0 times 4 equal to 0?,Yes,-5.316341876983643,-5.078657150268555,-5.081401391029358,-4.698490033149719,-0.23494048595428474,-0.38016711711883566,No,False,Yes,True
Arithmetic,1_digit_multiplication,'',Is 0 times 2 equal to 4?,No,-5.065546035766602,-5.196477890014648,-5.081401391029358,-4.698490033149719,0.015855355262756277,-0.4979878568649294,Yes,False,Yes,False
Arithmetic,1_digit_addition,'',Is 5 plus 8 equal to 38?,No,-4.931149005889893,-4.373056411743164,-5.081401391029358,-4.698490033149719,0.15025238513946526,0.32543362140655496,No,True,No,True
Arithmetic,1_digit_subtraction,'',Is 4 minus 8 equal to -4?,Yes,-5.477504253387451,-4.803043365478516,-5.081401391029358,-4.698490033149719,-0.39610286235809333,-0.1045533323287966,No,False,No,False
Arithmetic,2_digit_addition,'',Is 29 plus 68 equal to 87?,No,-4.509274005889893,-4.264269828796387,-5.081401391029358,-4.698490033149719,0.5721273851394653,0.4342202043533323,No,True,Yes,False
Arithmetic,2_digit_multiplication,'',Is 84 times 36 equal to 7062?,No,-5.366523742675781,-5.138332843780518,-5.081401391029358,-4.698490033149719,-0.2851223516464234,-0.43984281063079855,No,True,Yes,False
Arithmetic,1_digit_addition,'',Is 3 plus 4 equal to 7?,Yes,-5.080530643463135,-4.773354530334473,-5.081401391029358,-4.698490033149719,0.0008707475662230735,-0.07486449718475363,No,False,Yes,True
Arithmetic,2_digit_multiplication,'',Is 37 times 48 equal to 1776?,Yes,-5.122604370117188,-4.701690196990967,-5.081401391029358,-4.698490033149719,-0.04120297908783055,-0.0032001638412477718,No,False,No,False
Arithmetic,1_digit_subtraction,'',Is 4 minus 6 equal to -2?,Yes,-5.73765230178833,-4.938055038452148,-5.081401391029358,-4.698490033149719,-0.6562509107589722,-0.2395650053024294,No,False,No,False
Arithmetic,2_digit_subtraction,'',Is 97 minus 66 equal to 31?,Yes,-4.901333332061768,-4.410827159881592,-5.081401391029358,-4.698490033149719,0.18006805896759026,0.28766287326812723,No,False,No,False
Arithmetic,1_digit_subtraction,'',Is 1 minus 0 equal to 1?,Yes,-5.345130920410156,-4.981969356536865,-5.081401391029358,-4.698490033149719,-0.2637295293807984,-0.2834793233871462,No,False,Yes,True
Arithmetic,1_digit_subtraction,'',Is 8 minus 3 equal to 5?,Yes,-5.204710006713867,-4.714053153991699,-5.081401391029358,-4.698490033149719,-0.12330861568450935,-0.015563120841980194,No,False,No,False
Arithmetic,1_digit_addition,'',Is 5 plus 5 equal to 98?,No,-4.918639659881592,-4.297081470489502,-5.081401391029358,-4.698490033149719,0.16276173114776604,0.40140856266021707,No,True,No,True
Arithmetic,1_digit_addition,'',Is 0 plus 5 equal to 1?,No,-5.173883438110352,-4.871968746185303,-5.081401391029358,-4.698490033149719,-0.09248204708099372,-0.1734787130355837,No,True,Yes,False
Arithmetic,1_digit_subtraction,'',Is 6 minus 4 equal to 8?,No,-5.252405643463135,-4.759737491607666,-5.081401391029358,-4.698490033149719,-0.17100425243377693,-0.06124745845794699,No,True,No,True
Arithmetic,2_digit_addition,'',Is 86 plus 78 equal to 164?,Yes,-4.804879665374756,-4.43981409072876,-5.081401391029358,-4.698490033149719,0.276521725654602,0.25867594242095926,No,False,Yes,True
Arithmetic,2_digit_multiplication,'',Is 95 times 18 equal to 1710?,Yes,-5.309637069702148,-4.759274005889893,-5.081401391029358,-4.698490033149719,-0.2282356786727906,-0.06078397274017355,No,False,No,False
Arithmetic,1_digit_subtraction,'',Is 5 minus 9 equal to -4?,Yes,-5.496195793151856,-4.818668365478516,-5.081401391029358,-4.698490033149719,-0.4147944021224985,-0.1201783323287966,No,False,No,False
Arithmetic,1_digit_addition,'',Is 1 plus 0 equal to 1?,Yes,-5.118129253387451,-4.997594356536865,-5.081401391029358,-4.698490033149719,-0.03672786235809333,-0.2991043233871462,No,False,Yes,True
Arithmetic,2_digit_multiplication,'',Is 88 times 44 equal to 3872?,Yes,-5.158927440643311,-4.738563060760498,-5.081401391029358,-4.698490033149719,-0.0775260496139536,-0.04007302761077902,No,False,No,False
Arithmetic,1_digit_subtraction,'',Is 7 minus 4 equal to 3?,Yes,-5.338459491729736,-4.786562919616699,-5.081401391029358,-4.698490033149719,-0.2570581007003785,-0.0880728864669802,No,False,No,False
Arithmetic,2_digit_subtraction,'',Is 45 minus 45 equal to 0?,Yes,-4.974040985107422,-4.420784950256348,-5.081401391029358,-4.698490033149719,0.10736040592193596,0.27770508289337137,No,False,No,False
Arithmetic,2_digit_multiplication,'',Is 61 times 49 equal to 2989?,Yes,-4.861014366149902,-4.500296592712402,-5.081401391029358,-4.698490033149719,0.2203870248794555,0.19819344043731668,No,False,Yes,True
Arithmetic,2_digit_multiplication,'',Is 87 times 84 equal to 5834?,No,-5.041070938110352,-4.813441753387451,-5.081401391029358,-4.698490033149719,0.04033045291900628,-0.11495172023773215,No,True,Yes,False
Arithmetic,1_digit_subtraction,'',Is 1 minus 6 equal to -5?,Yes,-5.700093746185303,-5.091344356536865,-5.081401391029358,-4.698490033149719,-0.6186923551559449,-0.3928543233871462,No,False,No,False
Arithmetic,1_digit_subtraction,'',Is 2 minus 4 equal to -2?,Yes,-5.819828510284424,-5.210006237030029,-5.081401391029358,-4.698490033149719,-0.738427119255066,-0.5115162038803103,No,False,No,False
Arithmetic,1_digit_addition,'',Is 1 plus 8 equal to 9?,Yes,-4.922067165374756,-4.678252696990967,-5.081401391029358,-4.698490033149719,0.15933422565460198,0.020237336158752228,No,False,Yes,True
Arithmetic,1_digit_subtraction,'',Is 3 minus 9 equal to 90?,No,-4.78977632522583,-4.293662071228027,-5.081401391029358,-4.698490033149719,0.29162506580352776,0.4048279619216917,No,True,No,True
Arithmetic,1_digit_addition,'',Is 6 plus 1 equal to 1?,No,-5.126585006713867,-4.757403373718262,-5.081401391029358,-4.698490033149719,-0.04518361568450935,-0.058913340568542694,No,True,Yes,False
Arithmetic,1_digit_addition,'',Is 4 plus 5 equal to 9?,Yes,-4.932093143463135,-4.438796520233154,-5.081401391029358,-4.698490033149719,0.14930824756622307,0.25969351291656473,No,False,No,False
Arithmetic,2_digit_subtraction,'',Is 75 minus 70 equal to 5?,Yes,-5.321812152862549,-4.8322529792785645,-5.081401391029358,-4.698490033149719,-0.240410761833191,-0.13376294612884543,No,False,No,False
Arithmetic,1_digit_addition,'',Is 2 plus 8 equal to 44?,No,-4.893146991729736,-4.586084842681885,-5.081401391029358,-4.698490033149719,0.1882543992996215,0.11240519046783426,No,True,Yes,False
Arithmetic,1_digit_multiplication,'',Is 3 times 0 equal to 2?,No,-4.90171480178833,-5.032835006713867,-5.081401391029358,-4.698490033149719,0.17968658924102776,-0.33434497356414816,Yes,False,Yes,False
Arithmetic,1_digit_multiplication,'',Is 1 times 0 equal to 0?,Yes,-4.950729370117188,-4.954624652862549,-5.081401391029358,-4.698490033149719,0.13067202091216945,-0.2561346197128298,Yes,True,Yes,True
Arithmetic,1_digit_multiplication,'',Is 5 times 9 equal to 92?,No,-4.8334126472473145,-4.52575159072876,-5.081401391029358,-4.698490033149719,0.24798874378204339,0.17273844242095926,No,True,Yes,False
Arithmetic,1_digit_multiplication,'',Is 0 times 6 equal to 6?,No,-5.12917947769165,-5.138912677764893,-5.081401391029358,-4.698490033149719,-0.04777808666229255,-0.44042264461517355,Yes,False,Yes,False
Arithmetic,1_digit_addition,'',Is 2 plus 0 equal to 2?,Yes,-5.192449569702148,-5.0744404792785645,-5.081401391029358,-4.698490033149719,-0.1110481786727906,-0.37595044612884543,No,False,Yes,True
Arithmetic,2_digit_multiplication,'',Is 10 times 37 equal to 370?,Yes,-5.100472450256348,-4.6085357666015625,-5.081401391029358,-4.698490033149719,-0.019071059226989817,0.08995426654815653,No,False,No,False
Arithmetic,1_digit_addition,'',Is 7 plus 4 equal to 19?,No,-5.22202730178833,-4.6693501472473145,-5.081401391029358,-4.698490033149719,-0.14062591075897224,0.029139885902404572,No,True,No,True
Arithmetic,1_digit_addition,'',Is 2 plus 2 equal to 5?,No,-4.943877696990967,-4.823428153991699,-5.081401391029358,-4.698490033149719,0.13752369403839104,-0.1249381208419802,No,True,Yes,False
Arithmetic,1_digit_multiplication,'',Is 4 times 7 equal to 92?,No,-4.828317165374756,-4.523992538452148,-5.081401391029358,-4.698490033149719,0.253084225654602,0.1744974946975706,No,True,Yes,False
Arithmetic,1_digit_addition,'',Is 9 plus 6 equal to 15?,Yes,-4.852939605712891,-4.481996059417725,-5.081401391029358,-4.698490033149719,0.22846178531646721,0.21649397373199442,No,False,Yes,True
Arithmetic,1_digit_addition,'',Is 1 plus 7 equal to 4?,No,-5.053950309753418,-4.872594356536865,-5.081401391029358,-4.698490033149719,0.02745108127593987,-0.1741043233871462,No,True,Yes,False
Arithmetic,2_digit_subtraction,'',Is 59 minus 61 equal to -2?,Yes,-5.400076866149902,-4.855121612548828,-5.081401391029358,-4.698490033149719,-0.3186754751205445,-0.1566315793991091,No,False,No,False
Arithmetic,2_digit_subtraction,'',Is 84 minus 14 equal to 59?,No,-4.845335006713867,-4.417178153991699,-5.081401391029358,-4.698490033149719,0.23606638431549065,0.2813118791580198,No,True,No,True
Arithmetic,2_digit_multiplication,'',Is 23 times 62 equal to 1426?,Yes,-5.038673400878906,-4.8021626472473145,-5.081401391029358,-4.698490033149719,0.04272799015045159,-0.10367261409759543,No,False,Yes,True
Arithmetic,1_digit_subtraction,'',Is 8 minus 5 equal to 2?,No,-5.329145908355713,-4.781442165374756,-5.081401391029358,-4.698490033149719,-0.24774451732635505,-0.08295213222503683,No,True,No,True
Arithmetic,2_digit_subtraction,'',Is 53 minus 54 equal to 42?,No,-4.8322529792785645,-4.403680801391602,-5.081401391029358,-4.698490033149719,0.24914841175079339,0.29480923175811746,No,True,No,True
Arithmetic,1_digit_addition,'',Is 8 plus 7 equal to 15?,Yes,-4.971155643463135,-4.6021904945373535,-5.081401391029358,-4.698490033149719,0.11024574756622307,0.09629953861236551,No,False,Yes,True
Arithmetic,1_digit_multiplication,'',Is 3 times 4 equal to 12?,Yes,-4.923460006713867,-4.868649005889893,-5.081401391029358,-4.698490033149719,0.15794138431549065,-0.17015897274017355,No,False,Yes,True
Arithmetic,2_digit_multiplication,'',Is 57 times 13 equal to 554?,No,-5.211958408355713,-4.915647506713867,-5.081401391029358,-4.698490033149719,-0.13055701732635505,-0.21715747356414816,No,True,Yes,False
Arithmetic,2_digit_multiplication,'',Is 46 times 57 equal to 9476?,No,-5.004896640777588,-4.710200309753418,-5.081401391029358,-4.698490033149719,0.07650475025176995,-0.011710276603698944,No,True,Yes,False
Arithmetic,1_digit_addition,'',Is 2 plus 9 equal to 11?,Yes,-4.944222450256348,-4.638980865478516,-5.081401391029358,-4.698490033149719,0.13717894077301018,0.0595091676712034,No,False,Yes,True
Arithmetic,2_digit_multiplication,'',Is 54 times 99 equal to 9293?,No,-4.931326866149902,-4.631881237030029,-5.081401391029358,-4.698490033149719,0.1500745248794555,0.06660879611968973,No,True,Yes,False
Arithmetic,2_digit_addition,'',Is 68 plus 82 equal to 349?,No,-4.838459491729736,-4.534684658050537,-5.081401391029358,-4.698490033149719,0.2429418992996215,0.16380537509918192,No,True,Yes,False
Arithmetic,1_digit_multiplication,'',Is 1 times 2 equal to 2?,Yes,-5.056187152862549,-5.37046480178833,-5.081401391029358,-4.698490033149719,0.02521423816680901,-0.671974768638611,Yes,True,Yes,True
Arithmetic,1_digit_multiplication,'',Is 7 times 4 equal to 98?,No,-5.024379253387451,-4.5981526374816895,-5.081401391029358,-4.698490033149719,0.05702213764190667,0.10033739566802957,No,True,No,True
Arithmetic,1_digit_subtraction,'',Is 0 minus 1 equal to 29?,No,-5.201741695404053,-4.657835006713867,-5.081401391029358,-4.698490033149719,-0.1203403043746949,0.04065502643585184,No,True,No,True
Arithmetic,1_digit_subtraction,'',Is 4 minus 9 equal to -5?,Yes,-5.464945793151856,-4.726479530334473,-5.081401391029358,-4.698490033149719,-0.3835444021224985,-0.02798949718475363,No,False,No,False
Arithmetic,2_digit_multiplication,'',Is 14 times 86 equal to 6736?,No,-5.075832843780518,-4.775975227355957,-5.081401391029358,-4.698490033149719,0.005568547248840261,-0.077485194206238,No,True,Yes,False
Arithmetic,2_digit_addition,'',Is 99 plus 48 equal to 970?,No,-4.67258882522583,-4.238030433654785,-5.081401391029358,-4.698490033149719,0.40881256580352776,0.46045959949493387,No,True,No,True
Arithmetic,1_digit_multiplication,'',Is 3 times 9 equal to 27?,Yes,-4.897148609161377,-4.780840873718262,-5.081401391029358,-4.698490033149719,0.18425278186798089,-0.0823508405685427,No,False,Yes,True
Arithmetic,2_digit_subtraction,'',Is 65 minus 49 equal to 16?,Yes,-5.0677876472473145,-4.513055801391602,-5.081401391029358,-4.698490033149719,0.013613743782043386,0.18543423175811746,No,False,No,False
Arithmetic,1_digit_subtraction,'',Is 1 minus 9 equal to 66?,No,-5.240898609161377,-4.626461505889893,-5.081401391029358,-4.698490033149719,-0.15949721813201911,0.07202852725982645,No,True,No,True
Arithmetic,1_digit_addition,'',Is 4 plus 9 equal to 13?,Yes,-5.209502696990967,-4.529306411743164,-5.081401391029358,-4.698490033149719,-0.12810130596160896,0.16918362140655496,No,False,No,False
Arithmetic,1_digit_multiplication,'',Is 7 times 6 equal to 42?,Yes,-4.95640230178833,-4.717315196990967,-5.066935358047486,-4.672985110282898,0.11053305625915577,-0.044330086708068706,No,False,Yes,True
Arithmetic,1_digit_addition,'',Is 8 plus 4 equal to 12?,Yes,-4.8646626472473145,-4.495303153991699,-5.066935358047486,-4.672985110282898,0.2022727108001714,0.17768195629119887,No,False,Yes,True
Arithmetic,2_digit_addition,'',Is 69 plus 80 equal to 149?,Yes,-4.8869404792785645,-4.457702159881592,-5.066935358047486,-4.672985110282898,0.1799948787689214,0.2152829504013063,No,False,No,False
Arithmetic,1_digit_addition,'',Is 9 plus 4 equal to 78?,No,-4.81636905670166,-4.258478164672852,-5.066935358047486,-4.672985110282898,0.2505663013458257,0.41450694561004653,No,True,No,True
Arithmetic,2_digit_subtraction,'',Is 46 minus 30 equal to 88?,No,-5.053597450256348,-4.499917030334473,-5.066935358047486,-4.672985110282898,0.013337907791138193,0.17306807994842544,No,True,No,True
Arithmetic,2_digit_addition,'',Is 15 plus 55 equal to 70?,Yes,-4.760928153991699,-4.389269828796387,-5.066935358047486,-4.672985110282898,0.30600720405578663,0.2837152814865114,No,False,Yes,True
Arithmetic,2_digit_multiplication,'',Is 46 times 52 equal to 2392?,Yes,-5.085548400878906,-4.6615376472473145,-5.066935358047486,-4.672985110282898,-0.0186130428314204,0.011447463035583638,No,False,No,False
Arithmetic,2_digit_subtraction,'',Is 79 minus 11 equal to 68?,Yes,-5.071897506713867,-4.58199405670166,-5.066935358047486,-4.672985110282898,-0.0049621486663813386,0.09099105358123794,No,False,No,False
Arithmetic,2_digit_multiplication,'',Is 63 times 37 equal to 2331?,Yes,-5.160125732421875,-4.742379665374756,-5.066935358047486,-4.672985110282898,-0.09319037437438915,-0.06939455509185777,No,False,No,False
Arithmetic,2_digit_subtraction,'',Is 86 minus 38 equal to 48?,Yes,-4.961084842681885,-4.4693779945373535,-5.066935358047486,-4.672985110282898,0.10585051536560108,0.20360711574554458,No,False,No,False
Arithmetic,1_digit_subtraction,'',Is 9 minus 7 equal to 2?,Yes,-5.240898609161377,-4.750555038452148,-5.066935358047486,-4.672985110282898,-0.1739632511138911,-0.07756992816925035,No,False,No,False
Arithmetic,2_digit_subtraction,'',Is 56 minus 99 equal to 866?,No,-5.205837726593018,-4.530507564544678,-5.066935358047486,-4.672985110282898,-0.13890236854553173,0.14247754573822036,No,True,No,True
Arithmetic,1_digit_addition,'',Is 7 plus 8 equal to 15?,Yes,-5.037521839141846,-4.667717933654785,-5.066935358047486,-4.672985110282898,0.029413518905640146,0.005267176628112935,No,False,Yes,True
Arithmetic,2_digit_subtraction,'',Is 29 minus 24 equal to 5?,Yes,-5.115898609161377,-4.749590873718262,-5.066935358047486,-4.672985110282898,-0.048963251113891104,-0.07660576343536363,No,False,Yes,True
Arithmetic,2_digit_addition,'',Is 93 plus 50 equal to 278?,No,-4.803756237030029,-4.3125081062316895,-5.066935358047486,-4.672985110282898,0.26317912101745655,0.36047700405120864,No,True,No,True
Arithmetic,2_digit_multiplication,'',Is 63 times 23 equal to 3084?,No,-5.074188232421875,-4.779961109161377,-5.066935358047486,-4.672985110282898,-0.007252874374389151,-0.10697599887847886,No,True,Yes,False
Arithmetic,1_digit_subtraction,'',Is 9 minus 7 equal to 9?,No,-4.97106409072876,-4.477659702301025,-5.066935358047486,-4.672985110282898,0.09587126731872608,0.1953254079818727,No,True,No,True
Arithmetic,1_digit_addition,'',Is 9 plus 2 equal to 11?,Yes,-4.893740653991699,-4.461143970489502,-5.066935358047486,-4.672985110282898,0.17319470405578663,0.21184113979339614,No,False,No,False
Arithmetic,2_digit_addition,'',Is 80 plus 11 equal to 91?,Yes,-4.601479530334473,-4.230645656585693,-5.066935358047486,-4.672985110282898,0.4654558277130132,0.44233945369720473,No,False,Yes,True
Arithmetic,1_digit_addition,'',Is 7 plus 4 equal to 11?,Yes,-5.0744404792785645,-4.58199405670166,-5.066935358047486,-4.672985110282898,-0.007505121231078604,0.09099105358123794,No,False,No,False
Arithmetic,1_digit_multiplication,'',Is 0 times 9 equal to 0?,Yes,-5.238657474517822,-5.003711700439453,-5.066935358047486,-4.672985110282898,-0.17172211647033642,-0.33072659015655503,No,False,Yes,True
Arithmetic,2_digit_subtraction,'',Is 29 minus 67 equal to -38?,Yes,-5.235519886016846,-4.747610092163086,-5.066935358047486,-4.672985110282898,-0.16858452796935985,-0.07462498188018785,No,False,No,False
Arithmetic,2_digit_multiplication,'',Is 20 times 56 equal to 7037?,No,-5.249478340148926,-4.75926399230957,-5.066935358047486,-4.672985110282898,-0.18254298210143993,-0.08627888202667222,No,True,No,True
Arithmetic,2_digit_multiplication,'',Is 97 times 29 equal to 9518?,No,-5.093228340148926,-4.791600227355957,-5.066935358047486,-4.672985110282898,-0.026292982101439932,-0.11861511707305894,No,True,Yes,False
Arithmetic,1_digit_multiplication,'',Is 3 times 3 equal to 6?,No,-4.870083332061768,-5.001461505889893,-5.066935358047486,-4.672985110282898,0.19685202598571827,-0.3284763956069945,Yes,False,Yes,False
Arithmetic,2_digit_multiplication,'',Is 45 times 39 equal to 1755?,Yes,-5.131523609161377,-4.70543909072876,-5.066935358047486,-4.672985110282898,-0.0645882511138911,-0.032453980445861674,No,False,No,False
Arithmetic,1_digit_subtraction,'',Is 6 minus 6 equal to 0?,Yes,-5.325262069702148,-4.647002696990967,-5.066935358047486,-4.672985110282898,-0.2583267116546626,0.025982413291931294,No,False,No,False
Arithmetic,1_digit_addition,'',Is 9 plus 3 equal to 12?,Yes,-4.8209404945373535,-4.511895656585693,-5.066935358047486,-4.672985110282898,0.24599486351013233,0.16108945369720473,No,False,Yes,True
Arithmetic,2_digit_addition,'',Is 55 plus 32 equal to 32?,No,-4.359581470489502,-4.174769878387451,-5.066935358047486,-4.672985110282898,0.7073538875579839,0.4982152318954469,No,True,Yes,False
Arithmetic,2_digit_addition,'',Is 27 plus 58 equal to 27?,No,-4.737490653991699,-4.429893970489502,-5.066935358047486,-4.672985110282898,0.32944470405578663,0.24309113979339614,No,True,Yes,False
Arithmetic,1_digit_subtraction,'',Is 4 minus 4 equal to 5?,No,-5.17418909072876,-4.617393970489502,-5.066935358047486,-4.672985110282898,-0.10725373268127392,0.05559113979339614,No,True,No,True
Arithmetic,2_digit_multiplication,'',Is 40 times 12 equal to 480?,Yes,-4.893520832061768,-4.524899005889893,-5.066935358047486,-4.672985110282898,0.17341452598571827,0.1480861043930055,No,False,Yes,True
Arithmetic,1_digit_subtraction,'',Is 3 minus 9 equal to -6?,Yes,-5.475273609161377,-4.862490653991699,-5.066935358047486,-4.672985110282898,-0.4083382511138911,-0.18950554370880113,No,False,No,False
Arithmetic,1_digit_subtraction,'',Is 2 minus 4 equal to 16?,No,-5.246195793151856,-4.8169026374816895,-5.066935358047486,-4.672985110282898,-0.1792604351043705,-0.14391752719879136,No,True,No,True
Arithmetic,2_digit_multiplication,'',Is 91 times 55 equal to 1342?,No,-5.092991352081299,-4.795784950256348,-5.066935358047486,-4.672985110282898,-0.02605599403381298,-0.12279983997344956,No,True,Yes,False
Arithmetic,2_digit_addition,'',Is 37 plus 33 equal to 45?,No,-4.6475982666015625,-4.340020656585693,-5.066935358047486,-4.672985110282898,0.41933709144592335,0.33296445369720473,No,True,Yes,False
Arithmetic,2_digit_addition,'',Is 21 plus 52 equal to 25?,No,-4.767086505889893,-4.397082328796387,-5.066935358047486,-4.672985110282898,0.29984885215759327,0.2759027814865114,No,True,Yes,False
Arithmetic,1_digit_multiplication,'',Is 6 times 6 equal to 31?,No,-4.8556904792785645,-4.73824405670166,-5.066935358047486,-4.672985110282898,0.2112448787689214,-0.06525894641876206,No,True,Yes,False
Arithmetic,1_digit_multiplication,'',Is 5 times 7 equal to 60?,No,-4.791958332061768,-4.673336505889893,-5.066935358047486,-4.672985110282898,0.27497702598571827,-0.0003513956069944868,No,True,Yes,False
Arithmetic,2_digit_subtraction,'',Is 64 minus 16 equal to 48?,Yes,-4.9260029792785645,-4.432803153991699,-5.066935358047486,-4.672985110282898,0.1409323787689214,0.24018195629119887,No,False,No,False
Arithmetic,2_digit_multiplication,'',Is 25 times 49 equal to 8152?,No,-5.302165985107422,-4.872594356536865,-5.066935358047486,-4.672985110282898,-0.23523062705993603,-0.19960924625396714,No,True,No,True
Arithmetic,2_digit_addition,'',Is 50 plus 91 equal to 159?,No,-4.898992538452148,-4.403014659881592,-5.066935358047486,-4.672985110282898,0.1679428195953374,0.2699704504013063,No,True,No,True
Arithmetic,1_digit_subtraction,'',Is 5 minus 1 equal to 4?,Yes,-5.173336505889893,-4.740243911743164,-5.066935358047486,-4.672985110282898,-0.10640114784240673,-0.06725880146026597,No,False,No,False
Arithmetic,2_digit_addition,'',Is 76 plus 94 equal to 168?,No,-4.889534950256348,-4.521793365478516,-5.066935358047486,-4.672985110282898,0.1774004077911382,0.15119174480438247,No,True,Yes,False
Arithmetic,2_digit_addition,'',Is 78 plus 64 equal to 142?,Yes,-4.823208332061768,-4.395202159881592,-5.066935358047486,-4.672985110282898,0.24372702598571827,0.2777829504013063,No,False,No,False
Arithmetic,1_digit_multiplication,'',Is 0 times 7 equal to 0?,Yes,-5.246029376983643,-5.070844650268555,-5.066935358047486,-4.672985110282898,-0.17909401893615673,-0.3978595399856566,No,False,Yes,True
Arithmetic,2_digit_addition,'',Is 61 plus 58 equal to 119?,Yes,-4.718942165374756,-4.292178153991699,-5.066935358047486,-4.672985110282898,0.34799319267273,0.3808069562911989,No,False,No,False
Arithmetic,2_digit_addition,'',Is 62 plus 55 equal to 628?,No,-4.954269886016846,-4.589496612548828,-5.066935358047486,-4.672985110282898,0.11266547203064015,0.08348849773406997,No,True,Yes,False
Arithmetic,1_digit_multiplication,'',Is 0 times 0 equal to 0?,Yes,-5.320363998413086,-5.139567852020264,-5.066935358047486,-4.672985110282898,-0.2534286403656001,-0.4665827417373656,No,False,Yes,True
Arithmetic,1_digit_multiplication,'',Is 9 times 8 equal to 32?,No,-4.700625419616699,-4.581195831298828,-5.066935358047486,-4.672985110282898,0.36630993843078663,0.09178927898406997,No,True,Yes,False
Arithmetic,2_digit_multiplication,'',Is 69 times 45 equal to 3105?,Yes,-5.265758514404297,-4.969894886016846,-5.066935358047486,-4.672985110282898,-0.19882315635681103,-0.2969097757339476,No,False,Yes,True
Arithmetic,1_digit_subtraction,'',Is 0 minus 9 equal to -9?,Yes,-5.555219650268555,-4.958541870117188,-5.066935358047486,-4.672985110282898,-0.48828429222106884,-0.2855567598342903,No,False,No,False
Arithmetic,2_digit_addition,'',Is 45 plus 89 equal to 134?,Yes,-5.004949569702148,-4.515215873718262,-5.066935358047486,-4.672985110282898,0.06198578834533741,0.15776923656463637,No,False,No,False
Arithmetic,1_digit_subtraction,'',Is 9 minus 2 equal to 5?,No,-5.11168909072876,-4.678885459899902,-5.066935358047486,-4.672985110282898,-0.04475373268127392,-0.005900349617004252,No,True,No,True
Arithmetic,2_digit_subtraction,'',Is 41 minus 29 equal to 12?,Yes,-5.058875560760498,-4.5078206062316895,-5.066935358047486,-4.672985110282898,0.008059797286987802,0.16516450405120864,No,False,No,False
Arithmetic,1_digit_multiplication,'',Is 6 times 1 equal to 4?,No,-4.91733980178833,-4.924770832061768,-5.066935358047486,-4.672985110282898,0.14959555625915577,-0.2517857217788695,Yes,False,Yes,False
Arithmetic,1_digit_subtraction,'',Is 3 minus 8 equal to -5?,Yes,-5.502712726593018,-4.889882564544678,-5.066935358047486,-4.672985110282898,-0.43577736854553173,-0.21689745426177964,No,False,No,False
Arithmetic,1_digit_subtraction,'',Is 8 minus 4 equal to 2?,No,-5.275076866149902,-4.724325656890869,-5.066935358047486,-4.672985110282898,-0.2081415081024165,-0.05134054660797105,No,True,No,True
Arithmetic,2_digit_multiplication,'',Is 16 times 22 equal to 352?,Yes,-5.159888744354248,-4.797171592712402,-5.066935358047486,-4.672985110282898,-0.0929533863067622,-0.12418648242950425,No,False,Yes,True
Arithmetic,1_digit_subtraction,'',Is 9 minus 6 equal to 3?,Yes,-5.345335006713867,-4.792178153991699,-5.066935358047486,-4.672985110282898,-0.27839964866638134,-0.11919304370880113,No,False,No,False
Arithmetic,2_digit_multiplication,'',Is 52 times 64 equal to 4487?,No,-5.114620685577393,-4.757290840148926,-5.066935358047486,-4.672985110282898,-0.04768532752990673,-0.08430572986602769,No,True,Yes,False
Arithmetic,2_digit_subtraction,'',Is 69 minus 74 equal to -5?,Yes,-5.37047290802002,-4.7631001472473145,-5.066935358047486,-4.672985110282898,-0.30353754997253457,-0.09011503696441636,No,False,No,False
Arithmetic,2_digit_multiplication,'',Is 52 times 16 equal to 833?,No,-5.124241352081299,-4.825719356536865,-5.066935358047486,-4.672985110282898,-0.05730599403381298,-0.15273424625396714,No,True,Yes,False
Arithmetic,1_digit_subtraction,'',Is 9 minus 1 equal to 2?,No,-5.242484092712402,-4.811757564544678,-5.066935358047486,-4.672985110282898,-0.1755487346649165,-0.13877245426177964,No,True,No,True
Arithmetic,1_digit_subtraction,'',Is 1 minus 7 equal to 68?,No,-5.36265230178833,-4.748565196990967,-5.066935358047486,-4.672985110282898,-0.29571694374084423,-0.0755800867080687,No,True,No,True
Arithmetic,2_digit_subtraction,'',Is 83 minus 10 equal to 48?,No,-4.916958332061768,-4.487490653991699,-5.066935358047486,-4.672985110282898,0.14997702598571827,0.18549445629119887,No,True,No,True
Arithmetic,1_digit_addition,'',Is 0 plus 1 equal to 5?,No,-5.216010570526123,-4.915207386016846,-5.066935358047486,-4.672985110282898,-0.1490752124786372,-0.2422222757339476,No,True,Yes,False
Arithmetic,2_digit_subtraction,'',Is 25 minus 14 equal to 34?,No,-5.381377696990967,-4.824889659881592,-5.066935358047486,-4.672985110282898,-0.31444233894348095,-0.1519045495986937,No,True,No,True
Arithmetic,2_digit_subtraction,'',Is 96 minus 25 equal to 86?,No,-4.960528373718262,-4.466806411743164,-5.066935358047486,-4.672985110282898,0.10640698432922413,0.20617869853973403,No,True,No,True
Arithmetic,1_digit_addition,'',Is 8 plus 2 equal to 47?,No,-4.905159950256348,-4.349918365478516,-5.066935358047486,-4.672985110282898,0.1617754077911382,0.32306674480438247,No,True,No,True
Arithmetic,2_digit_addition,'',Is 27 plus 77 equal to 104?,Yes,-4.93981409072876,-4.570030212402344,-5.066935358047486,-4.672985110282898,0.12712126731872608,0.10295489788055434,No,False,Yes,True
Arithmetic,2_digit_subtraction,'',Is 59 minus 99 equal to -40?,Yes,-5.259312152862549,-4.709502696990967,-5.066935358047486,-4.672985110282898,-0.19237679481506298,-0.036517586708068706,No,False,No,False
Arithmetic,1_digit_subtraction,'',Is 2 minus 7 equal to -5?,Yes,-5.668843746185303,-5.122594356536865,-5.066935358047486,-4.672985110282898,-0.6019083881378169,-0.44960924625396714,No,False,No,False
Arithmetic,1_digit_subtraction,'',Is 8 minus 2 equal to 9?,No,-5.122763156890869,-4.6328206062316895,-5.066935358047486,-4.672985110282898,-0.05582779884338329,0.04016450405120864,No,True,No,True
Arithmetic,1_digit_addition,'',Is 7 plus 7 equal to 14?,Yes,-5.232940196990967,-4.864618301391602,-5.066935358047486,-4.672985110282898,-0.16600483894348095,-0.19163319110870347,No,False,Yes,True
Arithmetic,1_digit_multiplication,'',Is 6 times 4 equal to 24?,Yes,-4.786199569702148,-4.670440196990967,-5.066935358047486,-4.672985110282898,0.2807357883453374,0.0025449132919312945,No,False,Yes,True
Arithmetic,1_digit_addition,'',Is 3 plus 3 equal to 6?,Yes,-4.903860092163086,-4.72075080871582,-5.066935358047486,-4.672985110282898,0.1630752658843999,-0.04776569843292222,No,False,Yes,True
Arithmetic,2_digit_multiplication,'',Is 93 times 65 equal to 6045?,Yes,-4.874610900878906,-4.6381001472473145,-5.066935358047486,-4.672985110282898,0.1923244571685796,0.03488496303558364,No,False,Yes,True
Arithmetic,1_digit_addition,'',Is 9 plus 8 equal to 95?,No,-4.615243911743164,-4.1190714836120605,-5.066935358047486,-4.672985110282898,0.4516914463043218,0.5539136266708375,No,True,No,True
Arithmetic,2_digit_addition,'',Is 47 plus 73 equal to 120?,Yes,-4.8556904792785645,-4.364618301391602,-5.066935358047486,-4.672985110282898,0.2112448787689214,0.30836680889129653,No,False,No,False
Arithmetic,2_digit_addition,'',Is 97 plus 27 equal to 124?,Yes,-4.9494404792785645,-4.395868301391602,-5.066935358047486,-4.672985110282898,0.1174948787689214,0.27711680889129653,No,False,No,False
Arithmetic,2_digit_subtraction,'',Is 29 minus 14 equal to 14?,No,-5.0599751472473145,-4.629577159881592,-5.066935358047486,-4.672985110282898,0.006960210800171396,0.043407950401306294,No,True,No,True
Arithmetic,1_digit_subtraction,'',Is 5 minus 8 equal to 97?,No,-5.134274005889893,-4.327322959899902,-5.066935358047486,-4.672985110282898,-0.06733864784240673,0.34566215038299575,No,True,No,True
Arithmetic,2_digit_multiplication,'',Is 71 times 90 equal to 3673?,No,-5.094915390014648,-4.865898609161377,-5.066935358047486,-4.672985110282898,-0.02798003196716259,-0.19291349887847886,No,True,Yes,False
Arithmetic,1_digit_subtraction,'',Is 1 minus 0 equal to 4?,No,-5.388229370117188,-5.025022506713867,-5.066935358047486,-4.672985110282898,-0.32129401206970254,-0.3520373964309691,No,True,Yes,False
Arithmetic,2_digit_subtraction,'',Is 94 minus 89 equal to 5?,Yes,-5.228062152862549,-4.740752696990967,-5.066935358047486,-4.672985110282898,-0.16112679481506298,-0.0677675867080687,No,False,No,False
Arithmetic,1_digit_multiplication,'',Is 4 times 6 equal to 95?,No,-4.837522506713867,-4.47106409072876,-5.066935358047486,-4.672985110282898,0.22941285133361866,0.20192101955413833,No,True,Yes,False
Arithmetic,2_digit_subtraction,'',Is 43 minus 31 equal to 66?,No,-4.992334842681885,-4.501296520233154,-5.066935358047486,-4.672985110282898,0.07460051536560108,0.1716885900497438,No,True,No,True
Arithmetic,1_digit_multiplication,'',Is 2 times 2 equal to 5?,No,-4.914254665374756,-5.045440196990967,-5.066935358047486,-4.672985110282898,0.15268069267273,-0.3724550867080687,Yes,False,Yes,False
Arithmetic,1_digit_multiplication,'',Is 4 times 8 equal to 32?,Yes,-4.896031856536865,-4.656167030334473,-5.066935358047486,-4.672985110282898,0.17090350151062061,0.016818079948425435,No,False,Yes,True
Arithmetic,2_digit_subtraction,'',Is 89 minus 60 equal to 95?,No,-4.845335006713867,-4.478024005889893,-5.066935358047486,-4.672985110282898,0.22160035133361866,0.1949611043930055,No,True,Yes,False
Arithmetic,2_digit_addition,'',Is 67 plus 70 equal to 123?,No,-4.880575656890869,-4.513235092163086,-5.066935358047486,-4.672985110282898,0.1863597011566167,0.15975001811981215,No,True,Yes,False
Arithmetic,1_digit_addition,'',Is 5 plus 7 equal to 76?,No,-4.875555038452148,-4.318368911743164,-5.066935358047486,-4.672985110282898,0.1913803195953374,0.35461619853973403,No,True,No,True
Arithmetic,2_digit_subtraction,'',Is 48 minus 30 equal to 94?,No,-5.053756237030029,-4.435959339141846,-5.066935358047486,-4.672985110282898,0.013179121017456552,0.2370257711410524,No,True,No,True
Arithmetic,1_digit_multiplication,'',Is 5 times 4 equal to 22?,No,-5.125192165374756,-4.819903373718262,-5.066935358047486,-4.672985110282898,-0.05825680732727001,-0.14691826343536363,No,True,Yes,False
Arithmetic,1_digit_addition,'',Is 2 plus 8 equal to 10?,Yes,-4.9271626472473145,-4.620303153991699,-5.066935358047486,-4.672985110282898,0.1397727108001714,0.05268195629119887,No,False,Yes,True
Arithmetic,1_digit_addition,'',Is 5 plus 2 equal to 8?,No,-4.942922592163086,-4.634189605712891,-5.066935358047486,-4.672985110282898,0.12401276588439991,0.038795504570007466,No,True,Yes,False
Arithmetic,2_digit_subtraction,'',Is 62 minus 99 equal to -37?,Yes,-5.654866695404053,-4.923460006713867,-5.066935358047486,-4.672985110282898,-0.5879313373565669,-0.2504748964309691,No,False,No,False
Arithmetic,2_digit_subtraction,'',Is 87 minus 73 equal to 14?,Yes,-5.39391040802002,-4.8490376472473145,-5.066935358047486,-4.672985110282898,-0.32697504997253457,-0.17605253696441636,No,False,No,False
Arithmetic,1_digit_subtraction,'',Is 2 minus 0 equal to 8?,No,-5.405860900878906,-4.9818501472473145,-5.066935358047486,-4.672985110282898,-0.3389255428314204,-0.30886503696441636,No,True,No,True
Arithmetic,2_digit_subtraction,'',Is 73 minus 48 equal to 88?,No,-4.870083332061768,-4.440615653991699,-5.0577651945749915,-4.665939798355103,0.18768186251322394,0.22532414436340353,No,True,No,True
Arithmetic,2_digit_subtraction,'',Is 47 minus 78 equal to -31?,Yes,-5.655491352081299,-4.8637776374816895,-5.0577651945749915,-4.665939798355103,-0.5977261575063073,-0.1978378391265867,No,False,No,False
Arithmetic,2_digit_addition,'',Is 77 plus 97 equal to 609?,No,-5.218360900878906,-4.7306904792785645,-5.0577651945749915,-4.665939798355103,-0.16059570630391473,-0.0647506809234617,No,True,No,True
Arithmetic,2_digit_subtraction,'',Is 41 minus 55 equal to -14?,Yes,-5.79234790802002,-4.936065196990967,-5.0577651945749915,-4.665939798355103,-0.7345827134450289,-0.27012539863586404,No,False,No,False
Arithmetic,2_digit_subtraction,'',Is 67 minus 63 equal to 9?,No,-5.077366352081299,-4.6575608253479,-5.0577651945749915,-4.665939798355103,-0.01960115750630731,0.008378973007202362,No,True,No,True
Arithmetic,1_digit_subtraction,'',Is 9 minus 4 equal to 3?,No,-5.2385029792785645,-4.684264659881592,-5.0577651945749915,-4.665939798355103,-0.18073778470357293,-0.018324861526489045,No,True,No,True
Arithmetic,2_digit_addition,'',Is 82 plus 81 equal to 163?,Yes,-4.741097450256348,-4.499917030334473,-5.0577651945749915,-4.665939798355103,0.31666774431864386,0.1660227680206301,No,False,Yes,True
Arithmetic,2_digit_addition,'',Is 62 plus 24 equal to 86?,Yes,-4.716513156890869,-4.411672592163086,-5.0577651945749915,-4.665939798355103,0.3412520376841224,0.2542672061920168,No,False,Yes,True
Arithmetic,2_digit_addition,'',Is 63 plus 85 equal to 148?,Yes,-4.773629665374756,-4.407711505889893,-5.0577651945749915,-4.665939798355103,0.28413552920023566,0.2582282924652102,No,False,Yes,True
Arithmetic,2_digit_multiplication,'',Is 93 times 60 equal to 5580?,Yes,-4.905728340148926,-4.667621612548828,-5.0577651945749915,-4.665939798355103,0.15203685442606574,-0.0016818141937253728,No,False,Yes,True
Arithmetic,2_digit_multiplication,'',Is 91 times 47 equal to 4277?,Yes,-5.003046035766602,-4.71421480178833,-5.0577651945749915,-4.665939798355103,0.054719158808389956,-0.048275003433227326,No,False,Yes,True
Arithmetic,2_digit_addition,'',Is 89 plus 25 equal to 114?,Yes,-4.754949569702148,-4.451690196990967,-5.0577651945749915,-4.665939798355103,0.3028156248728431,0.21424960136413596,No,False,Yes,True
Arithmetic,1_digit_multiplication,'',Is 7 times 0 equal to 9?,No,-4.95641040802002,-4.782835006713867,-5.0577651945749915,-4.665939798355103,0.1013547865549711,-0.11689520835876444,No,True,Yes,False
Arithmetic,2_digit_subtraction,'',Is 41 minus 10 equal to 95?,No,-4.9349751472473145,-4.255243301391602,-5.0577651945749915,-4.665939798355103,0.12279004732767707,0.4106964969635012,No,True,No,True
Arithmetic,2_digit_subtraction,'',Is 48 minus 12 equal to 36?,Yes,-5.151150226593018,-4.597309112548828,-5.0577651945749915,-4.665939798355103,-0.09338503201802606,0.06863068580627463,No,False,No,False
Arithmetic,1_digit_subtraction,'',Is 5 minus 3 equal to 1?,No,-5.239781856536865,-4.7465901374816895,-5.0577651945749915,-4.665939798355103,-0.18201666196187372,-0.0806503391265867,No,True,No,True
Arithmetic,2_digit_addition,'',Is 29 plus 82 equal to 411?,No,-4.664617538452148,-4.357431411743164,-5.0577651945749915,-4.665939798355103,0.3931476561228431,0.3085083866119387,No,True,Yes,False
Arithmetic,1_digit_subtraction,'',Is 5 minus 9 equal to 34?,No,-5.1294026374816895,-4.5728278160095215,-5.0577651945749915,-4.665939798355103,-0.07163744290669793,0.09311198234558127,No,True,No,True
Arithmetic,2_digit_addition,'',Is 12 plus 16 equal to 98?,No,-5.009274005889893,-4.326769828796387,-5.0577651945749915,-4.665939798355103,0.04849118868509894,0.33916996955871603,No,True,No,True
Arithmetic,1_digit_multiplication,'',Is 9 times 8 equal to 72?,Yes,-4.729100227355957,-4.54758882522583,-5.0577651945749915,-4.665939798355103,0.3286649672190345,0.11835097312927267,No,False,Yes,True
Arithmetic,2_digit_multiplication,'',Is 55 times 15 equal to 825?,Yes,-4.980570793151856,-4.677187919616699,-5.0577651945749915,-4.665939798355103,0.07719440142313516,-0.011248121261596467,No,False,Yes,True
Arithmetic,2_digit_subtraction,'',Is 10 minus 27 equal to -17?,Yes,-6.036770343780518,-5.23582649230957,-5.0577651945749915,-4.665939798355103,-0.9790051492055261,-0.5698866939544676,No,False,No,False
Arithmetic,2_digit_multiplication,'',Is 16 times 16 equal to 248?,No,-5.223699569702148,-4.671465873718262,-5.0577651945749915,-4.665939798355103,-0.16593437512715692,-0.0055260753631589665,No,True,No,True
Arithmetic,2_digit_subtraction,'',Is 62 minus 26 equal to 36?,Yes,-5.004949569702148,-4.517086505889893,-5.0577651945749915,-4.665939798355103,0.05281562487284308,0.14885329246521017,No,False,No,False
Arithmetic,1_digit_subtraction,'',Is 0 minus 5 equal to 38?,No,-5.249804973602295,-4.639887809753418,-5.0577651945749915,-4.665939798355103,-0.1920397790273034,0.026051988601684783,No,True,No,True
Arithmetic,1_digit_multiplication,'',Is 0 times 2 equal to 0?,Yes,-5.192173004150391,-5.07423210144043,-5.0577651945749915,-4.665939798355103,-0.1344078095753991,-0.40829230308532694,No,False,Yes,True
Arithmetic,2_digit_addition,'',Is 37 plus 35 equal to 72?,Yes,-4.723269462585449,-4.41606330871582,-5.0577651945749915,-4.665939798355103,0.3344957319895423,0.24987648963928244,No,False,Yes,True
Arithmetic,1_digit_addition,'',Is 9 plus 0 equal to 4?,No,-4.937090873718262,-4.630243301391602,-5.0577651945749915,-4.665939798355103,0.1206743208567298,0.03569649696350119,No,True,Yes,False
Arithmetic,1_digit_subtraction,'',Is 3 minus 0 equal to 5?,No,-5.2709126472473145,-4.903014659881592,-5.0577651945749915,-4.665939798355103,-0.21314745267232293,-0.23707486152648904,No,True,Yes,False
Arithmetic,2_digit_addition,'',Is 66 plus 66 equal to 341?,No,-4.90952730178833,-4.483965873718262,-5.0577651945749915,-4.665939798355103,0.14823789278666144,0.18197392463684103,No,True,No,True
Arithmetic,1_digit_subtraction,'',Is 5 minus 8 equal to -3?,Yes,-5.718228340148926,-4.918581962585449,-5.0577651945749915,-4.665939798355103,-0.6604631455739343,-0.25264216423034647,No,False,No,False
Arithmetic,1_digit_addition,'',Is 7 plus 1 equal to 8?,Yes,-5.077715873718262,-4.771493911743164,-5.0577651945749915,-4.665939798355103,-0.0199506791432702,-0.10555411338806131,No,False,Yes,True
Arithmetic,2_digit_multiplication,'',Is 64 times 37 equal to 7550?,No,-4.98765230178833,-4.6224751472473145,-5.0577651945749915,-4.665939798355103,0.07011289278666144,0.0434646511077883,No,True,Yes,False
Arithmetic,2_digit_addition,'',Is 94 plus 25 equal to 865?,No,-5.01108980178833,-4.5834126472473145,-5.0577651945749915,-4.665939798355103,0.04667539278666144,0.0825271511077883,No,True,No,True
Arithmetic,2_digit_subtraction,'',Is 71 minus 81 equal to -10?,Yes,-5.37828540802002,-4.834502696990967,-5.0577651945749915,-4.665939798355103,-0.3205202134450289,-0.16856289863586404,No,False,No,False
Arithmetic,1_digit_subtraction,'',Is 9 minus 9 equal to 0?,Yes,-5.0599751472473145,-4.442743301391602,-5.0577651945749915,-4.665939798355103,-0.0022099526723229346,0.2231964969635012,No,False,No,False
Arithmetic,2_digit_subtraction,'',Is 30 minus 63 equal to 999?,No,-5.006377696990967,-4.385928153991699,-5.0577651945749915,-4.665939798355103,0.05138749758402472,0.28001164436340353,No,True,No,True
Arithmetic,1_digit_multiplication,'',Is 5 times 3 equal to 15?,Yes,-5.00926399230957,-4.951584339141846,-5.0577651945749915,-4.665939798355103,0.048501202265421206,-0.28564454078674295,No,False,Yes,True
Arithmetic,2_digit_multiplication,'',Is 27 times 17 equal to 459?,Yes,-5.181068420410156,-4.8216233253479,-5.0577651945749915,-4.665939798355103,-0.12330322583516473,-0.15568352699279764,No,False,Yes,True
Arithmetic,2_digit_subtraction,'',Is 79 minus 74 equal to 3?,No,-5.391790390014648,-4.912773609161377,-5.0577651945749915,-4.665939798355103,-0.3340251954396569,-0.2468338108062742,No,True,No,True
Arithmetic,1_digit_subtraction,'',Is 6 minus 8 equal to -2?,Yes,-5.69077730178833,-4.952715873718262,-5.0577651945749915,-4.665939798355103,-0.6330121072133386,-0.28677607536315897,No,False,No,False
Arithmetic,1_digit_multiplication,'',Is 3 times 7 equal to 53?,No,-4.950719356536865,-4.833437919616699,-5.0577651945749915,-4.665939798355103,0.10704583803812628,-0.16749812126159647,No,True,Yes,False
Arithmetic,1_digit_addition,'',Is 3 plus 1 equal to 9?,No,-4.8490376472473145,-4.60543155670166,-5.0577651945749915,-4.665939798355103,0.20872754732767707,0.060508241653442596,No,True,Yes,False
Arithmetic,2_digit_subtraction,'',Is 63 minus 80 equal to 278?,No,-5.10483980178833,-4.492742538452148,-5.0577651945749915,-4.665939798355103,-0.04707460721333856,0.17319725990295431,No,True,No,True
Arithmetic,1_digit_addition,'',Is 5 plus 4 equal to 9?,Yes,-4.905840873718262,-4.473327159881592,-5.0577651945749915,-4.665939798355103,0.1519243208567298,0.19261263847351096,No,False,No,False
Arithmetic,1_digit_multiplication,'',Is 4 times 9 equal to 36?,Yes,-4.807400226593018,-4.629519462585449,-5.0577651945749915,-4.665939798355103,0.25036496798197394,0.036420335769653533,No,False,Yes,True
Arithmetic,2_digit_addition,'',Is 34 plus 89 equal to 356?,No,-4.7853779792785645,-4.417178153991699,-5.0577651945749915,-4.665939798355103,0.27238721529642707,0.24876164436340353,No,True,Yes,False
Arithmetic,2_digit_subtraction,'',Is 42 minus 39 equal to 3?,Yes,-5.32359790802002,-4.838833332061768,-5.0577651945749915,-4.665939798355103,-0.2658327134450289,-0.17289353370666483,No,False,No,False
Arithmetic,1_digit_addition,'',Is 3 plus 9 equal to 97?,No,-4.8637776374816895,-4.3072028160095215,-5.0577651945749915,-4.665939798355103,0.19398755709330207,0.35873698234558127,No,True,No,True
Arithmetic,1_digit_addition,'',Is 6 plus 3 equal to 9?,Yes,-4.990752696990967,-4.559930801391602,-5.0577651945749915,-4.665939798355103,0.06701249758402472,0.10600899696350119,No,False,No,False
Arithmetic,2_digit_addition,'',Is 91 plus 43 equal to 134?,Yes,-4.890103340148926,-4.52488899230957,-5.0577651945749915,-4.665939798355103,0.16766185442606574,0.14105080604553244,No,False,Yes,True
Arithmetic,1_digit_subtraction,'',Is 0 minus 4 equal to -4?,Yes,-5.734907150268555,-5.07359790802002,-5.0577651945749915,-4.665939798355103,-0.6771419556935632,-0.40765810966491767,No,False,No,False
Arithmetic,1_digit_subtraction,'',Is 9 minus 1 equal to 8?,Yes,-5.054604530334473,-4.684664726257324,-5.0577651945749915,-4.665939798355103,0.0031606642405188623,-0.018724927902221467,No,False,Yes,True
Arithmetic,1_digit_addition,'',Is 8 plus 9 equal to 17?,Yes,-5.107138156890869,-4.615646839141846,-5.0577651945749915,-4.665939798355103,-0.04937296231587762,0.05029295921325705,No,False,No,False
Arithmetic,2_digit_subtraction,'',Is 59 minus 45 equal to 83?,No,-4.978147506713867,-4.61168909072876,-5.0577651945749915,-4.665939798355103,0.07961768786112433,0.05425070762634299,No,True,Yes,False
Arithmetic,2_digit_multiplication,'',Is 45 times 75 equal to 8456?,No,-5.062016010284424,-4.763388156890869,-5.0577651945749915,-4.665939798355103,-0.00425081570943231,-0.09744835853576639,No,True,Yes,False
Arithmetic,1_digit_subtraction,'',Is 4 minus 6 equal to 12?,No,-5.249590873718262,-4.568957328796387,-5.0577651945749915,-4.665939798355103,-0.1918256791432702,0.09698246955871603,No,True,No,True
Arithmetic,1_digit_multiplication,'',Is 8 times 7 equal to 56?,Yes,-4.86265230178833,-4.624590873718262,-5.0577651945749915,-4.665939798355103,0.19511289278666144,0.041348924636841033,No,False,Yes,True
Arithmetic,1_digit_subtraction,'',Is 3 minus 5 equal to 25?,No,-5.0669026374816895,-4.5728278160095215,-5.0577651945749915,-4.665939798355103,-0.009137442906697935,0.09311198234558127,No,True,No,True
Arithmetic,2_digit_multiplication,'',Is 26 times 83 equal to 2158?,Yes,-5.153854370117188,-4.976754665374756,-5.0577651945749915,-4.665939798355103,-0.09608917554219687,-0.3108148670196531,No,False,Yes,True
Arithmetic,1_digit_multiplication,'',Is 9 times 4 equal to 55?,No,-4.814905643463135,-4.509737491607666,-5.0577651945749915,-4.665939798355103,0.24285955111185675,0.15620230674743674,No,True,Yes,False
Arithmetic,1_digit_subtraction,'',Is 8 minus 4 equal to 4?,Yes,-5.164254665374756,-4.610836505889893,-5.0577651945749915,-4.665939798355103,-0.10648947079976434,0.055103292465210174,No,False,No,False
Arithmetic,2_digit_multiplication,'',Is 39 times 58 equal to 6277?,No,-5.153683185577393,-4.798019886016846,-5.0577651945749915,-4.665939798355103,-0.09591799100240106,-0.13208008766174295,No,True,Yes,False
Arithmetic,2_digit_addition,'',Is 88 plus 62 equal to 386?,No,-4.829710006713867,-4.46325159072876,-5.0577651945749915,-4.665939798355103,0.22805518786112433,0.202688207626343,No,True,Yes,False
Arithmetic,2_digit_addition,'',Is 36 plus 67 equal to 415?,No,-4.825888156890869,-4.458547592163086,-5.0577651945749915,-4.665939798355103,0.23187703768412238,0.20739220619201681,No,True,Yes,False
Arithmetic,2_digit_addition,'',Is 82 plus 17 equal to 99?,Yes,-4.678756237030029,-4.311757564544678,-5.0577651945749915,-4.665939798355103,0.3790089575449622,0.354182233810425,No,False,Yes,True
Arithmetic,1_digit_multiplication,'',Is 3 times 6 equal to 18?,Yes,-4.929879665374756,-4.875555038452148,-5.0577651945749915,-4.665939798355103,0.12788552920023566,-0.20961524009704569,No,False,Yes,True
Arithmetic,1_digit_multiplication,'',Is 4 times 7 equal to 28?,Yes,-5.084648609161377,-4.782711505889893,-5.0577651945749915,-4.665939798355103,-0.026883414586385435,-0.11677170753478983,No,False,Yes,True
Arithmetic,2_digit_subtraction,'',Is 81 minus 36 equal to 45?,Yes,-4.881523609161377,-4.454586505889893,-5.0577651945749915,-4.665939798355103,0.17624158541361457,0.21135329246521017,No,False,No,False
Arithmetic,1_digit_multiplication,'',Is 3 times 1 equal to 7?,No,-5.004949569702148,-5.014190196990967,-5.0577651945749915,-4.665939798355103,0.05281562487284308,-0.34825039863586404,Yes,False,Yes,False
Arithmetic,1_digit_multiplication,'',Is 1 times 9 equal to 9?,Yes,-4.866450309753418,-4.937647342681885,-5.0577651945749915,-4.665939798355103,0.19131488482157355,-0.271707544326782,Yes,True,Yes,True
Arithmetic,2_digit_addition,'',Is 73 plus 67 equal to 140?,Yes,-4.885334491729736,-4.4575276374816895,-5.0577651945749915,-4.665939798355103,0.1724307028452552,0.2084121608734133,No,False,No,False
Arithmetic,2_digit_addition,'',Is 51 plus 46 equal to 53?,No,-4.862934112548828,-4.557274341583252,-5.0577651945749915,-4.665939798355103,0.1948310820261634,0.1086654567718508,No,True,Yes,False
Arithmetic,2_digit_subtraction,'',Is 85 minus 69 equal to 93?,No,-4.813055038452148,-4.381457328796387,-5.0577651945749915,-4.665939798355103,0.24471015612284308,0.28448246955871603,No,True,No,True
Arithmetic,1_digit_subtraction,'',Is 5 minus 1 equal to 9?,No,-5.183246612548828,-4.627586841583252,-5.0577651945749915,-4.665939798355103,-0.1254814179738366,0.0383529567718508,No,True,No,True
Arithmetic,1_digit_addition,'',Is 6 plus 3 equal to 4?,No,-4.9887776374816895,-4.6803154945373535,-5.0577651945749915,-4.665939798355103,0.06898755709330207,-0.014375696182250763,No,True,Yes,False
Arithmetic,1_digit_addition,'',Is 0 plus 6 equal to 9?,No,-5.133977890014648,-4.773048400878906,-5.0577651945749915,-4.665939798355103,-0.07621269543965692,-0.1071086025238035,No,True,Yes,False
Arithmetic,1_digit_subtraction,'',Is 6 minus 6 equal to 3?,No,-5.445504665374756,-4.892086505889893,-5.0577651945749915,-4.665939798355103,-0.38773947079976434,-0.22614670753478983,No,True,No,True
Arithmetic,1_digit_multiplication,'',Is 4 times 1 equal to 1?,No,-4.926824569702148,-4.8713154792785645,-5.0577651945749915,-4.665939798355103,0.13094062487284308,-0.2053756809234617,No,True,Yes,False
Arithmetic,1_digit_addition,'',Is 5 plus 0 equal to 5?,Yes,-4.94762659072876,-4.701181411743164,-5.0577651945749915,-4.665939798355103,0.11013860384623175,-0.03524161338806131,No,False,Yes,True
Arithmetic,2_digit_multiplication,'',Is 38 times 57 equal to 2166?,Yes,-5.214813232421875,-4.795586109161377,-5.0577651945749915,-4.665939798355103,-0.15704803784688348,-0.1296463108062742,No,False,No,False
Arithmetic,2_digit_subtraction,'',Is 67 minus 82 equal to 879?,No,-5.157749652862549,-4.609930038452148,-5.0577651945749915,-4.665939798355103,-0.09998445828755731,0.056009759902954315,No,True,No,True
Arithmetic,1_digit_addition,'',Is 7 plus 0 equal to 6?,No,-5.148629665374756,-4.844305038452148,-5.0577651945749915,-4.665939798355103,-0.09086447079976434,-0.17836524009704569,No,True,Yes,False
Arithmetic,2_digit_subtraction,'',Is 62 minus 36 equal to 77?,No,-5.092461109161377,-4.47887659072876,-5.0577651945749915,-4.665939798355103,-0.034695914586385435,0.187063207626343,No,True,No,True
Arithmetic,2_digit_addition,'',Is 47 plus 14 equal to 45?,No,-4.747610092163086,-4.378137588500977,-5.0577651945749915,-4.665939798355103,0.3101551024119056,0.2878022098541262,No,True,Yes,False
Arithmetic,2_digit_multiplication,'',Is 40 times 12 equal to 440?,No,-5.048019886016846,-4.68113899230957,-5.0577651945749915,-4.665939798355103,0.009745308558145815,-0.01519919395446756,No,True,Yes,False
Arithmetic,2_digit_addition,'',Is 78 plus 58 equal to 943?,No,-4.901832580566406,-4.5403733253479,-5.0577651945749915,-4.665939798355103,0.15593261400858527,0.12556647300720236,No,True,Yes,False
Arithmetic,2_digit_subtraction,'',Is 73 minus 67 equal to 8?,No,-5.102943420410156,-4.6809983253479,-5.0577651945749915,-4.665939798355103,-0.04517822583516473,-0.015058526992797638,No,True,No,True
Arithmetic,2_digit_addition,'',Is 18 plus 31 equal to 49?,Yes,-4.685110092163086,-4.251377105712891,-5.0577651945749915,-4.665939798355103,0.3726551024119056,0.4145626926422121,No,False,No,False
Arithmetic,2_digit_multiplication,'',Is 42 times 38 equal to 1626?,No,-5.06577730178833,-4.641180038452148,-5.0577651945749915,-4.665939798355103,-0.00801210721333856,0.024759759902954315,No,True,No,True
Arithmetic,1_digit_multiplication,'',Is 8 times 9 equal to 32?,No,-4.768520832061768,-4.65230655670166,-5.0577651945749915,-4.665939798355103,0.28924436251322394,0.013633241653442596,No,True,Yes,False
Arithmetic,2_digit_multiplication,'',Is 84 times 54 equal to 4536?,Yes,-4.993208408355713,-4.696897506713867,-5.0577651945749915,-4.665939798355103,0.06455678621927863,-0.030957708358764435,No,False,Yes,True
Arithmetic,1_digit_multiplication,'',Is 2 times 1 equal to 6?,No,-4.866798400878906,-5.000192165374756,-5.0577651945749915,-4.665939798355103,0.19096679369608527,-0.3342523670196531,Yes,False,Yes,False
Arithmetic,2_digit_multiplication,'',Is 27 times 12 equal to 324?,Yes,-5.008004665374756,-4.70543909072876,-5.0577651945749915,-4.665939798355103,0.04976052920023566,-0.03949929237365701,No,False,Yes,True
Arithmetic,1_digit_addition,'',Is 2 plus 5 equal to 7?,Yes,-5.147148609161377,-4.9037251472473145,-5.0577651945749915,-4.665939798355103,-0.08938341458638543,-0.2377853488922117,No,False,Yes,True
Arithmetic,2_digit_addition,'',Is 42 plus 71 equal to 113?,Yes,-4.767210006713867,-4.401553153991699,-5.0577651945749915,-4.665939798355103,0.29055518786112433,0.26438664436340353,No,False,Yes,True
Arithmetic,1_digit_multiplication,'',Is 1 times 4 equal to 3?,No,-5.083198070526123,-5.216457843780518,-5.0577651945749915,-4.665939798355103,-0.02543287595113153,-0.5505180454254148,Yes,False,Yes,False
Arithmetic,2_digit_multiplication,'',Is 34 times 59 equal to 1890?,No,-4.55540132522583,-4.247621059417725,-5.0577651945749915,-4.665939798355103,0.5023638693491614,0.41831873893737814,No,True,Yes,False
Arithmetic,2_digit_subtraction,'',Is 64 minus 52 equal to 35?,No,-4.9260029792785645,-4.434264659881592,-5.0577651945749915,-4.665939798355103,0.13176221529642707,0.23167513847351096,No,True,No,True
Arithmetic,2_digit_multiplication,'',Is 30 times 59 equal to 1770?,Yes,-4.896031856536865,-4.592105865478516,-5.0577651945749915,-4.665939798355103,0.16173333803812628,0.07383393287658713,No,False,Yes,True
Arithmetic,2_digit_subtraction,'',Is 81 minus 36 equal to 74?,No,-5.014887809753418,-4.5278401374816895,-5.056852136850357,-4.6692906403541565,0.04196432709693898,0.14145050287246708,No,True,No,True
Arithmetic,2_digit_subtraction,'',Is 72 minus 25 equal to 47?,Yes,-5.136820793151856,-4.520937919616699,-5.056852136850357,-4.6692906403541565,-0.07996865630149941,0.1483527207374573,No,False,No,False
Arithmetic,1_digit_subtraction,'',Is 4 minus 3 equal to 3?,No,-5.350127696990967,-4.732431411743164,-5.056852136850357,-4.6692906403541565,-0.29327556014060985,-0.06314077138900753,No,True,No,True
Arithmetic,2_digit_multiplication,'',Is 58 times 75 equal to 4350?,Yes,-4.942916870117188,-4.6447529792785645,-5.056852136850357,-4.6692906403541565,0.11393526673316856,0.024537661075592077,No,False,Yes,True
Arithmetic,2_digit_addition,'',Is 56 plus 93 equal to 911?,No,-4.526553153991699,-4.093467712402344,-5.056852136850357,-4.6692906403541565,0.5302989828586577,0.5758229279518128,No,True,No,True
Arithmetic,2_digit_subtraction,'',Is 33 minus 76 equal to 487?,No,-4.909684658050537,-4.415987491607666,-5.056852136850357,-4.6692906403541565,0.14716747879981984,0.2533031487464905,No,True,No,True
Arithmetic,2_digit_subtraction,'',Is 14 minus 57 equal to -43?,Yes,-5.671485900878906,-4.937090873718262,-5.056852136850357,-4.6692906403541565,-0.6146337640285493,-0.2678002333641052,No,False,No,False
Arithmetic,1_digit_addition,'',Is 0 plus 0 equal to 2?,No,-5.581171035766602,-5.22203540802002,-5.056852136850357,-4.6692906403541565,-0.5243188989162446,-0.5527447676658639,No,True,Yes,False
Arithmetic,1_digit_addition,'',Is 8 plus 7 equal to 61?,No,-4.886820793151856,-4.3950276374816895,-5.056852136850357,-4.6692906403541565,0.1700313436985006,0.2742630028724671,No,True,No,True
Arithmetic,2_digit_subtraction,'',Is 59 minus 19 equal to 10?,No,-4.931272506713867,-4.503115653991699,-5.056852136850357,-4.6692906403541565,0.12557963013648976,0.1661749863624573,No,True,No,True
Arithmetic,1_digit_subtraction,'',Is 6 minus 0 equal to 5?,No,-5.303756237030029,-4.811757564544678,-5.056852136850357,-4.6692906403541565,-0.24690410017967235,-0.1424669241905212,No,True,No,True
Arithmetic,1_digit_addition,'',Is 9 plus 3 equal to 89?,No,-4.575555801391602,-4.265831470489502,-5.056852136850357,-4.6692906403541565,0.4812963354587554,0.4034591698646546,No,True,Yes,False
Arithmetic,1_digit_multiplication,'',Is 7 times 7 equal to 83?,No,-5.036199569702148,-4.798336505889893,-5.056852136850357,-4.6692906403541565,0.02065256714820851,-0.12904586553573605,No,True,Yes,False
Arithmetic,2_digit_multiplication,'',Is 28 times 71 equal to 1988?,Yes,-4.495303153991699,-4.313165664672852,-5.056852136850357,-4.6692906403541565,0.5615489828586577,0.35612497568130497,No,False,Yes,True
Arithmetic,1_digit_subtraction,'',Is 5 minus 0 equal to 4?,No,-5.288131237030029,-4.795334339141846,-5.056852136850357,-4.6692906403541565,-0.23127910017967235,-0.12604369878768917,No,True,No,True
Arithmetic,1_digit_multiplication,'',Is 9 times 0 equal to 2?,No,-4.911199569702148,-4.8556904792785645,-5.056852136850357,-4.6692906403541565,0.1456525671482085,-0.18639983892440792,No,True,Yes,False
Arithmetic,2_digit_addition,'',Is 42 plus 47 equal to 89?,Yes,-4.5669026374816895,-4.2603278160095215,-5.056852136850357,-4.6692906403541565,0.4899494993686675,0.40896282434463505,No,False,Yes,True
Arithmetic,2_digit_multiplication,'',Is 67 times 41 equal to 4995?,No,-5.179023742675781,-4.888332843780518,-5.056852136850357,-4.6692906403541565,-0.1221716058254243,-0.21904220342636105,No,True,Yes,False
Arithmetic,2_digit_addition,'',Is 52 plus 48 equal to 115?,No,-4.875147342681885,-4.3819732666015625,-5.056852136850357,-4.6692906403541565,0.18170479416847218,0.28731737375259403,No,True,No,True
Arithmetic,2_digit_multiplication,'',Is 82 times 45 equal to 3690?,Yes,-5.111383438110352,-4.940895080566406,-5.056852136850357,-4.6692906403541565,-0.05453130125999461,-0.2716044402122497,No,False,Yes,True
Arithmetic,2_digit_addition,'',Is 86 plus 87 equal to 173?,Yes,-4.911540985107422,-4.550309658050537,-5.056852136850357,-4.6692906403541565,0.14531115174293507,0.11898098230361942,No,False,Yes,True
Arithmetic,2_digit_multiplication,'',Is 95 times 18 equal to 1148?,No,-5.343360900878906,-4.7943501472473145,-5.056852136850357,-4.6692906403541565,-0.2865087640285493,-0.12505950689315792,No,True,No,True
Arithmetic,1_digit_multiplication,'',Is 1 times 4 equal to 4?,Yes,-4.858985900878906,-5.115898609161377,-5.056852136850357,-4.6692906403541565,0.1978662359714507,-0.4466079688072204,Yes,True,Yes,True
Arithmetic,1_digit_multiplication,'',Is 7 times 2 equal to 14?,Yes,-5.220249652862549,-4.9818501472473145,-5.056852136850357,-4.6692906403541565,-0.16339751601219188,-0.3125595068931579,No,False,Yes,True
Arithmetic,2_digit_multiplication,'',Is 67 times 43 equal to 2881?,Yes,-5.045491695404053,-4.689085006713867,-5.056852136850357,-4.6692906403541565,0.011360441446304215,-0.019794366359710658,No,False,Yes,True
Arithmetic,1_digit_multiplication,'',Is 7 times 5 equal to 35?,Yes,-4.904961109161377,-4.727117538452148,-5.056852136850357,-4.6692906403541565,0.15189102768898,-0.05782689809799191,No,False,Yes,True
Arithmetic,2_digit_addition,'',Is 23 plus 65 equal to 88?,Yes,-4.633367538452148,-4.325555801391602,-5.056852136850357,-4.6692906403541565,0.4234845983982085,0.34373483896255497,No,False,Yes,True
Arithmetic,1_digit_subtraction,'',Is 3 minus 2 equal to 4?,No,-5.157711505889893,-4.850760459899902,-5.056852136850357,-4.6692906403541565,-0.10085936903953563,-0.18146981954574581,No,True,Yes,False
Arithmetic,2_digit_subtraction,'',Is 17 minus 99 equal to -82?,Yes,-5.626144886016846,-4.888235092163086,-5.056852136850357,-4.6692906403541565,-0.5692927491664888,-0.2189444518089294,No,False,No,False
Arithmetic,1_digit_subtraction,'',Is 6 minus 5 equal to 3?,No,-5.404961109161377,-4.852117538452148,-5.056852136850357,-4.6692906403541565,-0.34810897231102,-0.1828268980979919,No,True,No,True
Arithmetic,1_digit_multiplication,'',Is 4 times 5 equal to 44?,No,-4.944023609161377,-4.702715873718262,-5.056852136850357,-4.6692906403541565,0.11282852768898,-0.03342523336410519,No,True,Yes,False
Arithmetic,1_digit_addition,'',Is 1 plus 8 equal to 4?,No,-5.048374652862549,-4.865898609161377,-5.056852136850357,-4.6692906403541565,0.008477483987808121,-0.19660796880722042,No,True,Yes,False
Arithmetic,1_digit_addition,'',Is 4 plus 0 equal to 6?,No,-5.086234092712402,-4.655507564544678,-5.056852136850357,-4.6692906403541565,-0.029381955862045395,0.013783075809478795,No,True,No,True
Arithmetic,1_digit_subtraction,'',Is 9 minus 3 equal to 6?,Yes,-5.103024005889893,-4.671072959899902,-5.056852136850357,-4.6692906403541565,-0.04617186903953563,-0.001782319545745814,No,False,No,False
Arithmetic,2_digit_multiplication,'',Is 63 times 96 equal to 2179?,No,-5.01199197769165,-4.842366695404053,-5.056852136850357,-4.6692906403541565,0.04486015915870656,-0.1730760550498962,No,True,Yes,False
Arithmetic,1_digit_multiplication,'',Is 0 times 1 equal to 1?,No,-5.081171035766602,-5.149602890014648,-5.056852136850357,-4.6692906403541565,-0.024318898916244613,-0.4803122496604919,Yes,False,Yes,False
Arithmetic,2_digit_addition,'',Is 18 plus 91 equal to 109?,Yes,-4.875147342681885,-4.381168365478516,-5.056852136850357,-4.6692906403541565,0.18170479416847218,0.2881222748756409,No,False,No,False
Arithmetic,1_digit_subtraction,'',Is 0 minus 0 equal to 4?,No,-5.452930450439453,-4.974166870117188,-5.056852136850357,-4.6692906403541565,-0.3960783135890962,-0.30487622976303186,No,True,No,True
Arithmetic,2_digit_multiplication,'',Is 86 times 46 equal to 4220?,No,-5.089813232421875,-4.672067165374756,-5.056852136850357,-4.6692906403541565,-0.03296109557151805,-0.0027765250205993297,No,True,No,True
Arithmetic,1_digit_addition,'',Is 4 plus 9 equal to 17?,No,-5.166958332061768,-4.612490653991699,-5.056852136850357,-4.6692906403541565,-0.11010619521141063,0.05679998636245731,No,True,No,True
Arithmetic,2_digit_multiplication,'',Is 62 times 11 equal to 682?,Yes,-5.059760570526123,-4.764693737030029,-5.056852136850357,-4.6692906403541565,-0.002908433675766098,-0.09540309667587277,No,False,Yes,True
Arithmetic,1_digit_subtraction,'',Is 3 minus 4 equal to -1?,Yes,-5.545586109161377,-4.868649005889893,-5.056852136850357,-4.6692906403541565,-0.48873397231102,-0.19935836553573605,No,False,No,False
Arithmetic,2_digit_subtraction,'',Is 15 minus 34 equal to 405?,No,-5.126461505889893,-4.569510459899902,-5.056852136850357,-4.6692906403541565,-0.06960936903953563,0.09978018045425419,No,True,No,True
Arithmetic,2_digit_addition,'',Is 14 plus 74 equal to 88?,Yes,-4.817812919616699,-4.4478278160095215,-5.056852136850357,-4.6692906403541565,0.23903921723365773,0.22146282434463505,No,False,Yes,True
Arithmetic,2_digit_addition,'',Is 80 plus 61 equal to 616?,No,-5.045586109161377,-4.616778373718262,-5.056852136850357,-4.6692906403541565,0.011266027688979996,0.05251226663589481,No,True,No,True
Arithmetic,1_digit_multiplication,'',Is 6 times 0 equal to 3?,No,-5.052291870117188,-4.937692165374756,-5.056852136850357,-4.6692906403541565,0.004560266733168561,-0.26840152502059933,No,True,Yes,False
Arithmetic,2_digit_addition,'',Is 47 plus 62 equal to 109?,Yes,-4.935094356536865,-4.382729530334473,-5.056852136850357,-4.6692906403541565,0.12175778031349171,0.2865611100196839,No,False,No,False
Arithmetic,1_digit_multiplication,'',Is 1 times 8 equal to 8?,Yes,-4.856512069702148,-5.112270832061768,-5.056852136850357,-4.6692906403541565,0.2003400671482085,-0.44298019170761105,Yes,True,Yes,True
Arithmetic,2_digit_multiplication,'',Is 56 times 86 equal to 7047?,No,-5.114448070526123,-4.755575656890869,-5.056852136850357,-4.6692906403541565,-0.0575959336757661,-0.08628501653671261,No,True,Yes,False
Arithmetic,1_digit_subtraction,'',Is 9 minus 4 equal to 5?,Yes,-5.08043909072876,-4.585655212402344,-5.056852136850357,-4.6692906403541565,-0.023586953878402817,0.08363542795181278,No,False,No,False
Arithmetic,1_digit_subtraction,'',Is 5 minus 5 equal to 6?,No,-5.200625419616699,-4.706195831298828,-5.056852136850357,-4.6692906403541565,-0.14377328276634227,-0.036905190944671595,No,True,No,True
Arithmetic,1_digit_subtraction,'',Is 8 minus 0 equal to 4?,No,-5.265235900878906,-4.7787251472473145,-5.056852136850357,-4.6692906403541565,-0.2083837640285493,-0.10943450689315792,No,True,No,True
Arithmetic,1_digit_addition,'',Is 9 plus 5 equal to 26?,No,-4.868649005889893,-4.311697959899902,-5.056852136850357,-4.6692906403541565,0.18820313096046437,0.3575926804542542,No,True,No,True
Arithmetic,1_digit_subtraction,'',Is 8 minus 0 equal to 8?,Yes,-5.268337726593018,-4.779709339141846,-5.056852136850357,-4.6692906403541565,-0.21148558974266063,-0.11041869878768917,No,False,No,False
Arithmetic,1_digit_multiplication,'',Is 7 times 9 equal to 63?,Yes,-4.975273609161377,-4.735836505889893,-5.056852136850357,-4.6692906403541565,0.08157852768898,-0.06654586553573605,No,False,Yes,True
Arithmetic,1_digit_addition,'',Is 3 plus 6 equal to 3?,No,-4.9896626472473145,-4.745303153991699,-5.056852136850357,-4.6692906403541565,0.0671894896030425,-0.07601251363754269,No,True,Yes,False
Arithmetic,1_digit_subtraction,'',Is 9 minus 8 equal to 1?,Yes,-5.0744404792785645,-4.520202159881592,-5.056852136850357,-4.6692906403541565,-0.017588342428207504,0.14908848047256473,No,False,No,False
Arithmetic,1_digit_addition,'',Is 1 plus 2 equal to 3?,Yes,-5.131722450256348,-5.073747158050537,-5.056852136850357,-4.6692906403541565,-0.07487031340599071,-0.4044565176963806,No,False,Yes,True
Arithmetic,2_digit_addition,'',Is 45 plus 63 equal to 108?,Yes,-4.7700276374816895,-4.399734020233154,-5.056852136850357,-4.6692906403541565,0.2868244993686675,0.26955662012100223,No,False,Yes,True
Arithmetic,1_digit_addition,'',Is 8 plus 4 equal to 84?,No,-4.811409950256348,-4.381168365478516,-5.056852136850357,-4.6692906403541565,0.2454421865940093,0.2881222748756409,No,True,No,True
Arithmetic,1_digit_multiplication,'',Is 8 times 1 equal to 8?,Yes,-4.711234092712402,-4.843007564544678,-5.056852136850357,-4.6692906403541565,0.3456180441379546,-0.1737169241905212,Yes,True,Yes,True
Arithmetic,1_digit_subtraction,'',Is 5 minus 7 equal to 57?,No,-5.179278373718262,-4.560556411743164,-5.056852136850357,-4.6692906403541565,-0.12242623686790477,0.10873422861099247,No,True,No,True
Arithmetic,1_digit_addition,'',Is 2 plus 2 equal to 4?,Yes,-4.9271626472473145,-4.80700159072876,-5.056852136850357,-4.6692906403541565,0.1296894896030425,-0.13771095037460324,No,False,Yes,True
Arithmetic,2_digit_subtraction,'',Is 79 minus 67 equal to 12?,Yes,-5.093360900878906,-4.608965873718262,-5.056852136850357,-4.6692906403541565,-0.0365087640285493,0.06032476663589481,No,False,No,False
Arithmetic,2_digit_multiplication,'',Is 47 times 45 equal to 7221?,No,-5.383977890014648,-4.903387069702148,-5.056852136850357,-4.6692906403541565,-0.3271257531642915,-0.2340964293479919,No,True,No,True
Arithmetic,2_digit_multiplication,'',Is 60 times 92 equal to 5520?,Yes,-4.999478340148926,-4.63426399230957,-5.056852136850357,-4.6692906403541565,0.05737379670143117,0.03502664804458622,No,False,Yes,True
Arithmetic,1_digit_addition,'',Is 2 plus 5 equal to 5?,No,-4.9260029792785645,-4.805242538452148,-5.056852136850357,-4.6692906403541565,0.1308491575717925,-0.1359518980979919,No,True,Yes,False
Arithmetic,2_digit_subtraction,'',Is 48 minus 66 equal to -18?,Yes,-5.712318420410156,-4.9153733253479,-5.056852136850357,-4.6692906403541565,-0.6554662835597993,-0.24608268499374386,No,False,No,False
Arithmetic,2_digit_addition,'',Is 21 plus 30 equal to 51?,Yes,-4.886371612548828,-4.45383882522583,-5.056852136850357,-4.6692906403541565,0.17048052430152882,0.21545181512832645,No,False,No,False
Arithmetic,2_digit_addition,'',Is 68 plus 94 equal to 162?,Yes,-4.639190196990967,-4.332702159881592,-5.056852136850357,-4.6692906403541565,0.41766193985939015,0.33658848047256473,No,False,Yes,True
Arithmetic,1_digit_multiplication,'',Is 1 times 3 equal to 3?,Yes,-4.993687152862549,-5.309637069702148,-5.056852136850357,-4.6692906403541565,0.06316498398780812,-0.6403464293479919,Yes,True,Yes,True
Arithmetic,2_digit_multiplication,'',Is 29 times 26 equal to 830?,No,-4.855570793151856,-4.678043365478516,-5.056852136850357,-4.6692906403541565,0.2012813436985006,-0.008752725124359095,No,True,Yes,False
Arithmetic,2_digit_multiplication,'',Is 17 times 95 equal to 5099?,No,-5.073208332061768,-4.704586505889893,-5.056852136850357,-4.6692906403541565,-0.01635619521141063,-0.03529586553573605,No,True,Yes,False
Arithmetic,1_digit_multiplication,'',Is 8 times 2 equal to 16?,Yes,-4.86265230178833,-4.8088154792785645,-5.056852136850357,-4.6692906403541565,0.19419983506202687,-0.13952483892440792,No,False,Yes,True
Arithmetic,1_digit_multiplication,'',Is 2 times 3 equal to 6?,Yes,-4.952735900878906,-5.025022506713867,-5.056852136850357,-4.6692906403541565,0.1041162359714507,-0.35573186635971066,Yes,True,Yes,True
Arithmetic,1_digit_multiplication,'',Is 6 times 2 equal to 26?,No,-4.952735900878906,-4.713833332061768,-5.056852136850357,-4.6692906403541565,0.1041162359714507,-0.04454269170761105,No,True,Yes,False
Arithmetic,2_digit_multiplication,'',Is 80 times 16 equal to 6114?,No,-5.404537677764893,-4.923374652862549,-5.056852136850357,-4.6692906403541565,-0.34768554091453563,-0.2540840125083923,No,True,No,True
Arithmetic,1_digit_subtraction,'',Is 5 minus 5 equal to 0?,Yes,-5.251585006713867,-4.571774005889893,-5.056852136850357,-4.6692906403541565,-0.19473286986351024,0.09751663446426395,No,False,No,False
Arithmetic,2_digit_subtraction,'',Is 23 minus 99 equal to -76?,Yes,-5.41733980178833,-4.679278373718262,-5.056852136850357,-4.6692906403541565,-0.36048766493797313,-0.009987733364105189,No,False,No,False
Arithmetic,1_digit_subtraction,'',Is 4 minus 4 equal to 0?,Yes,-5.282835006713867,-4.479678153991699,-5.056852136850357,-4.6692906403541565,-0.22598286986351024,0.1896124863624573,No,False,No,False
Arithmetic,2_digit_subtraction,'',Is 11 minus 50 equal to 196?,No,-5.303252696990967,-4.560556411743164,-5.056852136850357,-4.6692906403541565,-0.24640056014060985,0.10873422861099247,No,True,No,True
Arithmetic,2_digit_multiplication,'',Is 85 times 87 equal to 7395?,Yes,-5.123287677764893,-4.83140230178833,-5.056852136850357,-4.6692906403541565,-0.06643554091453563,-0.16211166143417355,No,False,Yes,True
Arithmetic,1_digit_multiplication,'',Is 7 times 7 equal to 49?,Yes,-4.877895832061768,-4.57418155670166,-5.056852136850357,-4.6692906403541565,0.17895630478858937,0.09510908365249637,No,False,Yes,True
Arithmetic,2_digit_subtraction,'',Is 97 minus 36 equal to 28?,No,-5.000147342681885,-4.446609020233154,-5.056852136850357,-4.6692906403541565,0.05670479416847218,0.22268162012100223,No,True,No,True
Arithmetic,2_digit_addition,'',Is 92 plus 20 equal to 112?,Yes,-4.873565196990967,-4.380243301391602,-5.056852136850357,-4.6692906403541565,0.18328693985939015,0.28904733896255497,No,False,No,False
Arithmetic,2_digit_subtraction,'',Is 12 minus 47 equal to -35?,Yes,-5.59702730178833,-4.922430038452148,-5.056852136850357,-4.6692906403541565,-0.5401751649379731,-0.2531393980979919,No,False,No,False
Arithmetic,1_digit_addition,'',Is 3 plus 4 equal to 8?,No,-4.85387659072876,-4.608019828796387,-5.056852136850357,-4.6692906403541565,0.20297554612159718,0.06127081155776981,No,True,Yes,False
Arithmetic,2_digit_addition,'',Is 87 plus 40 equal to 127?,Yes,-5.027445793151856,-4.476479530334473,-5.056852136850357,-4.6692906403541565,0.029406343698500592,0.19281111001968387,No,False,No,False
Arithmetic,1_digit_addition,'',Is 8 plus 8 equal to 89?,No,-4.657711505889893,-4.287118911743164,-5.056852136850357,-4.6692906403541565,0.39914063096046437,0.38217172861099247,No,True,Yes,False
Arithmetic,2_digit_subtraction,'',Is 92 minus 28 equal to 71?,No,-4.799770832061768,-4.307803153991699,-5.056852136850357,-4.6692906403541565,0.25708130478858937,0.3614874863624573,No,True,No,True
Arithmetic,2_digit_addition,'',Is 52 plus 41 equal to 26?,No,-4.823208332061768,-4.393740653991699,-5.056852136850357,-4.6692906403541565,0.23364380478858937,0.2755499863624573,No,True,No,True
Arithmetic,1_digit_subtraction,'',Is 4 minus 7 equal to -3?,Yes,-5.792457580566406,-4.9340901374816895,-5.056852136850357,-4.6692906403541565,-0.7356054437160493,-0.2647994971275329,No,False,No,False
Arithmetic,2_digit_subtraction,'',Is 73 minus 24 equal to 49?,Yes,-4.961129665374756,-4.406805038452148,-5.056852136850357,-4.6692906403541565,0.09572247147560109,0.2624856019020081,No,False,No,False
Arithmetic,1_digit_subtraction,'',Is 2 minus 8 equal to 50?,No,-5.165647506713867,-4.54918909072876,-5.056852136850357,-4.6692906403541565,-0.10879536986351024,0.12010154962539676,No,True,No,True
Arithmetic,1_digit_multiplication,'',Is 5 times 0 equal to 7?,No,-5.102707386016846,-4.984671592712402,-5.056852136850357,-4.6692906403541565,-0.045855249166488754,-0.3153809523582458,No,True,Yes,False
Arithmetic,2_digit_multiplication,'',Is 55 times 45 equal to 2475?,Yes,-4.948025226593018,-4.583547592163086,-5.056852136850357,-4.6692906403541565,0.10882691025733937,0.08574304819107059,No,False,Yes,True
Arithmetic,1_digit_subtraction,'',Is 2 minus 1 equal to 1?,Yes,-5.33140230178833,-4.9662251472473145,-5.056852136850357,-4.6692906403541565,-0.27455016493797313,-0.2969345068931579,No,False,Yes,True
Arithmetic,1_digit_multiplication,'',Is 3 times 9 equal to 91?,No,-4.599325656890869,-4.481985092163086,-5.056852136850357,-4.6692906403541565,0.4575264799594878,0.1873055481910706,No,True,Yes,False
Arithmetic,2_digit_addition,'',Is 77 plus 31 equal to 129?,No,-4.890817165374756,-4.526553153991699,-5.056852136850357,-4.6692906403541565,0.1660349714756011,0.1427374863624573,No,True,Yes,False
Arithmetic,1_digit_multiplication,'',Is 2 times 8 equal to 16?,Yes,-4.927165985107422,-4.873909950256348,-5.056852136850357,-4.6692906403541565,0.12968615174293507,-0.20461930990219113,No,False,Yes,True
Arithmetic,1_digit_multiplication,'',Is 6 times 9 equal to 14?,No,-5.157191753387451,-4.917497158050537,-5.052054343223572,-4.668956136703492,-0.1051374101638789,-0.24854102134704537,No,True,Yes,False
Arithmetic,2_digit_multiplication,'',Is 98 times 56 equal to 6647?,No,-5.092037677764893,-4.856979370117188,-5.052054343223572,-4.668956136703492,-0.0399833345413203,-0.18802323341369664,No,True,Yes,False
Arithmetic,1_digit_addition,'',Is 7 plus 5 equal to 12?,Yes,-5.057225227355957,-4.626377105712891,-5.052054343223572,-4.668956136703492,-0.0051708841323847565,0.04257903099060112,No,False,No,False
Arithmetic,2_digit_multiplication,'',Is 95 times 29 equal to 3422?,No,-5.208541870117188,-4.7228779792785645,-5.052054343223572,-4.668956136703492,-0.1564875268936161,-0.05392184257507271,No,True,No,True
Arithmetic,1_digit_multiplication,'',Is 6 times 7 equal to 54?,No,-5.002712726593018,-4.762331962585449,-5.052054343223572,-4.668956136703492,0.0493416166305547,-0.09337582588195747,No,True,Yes,False
Arithmetic,1_digit_addition,'',Is 6 plus 4 equal to 10?,Yes,-5.021047592163086,-4.588524341583252,-5.052054343223572,-4.668956136703492,0.031006751060486337,0.08043179512023979,No,False,No,False
Arithmetic,1_digit_subtraction,'',Is 5 minus 2 equal to 3?,Yes,-5.334502696990967,-4.90230655670166,-5.052054343223572,-4.668956136703492,-0.2824483537673945,-0.2333504199981684,No,False,No,False
Arithmetic,1_digit_subtraction,'',Is 2 minus 3 equal to 89?,No,-4.999068737030029,-4.568771839141846,-5.052054343223572,-4.668956136703492,0.05298560619354298,0.10018429756164604,No,True,No,True
Arithmetic,2_digit_addition,'',Is 53 plus 24 equal to 77?,Yes,-4.8166279792785645,-4.38668155670166,-5.052054343223572,-4.668956136703492,0.23542636394500782,0.2822745800018316,No,False,No,False
Arithmetic,2_digit_addition,'',Is 68 plus 11 equal to 99?,No,-4.709502696990967,-4.278014659881592,-5.052054343223572,-4.668956136703492,0.3425516462326055,0.39094147682189995,No,True,No,True
Arithmetic,1_digit_multiplication,'',Is 6 times 9 equal to 54?,Yes,-4.918070793151856,-4.6762776374816895,-5.052054343223572,-4.668956136703492,0.13398355007171592,-0.007321500778197709,No,False,Yes,True
Arithmetic,1_digit_multiplication,'',Is 7 times 2 equal to 74?,No,-4.997604370117188,-4.6994404792785645,-5.052054343223572,-4.668956136703492,0.05444997310638389,-0.03048434257507271,No,True,Yes,False
Arithmetic,2_digit_addition,'',Is 40 plus 54 equal to 94?,Yes,-4.7569732666015625,-4.198904991149902,-5.052054343223572,-4.668956136703492,0.2950810766220098,0.4700511455535894,No,False,No,False
Arithmetic,1_digit_subtraction,'',Is 1 minus 1 equal to 6?,No,-5.301063060760498,-4.935110092163086,-5.052054343223572,-4.668956136703492,-0.24900871753692577,-0.2661539554595942,No,True,Yes,False
Arithmetic,1_digit_multiplication,'',Is 9 times 5 equal to 82?,No,-4.8646626472473145,-4.559264659881592,-5.052054343223572,-4.668956136703492,0.18739169597625782,0.10969147682189995,No,True,Yes,False
Arithmetic,2_digit_addition,'',Is 15 plus 99 equal to 968?,No,-4.9731526374816895,-4.477859020233154,-5.052054343223572,-4.668956136703492,0.07890170574188282,0.19109711647033745,No,True,No,True
Arithmetic,1_digit_subtraction,'',Is 8 minus 1 equal to 7?,Yes,-5.400022506713867,-4.78511905670166,-5.052054343223572,-4.668956136703492,-0.3479681634902949,-0.11616291999816841,No,False,No,False
Arithmetic,2_digit_addition,'',Is 27 plus 77 equal to 475?,No,-4.953680038452148,-4.522082328796387,-5.052054343223572,-4.668956136703492,0.09837430477142384,0.14687380790710503,No,True,No,True
Arithmetic,1_digit_multiplication,'',Is 3 times 7 equal to 21?,Yes,-5.020915985107422,-4.8450608253479,-5.052054343223572,-4.668956136703492,0.0311383581161504,-0.17610468864440865,No,False,Yes,True
Arithmetic,1_digit_multiplication,'',Is 2 times 5 equal to 74?,No,-5.015141010284424,-4.840125560760498,-5.052054343223572,-4.668956136703492,0.03691333293914845,-0.1711694240570063,No,True,Yes,False
Arithmetic,1_digit_addition,'',Is 3 plus 6 equal to 9?,Yes,-4.890921592712402,-4.585195064544678,-5.052054343223572,-4.668956136703492,0.16113275051116993,0.08376107215881401,No,False,Yes,True
Arithmetic,1_digit_addition,'',Is 6 plus 2 equal to 8?,Yes,-5.046465873718262,-4.677118301391602,-5.052054343223572,-4.668956136703492,0.005588469505310556,-0.008162164688109819,No,False,Yes,True
Arithmetic,2_digit_multiplication,'',Is 75 times 43 equal to 3225?,Yes,-5.137762069702148,-4.712399005889893,-5.052054343223572,-4.668956136703492,-0.08570772647857616,-0.043442869186400834,No,False,No,False
Arithmetic,2_digit_addition,'',Is 11 plus 72 equal to 83?,Yes,-4.860836505889893,-4.553332328796387,-5.052054343223572,-4.668956136703492,0.1912178373336797,0.11562380790710503,No,False,Yes,True
Arithmetic,1_digit_multiplication,'',Is 6 times 0 equal to 0?,Yes,-4.968266010284424,-4.727707386016846,-5.052054343223572,-4.668956136703492,0.08378833293914845,-0.05875124931335396,No,False,Yes,True
Arithmetic,1_digit_addition,'',Is 1 plus 9 equal to 39?,No,-4.981512069702148,-4.5521626472473145,-5.052054343223572,-4.668956136703492,0.07054227352142384,0.11679348945617729,No,True,No,True
Arithmetic,2_digit_addition,'',Is 27 plus 74 equal to 101?,Yes,-4.931149005889893,-4.374717712402344,-5.052054343223572,-4.668956136703492,0.1209053373336797,0.294238424301148,No,False,No,False
Arithmetic,2_digit_subtraction,'',Is 13 minus 60 equal to 594?,No,-5.350273609161377,-4.735836505889893,-5.052054343223572,-4.668956136703492,-0.2982192659378047,-0.06688036918640083,No,True,No,True
Arithmetic,2_digit_addition,'',Is 79 plus 42 equal to 121?,Yes,-4.663131237030029,-4.29758882522583,-5.052054343223572,-4.668956136703492,0.388923106193543,0.37136731147766167,No,False,Yes,True
Arithmetic,1_digit_addition,'',Is 4 plus 2 equal to 1?,No,-5.048460006713867,-4.556149005889893,-5.052054343223572,-4.668956136703492,0.0035943365097050872,0.11280713081359917,No,True,No,True
Arithmetic,1_digit_multiplication,'',Is 0 times 5 equal to 0?,Yes,-5.222591876983643,-5.047407150268555,-5.052054343223572,-4.668956136703492,-0.1705375337600703,-0.37845101356506294,No,False,Yes,True
Arithmetic,1_digit_addition,'',Is 8 plus 2 equal to 10?,Yes,-4.912627696990967,-4.543639659881592,-5.052054343223572,-4.668956136703492,0.13942664623260548,0.12531647682189995,No,False,Yes,True
Arithmetic,1_digit_subtraction,'',Is 7 minus 5 equal to 5?,No,-5.2228779792785645,-4.731139659881592,-5.052054343223572,-4.668956136703492,-0.17082363605499218,-0.06218352317810005,No,True,No,True
Arithmetic,1_digit_subtraction,'',Is 7 minus 1 equal to 6?,Yes,-5.273584842681885,-4.8443779945373535,-5.052054343223572,-4.668956136703492,-0.2215304994583125,-0.17542185783386177,No,False,No,False
Arithmetic,1_digit_multiplication,'',Is 3 times 5 equal to 27?,No,-4.962082386016846,-4.783787727355957,-5.052054343223572,-4.668956136703492,0.08997195720672657,-0.11483159065246529,No,True,Yes,False
Arithmetic,1_digit_subtraction,'',Is 1 minus 9 equal to -8?,Yes,-5.536666870117188,-4.9271626472473145,-5.052054343223572,-4.668956136703492,-0.4846125268936161,-0.2582065105438227,No,False,No,False
Arithmetic,1_digit_subtraction,'',Is 0 minus 8 equal to -8?,Yes,-5.461469650268555,-4.927291870117188,-5.052054343223572,-4.668956136703492,-0.4094153070449824,-0.25833573341369664,No,False,No,False
Arithmetic,1_digit_subtraction,'',Is 8 minus 8 equal to 3?,No,-5.317449569702148,-4.766180038452148,-5.052054343223572,-4.668956136703492,-0.26539522647857616,-0.0972239017486567,No,True,No,True
Arithmetic,2_digit_subtraction,'',Is 18 minus 51 equal to -33?,Yes,-5.937110900878906,-5.077715873718262,-5.052054343223572,-4.668956136703492,-0.885056557655334,-0.40875973701477,No,False,No,False
Arithmetic,1_digit_addition,'',Is 4 plus 6 equal to 30?,No,-4.774899005889893,-4.279894828796387,-5.052054343223572,-4.668956136703492,0.2771553373336797,0.389061307907105,No,True,No,True
Arithmetic,1_digit_multiplication,'',Is 8 times 4 equal to 95?,No,-4.830837726593018,-4.465456962585449,-5.052054343223572,-4.668956136703492,0.2212166166305547,0.20349917411804253,No,True,Yes,False
Arithmetic,2_digit_multiplication,'',Is 38 times 22 equal to 143?,No,-5.09702730178833,-4.610836505889893,-5.052054343223572,-4.668956136703492,-0.0449729585647578,0.058119630813599166,No,True,No,True
Arithmetic,2_digit_subtraction,'',Is 34 minus 28 equal to 6?,Yes,-5.141566753387451,-4.651872158050537,-5.052054343223572,-4.668956136703492,-0.0895124101638789,0.017083978652954634,No,False,No,False
Arithmetic,2_digit_addition,'',Is 69 plus 92 equal to 161?,Yes,-4.6681904792785645,-4.36324405670166,-5.052054343223572,-4.668956136703492,0.3838638639450078,0.3057120800018316,No,False,Yes,True
Arithmetic,2_digit_subtraction,'',Is 28 minus 26 equal to 2?,Yes,-5.372604370117188,-4.823208332061768,-5.052054343223572,-4.668956136703492,-0.3205500268936161,-0.15425219535827583,No,False,No,False
Arithmetic,2_digit_addition,'',Is 64 plus 27 equal to 69?,No,-4.707133293151856,-4.338343143463135,-5.052054343223572,-4.668956136703492,0.3449210500717159,0.330612993240357,No,True,Yes,False
Arithmetic,2_digit_subtraction,'',Is 10 minus 10 equal to 1?,No,-5.329710006713867,-4.835528373718262,-5.052054343223572,-4.668956136703492,-0.2776556634902949,-0.16657223701476997,No,True,No,True
Arithmetic,2_digit_addition,'',Is 23 plus 63 equal to 86?,Yes,-4.569903373718262,-4.325555801391602,-5.052054343223572,-4.668956136703492,0.48215096950531056,0.3434003353118902,No,False,Yes,True
Arithmetic,2_digit_addition,'',Is 65 plus 26 equal to 15?,No,-4.851153373718262,-4.543639659881592,-5.052054343223572,-4.668956136703492,0.20090096950531056,0.12531647682189995,No,True,Yes,False
Arithmetic,1_digit_addition,'',Is 2 plus 0 equal to 8?,No,-5.108086109161377,-4.9271626472473145,-5.052054343223572,-4.668956136703492,-0.05603176593780468,-0.2582065105438227,No,True,Yes,False
Arithmetic,2_digit_addition,'',Is 32 plus 87 equal to 119?,Yes,-4.806272506713867,-4.313961505889893,-5.052054343223572,-4.668956136703492,0.2457818365097051,0.35499463081359917,No,False,No,False
Arithmetic,2_digit_addition,'',Is 30 plus 53 equal to 83?,Yes,-4.759274005889893,-4.388681411743164,-5.052054343223572,-4.668956136703492,0.2927803373336797,0.2802747249603277,No,False,Yes,True
Arithmetic,1_digit_multiplication,'',Is 9 times 1 equal to 9?,Yes,-4.603024005889893,-4.670519828796387,-5.052054343223572,-4.668956136703492,0.4490303373336797,-0.001563692092894975,Yes,True,Yes,True
Arithmetic,2_digit_multiplication,'',Is 79 times 48 equal to 5422?,No,-5.086958408355713,-4.789254665374756,-5.052054343223572,-4.668956136703492,-0.034904065132140616,-0.12029852867126412,No,True,Yes,False
Arithmetic,2_digit_multiplication,'',Is 78 times 67 equal to 7221?,No,-5.241992950439453,-4.888229370117188,-5.052054343223572,-4.668956136703492,-0.18993860721588085,-0.21927323341369664,No,True,Yes,False
Arithmetic,1_digit_subtraction,'',Is 7 minus 8 equal to -1?,Yes,-5.552395343780518,-4.755422592163086,-5.052054343223572,-4.668956136703492,-0.5003410005569453,-0.0864664554595942,No,False,No,False
Arithmetic,1_digit_subtraction,'',Is 4 minus 0 equal to 2?,No,-5.454066753387451,-4.901872158050537,-5.052054343223572,-4.668956136703492,-0.4020124101638789,-0.23291602134704537,No,True,No,True
Arithmetic,2_digit_subtraction,'',Is 15 minus 31 equal to -16?,Yes,-5.600273609161377,-5.048336505889893,-5.052054343223572,-4.668956136703492,-0.5482192659378047,-0.37938036918640083,No,False,No,False
Arithmetic,2_digit_multiplication,'',Is 92 times 88 equal to 1424?,No,-5.037679195404053,-4.743772506713867,-5.052054343223572,-4.668956136703492,0.01437514781951954,-0.07481637001037544,No,True,Yes,False
Arithmetic,1_digit_subtraction,'',Is 7 minus 2 equal to 5?,Yes,-5.2619404792785645,-4.770868301391602,-5.052054343223572,-4.668956136703492,-0.20988613605499218,-0.10191216468810982,No,False,No,False
Arithmetic,1_digit_multiplication,'',Is 1 times 1 equal to 1?,Yes,-4.990898609161377,-5.181272506713867,-5.052054343223572,-4.668956136703492,0.06115573406219532,-0.5123163700103754,Yes,True,Yes,True
Arithmetic,1_digit_subtraction,'',Is 9 minus 0 equal to 5?,No,-5.186065196990967,-4.755243301391602,-5.052054343223572,-4.668956136703492,-0.13401085376739452,-0.08628716468810982,No,True,No,True
Arithmetic,1_digit_subtraction,'',Is 4 minus 0 equal to 4?,Yes,-5.258109092712402,-4.76633882522583,-5.052054343223572,-4.668956136703492,-0.20605474948883007,-0.09738268852233833,No,False,No,False
Arithmetic,1_digit_subtraction,'',Is 3 minus 3 equal to 2?,No,-5.210528373718262,-4.965514659881592,-5.052054343223572,-4.668956136703492,-0.15847403049468944,-0.29655852317810005,No,True,Yes,False
Arithmetic,2_digit_subtraction,'',Is 37 minus 47 equal to 774?,No,-5.255290985107422,-4.644059658050537,-5.052054343223572,-4.668956136703492,-0.2032366418838496,0.024896478652954634,No,True,No,True
Arithmetic,1_digit_multiplication,'',Is 8 times 2 equal to 95?,No,-4.764336109161377,-4.460528373718262,-5.052054343223572,-4.668956136703492,0.2877182340621953,0.20842776298523003,No,True,Yes,False
Arithmetic,2_digit_addition,'',Is 84 plus 83 equal to 167?,Yes,-4.8490376472473145,-4.482431411743164,-5.052054343223572,-4.668956136703492,0.20301669597625782,0.18652472496032768,No,False,Yes,True
Arithmetic,1_digit_subtraction,'',Is 4 minus 2 equal to 2?,Yes,-5.312647342681885,-4.757729530334473,-5.052054343223572,-4.668956136703492,-0.2605929994583125,-0.08877339363098091,No,False,No,False
Arithmetic,2_digit_multiplication,'',Is 56 times 57 equal to 3192?,Yes,-5.028854370117188,-4.791958332061768,-5.052054343223572,-4.668956136703492,0.023199973106383887,-0.12300219535827583,No,False,Yes,True
Arithmetic,2_digit_multiplication,'',Is 93 times 88 equal to 4450?,No,-4.88609790802002,-4.5900654792785645,-5.052054343223572,-4.668956136703492,0.16595643520355186,0.07889065742492729,No,True,Yes,False
Arithmetic,2_digit_addition,'',Is 88 plus 44 equal to 132?,Yes,-4.87827730178833,-4.451690196990967,-5.052054343223572,-4.668956136703492,0.1737770414352422,0.21726593971252495,No,False,No,False
Arithmetic,2_digit_subtraction,'',Is 29 minus 93 equal to -64?,Yes,-5.28452730178833,-4.673336505889893,-5.052054343223572,-4.668956136703492,-0.2324729585647578,-0.004380369186400834,No,False,No,False
Arithmetic,2_digit_multiplication,'',Is 54 times 80 equal to 4320?,Yes,-4.933082580566406,-4.632959842681885,-5.052054343223572,-4.668956136703492,0.11897176265716602,0.03599629402160698,No,False,Yes,True
Arithmetic,1_digit_subtraction,'',Is 7 minus 1 equal to 7?,No,-5.357940196990967,-4.803885459899902,-5.052054343223572,-4.668956136703492,-0.3058858537673945,-0.1349293231964106,No,True,No,True
Arithmetic,2_digit_addition,'',Is 33 plus 12 equal to 45?,Yes,-4.520202159881592,-4.210655212402344,-5.052054343223572,-4.668956136703492,0.5318521833419805,0.458300924301148,No,False,Yes,True
Arithmetic,1_digit_multiplication,'',Is 7 times 0 equal to 0?,Yes,-5.032270908355713,-4.733086109161377,-5.052054343223572,-4.668956136703492,0.019783434867859384,-0.06412997245788521,No,False,Yes,True
Arithmetic,1_digit_addition,'',Is 8 plus 9 equal to 50?,No,-4.833437919616699,-4.276508331298828,-5.052054343223572,-4.668956136703492,0.21861642360687306,0.3924478054046636,No,True,No,True
Arithmetic,1_digit_addition,'',Is 2 plus 9 equal to 37?,No,-4.997137069702148,-4.5677876472473145,-5.052054343223572,-4.668956136703492,0.05491727352142384,0.10116848945617729,No,True,No,True
Arithmetic,1_digit_multiplication,'',Is 9 times 6 equal to 54?,Yes,-4.851859092712402,-4.6093831062316895,-5.052054343223572,-4.668956136703492,0.20019525051116993,0.05957303047180229,No,False,Yes,True
Arithmetic,1_digit_addition,'',Is 1 plus 5 equal to 7?,No,-5.200262069702148,-4.9572529792785645,-5.052054343223572,-4.668956136703492,-0.14820772647857616,-0.2882968425750727,No,True,Yes,False
Arithmetic,2_digit_subtraction,'',Is 25 minus 73 equal to 731?,No,-5.325719356536865,-4.709293365478516,-5.052054343223572,-4.668956136703492,-0.27366501331329296,-0.04033722877502388,No,True,No,True
Arithmetic,1_digit_multiplication,'',Is 3 times 1 equal to 3?,Yes,-4.814085006713867,-5.070867538452148,-5.052054343223572,-4.668956136703492,0.2379693365097051,-0.4019114017486567,Yes,True,Yes,True
Arithmetic,1_digit_multiplication,'',Is 9 times 3 equal to 96?,No,-4.543581962585449,-4.42387580871582,-5.052054343223572,-4.668956136703492,0.5084723806381231,0.24508032798767143,No,True,Yes,False
Arithmetic,1_digit_multiplication,'',Is 1 times 0 equal to 4?,No,-4.880416870117188,-5.075262069702148,-5.052054343223572,-4.668956136703492,0.1716374731063839,-0.4063059329986567,Yes,False,Yes,False
Arithmetic,1_digit_subtraction,'',Is 3 minus 6 equal to 15?,No,-5.313055038452148,-4.818957328796387,-5.052054343223572,-4.668956136703492,-0.26100069522857616,-0.15000119209289497,No,True,No,True
Arithmetic,1_digit_subtraction,'',Is 1 minus 8 equal to 47?,No,-5.186211109161377,-4.571774005889893,-5.052054343223572,-4.668956136703492,-0.13415676593780468,0.09718213081359917,No,True,No,True
Arithmetic,1_digit_multiplication,'',Is 8 times 8 equal to 64?,Yes,-4.6809983253479,-4.624917030334473,-5.052054343223572,-4.668956136703492,0.3710560178756719,0.04403910636901909,No,False,Yes,True
Arithmetic,2_digit_subtraction,'',Is 89 minus 15 equal to 45?,No,-4.816688060760498,-4.448871612548828,-5.052054343223572,-4.668956136703492,0.23536628246307423,0.22008452415466362,No,True,Yes,False
Arithmetic,1_digit_multiplication,'',Is 7 times 8 equal to 56?,Yes,-4.928398609161377,-4.688961505889893,-5.052054343223572,-4.668956136703492,0.12365573406219532,-0.020005369186400834,No,False,Yes,True
Arithmetic,1_digit_subtraction,'',Is 9 minus 0 equal to 9?,Yes,-5.085528373718262,-4.592947959899902,-5.052054343223572,-4.668956136703492,-0.033474030494689444,0.0760081768035894,No,False,No,False
Arithmetic,2_digit_subtraction,'',Is 34 minus 41 equal to 36?,No,-4.71325159072876,-4.344415664672852,-5.052054343223572,-4.668956136703492,0.3388027524948125,0.3245404720306402,No,True,Yes,False
Arithmetic,1_digit_addition,'',Is 5 plus 3 equal to 5?,No,-4.882729530334473,-4.635883331298828,-5.052054343223572,-4.668956136703492,0.16932481288909962,0.03307280540466362,No,True,Yes,False
Arithmetic,1_digit_addition,'',Is 6 plus 7 equal to 22?,No,-5.112809658050537,-4.618484020233154,-5.052054343223572,-4.668956136703492,-0.060755314826964835,0.05047211647033745,No,True,No,True
Arithmetic,1_digit_multiplication,'',Is 6 times 6 equal to 36?,Yes,-4.836129665374756,-4.719305038452148,-5.052054343223572,-4.668956136703492,0.21592467784881642,-0.050348901748656694,No,False,Yes,True
Arithmetic,1_digit_addition,'',Is 3 plus 0 equal to 8?,No,-4.929278373718262,-4.746764659881592,-5.052054343223572,-4.668956136703492,0.12277596950531056,-0.07780852317810005,No,True,Yes,False
Arithmetic,1_digit_multiplication,'',Is 1 times 8 equal to 9?,No,-4.907630920410156,-4.919469356536865,-5.052054343223572,-4.668956136703492,0.14442342281341602,-0.2505132198333735,Yes,False,Yes,False
Arithmetic,2_digit_multiplication,'',Is 36 times 43 equal to 1548?,Yes,-4.965887069702148,-4.787627696990967,-5.052054343223572,-4.668956136703492,0.08616727352142384,-0.11867156028747505,No,False,Yes,True
Arithmetic,2_digit_addition,'',Is 79 plus 92 equal to 160?,No,-4.7044358253479,-4.399734020233154,-5.052054343223572,-4.668956136703492,0.3476185178756719,0.26922211647033745,No,True,Yes,False
Arithmetic,2_digit_multiplication,'',Is 31 times 16 equal to 496?,Yes,-4.936978340148926,-4.69676399230957,-5.052054343223572,-4.668956136703492,0.1150760030746465,-0.02780785560607857,No,False,Yes,True
Arithmetic,2_digit_multiplication,'',Is 72 times 27 equal to 3699?,No,-4.911666870117188,-4.549770832061768,-5.052054343223572,-4.668956136703492,0.1403874731063839,0.11918530464172417,No,True,Yes,False
Arithmetic,2_digit_addition,'',Is 12 plus 96 equal to 108?,Yes,-4.962399005889893,-4.404894828796387,-5.05742580652237,-4.6723238015174875,0.09502680063247748,0.2674289727211008,No,False,No,False
Arithmetic,1_digit_multiplication,'',Is 0 times 3 equal to 5?,No,-5.093086242675781,-5.164196014404297,-5.05742580652237,-4.6723238015174875,-0.03566043615341119,-0.4918722128868094,Yes,False,Yes,False
Arithmetic,1_digit_multiplication,'',Is 0 times 6 equal to 0?,Yes,-5.257748126983643,-5.02371072769165,-5.05742580652237,-4.6723238015174875,-0.20032232046127252,-0.3513869261741629,No,False,Yes,True
Arithmetic,2_digit_multiplication,'',Is 91 times 84 equal to 6063?,No,-4.926948070526123,-4.754188060760498,-5.05742580652237,-4.6723238015174875,0.130477735996247,-0.08186425924301055,No,True,Yes,False
Arithmetic,2_digit_multiplication,'',Is 29 times 21 equal to 312?,No,-4.884397506713867,-4.643740653991699,-5.05742580652237,-4.6723238015174875,0.17302829980850287,0.028583147525788277,No,True,Yes,False
Arithmetic,1_digit_subtraction,'',Is 4 minus 1 equal to 3?,Yes,-5.3606858253479,-4.805984020233154,-5.05742580652237,-4.6723238015174875,-0.30326001882553033,-0.1336602187156668,No,False,No,False
Arithmetic,1_digit_addition,'',Is 4 plus 2 equal to 6?,Yes,-4.975127696990967,-4.543639659881592,-5.05742580652237,-4.6723238015174875,0.08229810953140326,0.1286841416358957,No,False,No,False
Arithmetic,1_digit_multiplication,'',Is 1 times 2 equal to 7?,No,-5.152076244354248,-5.221462726593018,-5.05742580652237,-4.6723238015174875,-0.09465043783187799,-0.5491389250755301,Yes,False,Yes,False
Arithmetic,1_digit_multiplication,'',Is 5 times 2 equal to 10?,Yes,-5.013219356536865,-4.8950276374816895,-5.05742580652237,-4.6723238015174875,0.044206449985504825,-0.22270383596420196,No,False,Yes,True
Arithmetic,1_digit_addition,'',Is 5 plus 1 equal to 9?,No,-4.930242538452148,-4.559264659881592,-5.05742580652237,-4.6723238015174875,0.12718326807022162,0.1130591416358957,No,True,Yes,False
Arithmetic,1_digit_subtraction,'',Is 2 minus 6 equal to -4?,Yes,-5.748616695404053,-5.140817165374756,-5.05742580652237,-4.6723238015174875,-0.6911908888816827,-0.46849336385726836,No,False,No,False
Arithmetic,2_digit_addition,'',Is 80 plus 11 equal to 80?,No,-4.780447959899902,-4.346644878387451,-5.05742580652237,-4.6723238015174875,0.2769778466224677,0.3256789231300363,No,True,No,True
Arithmetic,1_digit_multiplication,'',Is 2 times 3 equal to 7?,No,-5.134451866149902,-5.083700656890869,-5.05742580652237,-4.6723238015174875,-0.07702605962753228,-0.41137685537338164,No,True,Yes,False
Arithmetic,2_digit_multiplication,'',Is 52 times 53 equal to 2756?,Yes,-5.10484790802002,-4.806272506713867,-5.05742580652237,-4.6723238015174875,-0.04742210149765036,-0.1339487051963797,No,False,Yes,True
Arithmetic,2_digit_multiplication,'',Is 71 times 85 equal to 3719?,No,-5.055852890014648,-4.764336109161377,-5.05742580652237,-4.6723238015174875,0.0015729165077216223,-0.09201230764388946,No,True,Yes,False
Arithmetic,2_digit_multiplication,'',Is 50 times 23 equal to 5941?,No,-5.132423400878906,-4.703317165374756,-5.05742580652237,-4.6723238015174875,-0.07499759435653619,-0.030993363857268363,No,True,No,True
Arithmetic,1_digit_addition,'',Is 0 plus 5 equal to 5?,Yes,-5.133833408355713,-4.892124652862549,-5.05742580652237,-4.6723238015174875,-0.07640760183334283,-0.21980085134506133,No,False,Yes,True
Arithmetic,1_digit_multiplication,'',Is 5 times 0 equal to 0?,Yes,-5.032749652862549,-4.848699569702148,-5.05742580652237,-4.6723238015174875,0.02467615365982123,-0.17637576818466094,No,False,Yes,True
Arithmetic,2_digit_addition,'',Is 62 plus 92 equal to 971?,No,-4.909645080566406,-4.484522342681885,-5.05742580652237,-4.6723238015174875,0.1477807259559638,0.18780145883560273,No,True,No,True
Arithmetic,1_digit_addition,'',Is 9 plus 9 equal to 27?,No,-4.82102632522583,-4.325746059417725,-5.05742580652237,-4.6723238015174875,0.23639948129653998,0.3465777420997629,No,True,No,True
Arithmetic,1_digit_subtraction,'',Is 6 minus 8 equal to 20?,No,-5.249590873718262,-4.506457328796387,-5.05742580652237,-4.6723238015174875,-0.19216506719589166,0.16586647272110078,No,True,No,True
Arithmetic,2_digit_multiplication,'',Is 43 times 10 equal to 124?,No,-4.965887069702148,-4.54137659072876,-5.05742580652237,-4.6723238015174875,0.09153873682022162,0.13094721078872773,No,True,No,True
Arithmetic,1_digit_subtraction,'',Is 0 minus 7 equal to 95?,No,-5.05016040802002,-4.440395832061768,-5.05742580652237,-4.6723238015174875,0.00726539850234964,0.23192796945571992,No,True,No,True
Arithmetic,1_digit_subtraction,'',Is 4 minus 2 equal to 8?,No,-5.241778373718262,-4.686144828796387,-5.05742580652237,-4.6723238015174875,-0.18435256719589166,-0.013821027278899223,No,True,No,True
Arithmetic,1_digit_addition,'',Is 6 plus 0 equal to 6?,Yes,-5.101859092712402,-4.733632564544678,-5.05742580652237,-4.6723238015174875,-0.044433286190032284,-0.06130876302719024,No,False,Yes,True
Arithmetic,2_digit_multiplication,'',Is 50 times 84 equal to 4200?,Yes,-5.204624652862549,-4.7162251472473145,-5.05742580652237,-4.6723238015174875,-0.14719884634017877,-0.04390134572982696,No,False,No,False
Arithmetic,1_digit_subtraction,'',Is 7 minus 5 equal to 2?,Yes,-5.378395080566406,-4.8294358253479,-5.05742580652237,-4.6723238015174875,-0.3209692740440362,-0.1571120238304129,No,False,No,False
Arithmetic,1_digit_addition,'',Is 4 plus 3 equal to 7?,Yes,-5.111780643463135,-4.618484020233154,-5.05742580652237,-4.6723238015174875,-0.054354836940764706,0.0538397812843332,No,False,No,False
Arithmetic,2_digit_subtraction,'',Is 50 minus 39 equal to 15?,No,-5.4115376472473145,-4.79293155670166,-5.05742580652237,-4.6723238015174875,-0.3541118407249444,-0.12060775518417266,No,True,No,True
Arithmetic,1_digit_subtraction,'',Is 0 minus 8 equal to 11?,No,-5.273242950439453,-4.731979370117188,-5.05742580652237,-4.6723238015174875,-0.21581714391708307,-0.05965556859970089,No,True,No,True
Arithmetic,2_digit_multiplication,'',Is 11 times 24 equal to 264?,Yes,-5.066688060760498,-4.700735092163086,-5.05742580652237,-4.6723238015174875,-0.009262254238127987,-0.02841129064559844,No,False,Yes,True
Arithmetic,1_digit_addition,'',Is 8 plus 1 equal to 8?,No,-4.8637776374816895,-4.619112491607666,-5.05742580652237,-4.6723238015174875,0.1936481690406806,0.05321130990982148,No,True,Yes,False
Arithmetic,1_digit_multiplication,'',Is 4 times 9 equal to 99?,No,-4.911825656890869,-4.4218831062316895,-5.05742580652237,-4.6723238015174875,0.14560014963150092,0.25044069528579804,No,True,No,True
Arithmetic,2_digit_subtraction,'',Is 74 minus 32 equal to 18?,No,-5.081020832061768,-4.58980655670166,-5.05742580652237,-4.6723238015174875,-0.02359502553939752,0.08251724481582734,No,True,No,True
Arithmetic,1_digit_subtraction,'',Is 4 minus 3 equal to 1?,Yes,-5.232138156890869,-4.615646839141846,-5.05742580652237,-4.6723238015174875,-0.17471235036849908,0.05667696237564179,No,False,No,False
Arithmetic,2_digit_subtraction,'',Is 50 minus 50 equal to 0?,Yes,-5.306187152862549,-4.625192165374756,-5.05742580652237,-4.6723238015174875,-0.24876134634017877,0.04713163614273164,No,False,No,False
Arithmetic,1_digit_multiplication,'',Is 9 times 2 equal to 83?,No,-4.831020832061768,-4.65075159072876,-5.05742580652237,-4.6723238015174875,0.22640497446060248,0.02157221078872773,No,True,Yes,False
Arithmetic,2_digit_multiplication,'',Is 76 times 18 equal to 1368?,Yes,-5.318929195404053,-4.900022506713867,-5.05742580652237,-4.6723238015174875,-0.2615033888816827,-0.2276987051963797,No,False,No,False
Arithmetic,1_digit_addition,'',Is 5 plus 5 equal to 10?,Yes,-4.931064605712891,-4.558829784393311,-5.05742580652237,-4.6723238015174875,0.12636120080947943,0.11349401712417606,No,False,Yes,True
Arithmetic,1_digit_multiplication,'',Is 9 times 4 equal to 36?,Yes,-4.664359092712402,-4.546132564544678,-5.05742580652237,-4.6723238015174875,0.3930667138099677,0.12619123697280976,No,False,Yes,True
Arithmetic,2_digit_multiplication,'',Is 70 times 23 equal to 1610?,Yes,-5.18296480178833,-4.696774005889893,-5.05742580652237,-4.6723238015174875,-0.12553899526596002,-0.024450204372405082,No,False,No,False
Arithmetic,1_digit_multiplication,'',Is 7 times 4 equal to 28?,Yes,-5.036199569702148,-4.734930038452148,-5.05742580652237,-4.6723238015174875,0.021226236820221622,-0.06260623693466094,No,False,Yes,True
Arithmetic,1_digit_addition,'',Is 3 plus 9 equal to 12?,Yes,-4.842105865478516,-4.5337653160095215,-5.05742580652237,-4.6723238015174875,0.21531994104385443,0.138558485507966,No,False,Yes,True
Arithmetic,2_digit_multiplication,'',Is 25 times 63 equal to 1575?,Yes,-5.0666279792785645,-4.76168155670166,-5.05742580652237,-4.6723238015174875,-0.009202172756194393,-0.08935775518417266,No,False,Yes,True
Arithmetic,2_digit_multiplication,'',Is 86 times 12 equal to 3301?,No,-5.335742473602295,-4.977504253387451,-5.05742580652237,-4.6723238015174875,-0.27831666707992486,-0.3051804518699637,No,True,Yes,False
Arithmetic,1_digit_multiplication,'',Is 0 times 1 equal to 0?,Yes,-5.24636697769165,-5.068600177764893,-5.05742580652237,-4.6723238015174875,-0.18894117116928033,-0.3962763762474051,No,False,Yes,True
Arithmetic,2_digit_multiplication,'',Is 43 times 32 equal to 1376?,Yes,-5.108985900878906,-4.686065196990967,-5.05742580652237,-4.6723238015174875,-0.05156009435653619,-0.013741395473479301,No,False,No,False
Arithmetic,1_digit_addition,'',Is 6 plus 6 equal to 70?,No,-4.925309658050537,-4.368484020233154,-5.05742580652237,-4.6723238015174875,0.13211614847183295,0.3038397812843332,No,True,No,True
Arithmetic,1_digit_multiplication,'',Is 9 times 0 equal to 0?,Yes,-4.872137069702148,-4.6291279792785645,-5.05742580652237,-4.6723238015174875,0.18528873682022162,0.04319582223892304,No,False,Yes,True
Arithmetic,2_digit_subtraction,'',Is 68 minus 56 equal to 41?,No,-4.995826244354248,-4.447850227355957,-5.05742580652237,-4.6723238015174875,0.06159956216812201,0.22447357416153046,No,True,No,True
Arithmetic,1_digit_subtraction,'',Is 4 minus 5 equal to -1?,Yes,-5.616450309753418,-4.7544026374816895,-5.05742580652237,-4.6723238015174875,-0.5590245032310479,-0.08207883596420196,No,False,No,False
Arithmetic,1_digit_subtraction,'',Is 0 minus 3 equal to -3?,Yes,-6.051352024078369,-5.326741695404053,-5.05742580652237,-4.6723238015174875,-0.9939262175559991,-0.6544178938865652,No,False,No,False
Arithmetic,2_digit_addition,'',Is 31 plus 88 equal to 119?,Yes,-4.803252696990967,-4.372430801391602,-5.05742580652237,-4.6723238015174875,0.25417310953140326,0.29989300012588593,No,False,No,False
Arithmetic,2_digit_subtraction,'',Is 37 minus 10 equal to 17?,No,-5.438441753387451,-4.825625419616699,-5.05742580652237,-4.6723238015174875,-0.3810159468650811,-0.15330161809921172,No,True,No,True
Arithmetic,1_digit_subtraction,'',Is 8 minus 1 equal to 1?,No,-5.265103340148926,-4.713475227355957,-5.05742580652237,-4.6723238015174875,-0.20767753362655572,-0.041151425838469535,No,True,No,True
Arithmetic,2_digit_subtraction,'',Is 54 minus 93 equal to 148?,No,-4.9584126472473145,-4.342394828796387,-5.05742580652237,-4.6723238015174875,0.0990131592750556,0.3299289727211008,No,True,No,True
Arithmetic,2_digit_subtraction,'',Is 95 minus 80 equal to 45?,No,-5.04051399230957,-4.423252105712891,-5.05742580652237,-4.6723238015174875,0.016911814212799747,0.24907169580459687,No,True,No,True
Arithmetic,2_digit_multiplication,'',Is 24 times 90 equal to 2160?,Yes,-4.993687152862549,-4.875192165374756,-5.05742580652237,-4.6723238015174875,0.06373865365982123,-0.20286836385726836,No,False,Yes,True
Arithmetic,2_digit_subtraction,'',Is 24 minus 46 equal to -22?,Yes,-5.583415985107422,-4.784684658050537,-5.05742580652237,-4.6723238015174875,-0.5259901785850518,-0.11236085653304961,No,False,No,False
Arithmetic,1_digit_multiplication,'',Is 8 times 5 equal to 40?,Yes,-4.83921480178833,-4.538653373718262,-5.05742580652237,-4.6723238015174875,0.21821100473403998,0.13367042779922578,No,False,Yes,True
Arithmetic,2_digit_subtraction,'',Is 61 minus 40 equal to 33?,No,-5.194575309753418,-4.706559658050537,-5.05742580652237,-4.6723238015174875,-0.1371495032310479,-0.03423585653304961,No,True,No,True
Arithmetic,2_digit_addition,'',Is 21 plus 65 equal to 86?,Yes,-4.6606526374816895,-4.352859020233154,-5.05742580652237,-4.6723238015174875,0.3967731690406806,0.3194647812843332,No,False,Yes,True
Arithmetic,2_digit_multiplication,'',Is 36 times 82 equal to 6725?,No,-4.84702730178833,-4.607940196990967,-5.05742580652237,-4.6723238015174875,0.21039850473403998,0.0643836045265207,No,True,Yes,False
Arithmetic,2_digit_multiplication,'',Is 95 times 91 equal to 8645?,Yes,-4.997604370117188,-4.6369404792785645,-5.05742580652237,-4.6723238015174875,0.05982143640518167,0.03538332223892304,No,False,Yes,True
Arithmetic,1_digit_multiplication,'',Is 2 times 7 equal to 44?,No,-4.954764366149902,-4.840125560760498,-5.05742580652237,-4.6723238015174875,0.10266144037246772,-0.16780175924301055,No,True,Yes,False
Arithmetic,1_digit_multiplication,'',Is 1 times 7 equal to 7?,Yes,-5.028728485107422,-5.161656856536865,-5.05742580652237,-4.6723238015174875,0.028697321414948185,-0.48933305501937774,Yes,True,Yes,True
Arithmetic,2_digit_subtraction,'',Is 61 minus 41 equal to 20?,Yes,-5.024379253387451,-4.474062919616699,-5.05742580652237,-4.6723238015174875,0.03304655313491889,0.19826088190078828,No,False,No,False
Arithmetic,1_digit_subtraction,'',Is 0 minus 2 equal to 27?,No,-5.42579460144043,-4.759451866149902,-5.05742580652237,-4.6723238015174875,-0.3683687949180596,-0.08712806463241485,No,True,No,True
Arithmetic,2_digit_multiplication,'',Is 55 times 38 equal to 8610?,No,-5.037773609161377,-4.673336505889893,-5.05742580652237,-4.6723238015174875,0.019652197360993107,-0.0010127043724050822,No,True,Yes,False
Arithmetic,1_digit_subtraction,'',Is 8 minus 6 equal to 5?,No,-5.209648609161377,-4.657711505889893,-5.05742580652237,-4.6723238015174875,-0.1522228026390069,0.014612295627594918,No,True,No,True
Arithmetic,1_digit_addition,'',Is 8 plus 5 equal to 30?,No,-4.709502696990967,-4.340514659881592,-5.05742580652237,-4.6723238015174875,0.34792310953140326,0.3318091416358957,No,True,Yes,False
Arithmetic,1_digit_addition,'',Is 3 plus 7 equal to 10?,Yes,-4.915524005889893,-4.608019828796387,-5.05742580652237,-4.6723238015174875,0.14190180063247748,0.06430397272110078,No,False,Yes,True
Arithmetic,1_digit_multiplication,'',Is 6 times 7 equal to 42?,Yes,-4.889336109161377,-4.710528373718262,-5.05742580652237,-4.6723238015174875,0.1680896973609931,-0.03820457220077422,No,False,Yes,True
Arithmetic,2_digit_addition,'',Is 60 plus 47 equal to 107?,Yes,-4.940037727355957,-4.384189605712891,-5.05742580652237,-4.6723238015174875,0.11738807916641303,0.28813419580459687,No,False,No,False
Arithmetic,1_digit_multiplication,'',Is 8 times 9 equal to 72?,Yes,-4.799587726593018,-4.620746612548828,-5.05742580652237,-4.6723238015174875,0.2578380799293525,0.05157718896865937,No,False,Yes,True
Arithmetic,1_digit_addition,'',Is 2 plus 3 equal to 5?,Yes,-4.984522342681885,-4.803043365478516,-5.05742580652237,-4.6723238015174875,0.0729034638404853,-0.13071956396102813,No,False,Yes,True
Arithmetic,2_digit_addition,'',Is 96 plus 78 equal to 174?,Yes,-4.951836109161377,-4.461492538452148,-5.05742580652237,-4.6723238015174875,0.1055896973609931,0.21083126306533906,No,False,No,False
Arithmetic,1_digit_multiplication,'',Is 9 times 6 equal to 27?,No,-4.926063060760498,-4.685110092163086,-5.05742580652237,-4.6723238015174875,0.131362745761872,-0.012786290645598442,No,True,Yes,False
Arithmetic,2_digit_subtraction,'',Is 78 minus 38 equal to 40?,Yes,-4.945459842681885,-4.454421520233154,-5.05742580652237,-4.6723238015174875,0.1119659638404853,0.2179022812843332,No,False,No,False
Arithmetic,1_digit_multiplication,'',Is 9 times 7 equal to 63?,Yes,-4.836234092712402,-4.6562581062316895,-5.05742580652237,-4.6723238015174875,0.22119171380996772,0.016065695285798043,No,False,Yes,True
Arithmetic,2_digit_subtraction,'',Is 86 minus 95 equal to 28?,No,-5.137762069702148,-4.52575159072876,-5.05742580652237,-4.6723238015174875,-0.08033626317977838,0.14657221078872773,No,True,No,True
Arithmetic,1_digit_multiplication,'',Is 9 times 5 equal to 45?,Yes,-4.632403373718262,-4.450555801391602,-5.05742580652237,-4.6723238015174875,0.42502243280410834,0.22176800012588593,No,False,Yes,True
Arithmetic,2_digit_addition,'',Is 60 plus 53 equal to 113?,Yes,-4.850127696990967,-4.356139659881592,-5.05742580652237,-4.6723238015174875,0.20729810953140326,0.3161841416358957,No,False,No,False
Arithmetic,1_digit_subtraction,'',Is 5 minus 6 equal to -1?,Yes,-5.557400226593018,-4.817019462585449,-5.05742580652237,-4.6723238015174875,-0.4999744200706475,-0.14469566106796172,No,False,No,False
Arithmetic,1_digit_subtraction,'',Is 1 minus 4 equal to -3?,Yes,-5.982991695404053,-5.248711109161377,-5.05742580652237,-4.6723238015174875,-0.9255658888816827,-0.5763873076438895,No,False,No,False
Arithmetic,1_digit_addition,'',Is 8 plus 3 equal to 17?,No,-5.161199569702148,-4.7318501472473145,-5.05742580652237,-4.6723238015174875,-0.10377376317977838,-0.05952634572982696,No,True,No,True
Arithmetic,1_digit_subtraction,'',Is 5 minus 4 equal to 1?,Yes,-5.243772506713867,-4.688055038452148,-5.05742580652237,-4.6723238015174875,-0.18634670019149713,-0.01573123693466094,No,False,No,False
Arithmetic,2_digit_multiplication,'',Is 50 times 57 equal to 2850?,Yes,-5.1224751472473145,-4.690615653991699,-5.05742580652237,-4.6723238015174875,-0.0650493407249444,-0.018291852474211723,No,False,No,False
Arithmetic,1_digit_multiplication,'',Is 0 times 9 equal to 6?,No,-5.195844650268555,-5.087102890014648,-5.05742580652237,-4.6723238015174875,-0.13841884374618463,-0.41477908849716094,No,True,Yes,False
Arithmetic,2_digit_addition,'',Is 83 plus 38 equal to 121?,Yes,-4.5744404792785645,-4.332702159881592,-5.05742580652237,-4.6723238015174875,0.4829853272438056,0.3396216416358957,No,False,Yes,True
Arithmetic,2_digit_addition,'',Is 67 plus 77 equal to 144?,Yes,-4.80613899230957,-4.50071382522583,-5.05742580652237,-4.6723238015174875,0.25128681421279975,0.17160997629165742,No,False,Yes,True
Arithmetic,1_digit_addition,'',Is 9 plus 9 equal to 18?,Yes,-4.749717712402344,-4.4400787353515625,-5.05742580652237,-4.6723238015174875,0.3077080941200263,0.232245066165925,No,False,Yes,True
Arithmetic,1_digit_multiplication,'',Is 2 times 9 equal to 77?,No,-5.054298400878906,-4.752895832061768,-5.05742580652237,-4.6723238015174875,0.0031274056434638098,-0.08057203054428008,No,True,Yes,False
Arithmetic,1_digit_addition,'',Is 1 plus 7 equal to 8?,Yes,-5.097758293151856,-4.916468143463135,-5.05742580652237,-4.6723238015174875,-0.0403324866294863,-0.24414434194564727,No,False,Yes,True
Arithmetic,2_digit_subtraction,'',Is 95 minus 99 equal to -4?,Yes,-5.511451244354248,-4.838475227355957,-5.05742580652237,-4.6723238015174875,-0.454025437831878,-0.16615142583846954,No,False,No,False
Arithmetic,1_digit_multiplication,'',Is 6 times 5 equal to 30?,Yes,-4.745083332061768,-4.626461505889893,-5.05742580652237,-4.6723238015174875,0.3123424744606025,0.04586229562759492,No,False,Yes,True
Arithmetic,1_digit_addition,'',Is 0 plus 9 equal to 7?,No,-5.277313232421875,-4.853062152862549,-5.05742580652237,-4.6723238015174875,-0.21988742589950494,-0.18073835134506133,No,True,No,True
Arithmetic,2_digit_multiplication,'',Is 48 times 64 equal to 3072?,Yes,-5.08921480178833,-4.7240376472473145,-5.05742580652237,-4.6723238015174875,-0.03178899526596002,-0.05171384572982696,No,False,Yes,True
Arithmetic,1_digit_addition,'',Is 6 plus 7 equal to 13?,Yes,-5.3294358253479,-4.7740654945373535,-5.05742580652237,-4.6723238015174875,-0.27201001882553033,-0.10174169301986602,No,False,No,False
Arithmetic,2_digit_multiplication,'',Is 38 times 42 equal to 2285?,No,-5.222625732421875,-4.867379665374756,-5.05742580652237,-4.6723238015174875,-0.16519992589950494,-0.19505586385726836,No,True,Yes,False
Arithmetic,2_digit_subtraction,'',Is 27 minus 68 equal to -41?,Yes,-5.624241352081299,-4.890772342681885,-5.061572527204241,-4.674887981414796,-0.5626688248770577,-0.2158843612670891,No,False,No,False
Arithmetic,1_digit_subtraction,'',Is 3 minus 4 equal to 26?,No,-5.163653373718262,-4.483019828796387,-5.061572527204241,-4.674887981414796,-0.1020808465140206,0.19186815261840895,No,True,No,True
Arithmetic,1_digit_addition,'',Is 0 plus 2 equal to 3?,No,-5.327929973602295,-5.026832580566406,-5.061572527204241,-4.674887981414796,-0.2663574463980538,-0.3519445991516106,No,True,Yes,False
Arithmetic,1_digit_addition,'',Is 8 plus 8 equal to 16?,Yes,-4.898992538452148,-4.467394828796387,-5.061572527204241,-4.674887981414796,0.16257998875209267,0.20749315261840895,No,False,No,False
Arithmetic,1_digit_subtraction,'',Is 3 minus 2 equal to 1?,Yes,-5.1916279792785645,-4.823428153991699,-5.061572527204241,-4.674887981414796,-0.13005545207432334,-0.14854017257690355,No,False,Yes,True
Arithmetic,2_digit_multiplication,'',Is 34 times 89 equal to 3026?,Yes,-4.95640230178833,-4.655840873718262,-5.061572527204241,-4.674887981414796,0.10517022541591103,0.01904710769653395,No,False,Yes,True
Arithmetic,1_digit_subtraction,'',Is 2 minus 3 equal to -1?,Yes,-5.726078510284424,-5.114950656890869,-5.061572527204241,-4.674887981414796,-0.6645059830801827,-0.4400626754760735,No,False,No,False
Arithmetic,2_digit_multiplication,'',Is 54 times 22 equal to 2345?,No,-5.023048400878906,-4.7228779792785645,-5.061572527204241,-4.674887981414796,0.03852412632533486,-0.047989997863768785,No,True,Yes,False
Arithmetic,1_digit_multiplication,'',Is 9 times 1 equal to 4?,No,-4.741097450256348,-4.810000419616699,-5.061572527204241,-4.674887981414796,0.32047507694789346,-0.13511243820190355,Yes,False,Yes,False
Arithmetic,2_digit_addition,'',Is 20 plus 68 equal to 66?,No,-4.899899005889893,-4.404306411743164,-5.061572527204241,-4.674887981414796,0.16167352131434853,0.2705815696716316,No,True,No,True
Arithmetic,2_digit_subtraction,'',Is 78 minus 42 equal to 36?,Yes,-4.900959491729736,-4.536562919616699,-5.061572527204241,-4.674887981414796,0.16061303547450478,0.13832506179809645,No,False,Yes,True
Arithmetic,1_digit_multiplication,'',Is 5 times 5 equal to 10?,No,-5.030840873718262,-4.848993301391602,-5.061572527204241,-4.674887981414796,0.030731653485979393,-0.1741053199768059,No,True,Yes,False
Arithmetic,1_digit_subtraction,'',Is 0 minus 6 equal to -6?,Yes,-5.645102024078369,-5.047895908355713,-5.061572527204241,-4.674887981414796,-0.583529496874128,-0.3730079269409172,No,False,No,False
Arithmetic,2_digit_subtraction,'',Is 31 minus 51 equal to -20?,Yes,-5.44077730178833,-4.767086505889893,-5.061572527204241,-4.674887981414796,-0.37920477458408897,-0.09219852447509691,No,False,No,False
Arithmetic,1_digit_addition,'',Is 0 plus 1 equal to 1?,Yes,-5.152313232421875,-4.911666870117188,-5.061572527204241,-4.674887981414796,-0.09074070521763389,-0.23677888870239272,No,False,Yes,True
Arithmetic,1_digit_addition,'',Is 6 plus 4 equal to 72?,No,-4.873565196990967,-4.44136905670166,-5.061572527204241,-4.674887981414796,0.18800733021327432,0.2335189247131355,No,True,No,True
Arithmetic,1_digit_multiplication,'',Is 4 times 4 equal to 16?,Yes,-4.936568737030029,-4.757070064544678,-5.061572527204241,-4.674887981414796,0.12500379017421182,-0.08218208312988207,No,False,Yes,True
Arithmetic,1_digit_addition,'',Is 5 plus 8 equal to 13?,Yes,-5.171465873718262,-4.613952159881592,-5.061572527204241,-4.674887981414796,-0.1098933465140206,0.06093582153320387,No,False,No,False
Arithmetic,2_digit_multiplication,'',Is 74 times 56 equal to 4144?,Yes,-5.031383514404297,-4.796353340148926,-5.061572527204241,-4.674887981414796,0.030189012799944237,-0.12146535873413011,No,False,Yes,True
Arithmetic,1_digit_addition,'',Is 6 plus 6 equal to 12?,Yes,-5.00231409072876,-4.631457328796387,-5.061572527204241,-4.674887981414796,0.059258436475481346,0.04343065261840895,No,False,Yes,True
Arithmetic,2_digit_multiplication,'',Is 57 times 82 equal to 7689?,No,-5.077930450439453,-4.911666870117188,-5.061572527204241,-4.674887981414796,-0.016357923235212013,-0.23677888870239272,No,True,Yes,False
Arithmetic,1_digit_addition,'',Is 0 plus 4 equal to 4?,Yes,-5.119555473327637,-4.817790985107422,-5.061572527204241,-4.674887981414796,-0.05798294612339561,-0.1429030036926262,No,False,Yes,True
Arithmetic,1_digit_multiplication,'',Is 4 times 2 equal to 8?,Yes,-4.958074569702148,-4.842315196990967,-5.061572527204241,-4.674887981414796,0.10349795750209267,-0.16742721557617113,No,False,Yes,True
Arithmetic,2_digit_subtraction,'',Is 74 minus 82 equal to -8?,Yes,-5.293843746185303,-4.7513108253479,-5.061572527204241,-4.674887981414796,-0.23227121898106162,-0.07642284393310472,No,False,No,False
Arithmetic,2_digit_addition,'',Is 73 plus 98 equal to 171?,Yes,-4.838650226593018,-4.409809112548828,-5.061572527204241,-4.674887981414796,0.22292230061122353,0.26507886886596754,No,False,No,False
Arithmetic,1_digit_multiplication,'',Is 2 times 6 equal to 14?,No,-5.26891040802002,-5.093942165374756,-5.061572527204241,-4.674887981414796,-0.2073378808157793,-0.4190541839599602,No,True,Yes,False
Arithmetic,1_digit_addition,'',Is 6 plus 2 equal to 1?,No,-5.104084491729736,-4.674280643463135,-5.061572527204241,-4.674887981414796,-0.042511964525495216,0.0006073379516609023,No,True,No,True
Arithmetic,2_digit_subtraction,'',Is 61 minus 80 equal to -19?,Yes,-6.319255352020264,-5.405512809753418,-5.061572527204241,-4.674887981414796,-1.2576828248160226,-0.7306248283386223,No,False,No,False
Arithmetic,1_digit_multiplication,'',Is 2 times 6 equal to 12?,Yes,-5.013229370117188,-4.962522506713867,-5.061572527204241,-4.674887981414796,0.048343157087052724,-0.2876345252990715,No,False,Yes,True
Arithmetic,1_digit_subtraction,'',Is 0 minus 4 equal to 36?,No,-5.131755352020264,-4.589332580566406,-5.061572527204241,-4.674887981414796,-0.07018282481602256,0.08555540084838942,No,True,No,True
Arithmetic,1_digit_subtraction,'',Is 7 minus 2 equal to 3?,No,-5.367379665374756,-4.93981409072876,-5.061572527204241,-4.674887981414796,-0.30580713817051475,-0.2649261093139641,No,True,No,True
Arithmetic,2_digit_subtraction,'',Is 20 minus 33 equal to -13?,Yes,-6.042701244354248,-5.11863899230957,-5.061572527204241,-4.674887981414796,-0.9811287171500069,-0.44375101089477464,No,False,No,False
Arithmetic,1_digit_addition,'',Is 0 plus 8 equal to 8?,Yes,-5.055708408355713,-4.81577730178833,-5.061572527204241,-4.674887981414796,0.005864118848528221,-0.1408893203735344,No,False,Yes,True
Arithmetic,2_digit_multiplication,'',Is 66 times 86 equal to 5676?,Yes,-5.128046035766602,-4.899937152862549,-5.061572527204241,-4.674887981414796,-0.06647350856236045,-0.22504917144775316,No,False,Yes,True
Arithmetic,2_digit_addition,'',Is 11 plus 31 equal to 42?,Yes,-4.7187581062316895,-4.348349571228027,-5.061572527204241,-4.674887981414796,0.34281442097255166,0.3265384101867683,No,False,Yes,True
Arithmetic,2_digit_subtraction,'',Is 97 minus 24 equal to 73?,Yes,-5.172067165374756,-4.557803153991699,-5.061572527204241,-4.674887981414796,-0.11049463817051475,0.11708482742309645,No,False,No,False
Arithmetic,1_digit_addition,'',Is 1 plus 9 equal to 10?,Yes,-4.956684112548828,-4.71165132522583,-5.061572527204241,-4.674887981414796,0.10488841465541299,-0.03676334381103441,No,False,Yes,True
Arithmetic,1_digit_addition,'',Is 6 plus 9 equal to 96?,No,-4.7500081062316895,-4.192099571228027,-5.061572527204241,-4.674887981414796,0.31156442097255166,0.4827884101867683,No,True,No,True
Arithmetic,1_digit_addition,'',Is 3 plus 5 equal to 8?,Yes,-4.845211505889893,-4.661493301391602,-5.061572527204241,-4.674887981414796,0.21636102131434853,0.013394680023194105,No,False,Yes,True
Arithmetic,2_digit_subtraction,'',Is 58 minus 40 equal to 84?,No,-4.916958332061768,-4.48824405670166,-5.061572527204241,-4.674887981414796,0.14461419514247353,0.1866439247131355,No,True,No,True
Arithmetic,1_digit_multiplication,'',Is 5 times 7 equal to 35?,Yes,-4.950888156890869,-4.771047592163086,-5.061572527204241,-4.674887981414796,0.11068437031337197,-0.09615961074829027,No,False,Yes,True
Arithmetic,2_digit_addition,'',Is 96 plus 71 equal to 590?,No,-4.821897506713867,-4.454586505889893,-5.061572527204241,-4.674887981414796,0.23967502049037392,0.2203014755249031,No,True,Yes,False
Arithmetic,2_digit_multiplication,'',Is 66 times 31 equal to 5554?,No,-5.106343746185303,-4.932209491729736,-5.061572527204241,-4.674887981414796,-0.04477121898106162,-0.25732151031494066,No,True,Yes,False
Arithmetic,2_digit_multiplication,'',Is 71 times 86 equal to 6106?,Yes,-5.202930450439453,-4.976173400878906,-5.061572527204241,-4.674887981414796,-0.141357923235212,-0.3012854194641106,No,False,Yes,True
Arithmetic,1_digit_multiplication,'',Is 5 times 2 equal to 91?,No,-4.687692165374756,-4.506377696990967,-5.061572527204241,-4.674887981414796,0.37388036182948525,0.16851028442382887,No,True,Yes,False
Arithmetic,1_digit_multiplication,'',Is 0 times 8 equal to 1?,No,-5.195688724517822,-5.085742950439453,-5.061572527204241,-4.674887981414796,-0.13411619731358115,-0.41085496902465746,No,True,Yes,False
Arithmetic,1_digit_addition,'',Is 5 plus 9 equal to 85?,No,-4.77730655670166,-4.280967712402344,-5.061572527204241,-4.674887981414796,0.28426597050258096,0.3939202690124519,No,True,No,True
Arithmetic,2_digit_addition,'',Is 83 plus 74 equal to 192?,No,-4.768520832061768,-4.46325159072876,-5.061572527204241,-4.674887981414796,0.29305169514247353,0.2116363906860359,No,True,Yes,False
Arithmetic,2_digit_addition,'',Is 54 plus 64 equal to 422?,No,-4.601153373718262,-4.294305801391602,-5.061572527204241,-4.674887981414796,0.4604191534859794,0.3805821800231941,No,True,Yes,False
Arithmetic,2_digit_addition,'',Is 95 plus 41 equal to 136?,Yes,-4.876585006713867,-4.44762659072876,-5.061572527204241,-4.674887981414796,0.18498752049037392,0.2272613906860359,No,False,No,False
Arithmetic,2_digit_subtraction,'',Is 70 minus 75 equal to -5?,Yes,-5.394263744354248,-4.84520149230957,-5.061572527204241,-4.674887981414796,-0.33269121715000693,-0.17031351089477464,No,False,No,False
Arithmetic,1_digit_subtraction,'',Is 1 minus 8 equal to -7?,Yes,-5.700385570526123,-4.967818737030029,-5.061572527204241,-4.674887981414796,-0.6388130433218819,-0.29293075561523363,No,False,No,False
Arithmetic,2_digit_subtraction,'',Is 81 minus 21 equal to 82?,No,-4.9896626472473145,-4.623644828796387,-5.061572527204241,-4.674887981414796,0.07190987995692666,0.05124315261840895,No,True,Yes,False
Arithmetic,2_digit_multiplication,'',Is 68 times 37 equal to 4867?,No,-5.139866352081299,-4.717659950256348,-5.061572527204241,-4.674887981414796,-0.07829382487705772,-0.04277196884155199,No,True,No,True
Arithmetic,1_digit_subtraction,'',Is 7 minus 6 equal to 1?,Yes,-5.292701244354248,-4.74363899230957,-5.061572527204241,-4.674887981414796,-0.23112871715000693,-0.06875101089477464,No,False,No,False
Arithmetic,1_digit_multiplication,'',Is 4 times 0 equal to 3?,No,-5.009312152862549,-4.893520832061768,-5.061572527204241,-4.674887981414796,0.052260374341692284,-0.2186328506469719,No,True,Yes,False
Arithmetic,1_digit_subtraction,'',Is 4 minus 7 equal to 28?,No,-5.217315196990967,-4.475207328796387,-5.061572527204241,-4.674887981414796,-0.15574266978672568,0.19968065261840895,No,True,No,True
Arithmetic,2_digit_addition,'',Is 12 plus 85 equal to 97?,Yes,-4.888235092163086,-4.39262580871582,-5.061572527204241,-4.674887981414796,0.17333743504115517,0.28226217269897536,No,False,No,False
Arithmetic,2_digit_subtraction,'',Is 13 minus 33 equal to -20?,Yes,-5.571812152862549,-4.836492538452148,-5.061572527204241,-4.674887981414796,-0.5102396256583077,-0.16160455703735277,No,False,No,False
Arithmetic,1_digit_multiplication,'',Is 9 times 7 equal to 12?,No,-4.8606858253479,-4.7428154945373535,-5.061572527204241,-4.674887981414796,0.20088670185634072,-0.06792751312255785,No,True,Yes,False
Arithmetic,1_digit_subtraction,'',Is 5 minus 3 equal to 2?,Yes,-5.337522506713867,-4.844305038452148,-5.061572527204241,-4.674887981414796,-0.2759499795096261,-0.16941705703735277,No,False,No,False
Arithmetic,2_digit_addition,'',Is 48 plus 10 equal to 58?,Yes,-4.983965873718262,-4.488952159881592,-5.061572527204241,-4.674887981414796,0.0776066534859794,0.18593582153320387,No,False,No,False
Arithmetic,1_digit_addition,'',Is 5 plus 3 equal to 8?,Yes,-4.909365653991699,-4.600207328796387,-5.061572527204241,-4.674887981414796,0.1522068732125419,0.07468065261840895,No,False,Yes,True
Arithmetic,1_digit_addition,'',Is 4 plus 7 equal to 86?,No,-4.835528373718262,-4.279306411743164,-5.061572527204241,-4.674887981414796,0.2260441534859794,0.3955815696716316,No,True,No,True
Arithmetic,2_digit_subtraction,'',Is 71 minus 28 equal to 43?,Yes,-4.997137069702148,-4.508367538452148,-5.061572527204241,-4.674887981414796,0.06443545750209267,0.16652044296264723,No,False,No,False
Arithmetic,2_digit_subtraction,'',Is 78 minus 24 equal to 20?,No,-5.147148609161377,-4.53356409072876,-5.061572527204241,-4.674887981414796,-0.08557608195713584,0.1413238906860359,No,True,No,True
Arithmetic,1_digit_multiplication,'',Is 5 times 9 equal to 45?,Yes,-4.7787251472473145,-4.596865653991699,-5.061572527204241,-4.674887981414796,0.28284737995692666,0.07802232742309645,No,False,Yes,True
Arithmetic,1_digit_addition,'',Is 3 plus 5 equal to 1?,No,-4.939085006713867,-4.756377696990967,-5.061572527204241,-4.674887981414796,0.12248752049037392,-0.08148971557617113,No,True,Yes,False
Arithmetic,1_digit_subtraction,'',Is 7 minus 8 equal to 75?,No,-5.120622158050537,-4.441092491149902,-5.061572527204241,-4.674887981414796,-0.059049630846296,0.23379549026489332,No,True,No,True
Arithmetic,2_digit_multiplication,'',Is 20 times 57 equal to 1140?,Yes,-5.16733980178833,-4.740752696990967,-5.061572527204241,-4.674887981414796,-0.10576727458408897,-0.06586471557617113,No,False,No,False
Arithmetic,1_digit_subtraction,'',Is 3 minus 8 equal to 16?,No,-5.098269462585449,-4.604700088500977,-5.061572527204241,-4.674887981414796,-0.03669693538120811,0.0701878929138191,No,True,No,True
Arithmetic,2_digit_subtraction,'',Is 42 minus 44 equal to 28?,No,-4.912627696990967,-4.421072959899902,-5.061572527204241,-4.674887981414796,0.14894483021327432,0.2538150215148933,No,True,No,True
Arithmetic,1_digit_subtraction,'',Is 3 minus 7 equal to -4?,Yes,-5.579269886016846,-5.028860092163086,-5.061572527204241,-4.674887981414796,-0.5176973588126046,-0.35397211074829027,No,False,No,False
Arithmetic,2_digit_subtraction,'',Is 12 minus 31 equal to 145?,No,-5.171465873718262,-4.553332328796387,-5.061572527204241,-4.674887981414796,-0.1098933465140206,0.12155565261840895,No,True,No,True
Arithmetic,2_digit_multiplication,'',Is 82 times 21 equal to 6925?,No,-5.035125732421875,-4.740898609161377,-5.061572527204241,-4.674887981414796,0.026446794782366112,-0.06601062774658129,No,True,Yes,False
Arithmetic,2_digit_subtraction,'',Is 84 minus 48 equal to 57?,No,-5.019813060760498,-4.591360092163086,-5.061572527204241,-4.674887981414796,0.041759466443743065,0.08352788925170973,No,True,No,True
Arithmetic,2_digit_addition,'',Is 41 plus 83 equal to 124?,Yes,-4.843942165374756,-4.417178153991699,-5.061572527204241,-4.674887981414796,0.21763036182948525,0.25770982742309645,No,False,No,False
Arithmetic,2_digit_subtraction,'',Is 86 minus 62 equal to 94?,No,-4.889534950256348,-4.3990654945373535,-5.061572527204241,-4.674887981414796,0.17203757694789346,0.27582248687744215,No,True,No,True
Arithmetic,1_digit_multiplication,'',Is 1 times 5 equal to 5?,Yes,-4.844894886016846,-5.099325656890869,-5.061572527204241,-4.674887981414796,0.2166776411873954,-0.4244376754760735,Yes,True,Yes,True
Arithmetic,2_digit_subtraction,'',Is 93 minus 42 equal to 84?,No,-4.787627696990967,-4.482431411743164,-5.061572527204241,-4.674887981414796,0.2739448302132743,0.1924565696716316,No,True,Yes,False
Arithmetic,2_digit_subtraction,'',Is 35 minus 56 equal to 147?,No,-4.993649005889893,-4.312706470489502,-5.061572527204241,-4.674887981414796,0.06792352131434853,0.3621815109252937,No,True,No,True
Arithmetic,1_digit_multiplication,'',Is 7 times 1 equal to 9?,No,-4.884312152862549,-4.8334126472473145,-5.061572527204241,-4.674887981414796,0.17726037434169228,-0.15852466583251879,No,True,Yes,False
Arithmetic,1_digit_subtraction,'',Is 3 minus 3 equal to 0?,Yes,-5.272506237030029,-4.718007564544678,-5.061572527204241,-4.674887981414796,-0.21093370982578818,-0.043119583129882066,No,False,No,False
Arithmetic,2_digit_addition,'',Is 44 plus 74 equal to 652?,No,-4.932583332061768,-4.56481409072876,-5.061572527204241,-4.674887981414796,0.12898919514247353,0.1100738906860359,No,True,Yes,False
Arithmetic,2_digit_subtraction,'',Is 51 minus 19 equal to 32?,Yes,-5.037627696990967,-4.545519828796387,-5.061572527204241,-4.674887981414796,0.023944830213274315,0.12936815261840895,No,False,No,False
Arithmetic,2_digit_subtraction,'',Is 50 minus 39 equal to 11?,Yes,-5.345335006713867,-4.665524005889893,-5.061572527204241,-4.674887981414796,-0.2837624795096261,0.00936397552490309,No,False,No,False
Arithmetic,1_digit_subtraction,'',Is 7 minus 7 equal to 0?,Yes,-5.280728340148926,-4.667621612548828,-5.061572527204241,-4.674887981414796,-0.21915581294468467,0.007266368865967543,No,False,No,False
Arithmetic,1_digit_multiplication,'',Is 5 times 8 equal to 67?,No,-5.084648609161377,-4.842315196990967,-5.061572527204241,-4.674887981414796,-0.02307608195713584,-0.16742721557617113,No,True,Yes,False
Arithmetic,1_digit_addition,'',Is 3 plus 7 equal to 18?,No,-4.967315196990967,-4.59761905670166,-5.061572527204241,-4.674887981414796,0.09425733021327432,0.07726892471313551,No,True,Yes,False
Arithmetic,2_digit_multiplication,'',Is 79 times 86 equal to 6794?,Yes,-5.1917033195495605,-4.967991352081299,-5.061572527204241,-4.674887981414796,-0.13013079234531943,-0.29310337066650316,No,False,Yes,True
Arithmetic,2_digit_subtraction,'',Is 80 minus 85 equal to 12?,No,-5.246195793151856,-4.756168365478516,-5.061572527204241,-4.674887981414796,-0.18462326594761524,-0.08128038406371996,No,True,No,True
Arithmetic,1_digit_multiplication,'',Is 4 times 0 equal to 0?,Yes,-5.032630920410156,-4.730570793151856,-5.061572527204241,-4.674887981414796,0.028941606794084862,-0.05568281173706069,No,False,Yes,True
Arithmetic,2_digit_subtraction,'',Is 85 minus 81 equal to 4?,Yes,-5.179298400878906,-4.8177876472473145,-5.061572527204241,-4.674887981414796,-0.11772587367466514,-0.14289966583251879,No,False,Yes,True
Arithmetic,2_digit_addition,'',Is 96 plus 49 equal to 330?,No,-4.8412251472473145,-4.346865653991699,-5.061572527204241,-4.674887981414796,0.22034737995692666,0.32802232742309645,No,True,No,True
Arithmetic,1_digit_addition,'',Is 0 plus 3 equal to 3?,Yes,-5.360540390014648,-4.997604370117188,-5.061572527204241,-4.674887981414796,-0.2989678628104073,-0.3227163887023927,No,False,Yes,True
Arithmetic,1_digit_multiplication,'',Is 7 times 5 equal to 57?,No,-5.075832843780518,-4.77488899230957,-5.061572527204241,-4.674887981414796,-0.014260316576276466,-0.10000101089477464,No,True,Yes,False
Arithmetic,2_digit_addition,'',Is 26 plus 21 equal to 33?,No,-5.020202159881592,-4.649534702301025,-5.061572527204241,-4.674887981414796,0.041370367322649315,0.025353279113770277,No,True,Yes,False
Arithmetic,2_digit_addition,'',Is 29 plus 30 equal to 89?,No,-4.41477632522583,-4.230704784393311,-5.061572527204241,-4.674887981414796,0.646796201978411,0.44418319702148423,No,True,Yes,False
Arithmetic,1_digit_addition,'',Is 3 plus 2 equal to 7?,No,-5.057093143463135,-4.7506279945373535,-5.061572527204241,-4.674887981414796,0.004479383741106346,-0.07574001312255785,No,True,Yes,False
Arithmetic,2_digit_multiplication,'',Is 34 times 37 equal to 1258?,Yes,-5.157749652862549,-4.733965873718262,-5.061572527204241,-4.674887981414796,-0.09617712565830772,-0.05907789230346605,No,False,No,False
Arithmetic,1_digit_multiplication,'',Is 1 times 5 equal to 3?,No,-5.062016010284424,-5.194790840148926,-5.063414584994316,-4.674545496106148,0.0013985747098921308,-0.5202453440427774,Yes,False,Yes,False
Arithmetic,2_digit_subtraction,'',Is 14 minus 16 equal to 33?,No,-5.205530643463135,-4.651508331298828,-5.063414584994316,-4.674545496106148,-0.1421160584688188,0.02303716480732021,No,True,No,True
Arithmetic,2_digit_subtraction,'',Is 35 minus 13 equal to 22?,Yes,-5.0468831062316895,-4.426474571228027,-5.063414584994316,-4.674545496106148,0.016531478762626506,0.248070924878121,No,False,No,False
Arithmetic,2_digit_subtraction,'',Is 68 minus 85 equal to -17?,Yes,-5.969915390014648,-5.30015230178833,-5.063414584994316,-4.674545496106148,-0.9065008050203325,-0.6256068056821817,No,False,No,False
Arithmetic,1_digit_addition,'',Is 2 plus 3 equal to 3?,No,-4.9818501472473145,-4.862490653991699,-5.063414584994316,-4.674545496106148,0.0815644377470015,-0.18794515788555088,No,True,Yes,False
Arithmetic,1_digit_subtraction,'',Is 1 minus 5 equal to -4?,Yes,-5.739448070526123,-5.129188060760498,-5.063414584994316,-4.674545496106148,-0.6760334855318071,-0.4546425646543497,No,False,No,False
Arithmetic,2_digit_addition,'',Is 85 plus 29 equal to 114?,Yes,-4.659809112548828,-4.352939605712891,-5.063414584994316,-4.674545496106148,0.40360547244548783,0.3216058903932577,No,False,Yes,True
Arithmetic,1_digit_multiplication,'',Is 2 times 0 equal to 0?,Yes,-4.952366352081299,-4.835200309753418,-5.063414584994316,-4.674545496106148,0.11104823291301713,-0.16065481364726963,No,False,Yes,True
Arithmetic,1_digit_addition,'',Is 9 plus 7 equal to 79?,No,-4.817812919616699,-4.323904991149902,-5.063414584994316,-4.674545496106148,0.24560166537761674,0.350640504956246,No,True,No,True
Arithmetic,1_digit_addition,'',Is 9 plus 7 equal to 16?,Yes,-4.882070064544678,-4.449912071228027,-5.063414584994316,-4.674545496106148,0.18134452044963822,0.224633424878121,No,False,No,False
Arithmetic,1_digit_multiplication,'',Is 3 times 6 equal to 40?,No,-4.808875560760498,-4.631271839141846,-5.063414584994316,-4.674545496106148,0.2545390242338179,0.04327365696430263,No,True,Yes,False
Arithmetic,1_digit_multiplication,'',Is 3 times 5 equal to 15?,Yes,-4.9728779792785645,-4.917178153991699,-5.063414584994316,-4.674545496106148,0.0905366057157515,-0.24263265788555088,No,False,Yes,True
Arithmetic,1_digit_subtraction,'',Is 9 minus 8 equal to 6?,No,-5.060110092163086,-4.566155433654785,-5.063414584994316,-4.674545496106148,0.0033044928312300215,0.10839006245136318,No,True,No,True
Arithmetic,2_digit_subtraction,'',Is 21 minus 31 equal to 924?,No,-5.148629665374756,-4.59606409072876,-5.063414584994316,-4.674545496106148,-0.0852150803804399,0.07848140537738857,No,True,No,True
Arithmetic,1_digit_multiplication,'',Is 8 times 7 equal to 91?,No,-4.64390230178833,-4.4662251472473145,-5.063414584994316,-4.674545496106148,0.4195122832059859,0.20832034885883388,No,True,Yes,False
Arithmetic,2_digit_addition,'',Is 27 plus 74 equal to 579?,No,-5.204710006713867,-4.71325159072876,-5.063414584994316,-4.674545496106148,-0.14129542171955123,-0.03870609462261143,No,True,No,True
Arithmetic,1_digit_multiplication,'',Is 8 times 4 equal to 32?,Yes,-4.833074569702148,-4.656805038452148,-5.063414584994316,-4.674545496106148,0.23034001529216752,0.017740457653999897,No,False,Yes,True
Arithmetic,2_digit_multiplication,'',Is 98 times 32 equal to 3136?,Yes,-5.196333408355713,-4.775022506713867,-5.063414584994316,-4.674545496106148,-0.13291882336139693,-0.10047701060771885,No,False,No,False
Arithmetic,2_digit_addition,'',Is 37 plus 36 equal to 79?,No,-4.79051399230957,-4.423252105712891,-5.063414584994316,-4.674545496106148,0.27290059268474565,0.2512933903932577,No,True,Yes,False
Arithmetic,2_digit_addition,'',Is 94 plus 61 equal to 933?,No,-4.856512069702148,-4.492742538452148,-5.063414584994316,-4.674545496106148,0.20690251529216752,0.1818029576539999,No,True,Yes,False
Arithmetic,2_digit_multiplication,'',Is 62 times 59 equal to 3275?,No,-4.973646640777588,-4.802165985107422,-5.063414584994316,-4.674545496106148,0.08976794421672807,-0.12762048900127354,No,True,Yes,False
Arithmetic,2_digit_multiplication,'',Is 79 times 91 equal to 7189?,Yes,-5.089439868927002,-4.802165985107422,-5.063414584994316,-4.674545496106148,-0.026025283932685994,-0.12762048900127354,No,False,Yes,True
Arithmetic,2_digit_multiplication,'',Is 16 times 33 equal to 391?,No,-5.116798400878906,-4.7552876472473145,-5.063414584994316,-4.674545496106148,-0.05338381588459029,-0.08074215114116612,No,True,Yes,False
Arithmetic,2_digit_multiplication,'',Is 22 times 75 equal to 1257?,No,-5.177291870117188,-4.876585006713867,-5.063414584994316,-4.674545496106148,-0.11387728512287243,-0.20203951060771885,No,True,Yes,False
Arithmetic,1_digit_subtraction,'',Is 9 minus 6 equal to 9?,No,-4.968007564544678,-4.536279678344727,-5.063414584994316,-4.674545496106148,0.09540702044963822,0.13826581776142177,No,True,No,True
Arithmetic,1_digit_subtraction,'',Is 0 minus 5 equal to -5?,Yes,-5.61355447769165,-5.07359790802002,-5.063414584994316,-4.674545496106148,-0.5501398926973344,-0.3990524119138721,No,False,No,False
Arithmetic,1_digit_addition,'',Is 7 plus 1 equal to 4?,No,-5.039209842681885,-4.795230865478516,-5.063414584994316,-4.674545496106148,0.024204742312431193,-0.12068536937236729,No,True,Yes,False
Arithmetic,2_digit_subtraction,'',Is 60 minus 50 equal to 10?,Yes,-5.120083332061768,-4.626461505889893,-5.063414584994316,-4.674545496106148,-0.05666874706745162,0.048083990216255756,No,False,No,False
Arithmetic,1_digit_subtraction,'',Is 6 minus 5 equal to 1?,Yes,-5.30015230178833,-4.7474751472473145,-5.063414584994316,-4.674545496106148,-0.23673771679401412,-0.07292965114116612,No,False,No,False
Arithmetic,2_digit_addition,'',Is 13 plus 50 equal to 86?,No,-4.929278373718262,-4.434930801391602,-5.063414584994316,-4.674545496106148,0.13413621127605424,0.23961469471454677,No,True,No,True
Arithmetic,2_digit_multiplication,'',Is 11 times 81 equal to 652?,No,-4.99546480178833,-4.758367538452148,-5.063414584994316,-4.674545496106148,0.06794978320598588,-0.0838220423460001,No,True,Yes,False
Arithmetic,2_digit_addition,'',Is 54 plus 42 equal to 96?,Yes,-4.534365653991699,-4.164268970489502,-5.063414584994316,-4.674545496106148,0.5290489310026167,0.5102765256166464,No,False,Yes,True
Arithmetic,1_digit_subtraction,'',Is 7 minus 9 equal to 22?,No,-5.2153401374816895,-4.535333156585693,-5.063414584994316,-4.674545496106148,-0.1519255524873735,0.13921233952045498,No,True,No,True
Arithmetic,1_digit_addition,'',Is 7 plus 0 equal to 7?,Yes,-5.221645832061768,-4.85543155670166,-5.063414584994316,-4.674545496106148,-0.15823124706745162,-0.18088606059551182,No,False,Yes,True
Arithmetic,1_digit_addition,'',Is 5 plus 6 equal to 95?,No,-4.7882232666015625,-4.2915778160095215,-5.063414584994316,-4.674545496106148,0.27519131839275346,0.38296768009662685,No,True,No,True
Arithmetic,1_digit_multiplication,'',Is 6 times 1 equal to 6?,Yes,-4.763388156890869,-4.895144462585449,-5.063414584994316,-4.674545496106148,0.3000264281034468,-0.22059896647930088,Yes,True,Yes,True
Arithmetic,1_digit_addition,'',Is 2 plus 1 equal to 6?,No,-5.047067165374756,-4.865752696990967,-5.063414584994316,-4.674545496106148,0.0163474196195601,-0.19120720088481846,No,True,Yes,False
Arithmetic,1_digit_subtraction,'',Is 8 minus 5 equal to 3?,Yes,-5.343360900878906,-4.7931904792785645,-5.063414584994316,-4.674545496106148,-0.2799463158845903,-0.11864498317241612,No,False,No,False
Arithmetic,2_digit_addition,'',Is 35 plus 41 equal to 76?,Yes,-4.663979530334473,-4.231539726257324,-5.063414584994316,-4.674545496106148,0.3994350546598433,0.4430057698488241,No,False,No,False
Arithmetic,2_digit_multiplication,'',Is 52 times 13 equal to 678?,No,-5.181326866149902,-4.758109092712402,-5.063414584994316,-4.674545496106148,-0.11791228115558638,-0.08356359660625401,No,True,No,True
Arithmetic,2_digit_multiplication,'',Is 80 times 84 equal to 6720?,Yes,-5.099166870117188,-4.7385029792785645,-5.063414584994316,-4.674545496106148,-0.03575228512287243,-0.06395748317241612,No,False,Yes,True
Arithmetic,2_digit_addition,'',Is 17 plus 95 equal to 221?,No,-4.992484092712402,-4.436757564544678,-5.063414584994316,-4.674545496106148,0.07093049228191362,0.2377879315614706,No,True,No,True
Arithmetic,2_digit_multiplication,'',Is 17 times 77 equal to 5736?,No,-5.095130920410156,-4.797022342681885,-5.063414584994316,-4.674545496106148,-0.03171633541584029,-0.12247684657573643,No,True,Yes,False
Arithmetic,1_digit_subtraction,'',Is 6 minus 9 equal to -3?,Yes,-5.778957843780518,-4.981081962585449,-5.063414584994316,-4.674545496106148,-0.7155432587862016,-0.3065364664793009,No,False,No,False
Arithmetic,1_digit_multiplication,'',Is 3 times 4 equal to 28?,No,-4.948208332061768,-4.829586505889893,-5.063414584994316,-4.674545496106148,0.11520625293254838,-0.15504100978374424,No,True,Yes,False
Arithmetic,2_digit_subtraction,'',Is 40 minus 80 equal to -40?,Yes,-5.469691753387451,-4.7934651374816895,-5.063414584994316,-4.674545496106148,-0.4062771683931352,-0.11891964137554112,No,False,No,False
Arithmetic,1_digit_subtraction,'',Is 6 minus 7 equal to 20?,No,-5.245746612548828,-4.56450080871582,-5.063414584994316,-4.674545496106148,-0.18233202755451217,0.11004468739032802,No,True,No,True
Arithmetic,1_digit_subtraction,'',Is 0 minus 6 equal to 69?,No,-5.299921035766602,-4.569923400878906,-5.063414584994316,-4.674545496106148,-0.2365064507722856,0.10462209522724208,No,True,No,True
Arithmetic,2_digit_subtraction,'',Is 41 minus 84 equal to -43?,Yes,-5.722625732421875,-4.993772506713867,-5.063414584994316,-4.674545496106148,-0.659211147427559,-0.31922701060771885,No,False,No,False
Arithmetic,2_digit_subtraction,'',Is 27 minus 44 equal to -17?,Yes,-5.835548400878906,-5.101153373718262,-5.063414584994316,-4.674545496106148,-0.7721338158845903,-0.4266078776121134,No,False,No,False
Arithmetic,1_digit_addition,'',Is 7 plus 6 equal to 21?,No,-5.091344356536865,-4.599918365478516,-5.063414584994316,-4.674545496106148,-0.027929771542549275,0.07462713062763271,No,True,No,True
Arithmetic,2_digit_subtraction,'',Is 44 minus 20 equal to 24?,Yes,-4.889190196990967,-4.396493911743164,-5.063414584994316,-4.674545496106148,0.17422438800334916,0.27805158436298427,No,False,No,False
Arithmetic,1_digit_addition,'',Is 1 plus 0 equal to 3?,No,-5.350825309753418,-5.168070793151856,-5.063414584994316,-4.674545496106148,-0.287410724759102,-0.493525297045708,No,True,Yes,False
Arithmetic,2_digit_subtraction,'',Is 56 minus 65 equal to 34?,No,-5.190212726593018,-4.639882564544678,-5.063414584994316,-4.674545496106148,-0.12679814159870162,0.0346629315614706,No,True,No,True
Arithmetic,1_digit_subtraction,'',Is 6 minus 9 equal to 93?,No,-5.000555038452148,-4.319510459899902,-5.063414584994316,-4.674545496106148,0.06285954654216752,0.355035036206246,No,True,No,True
Arithmetic,2_digit_addition,'',Is 21 plus 19 equal to 16?,No,-4.964053153991699,-4.530967712402344,-5.063414584994316,-4.674545496106148,0.09936143100261674,0.14357778370380458,No,True,No,True
Arithmetic,1_digit_addition,'',Is 0 plus 4 equal to 2?,No,-5.31667947769165,-4.957000732421875,-5.063414584994316,-4.674545496106148,-0.25326489269733443,-0.28245523631572667,No,True,Yes,False
Arithmetic,1_digit_multiplication,'',Is 0 times 7 equal to 9?,No,-5.137250900268555,-5.028683185577393,-5.063414584994316,-4.674545496106148,-0.07383631527423873,-0.35413768947124424,No,True,Yes,False
Arithmetic,2_digit_addition,'',Is 54 plus 37 equal to 91?,Yes,-4.442922592163086,-4.135950088500977,-5.063414584994316,-4.674545496106148,0.62049199283123,0.5385954076051718,No,False,Yes,True
Arithmetic,1_digit_addition,'',Is 6 plus 1 equal to 7?,Yes,-5.299280643463135,-4.8678154945373535,-5.063414584994316,-4.674545496106148,-0.2358660584688188,-0.19326999843120518,No,False,No,False
Arithmetic,1_digit_addition,'',Is 0 plus 3 equal to 7?,No,-5.355438232421875,-4.929298400878906,-5.063414584994316,-4.674545496106148,-0.29202364742755904,-0.2547529047727579,No,True,No,True
Arithmetic,2_digit_multiplication,'',Is 71 times 95 equal to 6541?,No,-5.092366695404053,-4.795586109161377,-5.063414584994316,-4.674545496106148,-0.028952110409736775,-0.12104061305522862,No,True,Yes,False
Arithmetic,1_digit_multiplication,'',Is 4 times 5 equal to 20?,Yes,-5.017210006713867,-4.651553153991699,-5.063414584994316,-4.674545496106148,0.04620457828044877,0.022992342114449116,No,False,Yes,True
Arithmetic,1_digit_multiplication,'',Is 7 times 9 equal to 92?,No,-4.821897506713867,-4.51793909072876,-5.063414584994316,-4.674545496106148,0.24151707828044877,0.15660640537738857,No,True,Yes,False
Arithmetic,2_digit_addition,'',Is 36 plus 18 equal to 54?,Yes,-4.684206962585449,-4.31321382522583,-5.063414584994316,-4.674545496106148,0.37920762240886674,0.36133167088031826,No,False,Yes,True
Arithmetic,1_digit_addition,'',Is 7 plus 6 equal to 13?,Yes,-5.315395832061768,-4.760928153991699,-5.063414584994316,-4.674545496106148,-0.2519812470674516,-0.08638265788555088,No,False,No,False
Arithmetic,1_digit_subtraction,'',Is 6 minus 3 equal to 5?,No,-5.257403373718262,-4.763681411743164,-5.063414584994316,-4.674545496106148,-0.19398878872394576,-0.08913591563701573,No,True,No,True
Arithmetic,1_digit_subtraction,'',Is 7 minus 0 equal to 5?,No,-5.330837726593018,-4.842209339141846,-5.063414584994316,-4.674545496106148,-0.2674231415987016,-0.16766384303569737,No,True,No,True
Arithmetic,1_digit_multiplication,'',Is 4 times 3 equal to 26?,No,-4.865898609161377,-4.624590873718262,-5.063414584994316,-4.674545496106148,0.197515975832939,0.049954622387886616,No,True,Yes,False
Arithmetic,2_digit_multiplication,'',Is 22 times 47 equal to 1034?,Yes,-5.27672290802002,-4.854458332061768,-5.063414584994316,-4.674545496106148,-0.21330832302570446,-0.17991283595561924,No,False,No,False
Arithmetic,1_digit_multiplication,'',Is 2 times 5 equal to 10?,Yes,-5.015103340148926,-4.961234092712402,-5.063414584994316,-4.674545496106148,0.04831124484539018,-0.286688596606254,No,False,Yes,True
Arithmetic,1_digit_addition,'',Is 6 plus 9 equal to 15?,Yes,-5.01949405670166,-4.586143970489502,-5.063414584994316,-4.674545496106148,0.0439205282926558,0.08840152561664638,No,False,No,False
Arithmetic,2_digit_addition,'',Is 50 plus 92 equal to 175?,No,-4.9653401374816895,-4.407546520233154,-5.063414584994316,-4.674545496106148,0.0980744475126265,0.26699897587299404,No,True,No,True
Arithmetic,2_digit_multiplication,'',Is 24 times 78 equal to 1872?,Yes,-4.890817165374756,-4.71325159072876,-5.063414584994316,-4.674545496106148,0.1725974196195601,-0.03870609462261143,No,False,Yes,True
Arithmetic,2_digit_addition,'',Is 54 plus 13 equal to 67?,Yes,-4.65856409072876,-4.351280212402344,-5.063414584994316,-4.674545496106148,0.4048504942655562,0.3232652837038046,No,False,Yes,True
Arithmetic,1_digit_multiplication,'',Is 4 times 1 equal to 4?,Yes,-4.721645832061768,-4.853024005889893,-5.063414584994316,-4.674545496106148,0.3417687529325484,-0.17847850978374424,Yes,True,Yes,True
Arithmetic,2_digit_addition,'',Is 51 plus 58 equal to 387?,No,-4.915647506713867,-4.487490653991699,-5.063414584994316,-4.674545496106148,0.14776707828044877,0.18705484211444912,No,True,No,True
Arithmetic,2_digit_addition,'',Is 23 plus 47 equal to 70?,Yes,-4.712399005889893,-4.341180801391602,-5.063414584994316,-4.674545496106148,0.3510155791044234,0.33336469471454677,No,False,Yes,True
Arithmetic,2_digit_multiplication,'',Is 61 times 62 equal to 9267?,No,-4.96511697769165,-4.73766040802002,-5.063414584994316,-4.674545496106148,0.09829760730266557,-0.06311491191387208,No,True,Yes,False
Arithmetic,2_digit_subtraction,'',Is 47 minus 97 equal to 158?,No,-5.1213154792785645,-4.443957328796387,-5.063414584994316,-4.674545496106148,-0.057900894284248494,0.23058816730976162,No,True,No,True
Arithmetic,1_digit_addition,'',Is 5 plus 1 equal to 6?,Yes,-5.028860092163086,-4.78196382522583,-5.063414584994316,-4.674545496106148,0.03455449283123002,-0.10741832911968174,No,False,Yes,True
Arithmetic,1_digit_addition,'',Is 9 plus 5 equal to 14?,Yes,-5.068668365478516,-4.635883331298828,-5.063414584994316,-4.674545496106148,-0.005253780484199666,0.03866216480732021,No,False,No,False
Arithmetic,1_digit_multiplication,'',Is 1 times 3 equal to 1?,No,-4.960548400878906,-5.153387069702148,-5.063414584994316,-4.674545496106148,0.10286618411540971,-0.4788415735960001,Yes,False,Yes,False
Arithmetic,2_digit_addition,'',Is 12 plus 66 equal to 78?,Yes,-4.915524005889893,-4.358572959899902,-5.063414584994316,-4.674545496106148,0.14789057910442338,0.315972536206246,No,False,No,False
Arithmetic,2_digit_subtraction,'',Is 81 minus 38 equal to 43?,Yes,-4.985874652862549,-4.562090873718262,-5.063414584994316,-4.674545496106148,0.07753993213176713,0.11245462238788662,No,False,No,False
Arithmetic,1_digit_addition,'',Is 7 plus 3 equal to 33?,No,-5.06395149230957,-4.69602632522583,-5.063414584994316,-4.674545496106148,-0.0005369073152543535,-0.021480829119681744,No,True,Yes,False
Arithmetic,2_digit_addition,'',Is 40 plus 28 equal to 47?,No,-4.9062581062316895,-4.347892284393311,-5.063414584994316,-4.674545496106148,0.1571564787626265,0.3266532117128369,No,True,No,True
Arithmetic,2_digit_addition,'',Is 90 plus 66 equal to 156?,Yes,-4.725021839141846,-4.292200088500977,-5.063414584994316,-4.674545496106148,0.33839274585247026,0.38234540760517177,No,False,No,False
Arithmetic,2_digit_subtraction,'',Is 66 minus 78 equal to -12?,Yes,-5.508833408355713,-4.7787251472473145,-5.063414584994316,-4.674545496106148,-0.44541882336139693,-0.10417965114116612,No,False,No,False
Arithmetic,2_digit_addition,'',Is 24 plus 95 equal to 454?,No,-5.138219356536865,-4.705530643463135,-5.063414584994316,-4.674545496106148,-0.07480477154254928,-0.03098514735698643,No,True,No,True
Arithmetic,2_digit_subtraction,'',Is 98 minus 48 equal to 50?,Yes,-4.964496612548828,-4.40825080871582,-5.063414584994316,-4.674545496106148,0.09891797244548783,0.266294687390328,No,False,No,False
Arithmetic,2_digit_subtraction,'',Is 67 minus 88 equal to -21?,Yes,-5.804492473602295,-5.074320793151856,-5.063414584994316,-4.674545496106148,-0.741077888607979,-0.399775297045708,No,False,No,False
Arithmetic,1_digit_addition,'',Is 8 plus 3 equal to 11?,Yes,-4.9416279792785645,-4.510928153991699,-5.063414584994316,-4.674545496106148,0.1217866057157515,0.16361734211444912,No,False,No,False
Arithmetic,2_digit_addition,'',Is 17 plus 32 equal to 91?,No,-4.501461505889893,-4.255868911743164,-5.063414584994316,-4.674545496106148,0.5619530791044234,0.41867658436298427,No,True,Yes,False
Arithmetic,1_digit_subtraction,'',Is 2 minus 2 equal to 0?,Yes,-5.341228485107422,-4.851709842681885,-5.063414584994316,-4.674545496106148,-0.2778139001131059,-0.17716434657573643,No,False,No,False
Arithmetic,1_digit_subtraction,'',Is 4 minus 1 equal to 6?,No,-5.265215873718262,-4.709582328796387,-5.063414584994316,-4.674545496106148,-0.20180128872394576,-0.035036832690238384,No,True,No,True
Arithmetic,2_digit_addition,'',Is 47 plus 41 equal to 19?,No,-5.108637809753418,-4.6215901374816895,-5.063414584994316,-4.674545496106148,-0.04522322475910201,0.05295535862445888,No,True,No,True
Arithmetic,1_digit_addition,'',Is 8 plus 6 equal to 33?,No,-5.009397506713867,-4.51793909072876,-5.063414584994316,-4.674545496106148,0.05401707828044877,0.15660640537738857,No,True,No,True
Arithmetic,1_digit_subtraction,'',Is 6 minus 7 equal to -1?,Yes,-5.556187152862549,-4.819903373718262,-5.063414584994316,-4.674545496106148,-0.49277256786823287,-0.14535787761211338,No,False,No,False
Arithmetic,2_digit_addition,'',Is 53 plus 76 equal to 129?,Yes,-4.748909950256348,-4.382729530334473,-5.063414584994316,-4.674545496106148,0.3145046347379683,0.2918159657716757,No,False,Yes,True
Arithmetic,1_digit_addition,'',Is 5 plus 6 equal to 11?,Yes,-5.055242538452148,-4.559930801391602,-5.064429505666096,-4.677090451452468,0.009186967213947739,0.11715965006086648,No,False,No,False
Arithmetic,1_digit_addition,'',Is 9 plus 0 equal to 9?,Yes,-4.807803153991699,-4.500206470489502,-5.064429505666096,-4.677090451452468,0.25662635167439696,0.1768839809629661,No,False,Yes,True
Arithmetic,1_digit_addition,'',Is 2 plus 4 equal to 4?,No,-4.909145832061768,-4.727117538452148,-5.064429505666096,-4.677090451452468,0.1552836736043286,-0.05002708699968039,No,True,Yes,False
Arithmetic,2_digit_addition,'',Is 85 plus 95 equal to 672?,No,-4.961129665374756,-4.594305038452148,-5.064429505666096,-4.677090451452468,0.10329984029134032,0.08278541300031961,No,True,Yes,False
Arithmetic,2_digit_subtraction,'',Is 36 minus 70 equal to -34?,Yes,-5.771041870117188,-5.0353779792785645,-5.064429505666096,-4.677090451452468,-0.7066123644510922,-0.3582875278260964,No,False,No,False
Arithmetic,1_digit_addition,'',Is 6 plus 8 equal to 64?,No,-4.810959339141846,-4.378655433654785,-5.064429505666096,-4.677090451452468,0.2534701665242505,0.2984350177976829,No,True,No,True
Arithmetic,1_digit_subtraction,'',Is 2 minus 6 equal to 96?,No,-5.045943737030029,-4.553146839141846,-5.064429505666096,-4.677090451452468,0.01848576863606688,0.12394361231062234,No,True,No,True
Arithmetic,2_digit_multiplication,'',Is 17 times 52 equal to 469?,No,-5.19078540802002,-4.889336109161377,-5.064429505666096,-4.677090451452468,-0.12635590235392424,-0.2122456577089089,No,True,Yes,False
Arithmetic,1_digit_multiplication,'',Is 8 times 3 equal to 62?,No,-4.897148609161377,-4.717315196990967,-5.064429505666096,-4.677090451452468,0.16728089650471922,-0.04022474553849875,No,True,Yes,False
Arithmetic,2_digit_subtraction,'',Is 44 minus 63 equal to -19?,Yes,-5.844770908355713,-5.049770832061768,-5.064429505666096,-4.677090451452468,-0.7803414026896167,-0.37268038060929953,No,False,No,False
Arithmetic,2_digit_addition,'',Is 72 plus 42 equal to 114?,Yes,-4.884312152862549,-4.4572529792785645,-5.064429505666096,-4.677090451452468,0.18011735280354735,0.2198374721739036,No,False,No,False
Arithmetic,2_digit_subtraction,'',Is 75 minus 91 equal to 994?,No,-5.052450656890869,-4.561757564544678,-5.064429505666096,-4.677090451452468,0.011978848775227036,0.11533288690779031,No,True,No,True
Arithmetic,2_digit_addition,'',Is 90 plus 39 equal to 169?,No,-4.955662727355957,-4.39915132522583,-5.064429505666096,-4.677090451452468,0.10876677831013914,0.27793912622663797,No,True,No,True
Arithmetic,1_digit_subtraction,'',Is 0 minus 2 equal to -2?,Yes,-5.945844650268555,-5.344770908355713,-5.064429505666096,-4.677090451452468,-0.8814151446024585,-0.6676804569032448,No,False,No,False
Arithmetic,1_digit_subtraction,'',Is 2 minus 8 equal to -6?,Yes,-5.662679195404053,-5.054879665374756,-5.064429505666096,-4.677090451452468,-0.5982496897379566,-0.3777892139222878,No,False,No,False
Arithmetic,2_digit_subtraction,'',Is 22 minus 77 equal to 540?,No,-5.045586109161377,-4.615752696990967,-5.064429505666096,-4.677090451452468,0.018843396504719223,0.06133775446150125,No,True,No,True
Arithmetic,1_digit_subtraction,'',Is 2 minus 0 equal to 2?,Yes,-5.544479370117188,-5.242379665374756,-5.064429505666096,-4.677090451452468,-0.4800498644510922,-0.5652892139222878,No,False,Yes,True
Arithmetic,1_digit_addition,'',Is 0 plus 7 equal to 7?,Yes,-5.333370685577393,-4.970389366149902,-5.064429505666096,-4.677090451452468,-0.2689411799112964,-0.2932989146974343,No,False,Yes,True
Arithmetic,1_digit_addition,'',Is 4 plus 8 equal to 12?,Yes,-4.961492538452148,-4.404894828796387,-5.064429505666096,-4.677090451452468,0.10293696721394774,0.2721956226560813,No,False,No,False
Arithmetic,2_digit_multiplication,'',Is 38 times 70 equal to 4210?,No,-5.087437152862549,-4.663653373718262,-5.064429505666096,-4.677090451452468,-0.023007647196452652,0.013437077734206326,No,True,No,True
Arithmetic,1_digit_multiplication,'',Is 9 times 9 equal to 81?,Yes,-4.727117538452148,-4.546072959899902,-5.064429505666096,-4.677090451452468,0.33731196721394774,0.1310174915525657,No,False,Yes,True
Arithmetic,2_digit_addition,'',Is 83 plus 61 equal to 682?,No,-4.845249652862549,-4.607940196990967,-5.064429505666096,-4.677090451452468,0.21917985280354735,0.06915025446150125,No,True,Yes,False
Arithmetic,2_digit_addition,'',Is 13 plus 86 equal to 70?,No,-4.878434658050537,-4.384737491607666,-5.064429505666096,-4.677090451452468,0.18599484761555907,0.29235295984480203,No,True,No,True
Arithmetic,1_digit_addition,'',Is 1 plus 1 equal to 6?,No,-5.125192165374756,-4.944903373718262,-5.064429505666096,-4.677090451452468,-0.06076265970865968,-0.2678129222657937,No,True,Yes,False
Arithmetic,2_digit_addition,'',Is 49 plus 20 equal to 69?,Yes,-4.933246612548828,-4.4375081062316895,-5.064429505666096,-4.677090451452468,0.13118289311726805,0.2395823452207786,No,False,No,False
Arithmetic,2_digit_addition,'',Is 22 plus 62 equal to 84?,Yes,-4.698747158050537,-4.454421520233154,-5.064429505666096,-4.677090451452468,0.36568234761555907,0.22266893121931375,No,False,Yes,True
Arithmetic,1_digit_subtraction,'',Is 5 minus 7 equal to -2?,Yes,-5.708074569702148,-4.969305038452148,-5.064429505666096,-4.677090451452468,-0.6436450640360523,-0.2922145869996804,No,False,No,False
Arithmetic,2_digit_multiplication,'',Is 57 times 82 equal to 4674?,Yes,-5.093555450439453,-4.927291870117188,-5.064429505666096,-4.677090451452468,-0.02912594477335695,-0.25020141866472034,No,False,Yes,True
Arithmetic,1_digit_addition,'',Is 2 plus 6 equal to 8?,Yes,-5.015817165374756,-4.772002696990967,-5.064429505666096,-4.677090451452468,0.04861234029134032,-0.09491224553849875,No,False,Yes,True
Arithmetic,1_digit_multiplication,'',Is 2 times 4 equal to 1?,No,-4.991703510284424,-4.999478340148926,-5.064429505666096,-4.677090451452468,0.07272599538167235,-0.32238788869645774,Yes,False,Yes,False
Arithmetic,2_digit_addition,'',Is 55 plus 38 equal to 95?,No,-4.6171956062316895,-4.184287071228027,-5.064429505666096,-4.677090451452468,0.4472338994344067,0.4928033802244407,No,True,No,True
Arithmetic,1_digit_subtraction,'',Is 7 minus 0 equal to 7?,Yes,-5.445504665374756,-4.893740653991699,-5.064429505666096,-4.677090451452468,-0.3810751597086597,-0.21665020253923117,No,False,No,False
Arithmetic,2_digit_multiplication,'',Is 29 times 21 equal to 609?,Yes,-5.155491352081299,-4.856969356536865,-5.064429505666096,-4.677090451452468,-0.09106184641520265,-0.1798789050843972,No,False,Yes,True
Arithmetic,2_digit_subtraction,'',Is 73 minus 48 equal to 25?,Yes,-4.951836109161377,-4.399899005889893,-5.064429505666096,-4.677090451452468,0.11259339650471922,0.27719144556257547,No,False,No,False
Arithmetic,1_digit_subtraction,'',Is 1 minus 1 equal to 0?,Yes,-5.282749652862549,-4.7931904792785645,-5.064429505666096,-4.677090451452468,-0.21832014719645265,-0.11610002782609641,No,False,No,False
Arithmetic,1_digit_addition,'',Is 4 plus 5 equal to 4?,No,-4.935000419616699,-4.564424991607666,-5.064429505666096,-4.677090451452468,0.12942908604939696,0.11266545984480203,No,True,Yes,False
Arithmetic,2_digit_addition,'',Is 23 plus 72 equal to 34?,No,-4.885708332061768,-4.579586505889893,-5.064429505666096,-4.677090451452468,0.1787211736043286,0.09750394556257547,No,True,Yes,False
Arithmetic,1_digit_addition,'',Is 1 plus 2 equal to 6?,No,-5.108086109161377,-4.9271626472473145,-5.064429505666096,-4.677090451452468,-0.04365660349528078,-0.2500721957948464,No,True,Yes,False
Arithmetic,2_digit_subtraction,'',Is 59 minus 25 equal to 80?,No,-4.866778373718262,-4.435556411743164,-5.064429505666096,-4.677090451452468,0.19765113194783446,0.24153403970930398,No,True,No,True
Arithmetic,1_digit_multiplication,'',Is 2 times 2 equal to 4?,Yes,-4.915004253387451,-5.0481858253479,-5.064429505666096,-4.677090451452468,0.149425252278645,-0.37109537389543235,Yes,True,Yes,True
Arithmetic,2_digit_subtraction,'',Is 72 minus 97 equal to 549?,No,-5.225825309753418,-4.611780643463135,-5.064429505666096,-4.677090451452468,-0.1613958040873218,0.06530980798933328,No,True,No,True
Arithmetic,2_digit_multiplication,'',Is 30 times 74 equal to 4045?,No,-4.978062152862549,-4.674770832061768,-5.064429505666096,-4.677090451452468,0.08636735280354735,0.002319619390700467,No,True,Yes,False
Arithmetic,1_digit_multiplication,'',Is 3 times 8 equal to 78?,No,-4.980750560760498,-4.739797592163086,-5.064429505666096,-4.677090451452468,0.08367894490559813,-0.06270714071061789,No,True,Yes,False
Arithmetic,2_digit_subtraction,'',Is 40 minus 81 equal to 105?,No,-5.102117538452148,-4.546072959899902,-5.064429505666096,-4.677090451452468,-0.03768803278605226,0.1310174915525657,No,True,No,True
Arithmetic,1_digit_multiplication,'',Is 7 times 3 equal to 21?,Yes,-5.085548400878906,-4.8478779792785645,-5.064429505666096,-4.677090451452468,-0.021118895212810074,-0.1707875278260964,No,False,Yes,True
Arithmetic,2_digit_addition,'',Is 85 plus 95 equal to 180?,Yes,-4.6919026374816895,-4.382729530334473,-5.064429505666096,-4.677090451452468,0.3725268681844067,0.2943609211179954,No,False,Yes,True
Arithmetic,2_digit_multiplication,'',Is 19 times 53 equal to 2646?,No,-5.170491695404053,-4.934637069702148,-5.064429505666096,-4.677090451452468,-0.10606218973795656,-0.2575466182496804,No,True,Yes,False
Arithmetic,2_digit_subtraction,'',Is 61 minus 61 equal to 5?,No,-5.313520908355713,-4.831020832061768,-5.064429505666096,-4.677090451452468,-0.24909140268961671,-0.15393038060929953,No,True,No,True
Arithmetic,1_digit_addition,'',Is 4 plus 3 equal to 3?,No,-5.032711505889893,-4.599618911743164,-5.064429505666096,-4.677090451452468,0.0317179997762036,0.07747153970930398,No,True,No,True
Arithmetic,1_digit_addition,'',Is 4 plus 4 equal to 8?,Yes,-4.935959339141846,-4.503655433654785,-5.064429505666096,-4.677090451452468,0.12847016652425047,0.1734350177976829,No,False,No,False
Arithmetic,1_digit_subtraction,'',Is 1 minus 2 equal to 20?,No,-5.424587726593018,-4.809206962585449,-5.064429505666096,-4.677090451452468,-0.3601582209269214,-0.13211651113298117,No,True,No,True
Arithmetic,2_digit_subtraction,'',Is 46 minus 52 equal to 38?,No,-5.109671592712402,-4.49418830871582,-5.064429505666096,-4.677090451452468,-0.04524208704630617,0.18290214273664773,No,True,No,True
Arithmetic,2_digit_multiplication,'',Is 43 times 32 equal to 2920?,No,-4.919353485107422,-4.620622158050537,-5.064429505666096,-4.677090451452468,0.1450760205586743,0.056468293401930936,No,True,Yes,False
Arithmetic,2_digit_multiplication,'',Is 17 times 93 equal to 7453?,No,-5.113250732421875,-4.94077730178833,-5.064429505666096,-4.677090451452468,-0.048821226755778824,-0.26368685033586203,No,True,Yes,False
Arithmetic,2_digit_addition,'',Is 27 plus 48 equal to 75?,Yes,-4.8975982666015625,-4.464529991149902,-5.064429505666096,-4.677090451452468,0.16683123906453368,0.2125604603025657,No,False,No,False
Arithmetic,2_digit_multiplication,'',Is 72 times 26 equal to 1872?,Yes,-4.88608980178833,-4.647002696990967,-5.064429505666096,-4.677090451452468,0.1783397038777661,0.030087754461501248,No,False,Yes,True
Arithmetic,1_digit_multiplication,'',Is 7 times 6 equal to 67?,No,-5.126499652862549,-4.826690196990967,-5.064429505666096,-4.677090451452468,-0.06207014719645265,-0.14959974553849875,No,True,Yes,False
Arithmetic,1_digit_addition,'',Is 4 plus 1 equal to 5?,Yes,-4.989797592163086,-4.620325088500977,-5.064429505666096,-4.677090451452468,0.07463191350301024,0.05676536295149148,No,False,Yes,True
Arithmetic,2_digit_addition,'',Is 94 plus 75 equal to 370?,No,-4.775022506713867,-4.345211505889893,-5.064429505666096,-4.677090451452468,0.289406998952229,0.33187894556257547,No,True,No,True
Arithmetic,2_digit_addition,'',Is 30 plus 53 equal to 39?,No,-4.6450276374816895,-4.3365654945373535,-5.064429505666096,-4.677090451452468,0.4194018681844067,0.34052495691511453,No,True,Yes,False
Arithmetic,2_digit_subtraction,'',Is 11 minus 89 equal to 658?,No,-5.243772506713867,-4.690615653991699,-5.064429505666096,-4.677090451452468,-0.179343001047771,-0.013525202539231174,No,True,No,True
Arithmetic,1_digit_subtraction,'',Is 2 minus 1 equal to 8?,No,-5.320504665374756,-4.954586505889893,-5.064429505666096,-4.677090451452468,-0.2560751597086597,-0.27749605443742453,No,True,Yes,False
Arithmetic,2_digit_addition,'',Is 60 plus 57 equal to 913?,No,-4.883004665374756,-4.452715873718262,-5.064429505666096,-4.677090451452468,0.18142484029134032,0.22437457773420633,No,True,No,True
Arithmetic,2_digit_multiplication,'',Is 60 times 85 equal to 5100?,Yes,-4.997594356536865,-4.630312919616699,-5.064429505666096,-4.677090451452468,0.06683514912923094,0.046777531835768826,No,False,Yes,True
Arithmetic,2_digit_addition,'',Is 66 plus 47 equal to 951?,No,-4.981512069702148,-4.491778373718262,-5.064429505666096,-4.677090451452468,0.08291743596394774,0.18531207773420633,No,True,No,True
Arithmetic,2_digit_subtraction,'',Is 31 minus 54 equal to 904?,No,-5.139336109161377,-4.587399005889893,-5.064429505666096,-4.677090451452468,-0.07490660349528078,0.08969144556257547,No,True,No,True
Arithmetic,1_digit_multiplication,'',Is 6 times 8 equal to 48?,Yes,-4.833700656890869,-4.652956962585449,-5.064429505666096,-4.677090451452468,0.23072884877522704,0.024133488867018826,No,False,Yes,True
Arithmetic,2_digit_multiplication,'',Is 26 times 17 equal to 442?,Yes,-5.12828540802002,-4.828317165374756,-5.064429505666096,-4.677090451452468,-0.06385590235392424,-0.15122671392228781,No,False,Yes,True
Arithmetic,2_digit_addition,'',Is 43 plus 57 equal to 100?,Yes,-4.581240653991699,-4.211143970489502,-5.064429505666096,-4.677090451452468,0.48318885167439696,0.4659464809629661,No,False,Yes,True
Arithmetic,2_digit_addition,'',Is 22 plus 98 equal to 120?,Yes,-4.7465901374816895,-4.314424991607666,-5.064429505666096,-4.677090451452468,0.3178393681844067,0.36266545984480203,No,False,No,False
Arithmetic,1_digit_addition,'',Is 6 plus 0 equal to 1?,No,-5.070504665374756,-4.640215873718262,-5.064429505666096,-4.677090451452468,-0.006075159708659683,0.036874577734206326,No,True,No,True
Arithmetic,1_digit_addition,'',Is 7 plus 9 equal to 16?,Yes,-4.966360092163086,-4.534905433654785,-5.064429505666096,-4.677090451452468,0.09806941350301024,0.1421850177976829,No,False,No,False
Arithmetic,1_digit_subtraction,'',Is 6 minus 0 equal to 6?,Yes,-5.325719356536865,-4.834293365478516,-5.064429505666096,-4.677090451452468,-0.26128985087076906,-0.15720291402604758,No,False,No,False
Arithmetic,1_digit_subtraction,'',Is 9 minus 9 equal to 7?,No,-5.143740653991699,-4.587034702301025,-5.064429505666096,-4.677090451452468,-0.07931114832560304,0.09005574915144265,No,True,No,True
Arithmetic,2_digit_subtraction,'',Is 26 minus 10 equal to 16?,Yes,-5.206684112548828,-4.588524341583252,-5.064429505666096,-4.677090451452468,-0.14225460688273195,0.08856610986921609,No,False,No,False
Arithmetic,2_digit_multiplication,'',Is 71 times 85 equal to 6035?,Yes,-5.063520908355713,-4.829710006713867,-5.064429505666096,-4.677090451452468,0.0009085973103832856,-0.15261955526139914,No,False,Yes,True
Arithmetic,1_digit_addition,'',Is 2 plus 7 equal to 9?,Yes,-4.96421480178833,-4.7240376472473145,-5.064429505666096,-4.677090451452468,0.1002147038777661,-0.04694719579484641,No,False,Yes,True
Arithmetic,1_digit_addition,'',Is 0 plus 9 equal to 9?,Yes,-5.090718746185303,-4.788325309753418,-5.064429505666096,-4.677090451452468,-0.026289240519206558,-0.11123485830094992,No,False,Yes,True
Arithmetic,2_digit_multiplication,'',Is 40 times 23 equal to 920?,Yes,-5.036199569702148,-4.6681904792785645,-5.064429505666096,-4.677090451452468,0.02822993596394774,0.008899972173903592,No,False,Yes,True
Arithmetic,2_digit_subtraction,'',Is 51 minus 67 equal to 309?,No,-5.044012069702148,-4.493649005889893,-5.064429505666096,-4.677090451452468,0.02041743596394774,0.18344144556257547,No,True,No,True
Arithmetic,2_digit_addition,'',Is 15 plus 65 equal to 10?,No,-4.83043909072876,-4.521493911743164,-5.064429505666096,-4.677090451452468,0.2339904149373364,0.15559653970930398,No,True,Yes,False
Arithmetic,1_digit_addition,'',Is 0 plus 2 equal to 2?,Yes,-5.349850177764893,-5.047895908355713,-5.064429505666096,-4.677090451452468,-0.2854206720987964,-0.37080545690324485,No,False,Yes,True
Arithmetic,1_digit_subtraction,'',Is 1 minus 2 equal to -1?,Yes,-5.704145908355713,-5.156442165374756,-5.064429505666096,-4.677090451452468,-0.6397164026896167,-0.4793517139222878,No,False,No,False
Arithmetic,1_digit_multiplication,'',Is 3 times 2 equal to 7?,No,-5.008754253387451,-5.0169358253479,-5.064429505666096,-4.677090451452468,0.055675252278645004,-0.33984537389543235,Yes,False,Yes,False
Arithmetic,1_digit_subtraction,'',Is 8 minus 2 equal to 6?,Yes,-5.236896991729736,-4.7465901374816895,-5.064429505666096,-4.677090451452468,-0.17246748606364015,-0.06949968602922141,No,False,No,False
Arithmetic,2_digit_multiplication,'',Is 95 times 81 equal to 3935?,No,-5.129781246185303,-4.771031856536865,-5.064429505666096,-4.677090451452468,-0.06535174051920656,-0.09394140508439719,No,True,Yes,False
Arithmetic,2_digit_subtraction,'',Is 36 minus 81 equal to -45?,Yes,-5.308326244354248,-4.697850227355957,-5.064429505666096,-4.677090451452468,-0.24389673868815187,-0.020759775903488986,No,False,No,False
Arithmetic,2_digit_addition,'',Is 97 plus 80 equal to 177?,Yes,-4.7931904792785645,-4.363952159881592,-5.064429505666096,-4.677090451452468,0.2712390263875317,0.31313829157087625,No,False,No,False
Arithmetic,2_digit_multiplication,'',Is 83 times 70 equal to 5810?,Yes,-4.981979370117188,-4.7463154792785645,-5.064429505666096,-4.677090451452468,0.08245013554890779,-0.06922502782609641,No,False,Yes,True
Arithmetic,1_digit_multiplication,'',Is 8 times 6 equal to 48?,Yes,-4.809637069702148,-4.631377696990967,-5.064429505666096,-4.677090451452468,0.25479243596394774,0.04571275446150125,No,False,Yes,True
Arithmetic,1_digit_subtraction,'',Is 1 minus 3 equal to -2?,Yes,-5.91734790802002,-5.307583332061768,-5.064429505666096,-4.677090451452468,-0.8529184023539242,-0.6304928806092995,No,False,No,False
Arithmetic,1_digit_addition,'',Is 3 plus 3 equal to 4?,No,-4.7968831062316895,-4.675530433654785,-5.064429505666096,-4.677090451452468,0.2675463994344067,0.0015600177976828888,No,True,Yes,False
Arithmetic,1_digit_multiplication,'',Is 8 times 0 equal to 6?,No,-4.899818420410156,-4.785258293151856,-5.064429505666096,-4.677090451452468,0.16461108525593993,-0.10816784169938831,No,True,Yes,False
Arithmetic,1_digit_addition,'',Is 6 plus 5 equal to 11?,Yes,-5.077715873718262,-4.582702159881592,-5.064429505666096,-4.677090451452468,-0.013286368052165543,0.09438829157087625,No,False,No,False
Arithmetic,2_digit_multiplication,'',Is 14 times 67 equal to 890?,No,-4.920586109161377,-4.681149005889893,-5.064429505666096,-4.677090451452468,0.14384339650471922,-0.004058554437424533,No,True,Yes,False
Arithmetic,1_digit_addition,'',Is 1 plus 5 equal to 6?,Yes,-5.012000560760498,-4.89207649230957,-5.064429505666096,-4.677090451452468,0.05242894490559813,-0.21498604085710227,No,False,Yes,True
Arithmetic,1_digit_addition,'',Is 9 plus 6 equal to 57?,No,-4.83043909072876,-4.397635459899902,-5.064429505666096,-4.677090451452468,0.2339904149373364,0.2794549915525657,No,True,No,True
Arithmetic,1_digit_multiplication,'',Is 2 times 7 equal to 14?,Yes,-5.22203540802002,-5.109567165374756,-5.064429505666096,-4.677090451452468,-0.15760590235392424,-0.4324767139222878,No,False,Yes,True
Arithmetic,1_digit_addition,'',Is 0 plus 7 equal to 8?,No,-5.205802440643311,-4.905728340148926,-5.064429505666096,-4.677090451452468,-0.14137293497721526,-0.22863788869645774,No,True,Yes,False
Arithmetic,1_digit_addition,'',Is 2 plus 1 equal to 3?,Yes,-5.100472450256348,-4.9809651374816895,-5.064429505666096,-4.677090451452468,-0.03604294459025148,-0.3038746860292214,No,False,Yes,True
Arithmetic,1_digit_multiplication,'',Is 3 times 8 equal to 24?,Yes,-4.716344356536865,-4.662418365478516,-5.066058899402618,-4.678052591323853,0.3497145428657529,0.01563422584533747,No,False,Yes,True
Arithmetic,1_digit_multiplication,'',Is 2 times 9 equal to 18?,Yes,-4.934637069702148,-4.8802876472473145,-5.066058899402618,-4.678052591323853,0.13142182970046967,-0.20223505592346136,No,False,Yes,True
Arithmetic,2_digit_subtraction,'',Is 11 minus 72 equal to -61?,Yes,-5.583541870117188,-4.8490376472473145,-5.066058899402618,-4.678052591323853,-0.5174829707145703,-0.17098505592346136,No,False,No,False
Arithmetic,2_digit_subtraction,'',Is 51 minus 91 equal to -40?,Yes,-5.372604370117188,-4.764190196990967,-5.066058899402618,-4.678052591323853,-0.3065454707145703,-0.0861376056671137,No,False,No,False
Arithmetic,2_digit_subtraction,'',Is 48 minus 62 equal to 948?,No,-5.153387069702148,-4.539617538452148,-5.066058899402618,-4.678052591323853,-0.08732817029953033,0.13843505287170466,No,True,No,True
Arithmetic,2_digit_subtraction,'',Is 36 minus 58 equal to -22?,Yes,-5.407749652862549,-4.672430038452148,-5.066058899402618,-4.678052591323853,-0.3416907534599307,0.005622552871704656,No,False,No,False
Arithmetic,1_digit_multiplication,'',Is 6 times 4 equal to 33?,No,-5.071254253387451,-4.830530643463135,-5.066058899402618,-4.678052591323853,-0.005195353984833062,-0.15247805213928167,No,True,Yes,False
Arithmetic,2_digit_multiplication,'',Is 25 times 15 equal to 375?,Yes,-5.057583332061768,-4.688961505889893,-5.066058899402618,-4.678052591323853,0.008475567340850532,-0.010908914566039485,No,False,Yes,True
Arithmetic,1_digit_subtraction,'',Is 2 minus 9 equal to 59?,No,-5.101754665374756,-4.610836505889893,-5.066058899402618,-4.678052591323853,-0.03569576597213775,0.06721608543396052,No,True,No,True
Arithmetic,2_digit_multiplication,'',Is 98 times 32 equal to 5963?,No,-5.169479370117188,-4.8713154792785645,-5.066058899402618,-4.678052591323853,-0.10342047071457028,-0.19326288795471136,No,True,Yes,False
Arithmetic,2_digit_addition,'',Is 94 plus 65 equal to 159?,Yes,-4.639190196990967,-4.270868301391602,-5.066058899402618,-4.678052591323853,0.4268687024116513,0.40718428993225153,No,False,Yes,True
Arithmetic,2_digit_subtraction,'',Is 46 minus 22 equal to 24?,Yes,-5.095335006713867,-4.54293155670166,-5.066058899402618,-4.678052591323853,-0.029276107311249078,0.13512103462219294,No,False,No,False
Arithmetic,1_digit_subtraction,'',Is 8 minus 7 equal to 2?,No,-5.33922290802002,-4.851754665374756,-5.066058899402618,-4.678052591323853,-0.2731640086174023,-0.17370207405090277,No,True,No,True
Arithmetic,1_digit_addition,'',Is 0 plus 8 equal to 1?,No,-5.123287677764893,-4.821333408355713,-5.066058899402618,-4.678052591323853,-0.05722877836227447,-0.1432808170318598,No,True,Yes,False
Arithmetic,1_digit_subtraction,'',Is 6 minus 2 equal to 6?,No,-5.2787251472473145,-4.786493301391602,-5.066058899402618,-4.678052591323853,-0.21266624784469634,-0.10844071006774847,No,True,No,True
Arithmetic,2_digit_multiplication,'',Is 70 times 65 equal to 4550?,Yes,-5.034145832061768,-4.604678153991699,-5.066058899402618,-4.678052591323853,0.03191306734085053,0.07337443733215387,No,False,No,False
Arithmetic,1_digit_multiplication,'',Is 4 times 4 equal to 12?,No,-5.018520832061768,-4.776553153991699,-5.066058899402618,-4.678052591323853,0.04753806734085053,-0.09850056266784613,No,True,Yes,False
Arithmetic,2_digit_multiplication,'',Is 62 times 68 equal to 4216?,Yes,-4.989620685577393,-4.698025226593018,-5.066058899402618,-4.678052591323853,0.07643821382522553,-0.019972635269164485,No,False,Yes,True
Arithmetic,1_digit_subtraction,'',Is 6 minus 3 equal to 3?,Yes,-5.404013156890869,-4.850021839141846,-5.066058899402618,-4.678052591323853,-0.33795425748825103,-0.1719692478179926,No,False,No,False
Arithmetic,1_digit_subtraction,'',Is 8 minus 9 equal to 63?,No,-5.1135029792785645,-4.497430801391602,-5.066058899402618,-4.678052591323853,-0.04744407987594634,0.18062178993225153,No,True,No,True
Arithmetic,1_digit_addition,'',Is 1 plus 3 equal to 5?,No,-5.026333332061768,-4.905840873718262,-5.066058899402618,-4.678052591323853,0.03972556734085053,-0.22778828239440863,No,True,Yes,False
Arithmetic,2_digit_addition,'',Is 58 plus 83 equal to 467?,No,-5.046485900878906,-4.6213154792785645,-5.066058899402618,-4.678052591323853,0.01957299852371186,0.05673711204528864,No,True,No,True
Arithmetic,2_digit_addition,'',Is 46 plus 20 equal to 66?,Yes,-5.040647506713867,-4.549990653991699,-5.066058899402618,-4.678052591323853,0.025411392688750922,0.12806193733215387,No,False,No,False
Arithmetic,2_digit_multiplication,'',Is 12 times 46 equal to 552?,Yes,-5.152625560760498,-4.786672592163086,-5.066058899402618,-4.678052591323853,-0.08656666135787994,-0.10862000083923284,No,False,Yes,True
Arithmetic,1_digit_subtraction,'',Is 3 minus 6 equal to -3?,Yes,-5.804165840148926,-5.129519462585449,-5.066058899402618,-4.678052591323853,-0.7381069407463077,-0.4514668712615961,No,False,No,False
Arithmetic,1_digit_multiplication,'',Is 0 times 5 equal to 2?,No,-5.31704568862915,-5.324985504150391,-5.066058899402618,-4.678052591323853,-0.2509867892265323,-0.6469329128265375,Yes,False,Yes,False
Arithmetic,2_digit_subtraction,'',Is 96 minus 78 equal to 83?,No,-5.0403733253479,-4.548799991607666,-5.066058899402618,-4.678052591323853,0.02568557405471772,0.12925259971618708,No,True,No,True
Arithmetic,2_digit_multiplication,'',Is 76 times 56 equal to 4256?,Yes,-5.069648742675781,-4.780728340148926,-5.066058899402618,-4.678052591323853,-0.0035898432731631402,-0.10267574882507269,No,False,Yes,True
Arithmetic,2_digit_addition,'',Is 59 plus 82 equal to 133?,No,-4.712522506713867,-4.470211505889893,-5.066058899402618,-4.678052591323853,0.3535363926887509,0.20784108543396052,No,True,Yes,False
Arithmetic,1_digit_addition,'',Is 8 plus 0 equal to 7?,No,-5.162773609161377,-4.672430038452148,-5.066058899402618,-4.678052591323853,-0.09671470975875884,0.005622552871704656,No,True,No,True
Arithmetic,2_digit_multiplication,'',Is 97 times 64 equal to 6466?,No,-4.846462726593018,-4.545334339141846,-5.066058899402618,-4.678052591323853,0.21959617280960053,0.1327182521820074,No,True,Yes,False
Arithmetic,2_digit_multiplication,'',Is 92 times 52 equal to 4784?,Yes,-5.185787677764893,-4.890235900878906,-5.066058899402618,-4.678052591323853,-0.11972877836227447,-0.21218330955505316,No,False,Yes,True
Arithmetic,1_digit_addition,'',Is 8 plus 0 equal to 8?,Yes,-4.968897342681885,-4.6632232666015625,-5.066058899402618,-4.678052591323853,0.09716155672073334,0.014829324722290593,No,False,Yes,True
Arithmetic,2_digit_multiplication,'',Is 69 times 29 equal to 2001?,Yes,-4.636247158050537,-4.331195831298828,-5.066058899402618,-4.678052591323853,0.429811741352081,0.34685676002502497,No,False,Yes,True
Arithmetic,2_digit_multiplication,'',Is 50 times 80 equal to 4000?,Yes,-5.2228779792785645,-4.790524005889893,-5.066058899402618,-4.678052591323853,-0.15681907987594634,-0.11247141456603948,No,False,No,False
Arithmetic,2_digit_multiplication,'',Is 65 times 54 equal to 7962?,No,-5.149458408355713,-4.976754665374756,-5.066058899402618,-4.678052591323853,-0.08339950895309478,-0.29870207405090277,No,True,Yes,False
Arithmetic,1_digit_multiplication,'',Is 3 times 2 equal to 6?,Yes,-4.864324569702148,-4.9349751472473145,-5.066058899402618,-4.678052591323853,0.20173432970046967,-0.25692255592346136,Yes,True,Yes,True
Arithmetic,2_digit_subtraction,'',Is 40 minus 81 equal to -41?,Yes,-5.774818420410156,-4.9778733253479,-5.066058899402618,-4.678052591323853,-0.7087595210075381,-0.2998207340240473,No,False,No,False
Arithmetic,2_digit_subtraction,'',Is 90 minus 10 equal to 80?,Yes,-4.981139659881592,-4.360877513885498,-5.066058899402618,-4.678052591323853,0.08491923952102631,0.31717507743835505,No,False,No,False
Arithmetic,2_digit_multiplication,'',Is 66 times 17 equal to 1122?,Yes,-5.193929195404053,-4.836129665374756,-5.066058899402618,-4.678052591323853,-0.12787029600143462,-0.15807707405090277,No,False,Yes,True
Arithmetic,2_digit_multiplication,'',Is 83 times 47 equal to 5398?,No,-5.136688232421875,-4.842461109161377,-5.066058899402618,-4.678052591323853,-0.07062933301925689,-0.16440851783752386,No,True,Yes,False
Arithmetic,2_digit_subtraction,'',Is 46 minus 55 equal to 82?,No,-5.030159950256348,-4.477859020233154,-5.066058899402618,-4.678052591323853,0.035898949146270454,0.2001935710906988,No,True,No,True
Arithmetic,1_digit_multiplication,'',Is 2 times 4 equal to 8?,Yes,-5.046485900878906,-5.056272506713867,-5.066058899402618,-4.678052591323853,0.01957299852371186,-0.3782199153900141,Yes,True,Yes,True
Arithmetic,1_digit_addition,'',Is 1 plus 1 equal to 2?,Yes,-5.276150226593018,-5.156546592712402,-5.066058899402618,-4.678052591323853,-0.21009132719039947,-0.47849400138854925,No,False,Yes,True
Arithmetic,2_digit_addition,'',Is 50 plus 33 equal to 20?,No,-5.016180038452148,-4.520202159881592,-5.066058899402618,-4.678052591323853,0.04987886095046967,0.1578504314422613,No,True,No,True
Arithmetic,2_digit_multiplication,'',Is 65 times 49 equal to 3185?,Yes,-5.111742973327637,-4.813441753387451,-5.066058899402618,-4.678052591323853,-0.04568407392501861,-0.13538916206359808,No,False,Yes,True
Arithmetic,1_digit_addition,'',Is 5 plus 9 equal to 14?,Yes,-5.148992538452148,-4.591806411743164,-5.066058899402618,-4.678052591323853,-0.08293363904953033,0.08624617958068903,No,False,No,False
Arithmetic,2_digit_subtraction,'',Is 36 minus 40 equal to 53?,No,-4.980121612548828,-4.424461841583252,-5.066058899402618,-4.678052591323853,0.08593728685378998,0.25359074974060114,No,True,No,True
Arithmetic,2_digit_addition,'',Is 51 plus 84 equal to 135?,Yes,-4.862270832061768,-4.495303153991699,-5.066058899402618,-4.678052591323853,0.20378806734085053,0.18274943733215387,No,False,Yes,True
Arithmetic,2_digit_multiplication,'',Is 99 times 72 equal to 9372?,No,-5.086958408355713,-4.664254665374756,-5.066058899402618,-4.678052591323853,-0.02089950895309478,0.013797925949097234,No,True,No,True
Arithmetic,2_digit_subtraction,'',Is 20 minus 34 equal to 331?,No,-5.2513108253479,-4.571609020233154,-5.066058899402618,-4.678052591323853,-0.18525192594528228,0.1064435710906988,No,True,No,True
Arithmetic,2_digit_subtraction,'',Is 59 minus 76 equal to 510?,No,-4.937692165374756,-4.569903373718262,-5.066058899402618,-4.678052591323853,0.12836673402786225,0.10814921760559137,No,True,Yes,False
Arithmetic,2_digit_subtraction,'',Is 98 minus 77 equal to 21?,Yes,-5.055629253387451,-4.443668365478516,-5.066058899402618,-4.678052591323853,0.010429646015166938,0.23438422584533747,No,False,No,False
Arithmetic,2_digit_multiplication,'',Is 67 times 88 equal to 5896?,Yes,-5.065546035766602,-4.898048400878906,-5.066058899402618,-4.678052591323853,0.0005128636360165473,-0.21999580955505316,No,False,Yes,True
Arithmetic,1_digit_addition,'',Is 9 plus 1 equal to 10?,Yes,-4.880868911743164,-4.571815013885498,-5.066058899402618,-4.678052591323853,0.18518998765945405,0.10623757743835505,No,False,Yes,True
Arithmetic,2_digit_subtraction,'',Is 40 minus 30 equal to 10?,Yes,-5.175309658050537,-4.618484020233154,-5.066058899402618,-4.678052591323853,-0.109250758647919,0.059568571090698796,No,False,No,False
Arithmetic,2_digit_multiplication,'',Is 32 times 66 equal to 6468?,No,-4.924587726593018,-4.683246612548828,-5.066058899402618,-4.678052591323853,0.14147117280960053,-0.005194021224975032,No,True,Yes,False
Arithmetic,1_digit_multiplication,'',Is 5 times 4 equal to 20?,Yes,-5.010708332061768,-4.704586505889893,-5.066058899402618,-4.678052591323853,0.05535056734085053,-0.026533914566039485,No,False,Yes,True
Arithmetic,1_digit_addition,'',Is 5 plus 2 equal to 7?,Yes,-5.108965873718262,-4.73824405670166,-5.066058899402618,-4.678052591323853,-0.04290697431564361,-0.06019146537780706,No,False,Yes,True
Arithmetic,1_digit_subtraction,'',Is 0 minus 3 equal to 61?,No,-5.338983535766602,-4.673374652862549,-5.066058899402618,-4.678052591323853,-0.27292463636398345,0.004677938461304265,No,True,No,True
Arithmetic,2_digit_subtraction,'',Is 64 minus 49 equal to 15?,Yes,-5.0744404792785645,-4.51949405670166,-5.066058899402618,-4.678052591323853,-0.008381579875946343,0.15855853462219294,No,False,No,False
Arithmetic,2_digit_subtraction,'',Is 65 minus 90 equal to 842?,No,-5.155512809753418,-4.603968143463135,-5.066058899402618,-4.678052591323853,-0.08945391035079986,0.07408444786071833,No,True,No,True
Arithmetic,1_digit_addition,'',Is 0 plus 0 equal to 0?,Yes,-5.424921035766602,-4.998616695404053,-5.066058899402618,-4.678052591323853,-0.35886213636398345,-0.32056410408019964,No,False,No,False
Arithmetic,1_digit_multiplication,'',Is 7 times 3 equal to 95?,No,-4.840125560760498,-4.536672592163086,-5.066058899402618,-4.678052591323853,0.22593333864212006,0.14137999916076716,No,True,Yes,False
Arithmetic,1_digit_multiplication,'',Is 6 times 5 equal to 56?,No,-4.821897506713867,-4.641180038452148,-5.066058899402618,-4.678052591323853,0.24416139268875092,0.036872552871704656,No,True,Yes,False
Arithmetic,2_digit_addition,'',Is 50 plus 94 equal to 968?,No,-5.140817165374756,-4.523028373718262,-5.066058899402618,-4.678052591323853,-0.07475826597213775,0.15502421760559137,No,True,No,True
Arithmetic,1_digit_multiplication,'',Is 0 times 3 equal to 0?,Yes,-5.258188724517822,-5.08230447769165,-5.066058899402618,-4.678052591323853,-0.19212982511520416,-0.4042518863677973,No,False,Yes,True
Arithmetic,2_digit_multiplication,'',Is 66 times 39 equal to 6867?,No,-5.101173400878906,-4.7396626472473145,-5.066058899402618,-4.678052591323853,-0.03511450147628814,-0.06161005592346136,No,True,Yes,False
Arithmetic,2_digit_subtraction,'',Is 76 minus 37 equal to 39?,Yes,-4.979275226593018,-4.489797592163086,-5.066058899402618,-4.678052591323853,0.08678367280960053,0.18825499916076716,No,False,No,False
Arithmetic,2_digit_addition,'',Is 23 plus 10 equal to 75?,No,-4.706240653991699,-4.334582328796387,-5.066058899402618,-4.678052591323853,0.3598182454109189,0.3434702625274664,No,True,Yes,False
Arithmetic,1_digit_addition,'',Is 8 plus 1 equal to 9?,Yes,-4.8606858253479,-4.554604530334473,-5.066058899402618,-4.678052591323853,0.20537307405471772,0.12344806098938044,No,False,Yes,True
Arithmetic,1_digit_addition,'',Is 4 plus 1 equal to 7?,No,-5.147002696990967,-4.715514659881592,-5.066058899402618,-4.678052591323853,-0.08094379758834869,-0.037462068557738704,No,True,No,True
Arithmetic,1_digit_addition,'',Is 3 plus 8 equal to 11?,Yes,-4.894184112548828,-4.524814605712891,-5.066058899402618,-4.678052591323853,0.17187478685378998,0.15323798561096247,No,False,Yes,True
Arithmetic,1_digit_multiplication,'',Is 1 times 9 equal to 2?,No,-5.08922290802002,-5.22202730178833,-5.066058899402618,-4.678052591323853,-0.02316400861740231,-0.543974710464477,Yes,False,Yes,False
Arithmetic,2_digit_multiplication,'',Is 43 times 43 equal to 1849?,Yes,-4.858086109161377,-4.55700159072876,-5.066058899402618,-4.678052591323853,0.20797279024124116,0.12105100059509333,No,False,Yes,True
Arithmetic,1_digit_subtraction,'',Is 1 minus 3 equal to 72?,No,-5.168250560760498,-4.676394462585449,-5.066058899402618,-4.678052591323853,-0.10219166135787994,0.0016581287384038745,No,True,No,True
Arithmetic,2_digit_multiplication,'',Is 96 times 26 equal to 2496?,Yes,-4.89390230178833,-4.592315196990967,-5.066058899402618,-4.678052591323853,0.17215659761428803,0.0857373943328863,No,False,Yes,True
Arithmetic,2_digit_addition,'',Is 76 plus 68 equal to 252?,No,-4.815037727355957,-4.321689605712891,-5.066058899402618,-4.678052591323853,0.2510211720466611,0.35636298561096247,No,True,No,True
Arithmetic,2_digit_multiplication,'',Is 49 times 43 equal to 9863?,No,-5.15953540802002,-4.860960006713867,-5.066058899402618,-4.678052591323853,-0.09347650861740231,-0.1829074153900141,No,True,Yes,False
Arithmetic,1_digit_subtraction,'',Is 9 minus 5 equal to 7?,No,-5.269059658050537,-4.7134528160095215,-5.066058899402618,-4.678052591323853,-0.203000758647919,-0.03540022468566839,No,True,No,True
Arithmetic,1_digit_addition,'',Is 3 plus 8 equal to 77?,No,-4.9193501472473145,-4.424990653991699,-5.066058899402618,-4.678052591323853,0.14670875215530366,0.2530619373321539,No,True,No,True
Arithmetic,1_digit_addition,'',Is 8 plus 6 equal to 14?,Yes,-5.182209491729736,-4.690934658050537,-5.066058899402618,-4.678052591323853,-0.11615059232711822,-0.012882066726684016,No,False,No,False
Arithmetic,1_digit_addition,'',Is 5 plus 0 equal to 8?,No,-5.085528373718262,-4.715514659881592,-5.066058899402618,-4.678052591323853,-0.01946947431564361,-0.037462068557738704,No,True,Yes,False
Arithmetic,1_digit_multiplication,'',Is 8 times 5 equal to 65?,No,-4.875941753387451,-4.697718143463135,-5.066058899402618,-4.678052591323853,0.19011714601516694,-0.019665552139281672,No,True,Yes,False
Arithmetic,2_digit_addition,'',Is 70 plus 90 equal to 198?,No,-5.016180038452148,-4.458368301391602,-5.066058899402618,-4.678052591323853,0.04987886095046967,0.21968428993225153,No,True,No,True
Arithmetic,1_digit_subtraction,'',Is 6 minus 1 equal to 7?,No,-5.4896626472473145,-4.873056411743164,-5.066058899402618,-4.678052591323853,-0.42360374784469634,-0.19500382041931097,No,True,No,True
Arithmetic,1_digit_subtraction,'',Is 8 minus 6 equal to 2?,Yes,-5.336958408355713,-4.850273609161377,-5.066058899402618,-4.678052591323853,-0.2708995089530948,-0.17222101783752386,No,False,No,False
Arithmetic,2_digit_subtraction,'',Is 61 minus 33 equal to 85?,No,-4.909145832061768,-4.481139659881592,-5.066058899402618,-4.678052591323853,0.15691306734085053,0.1969129314422613,No,True,No,True
Arithmetic,2_digit_multiplication,'',Is 24 times 76 equal to 6365?,No,-5.013229370117188,-4.95640230178833,-5.066058899402618,-4.678052591323853,0.05282952928542972,-0.278349710464477,No,True,Yes,False
Arithmetic,2_digit_subtraction,'',Is 85 minus 61 equal to 97?,No,-4.868649005889893,-4.375206470489502,-5.066058899402618,-4.678052591323853,0.19740989351272553,0.30284612083435114,No,True,No,True
Arithmetic,1_digit_multiplication,'',Is 8 times 0 equal to 0?,Yes,-4.952366352081299,-4.710200309753418,-5.066058899402618,-4.678052591323853,0.11369254732131928,-0.032147718429564875,No,False,Yes,True
Arithmetic,2_digit_addition,'',Is 22 plus 66 equal to 99?,No,-4.718340873718262,-4.285827159881592,-5.066058899402618,-4.678052591323853,0.3477180256843564,0.3922254314422613,No,True,No,True
Arithmetic,2_digit_multiplication,'',Is 13 times 77 equal to 1001?,Yes,-5.140817165374756,-4.714053153991699,-5.066058899402618,-4.678052591323853,-0.07475826597213775,-0.036000562667846125,No,False,No,False
Arithmetic,2_digit_multiplication,'',Is 46 times 29 equal to 6333?,No,-5.222625732421875,-4.864324569702148,-5.066058899402618,-4.678052591323853,-0.1565668330192569,-0.18627197837829534,No,True,Yes,False
Arithmetic,2_digit_multiplication,'',Is 87 times 22 equal to 1914?,Yes,-5.034145832061768,-4.545519828796387,-5.066058899402618,-4.678052591323853,0.03191306734085053,0.13253276252746637,No,False,No,False
Arithmetic,1_digit_subtraction,'',Is 9 minus 3 equal to 1?,No,-5.131881237030029,-4.639882564544678,-5.066058899402618,-4.678052591323853,-0.06582233762741119,0.03817002677917536,No,True,No,True
Arithmetic,2_digit_addition,'',Is 80 plus 30 equal to 438?,No,-5.108086109161377,-4.616778373718262,-5.066058899402618,-4.678052591323853,-0.04202720975875884,0.061274217605591375,No,True,No,True
Arithmetic,1_digit_subtraction,'',Is 7 minus 3 equal to 7?,No,-5.4103779792785645,-4.857431411743164,-5.066058899402618,-4.678052591323853,-0.34431907987594634,-0.17937882041931097,No,True,No,True
Arithmetic,2_digit_subtraction,'',Is 93 minus 67 equal to 26?,Yes,-4.90952730178833,-4.359930038452148,-5.066058899402618,-4.678052591323853,0.15653159761428803,0.31812255287170466,No,False,No,False
Arithmetic,1_digit_multiplication,'',Is 5 times 3 equal to 71?,No,-4.843942165374756,-4.662627696990967,-5.066058899402618,-4.678052591323853,0.22211673402786225,0.015424894332886296,No,True,Yes,False
Arithmetic,1_digit_addition,'',Is 9 plus 8 equal to 17?,Yes,-4.997610092163086,-4.565637588500977,-5.062740151231939,-4.674535649473017,0.06513005906885283,0.10889806097204069,No,False,No,False
Arithmetic,2_digit_subtraction,'',Is 62 minus 92 equal to -30?,Yes,-5.380416870117188,-4.772002696990967,-5.062740151231939,-4.674535649473017,-0.3176767188852496,-0.09746704751794955,No,False,No,False
Arithmetic,1_digit_multiplication,'',Is 1 times 7 equal to 3?,No,-5.154866695404053,-5.288673400878906,-5.062740151231939,-4.674535649473017,-0.09212654417211397,-0.614137751405889,Yes,False,Yes,False
Arithmetic,2_digit_subtraction,'',Is 79 minus 69 equal to 10?,Yes,-5.061978340148926,-4.576584339141846,-5.062740151231939,-4.674535649473017,0.0007618110830129865,0.09795131033117155,No,False,No,False
Arithmetic,2_digit_subtraction,'',Is 35 minus 76 equal to -41?,Yes,-5.538673400878906,-4.803252696990967,-5.062740151231939,-4.674535649473017,-0.4759332496469675,-0.12871704751794955,No,False,No,False
Arithmetic,2_digit_addition,'',Is 38 plus 57 equal to 95?,Yes,-4.667621612548828,-4.23637580871582,-5.062740151231939,-4.674535649473017,0.39511853868311064,0.43815984075719694,No,False,No,False
Arithmetic,2_digit_addition,'',Is 80 plus 54 equal to 452?,No,-4.9896626472473145,-4.559264659881592,-5.062740151231939,-4.674535649473017,0.07307750398462431,0.11527098959142545,No,True,No,True
Arithmetic,2_digit_multiplication,'',Is 91 times 84 equal to 7644?,Yes,-5.070844650268555,-4.97203540802002,-5.062740151231939,-4.674535649473017,-0.00810449903661592,-0.29749975854700317,No,False,Yes,True
Arithmetic,2_digit_multiplication,'',Is 14 times 55 equal to 770?,Yes,-5.039254665374756,-4.733965873718262,-5.062740151231939,-4.674535649473017,0.02348548585718291,-0.05943022424524447,No,False,Yes,True
Arithmetic,1_digit_multiplication,'',Is 8 times 3 equal to 24?,Yes,-4.692449569702148,-4.639190196990967,-5.062740151231939,-4.674535649473017,0.37029058152979033,0.035345452482050455,No,False,Yes,True
Arithmetic,2_digit_addition,'',Is 98 plus 36 equal to 520?,No,-4.84520149230957,-4.413320064544678,-5.062740151231939,-4.674535649473017,0.21753865892236846,0.2612155849283395,No,True,No,True
Arithmetic,2_digit_subtraction,'',Is 62 minus 19 equal to 43?,Yes,-5.05015230178833,-4.500555038452148,-5.062740151231939,-4.674535649473017,0.01258784944360869,0.17398061102086881,No,False,No,False
Arithmetic,2_digit_subtraction,'',Is 22 minus 66 equal to -44?,Yes,-5.624241352081299,-4.828272342681885,-5.062740151231939,-4.674535649473017,-0.5615012008493601,-0.15373669320886751,No,False,No,False
Arithmetic,1_digit_multiplication,'',Is 6 times 8 equal to 46?,No,-4.908771991729736,-4.667497158050537,-5.062740151231939,-4.674535649473017,0.15396815950220244,0.007038491422480142,No,True,Yes,False
Arithmetic,2_digit_subtraction,'',Is 43 minus 19 equal to 90?,No,-4.688055038452148,-4.194510459899902,-5.062740151231939,-4.674535649473017,0.37468511277979033,0.4800251895731149,No,True,No,True
Arithmetic,2_digit_addition,'',Is 24 plus 79 equal to 103?,Yes,-4.896047592163086,-4.463524341583252,-5.062740151231939,-4.674535649473017,0.16669255906885283,0.2110113078897653,No,False,No,False
Arithmetic,2_digit_multiplication,'',Is 43 times 90 equal to 1683?,No,-4.952735900878906,-4.654815196990967,-5.062740151231939,-4.674535649473017,0.11000425035303252,0.019720452482050455,No,True,Yes,False
Arithmetic,1_digit_addition,'',Is 4 plus 0 equal to 4?,Yes,-4.976153373718262,-4.607431411743164,-5.062740151231939,-4.674535649473017,0.08658677751367705,0.06710423772985319,No,False,Yes,True
Arithmetic,1_digit_addition,'',Is 1 plus 6 equal to 7?,Yes,-5.254949569702148,-5.010708332061768,-5.062740151231939,-4.674535649473017,-0.19220941847020967,-0.3361726825887503,No,False,Yes,True
Arithmetic,2_digit_multiplication,'',Is 49 times 21 equal to 1029?,Yes,-5.34702730178833,-4.920440196990967,-5.062740151231939,-4.674535649473017,-0.2842871505563913,-0.24590454751794955,No,False,No,False
Arithmetic,2_digit_subtraction,'',Is 73 minus 41 equal to 32?,Yes,-4.7931904792785645,-4.364618301391602,-5.062740151231939,-4.674535649473017,0.2695496719533743,0.3099173480814157,No,False,No,False
Arithmetic,1_digit_subtraction,'',Is 2 minus 9 equal to -7?,Yes,-5.671391010284424,-4.999068737030029,-5.062740151231939,-4.674535649473017,-0.6086508590524851,-0.32453308755701205,No,False,No,False
Arithmetic,1_digit_multiplication,'',Is 4 times 8 equal to 13?,No,-5.251144886016846,-4.887331962585449,-5.062740151231939,-4.674535649473017,-0.18840473478490694,-0.21279631311243197,No,True,Yes,False
Arithmetic,2_digit_subtraction,'',Is 87 minus 39 equal to 48?,Yes,-4.92332649230957,-4.43168830871582,-5.062740151231939,-4.674535649473017,0.13941365892236846,0.24284734075719694,No,False,No,False
Arithmetic,2_digit_subtraction,'',Is 16 minus 17 equal to -1?,Yes,-5.560104370117188,-4.826690196990967,-5.062740151231939,-4.674535649473017,-0.4973642188852496,-0.15215454751794955,No,False,No,False
Arithmetic,2_digit_multiplication,'',Is 76 times 29 equal to 2204?,Yes,-5.225179195404053,-4.867379665374756,-5.062740151231939,-4.674535649473017,-0.16243904417211397,-0.1928440159017386,No,False,Yes,True
Arithmetic,2_digit_addition,'',Is 77 plus 62 equal to 679?,No,-5.101173400878906,-4.6771626472473145,-5.062740151231939,-4.674535649473017,-0.03843324964696748,-0.0026269977742972017,No,True,No,True
Arithmetic,1_digit_multiplication,'',Is 8 times 6 equal to 38?,No,-4.934637069702148,-4.631377696990967,-5.062740151231939,-4.674535649473017,0.12810308152979033,0.043157952482050455,No,True,Yes,False
Arithmetic,1_digit_addition,'',Is 7 plus 2 equal to 9?,Yes,-5.029013156890869,-4.6015706062316895,-5.062740151231939,-4.674535649473017,0.03372699434106963,0.0729650432413278,No,False,No,False
Arithmetic,2_digit_addition,'',Is 90 plus 37 equal to 370?,No,-4.8177876472473145,-4.385928153991699,-5.062740151231939,-4.674535649473017,0.24495250398462431,0.28860749548131803,No,True,No,True
Arithmetic,1_digit_addition,'',Is 4 plus 6 equal to 10?,Yes,-5.023992538452148,-4.467394828796387,-5.062740151231939,-4.674535649473017,0.03874761277979033,0.20714082067663053,No,False,No,False
Arithmetic,2_digit_addition,'',Is 73 plus 51 equal to 124?,Yes,-4.868772506713867,-4.440615653991699,-5.062740151231939,-4.674535649473017,0.19396764451807158,0.23391999548131803,No,False,No,False
Arithmetic,2_digit_subtraction,'',Is 94 minus 28 equal to 66?,Yes,-5.040647506713867,-4.48824405670166,-5.062740151231939,-4.674535649473017,0.02209264451807158,0.1862915927713571,No,False,No,False
Arithmetic,1_digit_addition,'',Is 0 plus 6 equal to 6?,Yes,-5.183563232421875,-4.880416870117188,-5.062740151231939,-4.674535649473017,-0.12082308118993623,-0.20588122064417114,No,False,Yes,True
Arithmetic,2_digit_subtraction,'',Is 10 minus 68 equal to 362?,No,-5.150975227355957,-4.53325080871582,-5.062740151231939,-4.674535649473017,-0.08823507612401826,0.14128484075719694,No,True,No,True
Arithmetic,1_digit_subtraction,'',Is 2 minus 2 equal to 5?,No,-5.2697529792785645,-4.964053153991699,-5.062740151231939,-4.674535649473017,-0.20701282804662569,-0.28951750451868197,No,True,Yes,False
Arithmetic,1_digit_subtraction,'',Is 1 minus 6 equal to 18?,No,-5.358637809753418,-4.807093143463135,-5.062740151231939,-4.674535649473017,-0.2958976585214792,-0.13255749399011751,No,True,No,True
Arithmetic,2_digit_multiplication,'',Is 58 times 75 equal to 8998?,No,-5.218883514404297,-4.858853340148926,-5.062740151231939,-4.674535649473017,-0.1561433631723581,-0.18431769067590853,No,True,Yes,False
Arithmetic,1_digit_multiplication,'',Is 1 times 1 equal to 7?,No,-5.122137069702148,-5.190395832061768,-5.062740151231939,-4.674535649473017,-0.05939691847020967,-0.5158601825887503,Yes,False,Yes,False
Arithmetic,1_digit_addition,'',Is 1 plus 3 equal to 4?,Yes,-5.028844356536865,-4.909684658050537,-5.062740151231939,-4.674535649473017,0.03389579469507353,-0.23514900857751986,No,False,Yes,True
Arithmetic,1_digit_subtraction,'',Is 2 minus 5 equal to 39?,No,-5.179165840148926,-4.627537727355957,-5.062740151231939,-4.674535649473017,-0.11642568891698701,0.04699792211706022,No,True,No,True
Arithmetic,2_digit_subtraction,'',Is 96 minus 74 equal to 20?,No,-5.086129665374756,-4.409365653991699,-5.062740151231939,-4.674535649473017,-0.02338951414281709,0.26516999548131803,No,True,No,True
Arithmetic,1_digit_subtraction,'',Is 4 minus 8 equal to 58?,No,-5.109930038452148,-4.428885459899902,-5.062740151231939,-4.674535649473017,-0.04718988722020967,0.2456501895731149,No,True,No,True
Arithmetic,2_digit_multiplication,'',Is 54 times 97 equal to 5238?,Yes,-5.083198070526123,-4.724325656890869,-5.062740151231939,-4.674535649473017,-0.02045791929418428,-0.04979000741785189,No,False,Yes,True
Arithmetic,1_digit_subtraction,'',Is 8 minus 7 equal to 1?,Yes,-5.255416870117188,-4.6447529792785645,-5.062740151231939,-4.674535649473017,-0.19267671888524962,0.0297826701944528,No,False,No,False
Arithmetic,2_digit_subtraction,'',Is 38 minus 43 equal to 49?,No,-4.932225227355957,-4.37700080871582,-5.062740151231939,-4.674535649473017,0.13051492387598174,0.29753484075719694,No,True,No,True
Arithmetic,1_digit_subtraction,'',Is 4 minus 5 equal to 81?,No,-5.131377696990967,-4.389269828796387,-5.062740151231939,-4.674535649473017,-0.06863754575902803,0.28526582067663053,No,True,No,True
Arithmetic,2_digit_addition,'',Is 74 plus 54 equal to 154?,No,-4.8334126472473145,-4.466180801391602,-5.062740151231939,-4.674535649473017,0.22932750398462431,0.2083548480814157,No,True,Yes,False
Arithmetic,1_digit_addition,'',Is 1 plus 6 equal to 5?,No,-5.037773609161377,-4.8556904792785645,-5.062740151231939,-4.674535649473017,0.024966542070561815,-0.1811548298055472,No,True,Yes,False
Arithmetic,1_digit_addition,'',Is 5 plus 7 equal to 12?,Yes,-5.035769462585449,-4.602939605712891,-5.062740151231939,-4.674535649473017,0.02697068864648955,0.07159604376012663,No,False,No,False
Arithmetic,2_digit_addition,'',Is 82 plus 29 equal to 434?,No,-4.958074569702148,-4.654815196990967,-5.062740151231939,-4.674535649473017,0.10466558152979033,0.019720452482050455,No,True,Yes,False
Arithmetic,2_digit_subtraction,'',Is 70 minus 50 equal to 20?,Yes,-5.1447529792785645,-4.52730655670166,-5.062740151231939,-4.674535649473017,-0.08201282804662569,0.1472290927713571,No,False,No,False
Arithmetic,2_digit_multiplication,'',Is 76 times 40 equal to 8832?,No,-5.085453510284424,-4.788131237030029,-5.062740151231939,-4.674535649473017,-0.02271335905248506,-0.11359558755701205,No,True,Yes,False
Arithmetic,1_digit_multiplication,'',Is 8 times 1 equal to 2?,No,-5.103201866149902,-5.110519886016846,-5.062740151231939,-4.674535649473017,-0.040461714917963576,-0.43598423654382845,Yes,False,Yes,False
Arithmetic,2_digit_addition,'',Is 28 plus 83 equal to 747?,No,-4.832644462585449,-4.399814605712891,-5.062740151231939,-4.674535649473017,0.23009568864648955,0.2747210437601266,No,True,No,True
Arithmetic,2_digit_multiplication,'',Is 86 times 72 equal to 6192?,Yes,-5.060787677764893,-4.892124652862549,-5.062740151231939,-4.674535649473017,0.0019524734670461896,-0.21758900338953158,No,False,Yes,True
Arithmetic,1_digit_subtraction,'',Is 6 minus 1 equal to 5?,Yes,-5.241778373718262,-4.748644828796387,-5.062740151231939,-4.674535649473017,-0.17903822248632295,-0.07410917932336947,No,False,No,False
Arithmetic,2_digit_addition,'',Is 31 plus 85 equal to 694?,No,-4.940212726593018,-4.573871612548828,-5.062740151231939,-4.674535649473017,0.12252742463892119,0.10066403692418913,No,True,Yes,False
Arithmetic,2_digit_addition,'',Is 93 plus 35 equal to 128?,Yes,-4.595211505889893,-4.288780212402344,-5.062740151231939,-4.674535649473017,0.4675286453420462,0.3857554370706735,No,False,Yes,True
Arithmetic,2_digit_subtraction,'',Is 57 minus 98 equal to -41?,Yes,-5.740804195404053,-4.948208332061768,-5.062740151231939,-4.674535649473017,-0.678064044172114,-0.2736726825887503,No,False,No,False
Arithmetic,2_digit_addition,'',Is 48 plus 28 equal to 94?,No,-4.8646626472473145,-4.30855655670166,-5.062740151231939,-4.674535649473017,0.19807750398462431,0.3659790927713571,No,True,No,True
Arithmetic,2_digit_addition,'',Is 38 plus 57 equal to 20?,No,-4.818877696990967,-4.388055801391602,-5.062740151231939,-4.674535649473017,0.24386245424097197,0.2864798480814157,No,True,No,True
Arithmetic,2_digit_multiplication,'',Is 55 times 89 equal to 4895?,Yes,-4.871195793151856,-4.568668365478516,-5.062740151231939,-4.674535649473017,0.1915443580800824,0.10586728399450163,No,False,Yes,True
Arithmetic,2_digit_multiplication,'',Is 32 times 95 equal to 3040?,Yes,-5.017124652862549,-4.713833332061768,-5.062740151231939,-4.674535649473017,0.04561549836938994,-0.03929768258875033,No,False,Yes,True
Arithmetic,2_digit_addition,'',Is 69 plus 17 equal to 86?,Yes,-4.565934658050537,-4.322237491607666,-5.062740151231939,-4.674535649473017,0.49680549318140166,0.35229815786535124,No,False,Yes,True
Arithmetic,2_digit_addition,'',Is 30 plus 45 equal to 21?,No,-4.900022506713867,-4.468340873718262,-5.062740151231939,-4.674535649473017,0.16271764451807158,0.20619477575475553,No,True,No,True
Arithmetic,2_digit_multiplication,'',Is 56 times 66 equal to 9668?,No,-5.107662677764893,-4.813999652862549,-5.062740151231939,-4.674535649473017,-0.04492252653295381,-0.13946400338953158,No,True,Yes,False
Arithmetic,1_digit_multiplication,'',Is 1 times 6 equal to 6?,Yes,-4.942790985107422,-5.135334491729736,-5.062740151231939,-4.674535649473017,0.11994916612451689,-0.4607988422567191,Yes,True,Yes,True
Arithmetic,2_digit_addition,'',Is 93 plus 99 equal to 778?,No,-4.851859092712402,-4.360752105712891,-5.062740151231939,-4.674535649473017,0.21088105851953642,0.3137835437601266,No,True,No,True
Arithmetic,1_digit_multiplication,'',Is 5 times 1 equal to 5?,Yes,-4.795440196990967,-4.924990653991699,-5.062740151231939,-4.674535649473017,0.26729995424097197,-0.25045500451868197,Yes,True,Yes,True
Arithmetic,1_digit_multiplication,'',Is 5 times 8 equal to 40?,Yes,-4.924770832061768,-4.681149005889893,-5.062740151231939,-4.674535649473017,0.1379693191701712,-0.006613356416875327,No,False,Yes,True
Arithmetic,2_digit_multiplication,'',Is 72 times 94 equal to 1630?,No,-4.905860900878906,-4.6693501472473145,-5.062740151231939,-4.674535649473017,0.15687925035303252,0.005185502225702798,No,True,Yes,False
Arithmetic,1_digit_multiplication,'',Is 9 times 3 equal to 27?,Yes,-4.850631237030029,-4.670334339141846,-5.062740151231939,-4.674535649473017,0.21210891420190947,0.004201310331171548,No,False,Yes,True
Arithmetic,2_digit_addition,'',Is 76 plus 88 equal to 164?,Yes,-4.897148609161377,-4.470211505889893,-5.062740151231939,-4.674535649473017,0.16559154207056181,0.20432414358312467,No,False,No,False
Arithmetic,2_digit_multiplication,'',Is 63 times 23 equal to 1449?,Yes,-5.071477890014648,-4.717461109161377,-5.062740151231939,-4.674535649473017,-0.00873773878270967,-0.0429254596883597,No,False,Yes,True
Arithmetic,1_digit_multiplication,'',Is 2 times 8 equal to 96?,No,-4.79233980178833,-4.6146626472473145,-5.062740151231939,-4.674535649473017,0.2704003494436087,0.0598730022257028,No,True,Yes,False
Arithmetic,1_digit_addition,'',Is 2 plus 7 equal to 1?,No,-5.042701244354248,-4.801063060760498,-5.062740151231939,-4.674535649473017,0.02003890687769072,-0.1265274112874808,No,True,Yes,False
Arithmetic,2_digit_multiplication,'',Is 44 times 48 equal to 9687?,No,-5.098646640777588,-4.802165985107422,-5.062740151231939,-4.674535649473017,-0.03590648954564912,-0.12763033563440462,No,True,Yes,False
Arithmetic,1_digit_multiplication,'',Is 4 times 3 equal to 12?,Yes,-4.937692165374756,-4.759274005889893,-5.062740151231939,-4.674535649473017,0.1250479858571829,-0.08473835641687533,No,False,Yes,True
Arithmetic,2_digit_addition,'',Is 28 plus 84 equal to 112?,Yes,-4.856875419616699,-4.362445831298828,-5.062740151231939,-4.674535649473017,0.20586473161523955,0.3120898181741891,No,False,No,False
Arithmetic,2_digit_subtraction,'',Is 11 minus 96 equal to 594?,No,-5.2853779792785645,-4.668639659881592,-5.062740151231939,-4.674535649473017,-0.22263782804662569,0.0058959895914254545,No,True,No,True
Arithmetic,2_digit_subtraction,'',Is 92 minus 76 equal to 86?,No,-4.693877696990967,-4.388681411743164,-5.062740151231939,-4.674535649473017,0.36886245424097197,0.2858542377298532,No,True,Yes,False
Arithmetic,2_digit_multiplication,'',Is 61 times 13 equal to 350?,No,-4.929298400878906,-4.568877696990967,-5.062740151231939,-4.674535649473017,0.13344175035303252,0.10565795248205045,No,True,Yes,False
Arithmetic,1_digit_subtraction,'',Is 4 minus 9 equal to 85?,No,-5.079586505889893,-4.336143970489502,-5.062740151231939,-4.674535649473017,-0.01684635465795381,0.3383916789835153,No,True,No,True
Arithmetic,1_digit_subtraction,'',Is 8 minus 9 equal to -1?,Yes,-5.491798400878906,-4.757403373718262,-5.062740151231939,-4.674535649473017,-0.4290582496469675,-0.08286772424524447,No,False,No,False
Arithmetic,2_digit_addition,'',Is 44 plus 82 equal to 126?,Yes,-4.758367538452148,-4.326769828796387,-5.062740151231939,-4.674535649473017,0.30437261277979033,0.34776582067663053,No,False,No,False
Arithmetic,2_digit_subtraction,'',Is 61 minus 84 equal to 616?,No,-5.176948070526123,-4.693075656890869,-5.062740151231939,-4.674535649473017,-0.11420791929418428,-0.01854000741785189,No,True,No,True
Arithmetic,1_digit_subtraction,'',Is 7 minus 9 equal to -2?,Yes,-5.637762069702148,-4.90075159072876,-5.062740151231939,-4.674535649473017,-0.5750219184702097,-0.22621594125574251,No,False,No,False
Arithmetic,2_digit_addition,'',Is 83 plus 61 equal to 144?,Yes,-4.633109092712402,-4.4531331062316895,-5.062740151231939,-4.674535649473017,0.4296310585195364,0.2214025432413278,No,False,Yes,True
Arithmetic,2_digit_multiplication,'',Is 53 times 95 equal to 7408?,No,-5.169308185577393,-4.811978340148926,-5.062740151231939,-4.674535649473017,-0.10656803434545381,-0.13744269067590853,No,True,Yes,False
Arithmetic,2_digit_multiplication,'',Is 98 times 71 equal to 4004?,No,-5.063520908355713,-4.767210006713867,-5.062740151231939,-4.674535649473017,-0.0007807571237741229,-0.09267435724084994,No,True,Yes,False
Arithmetic,2_digit_addition,'',Is 81 plus 63 equal to 720?,No,-4.557583332061768,-4.43981409072876,-5.062740151231939,-4.674535649473017,0.5051568191701712,0.23472155874425749,No,True,Yes,False
Arithmetic,2_digit_addition,'',Is 55 plus 15 equal to 38?,No,-4.721865653991699,-4.350760459899902,-5.062740151231939,-4.674535649473017,0.34087449724023955,0.3237751895731149,No,True,Yes,False
Arithmetic,2_digit_subtraction,'',Is 98 minus 42 equal to 56?,Yes,-4.936065196990967,-4.381457328796387,-5.062740151231939,-4.674535649473017,0.12667495424097197,0.29307832067663053,No,False,No,False
Arithmetic,2_digit_addition,'',Is 27 plus 99 equal to 126?,Yes,-5.007070064544678,-4.450342178344727,-5.062740151231939,-4.674535649473017,0.05567008668726103,0.2241934711282907,No,False,No,False
Arithmetic,2_digit_addition,'',Is 28 plus 19 equal to 17?,No,-5.133367538452148,-4.702322959899902,-5.062740151231939,-4.674535649473017,-0.07062738722020967,-0.027787310426885092,No,True,No,True
Arithmetic,1_digit_addition,'',Is 4 plus 4 equal to 5?,No,-4.968007564544678,-4.534905433654785,-5.062740151231939,-4.674535649473017,0.09473258668726103,0.1396302158182321,No,True,No,True
Arithmetic,2_digit_subtraction,'',Is 17 minus 34 equal to 270?,No,-4.9427876472473145,-4.449889659881592,-5.062740151231939,-4.674535649473017,0.11995250398462431,0.22464598959142545,No,True,No,True
Arithmetic,1_digit_multiplication,'',Is 8 times 8 equal to 24?,No,-4.755406856536865,-4.638980865478516,-5.062740151231939,-4.674535649473017,0.30733329469507353,0.035554783994501626,No,True,Yes,False
Arithmetic,1_digit_multiplication,'',Is 5 times 6 equal to 30?,Yes,-4.803252696990967,-4.68355655670166,-5.062740151231939,-4.674535649473017,0.25948745424097197,-0.009020907228642905,No,False,Yes,True
Arithmetic,2_digit_multiplication,'',Is 99 times 38 equal to 7080?,No,-5.0638108253479,-4.509109020233154,-5.064018027782439,-4.6755588603019715,0.0002072024345389778,0.16644984006881725,No,True,No,True
Arithmetic,2_digit_multiplication,'',Is 27 times 26 equal to 285?,No,-5.086129665374756,-4.721865653991699,-5.064018027782439,-4.6755588603019715,-0.02211163759231649,-0.04630679368972768,No,True,Yes,False
Arithmetic,2_digit_subtraction,'',Is 57 minus 84 equal to -27?,Yes,-5.651114940643311,-4.984671592712402,-5.064018027782439,-4.6755588603019715,-0.5870969128608721,-0.3091127324104308,No,False,No,False
Arithmetic,2_digit_addition,'',Is 11 plus 53 equal to 64?,Yes,-4.684264659881592,-4.376502513885498,-5.064018027782439,-4.6755588603019715,0.37975336790084757,0.2990563464164735,No,False,Yes,True
Arithmetic,1_digit_subtraction,'',Is 8 minus 3 equal to 3?,No,-5.366665840148926,-4.815037727355957,-5.064018027782439,-4.6755588603019715,-0.3026478123664864,-0.1394788670539855,No,True,No,True
Arithmetic,1_digit_addition,'',Is 9 plus 4 equal to 13?,Yes,-5.118649005889893,-4.561697959899902,-5.064018027782439,-4.6755588603019715,-0.05463097810745321,0.1138609004020692,No,False,No,False
Arithmetic,2_digit_multiplication,'',Is 13 times 45 equal to 550?,No,-5.209648609161377,-4.719305038452148,-5.064018027782439,-4.6755588603019715,-0.14563058137893758,-0.043746178150176895,No,True,No,True
Arithmetic,1_digit_addition,'',Is 7 plus 2 equal to 8?,No,-5.025975227355957,-4.720127105712891,-5.064018027782439,-4.6755588603019715,0.03804280042648234,-0.04456824541091908,No,True,Yes,False
Arithmetic,2_digit_multiplication,'',Is 10 times 46 equal to 389?,No,-5.073208332061768,-4.51949405670166,-5.064018027782439,-4.6755588603019715,-0.00919030427932821,0.15606480360031139,No,True,No,True
Arithmetic,1_digit_subtraction,'',Is 7 minus 7 equal to 6?,No,-5.198208332061768,-4.770202159881592,-5.064018027782439,-4.6755588603019715,-0.1341903042793282,-0.09464329957962025,No,True,No,True
Arithmetic,1_digit_subtraction,'',Is 3 minus 0 equal to 3?,Yes,-5.424770832061768,-5.05700159072876,-5.064018027782439,-4.6755588603019715,-0.3607528042793282,-0.3814427304267882,No,False,Yes,True
Arithmetic,1_digit_subtraction,'',Is 5 minus 6 equal to 69?,No,-5.170440196990967,-4.426452159881592,-5.064018027782439,-4.6755588603019715,-0.10642216920852743,0.24910670042037975,No,True,No,True
Arithmetic,1_digit_multiplication,'',Is 5 times 1 equal to 1?,No,-5.053398609161377,-4.995083332061768,-5.064018027782439,-4.6755588603019715,0.010619418621062415,-0.31952447175979604,No,True,Yes,False
Arithmetic,1_digit_subtraction,'',Is 2 minus 5 equal to -3?,Yes,-5.951741695404053,-5.340887069702148,-5.064018027782439,-4.6755588603019715,-0.8877236676216134,-0.6653282094001769,No,False,No,False
Arithmetic,1_digit_multiplication,'',Is 2 times 1 equal to 2?,Yes,-4.954269886016846,-5.210006237030029,-5.064018027782439,-4.6755588603019715,0.10974814176559367,-0.5344473767280578,Yes,True,Yes,True
Arithmetic,2_digit_multiplication,'',Is 10 times 83 equal to 472?,No,-5.017124652862549,-4.7162251472473145,-5.064018027782439,-4.6755588603019715,0.04689337491989054,-0.04066628694534291,No,True,Yes,False
Arithmetic,2_digit_addition,'',Is 93 plus 31 equal to 721?,No,-4.826836109161377,-4.523028373718262,-5.064018027782439,-4.6755588603019715,0.23718191862106242,0.15253048658370982,No,True,Yes,False
Arithmetic,1_digit_multiplication,'',Is 0 times 8 equal to 0?,Yes,-5.342985153198242,-5.047407150268555,-5.064018027782439,-4.6755588603019715,-0.2789671254158028,-0.37184828996658315,No,False,Yes,True
Arithmetic,1_digit_addition,'',Is 4 plus 8 equal to 24?,No,-4.814905643463135,-4.321609020233154,-5.064018027782439,-4.6755588603019715,0.2491123843193046,0.35394984006881725,No,True,No,True
Arithmetic,1_digit_addition,'',Is 1 plus 4 equal to 8?,No,-4.988563060760498,-4.807225227355957,-5.064018027782439,-4.6755588603019715,0.07545496702194132,-0.1316663670539855,No,True,Yes,False
Arithmetic,2_digit_multiplication,'',Is 63 times 97 equal to 9084?,No,-5.124805450439453,-4.958541870117188,-5.064018027782439,-4.6755588603019715,-0.06078742265701376,-0.28298300981521685,No,True,Yes,False
Arithmetic,1_digit_multiplication,'',Is 5 times 6 equal to 42?,No,-4.940395832061768,-4.758367538452148,-5.064018027782439,-4.6755588603019715,0.12362219572067179,-0.0828086781501769,No,True,Yes,False
Arithmetic,1_digit_subtraction,'',Is 9 minus 5 equal to 4?,Yes,-5.008367538452148,-4.576181411743164,-5.064018027782439,-4.6755588603019715,0.05565048933029093,0.09937744855880748,No,False,No,False
Arithmetic,1_digit_addition,'',Is 8 plus 5 equal to 13?,Yes,-5.185094356536865,-4.6919026374816895,-5.064018027782439,-4.6755588603019715,-0.12107632875442587,-0.01634377717971791,No,False,No,False
Arithmetic,2_digit_addition,'',Is 47 plus 75 equal to 122?,Yes,-4.9885029792785645,-4.496764659881592,-5.064018027782439,-4.6755588603019715,0.07551504850387492,0.17879420042037975,No,False,No,False
Arithmetic,1_digit_subtraction,'',Is 5 minus 4 equal to 9?,No,-5.0825276374816895,-4.5259528160095215,-5.064018027782439,-4.6755588603019715,-0.018509609699250085,0.14960604429245006,No,True,No,True
Arithmetic,2_digit_addition,'',Is 15 plus 11 equal to 26?,Yes,-4.938961505889893,-4.443368911743164,-5.064018027782439,-4.6755588603019715,0.1250565218925468,0.23218994855880748,No,False,No,False
Arithmetic,2_digit_multiplication,'',Is 39 times 48 equal to 8277?,No,-5.137709140777588,-4.782191753387451,-5.064018027782439,-4.6755588603019715,-0.07369111299514852,-0.10663289308547963,No,True,Yes,False
Arithmetic,2_digit_subtraction,'',Is 22 minus 55 equal to 993?,No,-5.075262069702148,-4.523992538452148,-5.064018027782439,-4.6755588603019715,-0.011244041919709069,0.1515663218498231,No,True,No,True
Arithmetic,1_digit_subtraction,'',Is 5 minus 0 equal to 5?,Yes,-5.241778373718262,-4.809930801391602,-5.064018027782439,-4.6755588603019715,-0.17776034593582235,-0.13437194108963002,No,False,No,False
Arithmetic,2_digit_addition,'',Is 39 plus 55 equal to 94?,Yes,-4.59606409072876,-4.163260459899902,-5.064018027782439,-4.6755588603019715,0.4679539370536796,0.5122984004020692,No,False,No,False
Arithmetic,1_digit_subtraction,'',Is 1 minus 4 equal to 37?,No,-5.308082580566406,-4.695459842681885,-5.064018027782439,-4.6755588603019715,-0.24406455278396688,-0.019900982379913223,No,True,No,True
Arithmetic,2_digit_multiplication,'',Is 54 times 51 equal to 3681?,No,-5.103201866149902,-4.68113899230957,-5.064018027782439,-4.6755588603019715,-0.039183838367462975,-0.00558013200759877,No,True,No,True
Arithmetic,1_digit_multiplication,'',Is 0 times 0 equal to 2?,No,-5.465610504150391,-5.413398742675781,-5.064018027782439,-4.6755588603019715,-0.40159247636795126,-0.7378398823738097,No,True,Yes,False
Arithmetic,2_digit_subtraction,'',Is 11 minus 27 equal to 867?,No,-5.2931904792785645,-4.676452159881592,-5.064018027782439,-4.6755588603019715,-0.22917245149612508,-0.0008932995796202547,No,True,No,True
Arithmetic,1_digit_subtraction,'',Is 3 minus 1 equal to 3?,No,-5.285769462585449,-4.979149341583252,-5.064018027782439,-4.6755588603019715,-0.22175143480300985,-0.3035904812812804,No,True,Yes,False
Arithmetic,2_digit_subtraction,'',Is 56 minus 65 equal to -9?,Yes,-5.321333408355713,-4.654815196990967,-5.064018027782439,-4.6755588603019715,-0.2573153805732735,0.020743663311004745,No,False,No,False
Arithmetic,1_digit_subtraction,'',Is 1 minus 5 equal to 26?,No,-5.259312152862549,-4.6459126472473145,-5.064018027782439,-4.6755588603019715,-0.19529412508010946,0.02964621305465709,No,True,No,True
Arithmetic,1_digit_addition,'',Is 6 plus 8 equal to 14?,Yes,-5.2631001472473145,-4.707702159881592,-5.064018027782439,-4.6755588603019715,-0.19908211946487508,-0.032143299579620255,No,False,No,False
Arithmetic,2_digit_addition,'',Is 55 plus 32 equal to 87?,Yes,-4.545334339141846,-4.238030433654785,-5.064018027782439,-4.6755588603019715,0.5186836886405937,0.4375284266471864,No,False,Yes,True
Arithmetic,1_digit_multiplication,'',Is 9 times 9 equal to 86?,No,-4.643740653991699,-4.461143970489502,-5.064018027782439,-4.6755588603019715,0.42027737379074015,0.2144148898124696,No,True,Yes,False
Arithmetic,2_digit_addition,'',Is 11 plus 22 equal to 33?,Yes,-4.948428153991699,-4.578790664672852,-5.064018027782439,-4.6755588603019715,0.11558987379074015,0.09676819562911998,No,False,Yes,True
Arithmetic,2_digit_multiplication,'',Is 84 times 31 equal to 2604?,Yes,-5.140429973602295,-4.846271991729736,-5.064018027782439,-4.6755588603019715,-0.07641194581985555,-0.17071313142776479,No,False,Yes,True
Arithmetic,1_digit_multiplication,'',Is 3 times 3 equal to 9?,Yes,-4.808695793151856,-4.818668365478516,-5.064018027782439,-4.6755588603019715,0.255322234630583,-0.14310950517654408,Yes,True,Yes,True
Arithmetic,2_digit_multiplication,'',Is 19 times 89 equal to 2333?,No,-5.251020908355713,-5.075262069702148,-5.064018027782439,-4.6755588603019715,-0.18700288057327352,-0.3997032094001769,No,True,Yes,False
Arithmetic,2_digit_multiplication,'',Is 25 times 29 equal to 783?,No,-5.205837726593018,-4.840456962585449,-5.064018027782439,-4.6755588603019715,-0.1418196988105782,-0.16489810228347768,No,True,Yes,False
Arithmetic,2_digit_multiplication,'',Is 14 times 81 equal to 1134?,Yes,-5.063999652862549,-4.826690196990967,-5.064018027782439,-4.6755588603019715,1.8374919890540298e-05,-0.15113133668899525,No,False,Yes,True
Arithmetic,1_digit_subtraction,'',Is 7 minus 4 equal to 8?,No,-5.170440196990967,-4.740832328796387,-5.064018027782439,-4.6755588603019715,-0.10642216920852743,-0.06527346849441518,No,True,No,True
Arithmetic,1_digit_addition,'',Is 6 plus 5 equal to 83?,No,-4.944903373718262,-4.512389659881592,-5.064018027782439,-4.6755588603019715,0.11911465406417765,0.16316920042037975,No,True,No,True
Arithmetic,2_digit_addition,'',Is 56 plus 85 equal to 141?,Yes,-4.798460006713867,-4.37105655670166,-5.064018027782439,-4.6755588603019715,0.2655580210685722,0.3045023036003114,No,False,No,False
Arithmetic,1_digit_multiplication,'',Is 7 times 1 equal to 7?,Yes,-4.946897506713867,-4.95543909072876,-5.064018027782439,-4.6755588603019715,0.11712052106857218,-0.2798802304267882,Yes,True,Yes,True
Arithmetic,2_digit_multiplication,'',Is 73 times 42 equal to 3066?,Yes,-5.007328510284424,-4.708700656890869,-5.064018027782439,-4.6755588603019715,0.05668951749801554,-0.0331417965888976,No,False,Yes,True
Arithmetic,1_digit_addition,'',Is 7 plus 8 equal to 17?,No,-5.178597450256348,-4.7491607666015625,-5.064018027782439,-4.6755588603019715,-0.11457942247390829,-0.07360190629959096,No,True,No,True
Arithmetic,2_digit_subtraction,'',Is 27 minus 40 equal to 802?,No,-4.954066753387451,-4.5247483253479,-5.064018027782439,-4.6755588603019715,0.1099512743949882,0.15081053495407115,No,True,No,True
Arithmetic,1_digit_multiplication,'',Is 6 times 2 equal to 12?,Yes,-4.94858980178833,-4.893520832061768,-5.064018027782439,-4.6755588603019715,0.11542822599410929,-0.21796197175979604,No,False,Yes,True
Arithmetic,2_digit_addition,'',Is 14 plus 89 equal to 103?,Yes,-4.880422592163086,-4.510950088500977,-5.064018027782439,-4.6755588603019715,0.18359543561935343,0.16460877180099498,No,False,Yes,True
Arithmetic,1_digit_subtraction,'',Is 2 minus 7 equal to 74?,No,-5.232082843780518,-4.68113899230957,-5.064018027782439,-4.6755588603019715,-0.1680648159980782,-0.00558013200759877,No,True,No,True
Arithmetic,1_digit_addition,'',Is 5 plus 4 equal to 7?,No,-5.124590873718262,-4.692077159881592,-5.064018027782439,-4.6755588603019715,-0.06057284593582235,-0.016518299579620255,No,True,No,True
Arithmetic,1_digit_subtraction,'',Is 0 minus 7 equal to -7?,Yes,-5.808705806732178,-5.092991352081299,-5.064018027782439,-4.6755588603019715,-0.7446877789497384,-0.4174324917793273,No,False,No,False
Arithmetic,2_digit_addition,'',Is 49 plus 98 equal to 401?,No,-4.655447959899902,-4.0956339836120605,-5.064018027782439,-4.6755588603019715,0.408570067882537,0.579924876689911,No,True,No,True
Arithmetic,1_digit_subtraction,'',Is 3 minus 1 equal to 2?,Yes,-5.3244404792785645,-5.01949405670166,-5.064018027782439,-4.6755588603019715,-0.2604224514961251,-0.3439351963996886,No,False,Yes,True
Arithmetic,1_digit_addition,'',Is 4 plus 7 equal to 11?,Yes,-5.05613899230957,-4.50071382522583,-5.064018027782439,-4.6755588603019715,0.007879035472869056,0.17484503507614146,No,False,No,False
Arithmetic,2_digit_subtraction,'',Is 94 minus 23 equal to 52?,No,-4.927297592163086,-4.370842933654785,-5.064018027782439,-4.6755588603019715,0.13672043561935343,0.3047159266471864,No,True,No,True
Arithmetic,1_digit_addition,'',Is 7 plus 9 equal to 59?,No,-4.815934658050537,-4.384737491607666,-5.064018027782439,-4.6755588603019715,0.24808336973190226,0.2908213686943055,No,True,No,True
Arithmetic,2_digit_addition,'',Is 66 plus 27 equal to 99?,No,-4.7541279792785645,-4.323428153991699,-5.064018027782439,-4.6755588603019715,0.3098900485038749,0.3521307063102723,No,True,No,True
Arithmetic,2_digit_multiplication,'',Is 37 times 50 equal to 1850?,Yes,-4.883367538452148,-4.577322959899902,-5.064018027782439,-4.6755588603019715,0.18065048933029093,0.0982359004020692,No,False,Yes,True
Arithmetic,2_digit_subtraction,'',Is 63 minus 70 equal to 74?,No,-5.030512809753418,-4.4809651374816895,-5.064018027782439,-4.6755588603019715,0.0335052180290214,0.1945937228202821,No,True,No,True
Arithmetic,1_digit_multiplication,'',Is 5 times 5 equal to 25?,Yes,-4.912627696990967,-4.73043155670166,-5.064018027782439,-4.6755588603019715,0.15139033079147257,-0.054872696399688614,No,False,Yes,True
Arithmetic,2_digit_multiplication,'',Is 30 times 99 equal to 2970?,Yes,-4.822850227355957,-4.45383882522583,-5.064018027782439,-4.6755588603019715,0.24116780042648234,0.22172003507614146,No,False,Yes,True
Arithmetic,2_digit_addition,'',Is 11 plus 83 equal to 46?,No,-4.747610092163086,-4.315637588500977,-5.064018027782439,-4.6755588603019715,0.31640793561935343,0.359921271800995,No,True,No,True
Arithmetic,2_digit_subtraction,'',Is 39 minus 91 equal to -52?,Yes,-5.47983980178833,-4.743649005889893,-5.064018027782439,-4.6755588603019715,-0.4158217740058907,-0.06809014558792104,No,False,No,False
Arithmetic,1_digit_addition,'',Is 3 plus 2 equal to 5?,Yes,-4.83043909072876,-4.646493911743164,-5.064018027782439,-4.6755588603019715,0.2335789370536796,0.02906494855880748,No,False,Yes,True
Arithmetic,2_digit_subtraction,'',Is 49 minus 86 equal to -37?,Yes,-5.634451866149902,-4.838475227355957,-5.064018027782439,-4.6755588603019715,-0.570433838367463,-0.1629163670539855,No,False,No,False
Arithmetic,2_digit_addition,'',Is 15 plus 50 equal to 49?,No,-4.858965873718262,-4.424990653991699,-5.064018027782439,-4.6755588603019715,0.20505215406417765,0.2505682063102723,No,True,No,True
Arithmetic,1_digit_multiplication,'',Is 9 times 2 equal to 18?,Yes,-4.7981858253479,-4.7413482666015625,-5.064018027782439,-4.6755588603019715,0.265832202434539,-0.06578940629959096,No,False,Yes,True
Arithmetic,2_digit_multiplication,'',Is 62 times 81 equal to 5273?,No,-5.096796035766602,-4.929298400878906,-5.064018027782439,-4.6755588603019715,-0.032778007984162194,-0.2537395405769347,No,True,Yes,False
Arithmetic,1_digit_multiplication,'',Is 0 times 4 equal to 7?,No,-5.367719650268555,-5.133977890014648,-5.064018027782439,-4.6755588603019715,-0.3037016224861153,-0.4584190297126769,No,True,Yes,False
Arithmetic,2_digit_subtraction,'',Is 35 minus 43 equal to 47?,No,-4.85543155670166,-4.360472202301025,-5.064018027782439,-4.6755588603019715,0.2085864710807792,0.31508665800094615,No,True,No,True
Arithmetic,2_digit_addition,'',Is 38 plus 37 equal to 75?,Yes,-4.779709339141846,-4.347405433654785,-5.064018027782439,-4.6755588603019715,0.28430868864059367,0.3281534266471864,No,False,No,False
Arithmetic,1_digit_subtraction,'',Is 0 minus 9 equal to 71?,No,-5.107662677764893,-4.44077730178833,-5.064018027782439,-4.6755588603019715,-0.04364464998245321,0.23478155851364146,No,True,No,True
Arithmetic,1_digit_addition,'',Is 9 plus 1 equal to 26?,No,-4.868649005889893,-4.374197959899902,-5.064018027782439,-4.6755588603019715,0.1953690218925468,0.3013609004020692,No,True,No,True
Arithmetic,1_digit_multiplication,'',Is 1 times 6 equal to 4?,No,-4.913578510284424,-5.107082843780518,-5.064018027782439,-4.6755588603019715,0.15043951749801554,-0.43152398347854604,Yes,False,Yes,False
Arithmetic,1_digit_subtraction,'',Is 7 minus 6 equal to 7?,No,-5.3869404792785645,-4.833993911743164,-5.064018027782439,-4.6755588603019715,-0.3229224514961251,-0.15843505144119252,No,True,No,True
Arithmetic,2_digit_subtraction,'',Is 33 minus 71 equal to -38?,Yes,-5.399937152862549,-4.789617538452148,-5.064018027782439,-4.6755588603019715,-0.33591912508010946,-0.1140586781501769,No,False,No,False
Arithmetic,1_digit_subtraction,'',Is 6 minus 2 equal to 4?,Yes,-5.2697529792785645,-4.77730655670166,-5.064018027782439,-4.6755588603019715,-0.20573495149612508,-0.10174769639968861,No,False,No,False
Arithmetic,2_digit_subtraction,'',Is 21 minus 35 equal to 797?,No,-5.222758293151856,-4.545230865478516,-5.064018027782439,-4.6755588603019715,-0.158740265369417,0.13032799482345592,No,True,No,True
Arithmetic,1_digit_subtraction,'',Is 6 minus 4 equal to 2?,Yes,-5.350825309753418,-4.7981858253479,-5.064018027782439,-4.6755588603019715,-0.2868072819709786,-0.12262696504592885,No,False,No,False
Arithmetic,2_digit_addition,'',Is 23 plus 32 equal to 55?,Yes,-4.65856409072876,-4.350207328796387,-5.064018027782439,-4.6755588603019715,0.4054539370536796,0.3253515315055848,No,False,Yes,True
Arithmetic,1_digit_addition,'',Is 3 plus 0 equal to 3?,Yes,-5.057225227355957,-4.8750081062316895,-5.064018027782439,-4.6755588603019715,0.006792800426482337,-0.1994492459297179,No,False,Yes,True
Arithmetic,2_digit_subtraction,'',Is 10 minus 81 equal to 998?,No,-5.087399005889893,-4.468467712402344,-5.064018027782439,-4.6755588603019715,-0.02338097810745321,0.2070911478996278,No,True,No,True
Arithmetic,2_digit_multiplication,'',Is 71 times 43 equal to 3053?,Yes,-5.091010570526123,-4.795943737030029,-5.064018027782439,-4.6755588603019715,-0.02699254274368368,-0.12038487672805775,No,False,Yes,True
Arithmetic,1_digit_addition,'',Is 9 plus 2 equal to 50?,No,-4.661493301391602,-4.227228164672852,-5.064018027782439,-4.6755588603019715,0.4025247263908378,0.44833069562912,No,True,No,True
Arithmetic,1_digit_subtraction,'',Is 3 minus 5 equal to -2?,Yes,-5.666775226593018,-5.113894462585449,-5.064018027782439,-4.6755588603019715,-0.6027571988105782,-0.4383356022834777,No,False,No,False
Arithmetic,1_digit_multiplication,'',Is 2 times 0 equal to 2?,No,-4.938999652862549,-5.133004665374756,-5.064018027782439,-4.6755588603019715,0.12501837491989054,-0.4574458050727843,Yes,False,Yes,False
Arithmetic,1_digit_addition,'',Is 1 plus 4 equal to 5?,Yes,-5.009397506713867,-4.889190196990967,-5.064018027782439,-4.6755588603019715,0.05462052106857218,-0.21363133668899525,No,False,Yes,True
Arithmetic,2_digit_multiplication,'',Is 94 times 26 equal to 5872?,No,-5.048374652862549,-4.7463154792785645,-5.064018027782439,-4.6755588603019715,0.01564337491989054,-0.07075661897659291,No,True,Yes,False
Arithmetic,2_digit_multiplication,'',Is 10 times 66 equal to 491?,No,-4.944903373718262,-4.451181411743164,-5.064018027782439,-4.6755588603019715,0.11911465406417765,0.22437744855880748,No,True,No,True
Arithmetic,2_digit_multiplication,'',Is 88 times 70 equal to 6160?,Yes,-5.146725177764893,-4.851173400878906,-5.064018027782439,-4.6755588603019715,-0.08270714998245321,-0.1756145405769347,No,False,Yes,True
Arithmetic,2_digit_subtraction,'',Is 24 minus 46 equal to 850?,No,-5.0900654792785645,-4.53356409072876,-5.064018027782439,-4.6755588603019715,-0.026047451496125085,0.14199476957321178,No,True,No,True
Arithmetic,2_digit_multiplication,'',Is 84 times 43 equal to 3612?,Yes,-5.010180473327637,-4.714945793151856,-5.064018027782439,-4.6755588603019715,0.05383755445480265,-0.039386932849884815,No,False,Yes,True
