Type,Digits,Context,Question,Correct Answer,raw_yes_logprob,raw_no_logprob,batch_yes_mean,batch_no_mean,calibrated_yes_logprob,calibrated_no_logprob,raw_predicted_answer,raw_is_correct,batchcalib_predicted_answer,batchcalib_is_correct
Arithmetic,2_digit_multiplication,'',Is 15 times 20 equal to 300?,Yes,-5.029815196990967,-4.660827159881592,-5.052054343223571,-4.668956136703491,0.02223914623260459,0.008128976821899059,No,False,Yes,True
Arithmetic,2_digit_subtraction,'',Is 20 minus 51 equal to 906?,No,-5.396200656890869,-4.654709339141846,-5.052054343223571,-4.668956136703491,-0.34414631366729775,0.014246797561645153,No,True,No,True
Arithmetic,1_digit_addition,'',Is 2 plus 4 equal to 6?,Yes,-4.994709491729736,-4.8138108253479,-5.052054343223571,-4.668956136703491,0.05734485149383506,-0.14485468864440953,No,False,Yes,True
Arithmetic,1_digit_multiplication,'',Is 4 times 2 equal to 2?,No,-4.999478340148926,-4.945609092712402,-5.052054343223571,-4.668956136703491,0.052576003074645605,-0.2766529560089115,No,True,Yes,False
Arithmetic,1_digit_addition,'',Is 7 plus 7 equal to 72?,No,-4.866778373718262,-4.498056411743164,-5.052054343223571,-4.668956136703491,0.18527596950530967,0.1708997249603268,No,True,Yes,False
Arithmetic,2_digit_multiplication,'',Is 54 times 51 equal to 2754?,Yes,-5.001380920410156,-4.703272342681885,-5.052054343223571,-4.668956136703491,0.05067342281341514,-0.03431620597839391,No,False,Yes,True
Arithmetic,1_digit_subtraction,'',Is 1 minus 7 equal to -6?,Yes,-5.670491695404053,-5.064085006713867,-5.052054343223571,-4.668956136703491,-0.6184373521804813,-0.39512887001037633,No,False,No,False
Arithmetic,2_digit_subtraction,'',Is 47 minus 38 equal to 9?,Yes,-5.09702730178833,-4.54918909072876,-5.052054343223571,-4.668956136703491,-0.04497295856475869,0.11976704597473109,No,False,No,False
Arithmetic,1_digit_multiplication,'',Is 7 times 8 equal to 77?,No,-5.08921480178833,-4.726153373718262,-5.052054343223571,-4.668956136703491,-0.03716045856475869,-0.05719723701477086,No,True,Yes,False
Arithmetic,2_digit_subtraction,'',Is 27 minus 13 equal to 93?,No,-5.000555038452148,-4.382010459899902,-5.052054343223571,-4.668956136703491,0.05149930477142295,0.2869456768035885,No,True,No,True
Arithmetic,2_digit_subtraction,'',Is 64 minus 25 equal to 67?,No,-5.130575656890869,-4.576584339141846,-5.052054343223571,-4.668956136703491,-0.07852131366729775,0.09237179756164515,No,True,No,True
Arithmetic,1_digit_addition,'',Is 7 plus 5 equal to 16?,No,-4.952715873718262,-4.583368301391602,-5.052054343223571,-4.668956136703491,0.09933846950530967,0.0855878353118893,No,True,Yes,False
Arithmetic,1_digit_addition,'',Is 2 plus 6 equal to 6?,No,-5.002712726593018,-4.82176399230957,-5.052054343223571,-4.668956136703491,0.04934161663055381,-0.15280785560607946,No,True,Yes,False
Arithmetic,2_digit_subtraction,'',Is 51 minus 29 equal to 91?,No,-4.721155643463135,-4.290359020233154,-5.052054343223571,-4.668956136703491,0.3308986997604366,0.37859711647033656,No,True,No,True
Arithmetic,1_digit_subtraction,'',Is 5 minus 2 equal to 5?,No,-5.167178153991699,-4.734092712402344,-5.052054343223571,-4.668956136703491,-0.11512381076812783,-0.0651365756988529,No,True,No,True
Arithmetic,1_digit_addition,'',Is 7 plus 3 equal to 10?,Yes,-5.043581962585449,-4.611961841583252,-5.052054343223571,-4.668956136703491,0.008472380638122168,0.0569942951202389,No,False,No,False
Arithmetic,1_digit_multiplication,'',Is 4 times 6 equal to 24?,Yes,-4.789254665374756,-4.610836505889893,-5.052054343223571,-4.668956136703491,0.2627996778488155,0.05811963081359828,No,False,Yes,True
Arithmetic,2_digit_addition,'',Is 48 plus 96 equal to 144?,Yes,-4.9416279792785645,-4.44762659072876,-5.052054343223571,-4.668956136703491,0.11042636394500693,0.2213295459747311,No,False,No,False
Arithmetic,2_digit_subtraction,'',Is 41 minus 45 equal to 94?,No,-4.8724751472473145,-4.317743301391602,-5.052054343223571,-4.668956136703491,0.17957919597625693,0.3512128353118893,No,True,No,True
Arithmetic,1_digit_multiplication,'',Is 6 times 3 equal to 56?,No,-4.775022506713867,-4.656805038452148,-5.052054343223571,-4.668956136703491,0.2770318365097042,0.012151098251342418,No,True,Yes,False
Arithmetic,1_digit_subtraction,'',Is 7 minus 3 equal to 4?,Yes,-5.226859092712402,-4.735752105712891,-5.052054343223571,-4.668956136703491,-0.17480474948883096,-0.06679596900939977,No,False,No,False
Arithmetic,2_digit_addition,'',Is 26 plus 85 equal to 331?,No,-4.9075608253479,-4.4771904945373535,-5.052054343223571,-4.668956136703491,0.144493517875671,0.19176564216613734,No,True,No,True
Arithmetic,2_digit_addition,'',Is 71 plus 34 equal to 352?,No,-4.735960006713867,-4.432803153991699,-5.052054343223571,-4.668956136703491,0.3160943365097042,0.23615298271179164,No,True,Yes,False
Arithmetic,1_digit_subtraction,'',Is 8 minus 8 equal to 0?,Yes,-5.239665985107422,-4.5638108253479,-5.052054343223571,-4.668956136703491,-0.1876116418838505,0.10514531135559047,No,False,No,False
Arithmetic,1_digit_addition,'',Is 3 plus 1 equal to 4?,Yes,-4.888125419616699,-4.766921520233154,-5.052054343223571,-4.668956136703491,0.16392892360687217,-0.09796538352966344,No,False,Yes,True
Arithmetic,1_digit_subtraction,'',Is 3 minus 7 equal to 88?,No,-5.039617538452148,-4.483019828796387,-5.052054343223571,-4.668956136703491,0.012436804771422949,0.18593630790710414,No,True,No,True
Arithmetic,2_digit_addition,'',Is 13 plus 36 equal to 31?,No,-4.866778373718262,-4.498056411743164,-5.052054343223571,-4.668956136703491,0.18527596950530967,0.1708997249603268,No,True,Yes,False
Arithmetic,1_digit_multiplication,'',Is 3 times 0 equal to 0?,Yes,-4.905860900878906,-4.790647506713867,-5.052054343223571,-4.668956136703491,0.14619344234466514,-0.12169137001037633,No,False,Yes,True
Arithmetic,1_digit_subtraction,'',Is 0 minus 0 equal to 0?,Yes,-5.430219650268555,-4.889241695404053,-5.052054343223571,-4.668956136703491,-0.3781653070449833,-0.22028555870056188,No,False,No,False
Arithmetic,1_digit_multiplication,'',Is 6 times 3 equal to 18?,Yes,-4.902445793151856,-4.846155643463135,-5.052054343223571,-4.668956136703491,0.14960855007171503,-0.1771995067596439,No,False,Yes,True
Arithmetic,1_digit_subtraction,'',Is 0 minus 1 equal to -1?,Yes,-5.695844650268555,-5.09703540802002,-5.052054343223571,-4.668956136703491,-0.6437903070449833,-0.42807927131652956,No,False,No,False
Arithmetic,2_digit_subtraction,'',Is 11 minus 72 equal to 552?,No,-5.2775654792785645,-4.660827159881592,-5.052054343223571,-4.668956136703491,-0.22551113605499307,0.008128976821899059,No,True,No,True
Arithmetic,2_digit_addition,'',Is 78 plus 53 equal to 659?,No,-5.110874652862549,-4.6849751472473145,-5.052054343223571,-4.668956136703491,-0.05882030963897744,-0.016019010543823597,No,True,No,True
Arithmetic,2_digit_addition,'',Is 66 plus 58 equal to 124?,Yes,-4.914254665374756,-4.424990653991699,-5.052054343223571,-4.668956136703491,0.13779967784881553,0.24396548271179164,No,False,No,False
Arithmetic,1_digit_subtraction,'',Is 9 minus 2 equal to 7?,Yes,-5.254519462585449,-4.698450088500977,-5.052054343223571,-4.668956136703491,-0.20246511936187783,-0.029493951797485707,No,False,No,False
Arithmetic,1_digit_multiplication,'',Is 0 times 4 equal to 0?,Yes,-5.316341876983643,-5.078657150268555,-5.052054343223571,-4.668956136703491,-0.2642875337600712,-0.40970101356506383,No,False,Yes,True
Arithmetic,1_digit_multiplication,'',Is 0 times 2 equal to 4?,No,-5.065546035766602,-5.196477890014648,-5.052054343223571,-4.668956136703491,-0.013491692543030176,-0.5275217533111576,Yes,False,Yes,False
Arithmetic,1_digit_addition,'',Is 5 plus 8 equal to 38?,No,-4.931149005889893,-4.373056411743164,-5.052054343223571,-4.668956136703491,0.12090533733367881,0.2958997249603268,No,True,No,True
Arithmetic,1_digit_subtraction,'',Is 4 minus 8 equal to -4?,Yes,-5.477504253387451,-4.803043365478516,-5.052054343223571,-4.668956136703491,-0.4254499101638798,-0.13408722877502477,No,False,No,False
Arithmetic,2_digit_addition,'',Is 29 plus 68 equal to 87?,No,-4.509274005889893,-4.264269828796387,-5.052054343223571,-4.668956136703491,0.5427803373336788,0.40468630790710414,No,True,Yes,False
Arithmetic,2_digit_multiplication,'',Is 84 times 36 equal to 7062?,No,-5.366523742675781,-5.138332843780518,-5.052054343223571,-4.668956136703491,-0.31446939945220986,-0.4693767070770267,No,True,Yes,False
Arithmetic,1_digit_addition,'',Is 3 plus 4 equal to 7?,Yes,-5.080530643463135,-4.773354530334473,-5.052054343223571,-4.668956136703491,-0.02847630023956338,-0.1043983936309818,No,False,Yes,True
Arithmetic,2_digit_multiplication,'',Is 37 times 48 equal to 1776?,Yes,-5.122604370117188,-4.701690196990967,-5.052054343223571,-4.668956136703491,-0.070550026893617,-0.03273406028747594,No,False,No,False
Arithmetic,1_digit_subtraction,'',Is 4 minus 6 equal to -2?,Yes,-5.73765230178833,-4.938055038452148,-5.052054343223571,-4.668956136703491,-0.6855979585647587,-0.2690989017486576,No,False,No,False
Arithmetic,2_digit_subtraction,'',Is 97 minus 66 equal to 31?,Yes,-4.901333332061768,-4.410827159881592,-5.052054343223571,-4.668956136703491,0.1507210111618038,0.25812897682189906,No,False,No,False
Arithmetic,1_digit_subtraction,'',Is 1 minus 0 equal to 1?,Yes,-5.345130920410156,-4.981969356536865,-5.052054343223571,-4.668956136703491,-0.29307657718658486,-0.3130132198333744,No,False,Yes,True
Arithmetic,1_digit_subtraction,'',Is 8 minus 3 equal to 5?,Yes,-5.204710006713867,-4.714053153991699,-5.052054343223571,-4.668956136703491,-0.1526556634902958,-0.04509701728820836,No,False,No,False
Arithmetic,1_digit_addition,'',Is 5 plus 5 equal to 98?,No,-4.918639659881592,-4.297081470489502,-5.052054343223571,-4.668956136703491,0.1334146833419796,0.3718746662139889,No,True,No,True
Arithmetic,1_digit_addition,'',Is 0 plus 5 equal to 1?,No,-5.173883438110352,-4.871968746185303,-5.052054343223571,-4.668956136703491,-0.12182909488678018,-0.20301260948181188,No,True,Yes,False
Arithmetic,1_digit_subtraction,'',Is 6 minus 4 equal to 8?,No,-5.252405643463135,-4.759737491607666,-5.052054343223571,-4.668956136703491,-0.20035130023956338,-0.09078135490417516,No,True,No,True
Arithmetic,2_digit_addition,'',Is 86 plus 78 equal to 164?,Yes,-4.804879665374756,-4.43981409072876,-5.052054343223571,-4.668956136703491,0.24717467784881553,0.2291420459747311,No,False,Yes,True
Arithmetic,2_digit_multiplication,'',Is 95 times 18 equal to 1710?,Yes,-5.309637069702148,-4.759274005889893,-5.052054343223571,-4.668956136703491,-0.25758272647857705,-0.09031786918640172,No,False,No,False
Arithmetic,1_digit_subtraction,'',Is 5 minus 9 equal to -4?,Yes,-5.496195793151856,-4.818668365478516,-5.052054343223571,-4.668956136703491,-0.44414144992828497,-0.14971222877502477,No,False,No,False
Arithmetic,1_digit_addition,'',Is 1 plus 0 equal to 1?,Yes,-5.118129253387451,-4.997594356536865,-5.052054343223571,-4.668956136703491,-0.06607491016387979,-0.3286382198333744,No,False,Yes,True
Arithmetic,2_digit_multiplication,'',Is 88 times 44 equal to 3872?,Yes,-5.158927440643311,-4.738563060760498,-5.052054343223571,-4.668956136703491,-0.10687309741974005,-0.06960692405700719,No,False,No,False
Arithmetic,1_digit_subtraction,'',Is 7 minus 4 equal to 3?,Yes,-5.338459491729736,-4.786562919616699,-5.052054343223571,-4.668956136703491,-0.28640514850616494,-0.11760678291320836,No,False,No,False
Arithmetic,2_digit_subtraction,'',Is 45 minus 45 equal to 0?,Yes,-4.974040985107422,-4.420784950256348,-5.052054343223571,-4.668956136703491,0.07801335811614951,0.2481711864471432,No,False,No,False
Arithmetic,2_digit_multiplication,'',Is 61 times 49 equal to 2989?,Yes,-4.861014366149902,-4.500296592712402,-5.052054343223571,-4.668956136703491,0.19103997707366904,0.1686595439910885,No,False,Yes,True
Arithmetic,2_digit_multiplication,'',Is 87 times 84 equal to 5834?,No,-5.041070938110352,-4.813441753387451,-5.052054343223571,-4.668956136703491,0.010983405113219824,-0.14448561668396032,No,True,Yes,False
Arithmetic,1_digit_subtraction,'',Is 1 minus 6 equal to -5?,Yes,-5.700093746185303,-5.091344356536865,-5.052054343223571,-4.668956136703491,-0.6480394029617313,-0.4223882198333744,No,False,No,False
Arithmetic,1_digit_subtraction,'',Is 2 minus 4 equal to -2?,Yes,-5.819828510284424,-5.210006237030029,-5.052054343223571,-4.668956136703491,-0.7677741670608524,-0.5410501003265384,No,False,No,False
Arithmetic,1_digit_addition,'',Is 1 plus 8 equal to 9?,Yes,-4.922067165374756,-4.678252696990967,-5.052054343223571,-4.668956136703491,0.12998717784881553,-0.009296560287475941,No,False,Yes,True
Arithmetic,1_digit_subtraction,'',Is 3 minus 9 equal to 90?,No,-4.78977632522583,-4.293662071228027,-5.052054343223571,-4.668956136703491,0.2622780179977413,0.3752940654754635,No,True,No,True
Arithmetic,1_digit_addition,'',Is 6 plus 1 equal to 1?,No,-5.126585006713867,-4.757403373718262,-5.052054343223571,-4.668956136703491,-0.0745306634902958,-0.08844723701477086,No,True,Yes,False
Arithmetic,1_digit_addition,'',Is 4 plus 5 equal to 9?,Yes,-4.932093143463135,-4.438796520233154,-5.052054343223571,-4.668956136703491,0.11996119976043662,0.23015961647033656,No,False,No,False
Arithmetic,2_digit_subtraction,'',Is 75 minus 70 equal to 5?,Yes,-5.321812152862549,-4.8322529792785645,-5.052054343223571,-4.668956136703491,-0.26975780963897744,-0.1632968425750736,No,False,No,False
Arithmetic,1_digit_addition,'',Is 2 plus 8 equal to 44?,No,-4.893146991729736,-4.586084842681885,-5.052054343223571,-4.668956136703491,0.15890735149383506,0.08287129402160609,No,True,Yes,False
Arithmetic,1_digit_multiplication,'',Is 3 times 0 equal to 2?,No,-4.90171480178833,-5.032835006713867,-5.052054343223571,-4.668956136703491,0.1503395414352413,-0.36387887001037633,Yes,False,Yes,False
Arithmetic,1_digit_multiplication,'',Is 1 times 0 equal to 0?,Yes,-4.950729370117188,-4.954624652862549,-5.052054343223571,-4.668956136703491,0.101324973106383,-0.285668516159058,Yes,True,Yes,True
Arithmetic,1_digit_multiplication,'',Is 5 times 9 equal to 92?,No,-4.8334126472473145,-4.52575159072876,-5.052054343223571,-4.668956136703491,0.21864169597625693,0.1432045459747311,No,True,Yes,False
Arithmetic,1_digit_multiplication,'',Is 0 times 6 equal to 6?,No,-5.12917947769165,-5.138912677764893,-5.052054343223571,-4.668956136703491,-0.077125134468079,-0.4699565410614017,Yes,False,Yes,False
Arithmetic,1_digit_addition,'',Is 2 plus 0 equal to 2?,Yes,-5.192449569702148,-5.0744404792785645,-5.052054343223571,-4.668956136703491,-0.14039522647857705,-0.4054843425750736,No,False,Yes,True
Arithmetic,2_digit_multiplication,'',Is 10 times 37 equal to 370?,Yes,-5.100472450256348,-4.6085357666015625,-5.052054343223571,-4.668956136703491,-0.04841810703277627,0.060420370101928356,No,False,No,False
Arithmetic,1_digit_addition,'',Is 7 plus 4 equal to 19?,No,-5.22202730178833,-4.6693501472473145,-5.052054343223571,-4.668956136703491,-0.1699729585647587,-0.00039401054382359746,No,True,No,True
Arithmetic,1_digit_addition,'',Is 2 plus 2 equal to 5?,No,-4.943877696990967,-4.823428153991699,-5.052054343223571,-4.668956136703491,0.10817664623260459,-0.15447201728820836,No,True,Yes,False
Arithmetic,1_digit_multiplication,'',Is 4 times 7 equal to 92?,No,-4.828317165374756,-4.523992538452148,-5.052054343223571,-4.668956136703491,0.22373717784881553,0.14496359825134242,No,True,Yes,False
Arithmetic,1_digit_addition,'',Is 9 plus 6 equal to 15?,Yes,-4.852939605712891,-4.481996059417725,-5.052054343223571,-4.668956136703491,0.19911473751068076,0.18696007728576625,No,False,Yes,True
Arithmetic,1_digit_addition,'',Is 1 plus 7 equal to 4?,No,-5.053950309753418,-4.872594356536865,-5.052054343223571,-4.668956136703491,-0.0018959665298465822,-0.20363821983337438,No,True,Yes,False
Arithmetic,2_digit_subtraction,'',Is 59 minus 61 equal to -2?,Yes,-5.400076866149902,-4.855121612548828,-5.052054343223571,-4.668956136703491,-0.34802252292633096,-0.18616547584533727,No,False,No,False
Arithmetic,2_digit_subtraction,'',Is 84 minus 14 equal to 59?,No,-4.845335006713867,-4.417178153991699,-5.052054343223571,-4.668956136703491,0.2067193365097042,0.25177798271179164,No,True,No,True
Arithmetic,2_digit_multiplication,'',Is 23 times 62 equal to 1426?,Yes,-5.038673400878906,-4.8021626472473145,-5.052054343223571,-4.668956136703491,0.013380942344665137,-0.1332065105438236,No,False,Yes,True
Arithmetic,1_digit_subtraction,'',Is 8 minus 5 equal to 2?,No,-5.329145908355713,-4.781442165374756,-5.052054343223571,-4.668956136703491,-0.2770915651321415,-0.112486028671265,No,True,No,True
Arithmetic,2_digit_subtraction,'',Is 53 minus 54 equal to 42?,No,-4.8322529792785645,-4.403680801391602,-5.052054343223571,-4.668956136703491,0.21980136394500693,0.2652753353118893,No,True,No,True
Arithmetic,1_digit_addition,'',Is 8 plus 7 equal to 15?,Yes,-4.971155643463135,-4.6021904945373535,-5.052054343223571,-4.668956136703491,0.08089869976043662,0.06676564216613734,No,False,Yes,True
Arithmetic,1_digit_multiplication,'',Is 3 times 4 equal to 12?,Yes,-4.923460006713867,-4.868649005889893,-5.052054343223571,-4.668956136703491,0.1285943365097042,-0.19969286918640172,No,False,Yes,True
Arithmetic,2_digit_multiplication,'',Is 57 times 13 equal to 554?,No,-5.211958408355713,-4.915647506713867,-5.052054343223571,-4.668956136703491,-0.1599040651321415,-0.24669137001037633,No,True,Yes,False
Arithmetic,2_digit_multiplication,'',Is 46 times 57 equal to 9476?,No,-5.004896640777588,-4.710200309753418,-5.052054343223571,-4.668956136703491,0.047157702445983496,-0.04124417304992711,No,True,Yes,False
Arithmetic,1_digit_addition,'',Is 2 plus 9 equal to 11?,Yes,-4.944222450256348,-4.638980865478516,-5.052054343223571,-4.668956136703491,0.10783189296722373,0.02997527122497523,No,False,Yes,True
Arithmetic,2_digit_multiplication,'',Is 54 times 99 equal to 9293?,No,-4.931326866149902,-4.631881237030029,-5.052054343223571,-4.668956136703491,0.12072747707366904,0.03707489967346156,No,True,Yes,False
Arithmetic,2_digit_addition,'',Is 68 plus 82 equal to 349?,No,-4.838459491729736,-4.534684658050537,-5.052054343223571,-4.668956136703491,0.21359485149383506,0.13427147865295375,No,True,Yes,False
Arithmetic,1_digit_multiplication,'',Is 1 times 2 equal to 2?,Yes,-5.056187152862549,-5.37046480178833,-5.052054343223571,-4.668956136703491,-0.004132809638977442,-0.7015086650848392,Yes,True,Yes,True
Arithmetic,1_digit_multiplication,'',Is 7 times 4 equal to 98?,No,-5.024379253387451,-4.5981526374816895,-5.052054343223571,-4.668956136703491,0.027675089836120215,0.0708034992218014,No,True,No,True
Arithmetic,1_digit_subtraction,'',Is 0 minus 1 equal to 29?,No,-5.201741695404053,-4.657835006713867,-5.052054343223571,-4.668956136703491,-0.14968735218048135,0.011121129989623668,No,True,No,True
Arithmetic,1_digit_subtraction,'',Is 4 minus 9 equal to -5?,Yes,-5.464945793151856,-4.726479530334473,-5.052054343223571,-4.668956136703491,-0.41289144992828497,-0.0575233936309818,No,False,No,False
Arithmetic,2_digit_multiplication,'',Is 14 times 86 equal to 6736?,No,-5.075832843780518,-4.775975227355957,-5.052054343223571,-4.668956136703491,-0.02377850055694619,-0.10701909065246618,No,True,Yes,False
Arithmetic,2_digit_addition,'',Is 99 plus 48 equal to 970?,No,-4.67258882522583,-4.238030433654785,-5.052054343223571,-4.668956136703491,0.3794655179977413,0.4309257030487057,No,True,No,True
Arithmetic,1_digit_multiplication,'',Is 3 times 9 equal to 27?,Yes,-4.897148609161377,-4.780840873718262,-5.052054343223571,-4.668956136703491,0.15490573406219443,-0.11188473701477086,No,False,Yes,True
Arithmetic,2_digit_subtraction,'',Is 65 minus 49 equal to 16?,Yes,-5.0677876472473145,-4.513055801391602,-5.052054343223571,-4.668956136703491,-0.015733304023743067,0.1559003353118893,No,False,No,False
Arithmetic,1_digit_subtraction,'',Is 1 minus 9 equal to 66?,No,-5.240898609161377,-4.626461505889893,-5.052054343223571,-4.668956136703491,-0.18884426593780557,0.04249463081359828,No,True,No,True
Arithmetic,1_digit_addition,'',Is 4 plus 9 equal to 13?,Yes,-5.209502696990967,-4.529306411743164,-5.052054343223571,-4.668956136703491,-0.1574483537673954,0.1396497249603268,No,False,No,False
Arithmetic,1_digit_multiplication,'',Is 7 times 6 equal to 42?,Yes,-4.95640230178833,-4.717315196990967,-5.052054343223571,-4.668956136703491,0.09565204143524131,-0.04835906028747594,No,False,Yes,True
Arithmetic,1_digit_addition,'',Is 8 plus 4 equal to 12?,Yes,-4.8646626472473145,-4.495303153991699,-5.052054343223571,-4.668956136703491,0.18739169597625693,0.17365298271179164,No,False,Yes,True
Arithmetic,2_digit_addition,'',Is 69 plus 80 equal to 149?,Yes,-4.8869404792785645,-4.457702159881592,-5.052054343223571,-4.668956136703491,0.16511386394500693,0.21125397682189906,No,False,No,False
Arithmetic,1_digit_addition,'',Is 9 plus 4 equal to 78?,No,-4.81636905670166,-4.258478164672852,-5.052054343223571,-4.668956136703491,0.23568528652191123,0.4104779720306393,No,True,No,True
Arithmetic,2_digit_subtraction,'',Is 46 minus 30 equal to 88?,No,-5.053597450256348,-4.499917030334473,-5.052054343223571,-4.668956136703491,-0.0015431070327762697,0.1690391063690182,No,True,No,True
Arithmetic,2_digit_addition,'',Is 15 plus 55 equal to 70?,Yes,-4.760928153991699,-4.389269828796387,-5.052054343223571,-4.668956136703491,0.29112618923187217,0.27968630790710414,No,False,Yes,True
Arithmetic,2_digit_multiplication,'',Is 46 times 52 equal to 2392?,Yes,-5.085548400878906,-4.6615376472473145,-5.052054343223571,-4.668956136703491,-0.03349405765533486,0.0074184894561764025,No,False,No,False
Arithmetic,2_digit_subtraction,'',Is 79 minus 11 equal to 68?,Yes,-5.071897506713867,-4.58199405670166,-5.052054343223571,-4.668956136703491,-0.0198431634902958,0.0869620800018307,No,False,No,False
Arithmetic,2_digit_multiplication,'',Is 63 times 37 equal to 2331?,Yes,-5.160125732421875,-4.742379665374756,-5.052054343223571,-4.668956136703491,-0.10807138919830361,-0.073423528671265,No,False,No,False
Arithmetic,2_digit_subtraction,'',Is 86 minus 38 equal to 48?,Yes,-4.961084842681885,-4.4693779945373535,-5.052054343223571,-4.668956136703491,0.09096950054168662,0.19957814216613734,No,False,No,False
Arithmetic,1_digit_subtraction,'',Is 9 minus 7 equal to 2?,Yes,-5.240898609161377,-4.750555038452148,-5.052054343223571,-4.668956136703491,-0.18884426593780557,-0.08159890174865758,No,False,No,False
Arithmetic,2_digit_subtraction,'',Is 56 minus 99 equal to 866?,No,-5.205837726593018,-4.530507564544678,-5.052054343223571,-4.668956136703491,-0.1537833833694462,0.13844857215881312,No,True,No,True
Arithmetic,1_digit_addition,'',Is 7 plus 8 equal to 15?,Yes,-5.037521839141846,-4.667717933654785,-5.052054343223571,-4.668956136703491,0.014532504081725683,0.0012382030487056994,No,False,Yes,True
Arithmetic,2_digit_subtraction,'',Is 29 minus 24 equal to 5?,Yes,-5.115898609161377,-4.749590873718262,-5.052054343223571,-4.668956136703491,-0.06384426593780557,-0.08063473701477086,No,False,Yes,True
Arithmetic,2_digit_addition,'',Is 93 plus 50 equal to 278?,No,-4.803756237030029,-4.3125081062316895,-5.052054343223571,-4.668956136703491,0.2482981061935421,0.3564480304718014,No,True,No,True
Arithmetic,2_digit_multiplication,'',Is 63 times 23 equal to 3084?,No,-5.074188232421875,-4.779961109161377,-5.052054343223571,-4.668956136703491,-0.022133889198303613,-0.1110049724578861,No,True,Yes,False
Arithmetic,1_digit_subtraction,'',Is 9 minus 7 equal to 9?,No,-4.97106409072876,-4.477659702301025,-5.052054343223571,-4.668956136703491,0.08099025249481162,0.19129643440246547,No,True,No,True
Arithmetic,1_digit_addition,'',Is 9 plus 2 equal to 11?,Yes,-4.893740653991699,-4.461143970489502,-5.052054343223571,-4.668956136703491,0.15831368923187217,0.2078121662139889,No,False,No,False
Arithmetic,2_digit_addition,'',Is 80 plus 11 equal to 91?,Yes,-4.601479530334473,-4.230645656585693,-5.052054343223571,-4.668956136703491,0.45057481288909873,0.4383104801177975,No,False,Yes,True
Arithmetic,1_digit_addition,'',Is 7 plus 4 equal to 11?,Yes,-5.0744404792785645,-4.58199405670166,-5.052054343223571,-4.668956136703491,-0.022386136054993067,0.0869620800018307,No,False,No,False
Arithmetic,1_digit_multiplication,'',Is 0 times 9 equal to 0?,Yes,-5.238657474517822,-5.003711700439453,-5.052054343223571,-4.668956136703491,-0.18660313129425088,-0.33475556373596227,No,False,Yes,True
Arithmetic,2_digit_subtraction,'',Is 29 minus 67 equal to -38?,Yes,-5.235519886016846,-4.747610092163086,-5.052054343223571,-4.668956136703491,-0.18346554279327432,-0.07865395545959508,No,False,No,False
Arithmetic,2_digit_multiplication,'',Is 20 times 56 equal to 7037?,No,-5.249478340148926,-4.75926399230957,-5.052054343223571,-4.668956136703491,-0.1974239969253544,-0.09030785560607946,No,True,No,True
Arithmetic,2_digit_multiplication,'',Is 97 times 29 equal to 9518?,No,-5.093228340148926,-4.791600227355957,-5.052054343223571,-4.668956136703491,-0.041173996925354395,-0.12264409065246618,No,True,Yes,False
Arithmetic,1_digit_multiplication,'',Is 3 times 3 equal to 6?,No,-4.870083332061768,-5.001461505889893,-5.052054343223571,-4.668956136703491,0.1819710111618038,-0.3325053691864017,Yes,False,Yes,False
Arithmetic,2_digit_multiplication,'',Is 45 times 39 equal to 1755?,Yes,-5.131523609161377,-4.70543909072876,-5.052054343223571,-4.668956136703491,-0.07946926593780557,-0.03648295402526891,No,False,No,False
Arithmetic,1_digit_subtraction,'',Is 6 minus 6 equal to 0?,Yes,-5.325262069702148,-4.647002696990967,-5.052054343223571,-4.668956136703491,-0.27320772647857705,0.02195343971252406,No,False,No,False
Arithmetic,1_digit_addition,'',Is 9 plus 3 equal to 12?,Yes,-4.8209404945373535,-4.511895656585693,-5.052054343223571,-4.668956136703491,0.23111384868621787,0.1570604801177975,No,False,Yes,True
Arithmetic,2_digit_addition,'',Is 55 plus 32 equal to 32?,No,-4.359581470489502,-4.174769878387451,-5.052054343223571,-4.668956136703491,0.6924728727340694,0.4941862583160397,No,True,Yes,False
Arithmetic,2_digit_addition,'',Is 27 plus 58 equal to 27?,No,-4.737490653991699,-4.429893970489502,-5.052054343223571,-4.668956136703491,0.31456368923187217,0.2390621662139889,No,True,Yes,False
Arithmetic,1_digit_subtraction,'',Is 4 minus 4 equal to 5?,No,-5.17418909072876,-4.617393970489502,-5.052054343223571,-4.668956136703491,-0.12213474750518838,0.0515621662139889,No,True,No,True
Arithmetic,2_digit_multiplication,'',Is 40 times 12 equal to 480?,Yes,-4.893520832061768,-4.524899005889893,-5.052054343223571,-4.668956136703491,0.1585335111618038,0.14405713081359828,No,False,Yes,True
Arithmetic,1_digit_subtraction,'',Is 3 minus 9 equal to -6?,Yes,-5.475273609161377,-4.862490653991699,-5.052054343223571,-4.668956136703491,-0.42321926593780557,-0.19353451728820836,No,False,No,False
Arithmetic,1_digit_subtraction,'',Is 2 minus 4 equal to 16?,No,-5.246195793151856,-4.8169026374816895,-5.052054343223571,-4.668956136703491,-0.19414144992828497,-0.1479465007781986,No,True,No,True
Arithmetic,2_digit_multiplication,'',Is 91 times 55 equal to 1342?,No,-5.092991352081299,-4.795784950256348,-5.052054343223571,-4.668956136703491,-0.04093700885772744,-0.1268288135528568,No,True,Yes,False
Arithmetic,2_digit_addition,'',Is 37 plus 33 equal to 45?,No,-4.6475982666015625,-4.340020656585693,-5.052054343223571,-4.668956136703491,0.4044560766220089,0.3289354801177975,No,True,Yes,False
Arithmetic,2_digit_addition,'',Is 21 plus 52 equal to 25?,No,-4.767086505889893,-4.397082328796387,-5.052054343223571,-4.668956136703491,0.2849678373336788,0.27187380790710414,No,True,Yes,False
Arithmetic,1_digit_multiplication,'',Is 6 times 6 equal to 31?,No,-4.8556904792785645,-4.73824405670166,-5.052054343223571,-4.668956136703491,0.19636386394500693,-0.0692879199981693,No,True,Yes,False
Arithmetic,1_digit_multiplication,'',Is 5 times 7 equal to 60?,No,-4.791958332061768,-4.673336505889893,-5.052054343223571,-4.668956136703491,0.2600960111618038,-0.0043803691864017225,No,True,Yes,False
Arithmetic,2_digit_subtraction,'',Is 64 minus 16 equal to 48?,Yes,-4.9260029792785645,-4.432803153991699,-5.052054343223571,-4.668956136703491,0.12605136394500693,0.23615298271179164,No,False,No,False
Arithmetic,2_digit_multiplication,'',Is 25 times 49 equal to 8152?,No,-5.302165985107422,-4.872594356536865,-5.052054343223571,-4.668956136703491,-0.2501116418838505,-0.20363821983337438,No,True,No,True
Arithmetic,2_digit_addition,'',Is 50 plus 91 equal to 159?,No,-4.898992538452148,-4.403014659881592,-5.052054343223571,-4.668956136703491,0.15306180477142295,0.26594147682189906,No,True,No,True
Arithmetic,1_digit_subtraction,'',Is 5 minus 1 equal to 4?,Yes,-5.173336505889893,-4.740243911743164,-5.052054343223571,-4.668956136703491,-0.12128216266632119,-0.0712877750396732,No,False,No,False
Arithmetic,2_digit_addition,'',Is 76 plus 94 equal to 168?,No,-4.889534950256348,-4.521793365478516,-5.052054343223571,-4.668956136703491,0.16251939296722373,0.14716277122497523,No,True,Yes,False
Arithmetic,2_digit_addition,'',Is 78 plus 64 equal to 142?,Yes,-4.823208332061768,-4.395202159881592,-5.052054343223571,-4.668956136703491,0.2288460111618038,0.27375397682189906,No,False,No,False
Arithmetic,1_digit_multiplication,'',Is 0 times 7 equal to 0?,Yes,-5.246029376983643,-5.070844650268555,-5.052054343223571,-4.668956136703491,-0.1939750337600712,-0.40188851356506383,No,False,Yes,True
Arithmetic,2_digit_addition,'',Is 61 plus 58 equal to 119?,Yes,-4.718942165374756,-4.292178153991699,-5.052054343223571,-4.668956136703491,0.3331121778488155,0.37677798271179164,No,False,No,False
Arithmetic,2_digit_addition,'',Is 62 plus 55 equal to 628?,No,-4.954269886016846,-4.589496612548828,-5.052054343223571,-4.668956136703491,0.09778445720672568,0.07945952415466273,No,True,Yes,False
Arithmetic,1_digit_multiplication,'',Is 0 times 0 equal to 0?,Yes,-5.320363998413086,-5.139567852020264,-5.052054343223571,-4.668956136703491,-0.26830965518951455,-0.4706117153167728,No,False,Yes,True
Arithmetic,1_digit_multiplication,'',Is 9 times 8 equal to 32?,No,-4.700625419616699,-4.581195831298828,-5.052054343223571,-4.668956136703491,0.35142892360687217,0.08776030540466273,No,True,Yes,False
Arithmetic,2_digit_multiplication,'',Is 69 times 45 equal to 3105?,Yes,-5.265758514404297,-4.969894886016846,-5.052054343223571,-4.668956136703491,-0.2137041711807255,-0.30093874931335485,No,False,Yes,True
Arithmetic,1_digit_subtraction,'',Is 0 minus 9 equal to -9?,Yes,-5.555219650268555,-4.958541870117188,-5.052054343223571,-4.668956136703491,-0.5031653070449833,-0.28958573341369753,No,False,No,False
Arithmetic,2_digit_addition,'',Is 45 plus 89 equal to 134?,Yes,-5.004949569702148,-4.515215873718262,-5.052054343223571,-4.668956136703491,0.04710477352142295,0.15374026298522914,No,False,No,False
Arithmetic,1_digit_subtraction,'',Is 9 minus 2 equal to 5?,No,-5.11168909072876,-4.678885459899902,-5.052054343223571,-4.668956136703491,-0.05963474750518838,-0.009929323196411488,No,True,No,True
Arithmetic,2_digit_subtraction,'',Is 41 minus 29 equal to 12?,Yes,-5.058875560760498,-4.5078206062316895,-5.052054343223571,-4.668956136703491,-0.00682121753692666,0.1611355304718014,No,False,No,False
Arithmetic,1_digit_multiplication,'',Is 6 times 1 equal to 4?,No,-4.91733980178833,-4.924770832061768,-5.052054343223571,-4.668956136703491,0.1347145414352413,-0.2558146953582767,Yes,False,Yes,False
Arithmetic,1_digit_subtraction,'',Is 3 minus 8 equal to -5?,Yes,-5.502712726593018,-4.889882564544678,-5.052054343223571,-4.668956136703491,-0.4506583833694462,-0.22092642784118688,No,False,No,False
Arithmetic,1_digit_subtraction,'',Is 8 minus 4 equal to 2?,No,-5.275076866149902,-4.724325656890869,-5.052054343223571,-4.668956136703491,-0.22302252292633096,-0.055369520187378285,No,True,No,True
Arithmetic,2_digit_multiplication,'',Is 16 times 22 equal to 352?,Yes,-5.159888744354248,-4.797171592712402,-5.052054343223571,-4.668956136703491,-0.10783440113067666,-0.1282154560089115,No,False,Yes,True
Arithmetic,1_digit_subtraction,'',Is 9 minus 6 equal to 3?,Yes,-5.345335006713867,-4.792178153991699,-5.052054343223571,-4.668956136703491,-0.2932806634902958,-0.12322201728820836,No,False,No,False
Arithmetic,2_digit_multiplication,'',Is 52 times 64 equal to 4487?,No,-5.114620685577393,-4.757290840148926,-5.052054343223571,-4.668956136703491,-0.06256634235382119,-0.08833470344543493,No,True,Yes,False
Arithmetic,2_digit_subtraction,'',Is 69 minus 74 equal to -5?,Yes,-5.37047290802002,-4.7631001472473145,-5.052054343223571,-4.668956136703491,-0.31841856479644903,-0.0941440105438236,No,False,No,False
Arithmetic,2_digit_multiplication,'',Is 52 times 16 equal to 833?,No,-5.124241352081299,-4.825719356536865,-5.052054343223571,-4.668956136703491,-0.07218700885772744,-0.15676321983337438,No,True,Yes,False
Arithmetic,1_digit_subtraction,'',Is 9 minus 1 equal to 2?,No,-5.242484092712402,-4.811757564544678,-5.052054343223571,-4.668956136703491,-0.19042974948883096,-0.14280142784118688,No,True,No,True
Arithmetic,1_digit_subtraction,'',Is 1 minus 7 equal to 68?,No,-5.36265230178833,-4.748565196990967,-5.052054343223571,-4.668956136703491,-0.3105979585647587,-0.07960906028747594,No,True,No,True
Arithmetic,2_digit_subtraction,'',Is 83 minus 10 equal to 48?,No,-4.916958332061768,-4.487490653991699,-5.052054343223571,-4.668956136703491,0.1350960111618038,0.18146548271179164,No,True,No,True
Arithmetic,1_digit_addition,'',Is 0 plus 1 equal to 5?,No,-5.216010570526123,-4.915207386016846,-5.052054343223571,-4.668956136703491,-0.16395622730255166,-0.24625124931335485,No,True,Yes,False
Arithmetic,2_digit_subtraction,'',Is 25 minus 14 equal to 34?,No,-5.381377696990967,-4.824889659881592,-5.052054343223571,-4.668956136703491,-0.3293233537673954,-0.15593352317810094,No,True,No,True
Arithmetic,2_digit_subtraction,'',Is 96 minus 25 equal to 86?,No,-4.960528373718262,-4.466806411743164,-5.052054343223571,-4.668956136703491,0.09152596950530967,0.2021497249603268,No,True,No,True
Arithmetic,1_digit_addition,'',Is 8 plus 2 equal to 47?,No,-4.905159950256348,-4.349918365478516,-5.052054343223571,-4.668956136703491,0.14689439296722373,0.31903777122497523,No,True,No,True
Arithmetic,2_digit_addition,'',Is 27 plus 77 equal to 104?,Yes,-4.93981409072876,-4.570030212402344,-5.052054343223571,-4.668956136703491,0.11224025249481162,0.0989259243011471,No,False,Yes,True
Arithmetic,2_digit_subtraction,'',Is 59 minus 99 equal to -40?,Yes,-5.259312152862549,-4.709502696990967,-5.052054343223571,-4.668956136703491,-0.20725780963897744,-0.04054656028747594,No,False,No,False
Arithmetic,1_digit_subtraction,'',Is 2 minus 7 equal to -5?,Yes,-5.668843746185303,-5.122594356536865,-5.052054343223571,-4.668956136703491,-0.6167894029617313,-0.4536382198333744,No,False,No,False
Arithmetic,1_digit_subtraction,'',Is 8 minus 2 equal to 9?,No,-5.122763156890869,-4.6328206062316895,-5.052054343223571,-4.668956136703491,-0.07070881366729775,0.0361355304718014,No,True,No,True
Arithmetic,1_digit_addition,'',Is 7 plus 7 equal to 14?,Yes,-5.232940196990967,-4.864618301391602,-5.052054343223571,-4.668956136703491,-0.1808858537673954,-0.1956621646881107,No,False,Yes,True
Arithmetic,1_digit_multiplication,'',Is 6 times 4 equal to 24?,Yes,-4.786199569702148,-4.670440196990967,-5.052054343223571,-4.668956136703491,0.26585477352142295,-0.0014840602874759412,No,False,Yes,True
Arithmetic,1_digit_addition,'',Is 3 plus 3 equal to 6?,Yes,-4.903860092163086,-4.72075080871582,-5.052054343223571,-4.668956136703491,0.14819425106048545,-0.05179467201232946,No,False,Yes,True
Arithmetic,2_digit_multiplication,'',Is 93 times 65 equal to 6045?,Yes,-4.874610900878906,-4.6381001472473145,-5.052054343223571,-4.668956136703491,0.17744344234466514,0.030855989456176403,No,False,Yes,True
Arithmetic,1_digit_addition,'',Is 9 plus 8 equal to 95?,No,-4.615243911743164,-4.1190714836120605,-5.052054343223571,-4.668956136703491,0.4368104314804073,0.5498846530914303,No,True,No,True
Arithmetic,2_digit_addition,'',Is 47 plus 73 equal to 120?,Yes,-4.8556904792785645,-4.364618301391602,-5.052054343223571,-4.668956136703491,0.19636386394500693,0.3043378353118893,No,False,No,False
Arithmetic,2_digit_addition,'',Is 97 plus 27 equal to 124?,Yes,-4.9494404792785645,-4.395868301391602,-5.052054343223571,-4.668956136703491,0.10261386394500693,0.2730878353118893,No,False,No,False
Arithmetic,2_digit_subtraction,'',Is 29 minus 14 equal to 14?,No,-5.0599751472473145,-4.629577159881592,-5.052054343223571,-4.668956136703491,-0.007920804023743067,0.03937897682189906,No,True,No,True
Arithmetic,1_digit_subtraction,'',Is 5 minus 8 equal to 97?,No,-5.134274005889893,-4.327322959899902,-5.052054343223571,-4.668956136703491,-0.08221966266632119,0.3416331768035885,No,True,No,True
Arithmetic,2_digit_multiplication,'',Is 71 times 90 equal to 3673?,No,-5.094915390014648,-4.865898609161377,-5.052054343223571,-4.668956136703491,-0.04286104679107705,-0.1969424724578861,No,True,Yes,False
Arithmetic,1_digit_subtraction,'',Is 1 minus 0 equal to 4?,No,-5.388229370117188,-5.025022506713867,-5.052054343223571,-4.668956136703491,-0.336175026893617,-0.35606637001037633,No,True,Yes,False
Arithmetic,2_digit_subtraction,'',Is 94 minus 89 equal to 5?,Yes,-5.228062152862549,-4.740752696990967,-5.052054343223571,-4.668956136703491,-0.17600780963897744,-0.07179656028747594,No,False,No,False
Arithmetic,1_digit_multiplication,'',Is 4 times 6 equal to 95?,No,-4.837522506713867,-4.47106409072876,-5.052054343223571,-4.668956136703491,0.2145318365097042,0.1978920459747311,No,True,Yes,False
Arithmetic,2_digit_subtraction,'',Is 43 minus 31 equal to 66?,No,-4.992334842681885,-4.501296520233154,-5.052054343223571,-4.668956136703491,0.05971950054168662,0.16765961647033656,No,True,No,True
Arithmetic,1_digit_multiplication,'',Is 2 times 2 equal to 5?,No,-4.914254665374756,-5.045440196990967,-5.052054343223571,-4.668956136703491,0.13779967784881553,-0.37648406028747594,Yes,False,Yes,False
Arithmetic,1_digit_multiplication,'',Is 4 times 8 equal to 32?,Yes,-4.896031856536865,-4.656167030334473,-5.052054343223571,-4.668956136703491,0.15602248668670615,0.0127891063690182,No,False,Yes,True
Arithmetic,2_digit_subtraction,'',Is 89 minus 60 equal to 95?,No,-4.845335006713867,-4.478024005889893,-5.052054343223571,-4.668956136703491,0.2067193365097042,0.19093213081359828,No,True,Yes,False
Arithmetic,2_digit_addition,'',Is 67 plus 70 equal to 123?,No,-4.880575656890869,-4.513235092163086,-5.052054343223571,-4.668956136703491,0.17147868633270225,0.15572104454040492,No,True,Yes,False
Arithmetic,1_digit_addition,'',Is 5 plus 7 equal to 76?,No,-4.875555038452148,-4.318368911743164,-5.052054343223571,-4.668956136703491,0.17649930477142295,0.3505872249603268,No,True,No,True
Arithmetic,2_digit_subtraction,'',Is 48 minus 30 equal to 94?,No,-5.053756237030029,-4.435959339141846,-5.052054343223571,-4.668956136703491,-0.0017018938064579103,0.23299679756164515,No,True,No,True
Arithmetic,1_digit_multiplication,'',Is 5 times 4 equal to 22?,No,-5.125192165374756,-4.819903373718262,-5.052054343223571,-4.668956136703491,-0.07313782215118447,-0.15094723701477086,No,True,Yes,False
Arithmetic,1_digit_addition,'',Is 2 plus 8 equal to 10?,Yes,-4.9271626472473145,-4.620303153991699,-5.052054343223571,-4.668956136703491,0.12489169597625693,0.04865298271179164,No,False,Yes,True
Arithmetic,1_digit_addition,'',Is 5 plus 2 equal to 8?,No,-4.942922592163086,-4.634189605712891,-5.052054343223571,-4.668956136703491,0.10913175106048545,0.03476653099060023,No,True,Yes,False
Arithmetic,2_digit_subtraction,'',Is 62 minus 99 equal to -37?,Yes,-5.654866695404053,-4.923460006713867,-5.052054343223571,-4.668956136703491,-0.6028123521804813,-0.25450387001037633,No,False,No,False
Arithmetic,2_digit_subtraction,'',Is 87 minus 73 equal to 14?,Yes,-5.39391040802002,-4.8490376472473145,-5.052054343223571,-4.668956136703491,-0.34185606479644903,-0.1800815105438236,No,False,No,False
Arithmetic,1_digit_subtraction,'',Is 2 minus 0 equal to 8?,No,-5.405860900878906,-4.9818501472473145,-5.052054343223571,-4.668956136703491,-0.35380655765533486,-0.3128940105438236,No,True,No,True
Arithmetic,2_digit_subtraction,'',Is 73 minus 48 equal to 88?,No,-4.870083332061768,-4.440615653991699,-5.052054343223571,-4.668956136703491,0.1819710111618038,0.22834048271179164,No,True,No,True
Arithmetic,2_digit_subtraction,'',Is 47 minus 78 equal to -31?,Yes,-5.655491352081299,-4.8637776374816895,-5.052054343223571,-4.668956136703491,-0.6034370088577274,-0.1948215007781986,No,False,No,False
Arithmetic,2_digit_addition,'',Is 77 plus 97 equal to 609?,No,-5.218360900878906,-4.7306904792785645,-5.052054343223571,-4.668956136703491,-0.16630655765533486,-0.0617343425750736,No,True,No,True
Arithmetic,2_digit_subtraction,'',Is 41 minus 55 equal to -14?,Yes,-5.79234790802002,-4.936065196990967,-5.052054343223571,-4.668956136703491,-0.740293564796449,-0.26710906028747594,No,False,No,False
Arithmetic,2_digit_subtraction,'',Is 67 minus 63 equal to 9?,No,-5.077366352081299,-4.6575608253479,-5.052054343223571,-4.668956136703491,-0.02531200885772744,0.011395311355590465,No,True,No,True
Arithmetic,1_digit_subtraction,'',Is 9 minus 4 equal to 3?,No,-5.2385029792785645,-4.684264659881592,-5.052054343223571,-4.668956136703491,-0.18644863605499307,-0.015308523178100941,No,True,No,True
Arithmetic,2_digit_addition,'',Is 82 plus 81 equal to 163?,Yes,-4.741097450256348,-4.499917030334473,-5.052054343223571,-4.668956136703491,0.31095689296722373,0.1690391063690182,No,False,Yes,True
Arithmetic,2_digit_addition,'',Is 62 plus 24 equal to 86?,Yes,-4.716513156890869,-4.411672592163086,-5.052054343223571,-4.668956136703491,0.33554118633270225,0.2572835445404049,No,False,Yes,True
Arithmetic,2_digit_addition,'',Is 63 plus 85 equal to 148?,Yes,-4.773629665374756,-4.407711505889893,-5.052054343223571,-4.668956136703491,0.2784246778488155,0.2612446308135983,No,False,Yes,True
Arithmetic,2_digit_multiplication,'',Is 93 times 60 equal to 5580?,Yes,-4.905728340148926,-4.667621612548828,-5.052054343223571,-4.668956136703491,0.1463260030746456,0.0013345241546627307,No,False,Yes,True
Arithmetic,2_digit_multiplication,'',Is 91 times 47 equal to 4277?,Yes,-5.003046035766602,-4.71421480178833,-5.052054343223571,-4.668956136703491,0.049008307456969824,-0.04525866508483922,No,False,Yes,True
Arithmetic,2_digit_addition,'',Is 89 plus 25 equal to 114?,Yes,-4.754949569702148,-4.451690196990967,-5.052054343223571,-4.668956136703491,0.29710477352142295,0.21726593971252406,No,False,Yes,True
Arithmetic,1_digit_multiplication,'',Is 7 times 0 equal to 9?,No,-4.95641040802002,-4.782835006713867,-5.052054343223571,-4.668956136703491,0.09564393520355097,-0.11387887001037633,No,True,Yes,False
Arithmetic,2_digit_subtraction,'',Is 41 minus 10 equal to 95?,No,-4.9349751472473145,-4.255243301391602,-5.052054343223571,-4.668956136703491,0.11707919597625693,0.4137128353118893,No,True,No,True
Arithmetic,2_digit_subtraction,'',Is 48 minus 12 equal to 36?,Yes,-5.151150226593018,-4.597309112548828,-5.052054343223571,-4.668956136703491,-0.09909588336944619,0.07164702415466273,No,False,No,False
Arithmetic,1_digit_subtraction,'',Is 5 minus 3 equal to 1?,No,-5.239781856536865,-4.7465901374816895,-5.052054343223571,-4.668956136703491,-0.18772751331329385,-0.0776340007781986,No,True,No,True
Arithmetic,2_digit_addition,'',Is 29 plus 82 equal to 411?,No,-4.664617538452148,-4.357431411743164,-5.052054343223571,-4.668956136703491,0.38743680477142295,0.3115247249603268,No,True,Yes,False
Arithmetic,1_digit_subtraction,'',Is 5 minus 9 equal to 34?,No,-5.1294026374816895,-4.5728278160095215,-5.052054343223571,-4.668956136703491,-0.07734829425811807,0.09612832069396937,No,True,No,True
Arithmetic,2_digit_addition,'',Is 12 plus 16 equal to 98?,No,-5.009274005889893,-4.326769828796387,-5.052054343223571,-4.668956136703491,0.04278033733367881,0.34218630790710414,No,True,No,True
Arithmetic,1_digit_multiplication,'',Is 9 times 8 equal to 72?,Yes,-4.729100227355957,-4.54758882522583,-5.052054343223571,-4.668956136703491,0.32295411586761436,0.12136731147766078,No,False,Yes,True
Arithmetic,2_digit_multiplication,'',Is 55 times 15 equal to 825?,Yes,-4.980570793151856,-4.677187919616699,-5.052054343223571,-4.668956136703491,0.07148355007171503,-0.008231782913208363,No,False,Yes,True
Arithmetic,2_digit_subtraction,'',Is 10 minus 27 equal to -17?,Yes,-6.036770343780518,-5.23582649230957,-5.052054343223571,-4.668956136703491,-0.9847160005569462,-0.5668703556060795,No,False,No,False
Arithmetic,2_digit_multiplication,'',Is 16 times 16 equal to 248?,No,-5.223699569702148,-4.671465873718262,-5.052054343223571,-4.668956136703491,-0.17164522647857705,-0.002509737014770863,No,True,No,True
Arithmetic,2_digit_subtraction,'',Is 62 minus 26 equal to 36?,Yes,-5.004949569702148,-4.517086505889893,-5.052054343223571,-4.668956136703491,0.04710477352142295,0.15186963081359828,No,False,No,False
Arithmetic,1_digit_subtraction,'',Is 0 minus 5 equal to 38?,No,-5.249804973602295,-4.639887809753418,-5.052054343223571,-4.668956136703491,-0.19775063037872354,0.029068326950072887,No,True,No,True
Arithmetic,1_digit_multiplication,'',Is 0 times 2 equal to 0?,Yes,-5.192173004150391,-5.07423210144043,-5.052054343223571,-4.668956136703491,-0.14011866092681924,-0.40527596473693883,No,False,Yes,True
Arithmetic,2_digit_addition,'',Is 37 plus 35 equal to 72?,Yes,-4.723269462585449,-4.41606330871582,-5.052054343223571,-4.668956136703491,0.32878488063812217,0.25289282798767054,No,False,Yes,True
Arithmetic,1_digit_addition,'',Is 9 plus 0 equal to 4?,No,-4.937090873718262,-4.630243301391602,-5.052054343223571,-4.668956136703491,0.11496346950530967,0.03871283531188929,No,True,Yes,False
Arithmetic,1_digit_subtraction,'',Is 3 minus 0 equal to 5?,No,-5.2709126472473145,-4.903014659881592,-5.052054343223571,-4.668956136703491,-0.21885830402374307,-0.23405852317810094,No,True,Yes,False
Arithmetic,2_digit_addition,'',Is 66 plus 66 equal to 341?,No,-4.90952730178833,-4.483965873718262,-5.052054343223571,-4.668956136703491,0.1425270414352413,0.18499026298522914,No,True,No,True
Arithmetic,1_digit_subtraction,'',Is 5 minus 8 equal to -3?,Yes,-5.718228340148926,-4.918581962585449,-5.052054343223571,-4.668956136703491,-0.6661739969253544,-0.24962582588195836,No,False,No,False
Arithmetic,1_digit_addition,'',Is 7 plus 1 equal to 8?,Yes,-5.077715873718262,-4.771493911743164,-5.052054343223571,-4.668956136703491,-0.025661530494690332,-0.1025377750396732,No,False,Yes,True
Arithmetic,2_digit_multiplication,'',Is 64 times 37 equal to 7550?,No,-4.98765230178833,-4.6224751472473145,-5.052054343223571,-4.668956136703491,0.06440204143524131,0.0464809894561764,No,True,Yes,False
Arithmetic,2_digit_addition,'',Is 94 plus 25 equal to 865?,No,-5.01108980178833,-4.5834126472473145,-5.052054343223571,-4.668956136703491,0.04096454143524131,0.0855434894561764,No,True,No,True
Arithmetic,2_digit_subtraction,'',Is 71 minus 81 equal to -10?,Yes,-5.37828540802002,-4.834502696990967,-5.052054343223571,-4.668956136703491,-0.32623106479644903,-0.16554656028747594,No,False,No,False
Arithmetic,1_digit_subtraction,'',Is 9 minus 9 equal to 0?,Yes,-5.0599751472473145,-4.442743301391602,-5.052054343223571,-4.668956136703491,-0.007920804023743067,0.2262128353118893,No,False,No,False
Arithmetic,2_digit_subtraction,'',Is 30 minus 63 equal to 999?,No,-5.006377696990967,-4.385928153991699,-5.052054343223571,-4.668956136703491,0.04567664623260459,0.28302798271179164,No,True,No,True
Arithmetic,1_digit_multiplication,'',Is 5 times 3 equal to 15?,Yes,-5.00926399230957,-4.951584339141846,-5.052054343223571,-4.668956136703491,0.042790350914001074,-0.28262820243835485,No,False,Yes,True
Arithmetic,2_digit_multiplication,'',Is 27 times 17 equal to 459?,Yes,-5.181068420410156,-4.8216233253479,-5.052054343223571,-4.668956136703491,-0.12901407718658486,-0.15266718864440953,No,False,Yes,True
Arithmetic,2_digit_subtraction,'',Is 79 minus 74 equal to 3?,No,-5.391790390014648,-4.912773609161377,-5.052054343223571,-4.668956136703491,-0.33973604679107705,-0.2438174724578861,No,True,No,True
Arithmetic,1_digit_subtraction,'',Is 6 minus 8 equal to -2?,Yes,-5.69077730178833,-4.952715873718262,-5.052054343223571,-4.668956136703491,-0.6387229585647587,-0.28375973701477086,No,False,No,False
Arithmetic,1_digit_multiplication,'',Is 3 times 7 equal to 53?,No,-4.950719356536865,-4.833437919616699,-5.052054343223571,-4.668956136703491,0.10133498668670615,-0.16448178291320836,No,True,Yes,False
Arithmetic,1_digit_addition,'',Is 3 plus 1 equal to 9?,No,-4.8490376472473145,-4.60543155670166,-5.052054343223571,-4.668956136703491,0.20301669597625693,0.0635245800018307,No,True,Yes,False
Arithmetic,2_digit_subtraction,'',Is 63 minus 80 equal to 278?,No,-5.10483980178833,-4.492742538452148,-5.052054343223571,-4.668956136703491,-0.05278545856475869,0.17621359825134242,No,True,No,True
Arithmetic,1_digit_addition,'',Is 5 plus 4 equal to 9?,Yes,-4.905840873718262,-4.473327159881592,-5.052054343223571,-4.668956136703491,0.14621346950530967,0.19562897682189906,No,False,No,False
Arithmetic,1_digit_multiplication,'',Is 4 times 9 equal to 36?,Yes,-4.807400226593018,-4.629519462585449,-5.052054343223571,-4.668956136703491,0.2446541166305538,0.03943667411804164,No,False,Yes,True
Arithmetic,2_digit_addition,'',Is 34 plus 89 equal to 356?,No,-4.7853779792785645,-4.417178153991699,-5.052054343223571,-4.668956136703491,0.26667636394500693,0.25177798271179164,No,True,Yes,False
Arithmetic,2_digit_subtraction,'',Is 42 minus 39 equal to 3?,Yes,-5.32359790802002,-4.838833332061768,-5.052054343223571,-4.668956136703491,-0.27154356479644903,-0.16987719535827672,No,False,No,False
Arithmetic,1_digit_addition,'',Is 3 plus 9 equal to 97?,No,-4.8637776374816895,-4.3072028160095215,-5.052054343223571,-4.668956136703491,0.18827670574188193,0.36175332069396937,No,True,No,True
Arithmetic,1_digit_addition,'',Is 6 plus 3 equal to 9?,Yes,-4.990752696990967,-4.559930801391602,-5.052054343223571,-4.668956136703491,0.06130164623260459,0.1090253353118893,No,False,No,False
Arithmetic,2_digit_addition,'',Is 91 plus 43 equal to 134?,Yes,-4.890103340148926,-4.52488899230957,-5.052054343223571,-4.668956136703491,0.1619510030746456,0.14406714439392054,No,False,Yes,True
Arithmetic,1_digit_subtraction,'',Is 0 minus 4 equal to -4?,Yes,-5.734907150268555,-5.07359790802002,-5.052054343223571,-4.668956136703491,-0.6828528070449833,-0.40464177131652956,No,False,No,False
Arithmetic,1_digit_subtraction,'',Is 9 minus 1 equal to 8?,Yes,-5.054604530334473,-4.684664726257324,-5.052054343223571,-4.668956136703491,-0.0025501871109012697,-0.015708589553833363,No,False,Yes,True
Arithmetic,1_digit_addition,'',Is 8 plus 9 equal to 17?,Yes,-5.107138156890869,-4.615646839141846,-5.052054343223571,-4.668956136703491,-0.055083813667297754,0.05330929756164515,No,False,No,False
Arithmetic,2_digit_subtraction,'',Is 59 minus 45 equal to 83?,No,-4.978147506713867,-4.61168909072876,-5.052054343223571,-4.668956136703491,0.0739068365097042,0.05726704597473109,No,True,Yes,False
Arithmetic,2_digit_multiplication,'',Is 45 times 75 equal to 8456?,No,-5.062016010284424,-4.763388156890869,-5.052054343223571,-4.668956136703491,-0.009961667060852442,-0.09443202018737828,No,True,Yes,False
Arithmetic,1_digit_subtraction,'',Is 4 minus 6 equal to 12?,No,-5.249590873718262,-4.568957328796387,-5.052054343223571,-4.668956136703491,-0.19753653049469033,0.09999880790710414,No,True,No,True
Arithmetic,1_digit_multiplication,'',Is 8 times 7 equal to 56?,Yes,-4.86265230178833,-4.624590873718262,-5.052054343223571,-4.668956136703491,0.1894020414352413,0.04436526298522914,No,False,Yes,True
Arithmetic,1_digit_subtraction,'',Is 3 minus 5 equal to 25?,No,-5.0669026374816895,-4.5728278160095215,-5.052054343223571,-4.668956136703491,-0.014848294258118067,0.09612832069396937,No,True,No,True
Arithmetic,2_digit_multiplication,'',Is 26 times 83 equal to 2158?,Yes,-5.153854370117188,-4.976754665374756,-5.052054343223571,-4.668956136703491,-0.101800026893617,-0.307798528671265,No,False,Yes,True
Arithmetic,1_digit_multiplication,'',Is 9 times 4 equal to 55?,No,-4.814905643463135,-4.509737491607666,-5.052054343223571,-4.668956136703491,0.23714869976043662,0.15921864509582484,No,True,Yes,False
Arithmetic,1_digit_subtraction,'',Is 8 minus 4 equal to 4?,Yes,-5.164254665374756,-4.610836505889893,-5.052054343223571,-4.668956136703491,-0.11220032215118447,0.05811963081359828,No,False,No,False
Arithmetic,2_digit_multiplication,'',Is 39 times 58 equal to 6277?,No,-5.153683185577393,-4.798019886016846,-5.052054343223571,-4.668956136703491,-0.10162884235382119,-0.12906374931335485,No,True,Yes,False
Arithmetic,2_digit_addition,'',Is 88 plus 62 equal to 386?,No,-4.829710006713867,-4.46325159072876,-5.052054343223571,-4.668956136703491,0.2223443365097042,0.2057045459747311,No,True,Yes,False
Arithmetic,2_digit_addition,'',Is 36 plus 67 equal to 415?,No,-4.825888156890869,-4.458547592163086,-5.052054343223571,-4.668956136703491,0.22616618633270225,0.21040854454040492,No,True,Yes,False
Arithmetic,2_digit_addition,'',Is 82 plus 17 equal to 99?,Yes,-4.678756237030029,-4.311757564544678,-5.052054343223571,-4.668956136703491,0.3732981061935421,0.3571985721588131,No,False,Yes,True
Arithmetic,1_digit_multiplication,'',Is 3 times 6 equal to 18?,Yes,-4.929879665374756,-4.875555038452148,-5.052054343223571,-4.668956136703491,0.12217467784881553,-0.20659890174865758,No,False,Yes,True
Arithmetic,1_digit_multiplication,'',Is 4 times 7 equal to 28?,Yes,-5.084648609161377,-4.782711505889893,-5.052054343223571,-4.668956136703491,-0.03259426593780557,-0.11375536918640172,No,False,Yes,True
Arithmetic,2_digit_subtraction,'',Is 81 minus 36 equal to 45?,Yes,-4.881523609161377,-4.454586505889893,-5.052054343223571,-4.668956136703491,0.17053073406219443,0.21436963081359828,No,False,No,False
Arithmetic,1_digit_multiplication,'',Is 3 times 1 equal to 7?,No,-5.004949569702148,-5.014190196990967,-5.052054343223571,-4.668956136703491,0.04710477352142295,-0.34523406028747594,Yes,False,Yes,False
Arithmetic,1_digit_multiplication,'',Is 1 times 9 equal to 9?,Yes,-4.866450309753418,-4.937647342681885,-5.052054343223571,-4.668956136703491,0.18560403347015342,-0.2686912059783939,Yes,True,Yes,True
Arithmetic,2_digit_addition,'',Is 73 plus 67 equal to 140?,Yes,-4.885334491729736,-4.4575276374816895,-5.052054343223571,-4.668956136703491,0.16671985149383506,0.2114284992218014,No,False,No,False
Arithmetic,2_digit_addition,'',Is 51 plus 46 equal to 53?,No,-4.862934112548828,-4.557274341583252,-5.052054343223571,-4.668956136703491,0.18912023067474326,0.1116817951202389,No,True,Yes,False
Arithmetic,2_digit_subtraction,'',Is 85 minus 69 equal to 93?,No,-4.813055038452148,-4.381457328796387,-5.052054343223571,-4.668956136703491,0.23899930477142295,0.28749880790710414,No,True,No,True
Arithmetic,1_digit_subtraction,'',Is 5 minus 1 equal to 9?,No,-5.183246612548828,-4.627586841583252,-5.052054343223571,-4.668956136703491,-0.13119226932525674,0.0413692951202389,No,True,No,True
Arithmetic,1_digit_addition,'',Is 6 plus 3 equal to 4?,No,-4.9887776374816895,-4.6803154945373535,-5.052054343223571,-4.668956136703491,0.06327670574188193,-0.01135935783386266,No,True,Yes,False
Arithmetic,1_digit_addition,'',Is 0 plus 6 equal to 9?,No,-5.133977890014648,-4.773048400878906,-5.052054343223571,-4.668956136703491,-0.08192354679107705,-0.1040922641754154,No,True,Yes,False
Arithmetic,1_digit_subtraction,'',Is 6 minus 6 equal to 3?,No,-5.445504665374756,-4.892086505889893,-5.052054343223571,-4.668956136703491,-0.3934503221511845,-0.22313036918640172,No,True,No,True
Arithmetic,1_digit_multiplication,'',Is 4 times 1 equal to 1?,No,-4.926824569702148,-4.8713154792785645,-5.052054343223571,-4.668956136703491,0.12522977352142295,-0.2023593425750736,No,True,Yes,False
Arithmetic,1_digit_addition,'',Is 5 plus 0 equal to 5?,Yes,-4.94762659072876,-4.701181411743164,-5.052054343223571,-4.668956136703491,0.10442775249481162,-0.03222527503967321,No,False,Yes,True
Arithmetic,2_digit_multiplication,'',Is 38 times 57 equal to 2166?,Yes,-5.214813232421875,-4.795586109161377,-5.052054343223571,-4.668956136703491,-0.1627588891983036,-0.1266299724578861,No,False,No,False
Arithmetic,2_digit_subtraction,'',Is 67 minus 82 equal to 879?,No,-5.157749652862549,-4.609930038452148,-5.052054343223571,-4.668956136703491,-0.10569530963897744,0.05902609825134242,No,True,No,True
Arithmetic,1_digit_addition,'',Is 7 plus 0 equal to 6?,No,-5.148629665374756,-4.844305038452148,-5.052054343223571,-4.668956136703491,-0.09657532215118447,-0.17534890174865758,No,True,Yes,False
Arithmetic,2_digit_subtraction,'',Is 62 minus 36 equal to 77?,No,-5.092461109161377,-4.47887659072876,-5.052054343223571,-4.668956136703491,-0.04040676593780557,0.1900795459747311,No,True,No,True
Arithmetic,2_digit_addition,'',Is 47 plus 14 equal to 45?,No,-4.747610092163086,-4.378137588500977,-5.052054343223571,-4.668956136703491,0.30444425106048545,0.2908185482025143,No,True,Yes,False
Arithmetic,2_digit_multiplication,'',Is 40 times 12 equal to 440?,No,-5.048019886016846,-4.68113899230957,-5.052054343223571,-4.668956136703491,0.004034457206725683,-0.012182855606079457,No,True,Yes,False
Arithmetic,2_digit_addition,'',Is 78 plus 58 equal to 943?,No,-4.901832580566406,-4.5403733253479,-5.052054343223571,-4.668956136703491,0.15022176265716514,0.12858281135559047,No,True,Yes,False
Arithmetic,2_digit_subtraction,'',Is 73 minus 67 equal to 8?,No,-5.102943420410156,-4.6809983253479,-5.052054343223571,-4.668956136703491,-0.05088907718658486,-0.012042188644409535,No,True,No,True
Arithmetic,2_digit_addition,'',Is 18 plus 31 equal to 49?,Yes,-4.685110092163086,-4.251377105712891,-5.052054343223571,-4.668956136703491,0.36694425106048545,0.41757903099060023,No,False,No,False
Arithmetic,2_digit_multiplication,'',Is 42 times 38 equal to 1626?,No,-5.06577730178833,-4.641180038452148,-5.052054343223571,-4.668956136703491,-0.013722958564758692,0.027776098251342418,No,True,No,True
Arithmetic,1_digit_multiplication,'',Is 8 times 9 equal to 32?,No,-4.768520832061768,-4.65230655670166,-5.052054343223571,-4.668956136703491,0.2835335111618038,0.0166495800018307,No,True,Yes,False
Arithmetic,2_digit_multiplication,'',Is 84 times 54 equal to 4536?,Yes,-4.993208408355713,-4.696897506713867,-5.052054343223571,-4.668956136703491,0.058845934867858496,-0.027941370010376332,No,False,Yes,True
Arithmetic,1_digit_multiplication,'',Is 2 times 1 equal to 6?,No,-4.866798400878906,-5.000192165374756,-5.052054343223571,-4.668956136703491,0.18525594234466514,-0.331236028671265,Yes,False,Yes,False
Arithmetic,2_digit_multiplication,'',Is 27 times 12 equal to 324?,Yes,-5.008004665374756,-4.70543909072876,-5.052054343223571,-4.668956136703491,0.04404967784881553,-0.03648295402526891,No,False,Yes,True
Arithmetic,1_digit_addition,'',Is 2 plus 5 equal to 7?,Yes,-5.147148609161377,-4.9037251472473145,-5.052054343223571,-4.668956136703491,-0.09509426593780557,-0.2347690105438236,No,False,Yes,True
Arithmetic,2_digit_addition,'',Is 42 plus 71 equal to 113?,Yes,-4.767210006713867,-4.401553153991699,-5.052054343223571,-4.668956136703491,0.2848443365097042,0.26740298271179164,No,False,Yes,True
Arithmetic,1_digit_multiplication,'',Is 1 times 4 equal to 3?,No,-5.083198070526123,-5.216457843780518,-5.052054343223571,-4.668956136703491,-0.03114372730255166,-0.5475017070770267,Yes,False,Yes,False
Arithmetic,2_digit_multiplication,'',Is 34 times 59 equal to 1890?,No,-4.55540132522583,-4.247621059417725,-5.052054343223571,-4.668956136703491,0.4966530179977413,0.42133507728576625,No,True,Yes,False
Arithmetic,2_digit_subtraction,'',Is 64 minus 52 equal to 35?,No,-4.9260029792785645,-4.434264659881592,-5.052054343223571,-4.668956136703491,0.12605136394500693,0.23469147682189906,No,True,No,True
Arithmetic,2_digit_multiplication,'',Is 30 times 59 equal to 1770?,Yes,-4.896031856536865,-4.592105865478516,-5.052054343223571,-4.668956136703491,0.15602248668670615,0.07685027122497523,No,False,Yes,True
Arithmetic,2_digit_subtraction,'',Is 81 minus 36 equal to 74?,No,-5.014887809753418,-4.5278401374816895,-5.052054343223571,-4.668956136703491,0.03716653347015342,0.1411159992218014,No,True,No,True
Arithmetic,2_digit_subtraction,'',Is 72 minus 25 equal to 47?,Yes,-5.136820793151856,-4.520937919616699,-5.052054343223571,-4.668956136703491,-0.08476644992828497,0.14801821708679164,No,False,No,False
Arithmetic,1_digit_subtraction,'',Is 4 minus 3 equal to 3?,No,-5.350127696990967,-4.732431411743164,-5.052054343223571,-4.668956136703491,-0.2980733537673954,-0.0634752750396732,No,True,No,True
Arithmetic,2_digit_multiplication,'',Is 58 times 75 equal to 4350?,Yes,-4.942916870117188,-4.6447529792785645,-5.052054343223571,-4.668956136703491,0.109137473106383,0.024203157424926403,No,False,Yes,True
Arithmetic,2_digit_addition,'',Is 56 plus 93 equal to 911?,No,-4.526553153991699,-4.093467712402344,-5.052054343223571,-4.668956136703491,0.5255011892318722,0.5754884243011471,No,True,No,True
Arithmetic,2_digit_subtraction,'',Is 33 minus 76 equal to 487?,No,-4.909684658050537,-4.415987491607666,-5.052054343223571,-4.668956136703491,0.14236968517303428,0.25296864509582484,No,True,No,True
Arithmetic,2_digit_subtraction,'',Is 14 minus 57 equal to -43?,Yes,-5.671485900878906,-4.937090873718262,-5.052054343223571,-4.668956136703491,-0.6194315576553349,-0.26813473701477086,No,False,No,False
Arithmetic,1_digit_addition,'',Is 0 plus 0 equal to 2?,No,-5.581171035766602,-5.22203540802002,-5.052054343223571,-4.668956136703491,-0.5291166925430302,-0.5530792713165296,No,True,Yes,False
Arithmetic,1_digit_addition,'',Is 8 plus 7 equal to 61?,No,-4.886820793151856,-4.3950276374816895,-5.052054343223571,-4.668956136703491,0.16523355007171503,0.2739284992218014,No,True,No,True
Arithmetic,2_digit_subtraction,'',Is 59 minus 19 equal to 10?,No,-4.931272506713867,-4.503115653991699,-5.052054343223571,-4.668956136703491,0.1207818365097042,0.16584048271179164,No,True,No,True
Arithmetic,1_digit_subtraction,'',Is 6 minus 0 equal to 5?,No,-5.303756237030029,-4.811757564544678,-5.052054343223571,-4.668956136703491,-0.2517018938064579,-0.14280142784118688,No,True,No,True
Arithmetic,1_digit_addition,'',Is 9 plus 3 equal to 89?,No,-4.575555801391602,-4.265831470489502,-5.052054343223571,-4.668956136703491,0.4764985418319698,0.4031246662139889,No,True,Yes,False
Arithmetic,1_digit_multiplication,'',Is 7 times 7 equal to 83?,No,-5.036199569702148,-4.798336505889893,-5.052054343223571,-4.668956136703491,0.01585477352142295,-0.12938036918640172,No,True,Yes,False
Arithmetic,2_digit_multiplication,'',Is 28 times 71 equal to 1988?,Yes,-4.495303153991699,-4.313165664672852,-5.052054343223571,-4.668956136703491,0.5567511892318722,0.3557904720306393,No,False,Yes,True
Arithmetic,1_digit_subtraction,'',Is 5 minus 0 equal to 4?,No,-5.288131237030029,-4.795334339141846,-5.052054343223571,-4.668956136703491,-0.2360768938064579,-0.12637820243835485,No,True,No,True
Arithmetic,1_digit_multiplication,'',Is 9 times 0 equal to 2?,No,-4.911199569702148,-4.8556904792785645,-5.052054343223571,-4.668956136703491,0.14085477352142295,-0.1867343425750736,No,True,Yes,False
Arithmetic,2_digit_addition,'',Is 42 plus 47 equal to 89?,Yes,-4.5669026374816895,-4.2603278160095215,-5.052054343223571,-4.668956136703491,0.48515170574188193,0.40862832069396937,No,False,Yes,True
Arithmetic,2_digit_multiplication,'',Is 67 times 41 equal to 4995?,No,-5.179023742675781,-4.888332843780518,-5.052054343223571,-4.668956136703491,-0.12696939945220986,-0.21937670707702672,No,True,Yes,False
Arithmetic,2_digit_addition,'',Is 52 plus 48 equal to 115?,No,-4.875147342681885,-4.3819732666015625,-5.052054343223571,-4.668956136703491,0.17690700054168662,0.28698287010192836,No,True,No,True
Arithmetic,2_digit_multiplication,'',Is 82 times 45 equal to 3690?,Yes,-5.111383438110352,-4.940895080566406,-5.052054343223571,-4.668956136703491,-0.059329094886780176,-0.2719389438629154,No,False,Yes,True
Arithmetic,2_digit_addition,'',Is 86 plus 87 equal to 173?,Yes,-4.911540985107422,-4.550309658050537,-5.052054343223571,-4.668956136703491,0.1405133581161495,0.11864647865295375,No,False,Yes,True
Arithmetic,2_digit_multiplication,'',Is 95 times 18 equal to 1148?,No,-5.343360900878906,-4.7943501472473145,-5.052054343223571,-4.668956136703491,-0.29130655765533486,-0.1253940105438236,No,True,No,True
Arithmetic,1_digit_multiplication,'',Is 1 times 4 equal to 4?,Yes,-4.858985900878906,-5.115898609161377,-5.052054343223571,-4.668956136703491,0.19306844234466514,-0.4469424724578861,Yes,True,Yes,True
Arithmetic,1_digit_multiplication,'',Is 7 times 2 equal to 14?,Yes,-5.220249652862549,-4.9818501472473145,-5.052054343223571,-4.668956136703491,-0.16819530963897744,-0.3128940105438236,No,False,Yes,True
Arithmetic,2_digit_multiplication,'',Is 67 times 43 equal to 2881?,Yes,-5.045491695404053,-4.689085006713867,-5.052054343223571,-4.668956136703491,0.006562647819518652,-0.020128870010376332,No,False,Yes,True
Arithmetic,1_digit_multiplication,'',Is 7 times 5 equal to 35?,Yes,-4.904961109161377,-4.727117538452148,-5.052054343223571,-4.668956136703491,0.14709323406219443,-0.05816140174865758,No,False,Yes,True
Arithmetic,2_digit_addition,'',Is 23 plus 65 equal to 88?,Yes,-4.633367538452148,-4.325555801391602,-5.052054343223571,-4.668956136703491,0.41868680477142295,0.3434003353118893,No,False,Yes,True
Arithmetic,1_digit_subtraction,'',Is 3 minus 2 equal to 4?,No,-5.157711505889893,-4.850760459899902,-5.052054343223571,-4.668956136703491,-0.10565716266632119,-0.1818043231964115,No,True,Yes,False
Arithmetic,2_digit_subtraction,'',Is 17 minus 99 equal to -82?,Yes,-5.626144886016846,-4.888235092163086,-5.052054343223571,-4.668956136703491,-0.5740905427932743,-0.21927895545959508,No,False,No,False
Arithmetic,1_digit_subtraction,'',Is 6 minus 5 equal to 3?,No,-5.404961109161377,-4.852117538452148,-5.052054343223571,-4.668956136703491,-0.35290676593780557,-0.18316140174865758,No,True,No,True
Arithmetic,1_digit_multiplication,'',Is 4 times 5 equal to 44?,No,-4.944023609161377,-4.702715873718262,-5.052054343223571,-4.668956136703491,0.10803073406219443,-0.03375973701477086,No,True,Yes,False
Arithmetic,1_digit_addition,'',Is 1 plus 8 equal to 4?,No,-5.048374652862549,-4.865898609161377,-5.052054343223571,-4.668956136703491,0.0036796903610225584,-0.1969424724578861,No,True,Yes,False
Arithmetic,1_digit_addition,'',Is 4 plus 0 equal to 6?,No,-5.086234092712402,-4.655507564544678,-5.052054343223571,-4.668956136703491,-0.03417974948883096,0.013448572158813121,No,True,No,True
Arithmetic,1_digit_subtraction,'',Is 9 minus 3 equal to 6?,Yes,-5.103024005889893,-4.671072959899902,-5.052054343223571,-4.668956136703491,-0.05096966266632119,-0.002116823196411488,No,False,No,False
Arithmetic,2_digit_multiplication,'',Is 63 times 96 equal to 2179?,No,-5.01199197769165,-4.842366695404053,-5.052054343223571,-4.668956136703491,0.040062365531920996,-0.17341055870056188,No,True,Yes,False
Arithmetic,1_digit_multiplication,'',Is 0 times 1 equal to 1?,No,-5.081171035766602,-5.149602890014648,-5.052054343223571,-4.668956136703491,-0.029116692543030176,-0.4806467533111576,Yes,False,Yes,False
Arithmetic,2_digit_addition,'',Is 18 plus 91 equal to 109?,Yes,-4.875147342681885,-4.381168365478516,-5.052054343223571,-4.668956136703491,0.17690700054168662,0.28778777122497523,No,False,No,False
Arithmetic,1_digit_subtraction,'',Is 0 minus 0 equal to 4?,No,-5.452930450439453,-4.974166870117188,-5.052054343223571,-4.668956136703491,-0.40087610721588174,-0.30521073341369753,No,True,No,True
Arithmetic,2_digit_multiplication,'',Is 86 times 46 equal to 4220?,No,-5.089813232421875,-4.672067165374756,-5.052054343223571,-4.668956136703491,-0.03775888919830361,-0.0031110286712650037,No,True,No,True
Arithmetic,1_digit_addition,'',Is 4 plus 9 equal to 17?,No,-5.166958332061768,-4.612490653991699,-5.052054343223571,-4.668956136703491,-0.11490398883819619,0.05646548271179164,No,True,No,True
Arithmetic,2_digit_multiplication,'',Is 62 times 11 equal to 682?,Yes,-5.059760570526123,-4.764693737030029,-5.052054343223571,-4.668956136703491,-0.00770622730255166,-0.09573760032653844,No,False,Yes,True
Arithmetic,1_digit_subtraction,'',Is 3 minus 4 equal to -1?,Yes,-5.545586109161377,-4.868649005889893,-5.052054343223571,-4.668956136703491,-0.49353176593780557,-0.19969286918640172,No,False,No,False
Arithmetic,2_digit_subtraction,'',Is 15 minus 34 equal to 405?,No,-5.126461505889893,-4.569510459899902,-5.052054343223571,-4.668956136703491,-0.07440716266632119,0.09944567680358851,No,True,No,True
Arithmetic,2_digit_addition,'',Is 14 plus 74 equal to 88?,Yes,-4.817812919616699,-4.4478278160095215,-5.052054343223571,-4.668956136703491,0.23424142360687217,0.22112832069396937,No,False,Yes,True
Arithmetic,2_digit_addition,'',Is 80 plus 61 equal to 616?,No,-5.045586109161377,-4.616778373718262,-5.052054343223571,-4.668956136703491,0.006468234062194433,0.05217776298522914,No,True,No,True
Arithmetic,1_digit_multiplication,'',Is 6 times 0 equal to 3?,No,-5.052291870117188,-4.937692165374756,-5.052054343223571,-4.668956136703491,-0.00023752689361700163,-0.268736028671265,No,True,Yes,False
Arithmetic,2_digit_addition,'',Is 47 plus 62 equal to 109?,Yes,-4.935094356536865,-4.382729530334473,-5.052054343223571,-4.668956136703491,0.11695998668670615,0.2862266063690182,No,False,No,False
Arithmetic,1_digit_multiplication,'',Is 1 times 8 equal to 8?,Yes,-4.856512069702148,-5.112270832061768,-5.052054343223571,-4.668956136703491,0.19554227352142295,-0.4433146953582767,Yes,True,Yes,True
Arithmetic,2_digit_multiplication,'',Is 56 times 86 equal to 7047?,No,-5.114448070526123,-4.755575656890869,-5.052054343223571,-4.668956136703491,-0.06239372730255166,-0.08661952018737828,No,True,Yes,False
Arithmetic,1_digit_subtraction,'',Is 9 minus 4 equal to 5?,Yes,-5.08043909072876,-4.585655212402344,-5.052054343223571,-4.668956136703491,-0.02838474750518838,0.0833009243011471,No,False,No,False
Arithmetic,1_digit_subtraction,'',Is 5 minus 5 equal to 6?,No,-5.200625419616699,-4.706195831298828,-5.052054343223571,-4.668956136703491,-0.14857107639312783,-0.03723969459533727,No,True,No,True
Arithmetic,1_digit_subtraction,'',Is 8 minus 0 equal to 4?,No,-5.265235900878906,-4.7787251472473145,-5.052054343223571,-4.668956136703491,-0.21318155765533486,-0.1097690105438236,No,True,No,True
Arithmetic,1_digit_addition,'',Is 9 plus 5 equal to 26?,No,-4.868649005889893,-4.311697959899902,-5.052054343223571,-4.668956136703491,0.1834053373336788,0.3572581768035885,No,True,No,True
Arithmetic,1_digit_subtraction,'',Is 8 minus 0 equal to 8?,Yes,-5.268337726593018,-4.779709339141846,-5.052054343223571,-4.668956136703491,-0.2162833833694462,-0.11075320243835485,No,False,No,False
Arithmetic,1_digit_multiplication,'',Is 7 times 9 equal to 63?,Yes,-4.975273609161377,-4.735836505889893,-5.052054343223571,-4.668956136703491,0.07678073406219443,-0.06688036918640172,No,False,Yes,True
Arithmetic,1_digit_addition,'',Is 3 plus 6 equal to 3?,No,-4.9896626472473145,-4.745303153991699,-5.052054343223571,-4.668956136703491,0.06239169597625693,-0.07634701728820836,No,True,Yes,False
Arithmetic,1_digit_subtraction,'',Is 9 minus 8 equal to 1?,Yes,-5.0744404792785645,-4.520202159881592,-5.052054343223571,-4.668956136703491,-0.022386136054993067,0.14875397682189906,No,False,No,False
Arithmetic,1_digit_addition,'',Is 1 plus 2 equal to 3?,Yes,-5.131722450256348,-5.073747158050537,-5.052054343223571,-4.668956136703491,-0.07966810703277627,-0.40479102134704625,No,False,Yes,True
Arithmetic,2_digit_addition,'',Is 45 plus 63 equal to 108?,Yes,-4.7700276374816895,-4.399734020233154,-5.052054343223571,-4.668956136703491,0.28202670574188193,0.26922211647033656,No,False,Yes,True
Arithmetic,1_digit_addition,'',Is 8 plus 4 equal to 84?,No,-4.811409950256348,-4.381168365478516,-5.052054343223571,-4.668956136703491,0.24064439296722373,0.28778777122497523,No,True,No,True
Arithmetic,1_digit_multiplication,'',Is 8 times 1 equal to 8?,Yes,-4.711234092712402,-4.843007564544678,-5.052054343223571,-4.668956136703491,0.34082025051116904,-0.17405142784118688,Yes,True,Yes,True
Arithmetic,1_digit_subtraction,'',Is 5 minus 7 equal to 57?,No,-5.179278373718262,-4.560556411743164,-5.052054343223571,-4.668956136703491,-0.12722403049469033,0.1083997249603268,No,True,No,True
Arithmetic,1_digit_addition,'',Is 2 plus 2 equal to 4?,Yes,-4.9271626472473145,-4.80700159072876,-5.052054343223571,-4.668956136703491,0.12489169597625693,-0.1380454540252689,No,False,Yes,True
Arithmetic,2_digit_subtraction,'',Is 79 minus 67 equal to 12?,Yes,-5.093360900878906,-4.608965873718262,-5.052054343223571,-4.668956136703491,-0.04130655765533486,0.05999026298522914,No,False,No,False
Arithmetic,2_digit_multiplication,'',Is 47 times 45 equal to 7221?,No,-5.383977890014648,-4.903387069702148,-5.052054343223571,-4.668956136703491,-0.33192354679107705,-0.23443093299865758,No,True,No,True
Arithmetic,2_digit_multiplication,'',Is 60 times 92 equal to 5520?,Yes,-4.999478340148926,-4.63426399230957,-5.052054343223571,-4.668956136703491,0.052576003074645605,0.03469214439392054,No,False,Yes,True
Arithmetic,1_digit_addition,'',Is 2 plus 5 equal to 5?,No,-4.9260029792785645,-4.805242538452148,-5.052054343223571,-4.668956136703491,0.12605136394500693,-0.13628640174865758,No,True,Yes,False
Arithmetic,2_digit_subtraction,'',Is 48 minus 66 equal to -18?,Yes,-5.712318420410156,-4.9153733253479,-5.052054343223571,-4.668956136703491,-0.6602640771865849,-0.24641718864440953,No,False,No,False
Arithmetic,2_digit_addition,'',Is 21 plus 30 equal to 51?,Yes,-4.886371612548828,-4.45383882522583,-5.052054343223571,-4.668956136703491,0.16568273067474326,0.21511731147766078,No,False,No,False
Arithmetic,2_digit_addition,'',Is 68 plus 94 equal to 162?,Yes,-4.639190196990967,-4.332702159881592,-5.052054343223571,-4.668956136703491,0.4128641462326046,0.33625397682189906,No,False,Yes,True
Arithmetic,1_digit_multiplication,'',Is 1 times 3 equal to 3?,Yes,-4.993687152862549,-5.309637069702148,-5.052054343223571,-4.668956136703491,0.05836719036102256,-0.6406809329986576,Yes,True,Yes,True
Arithmetic,2_digit_multiplication,'',Is 29 times 26 equal to 830?,No,-4.855570793151856,-4.678043365478516,-5.052054343223571,-4.668956136703491,0.19648355007171503,-0.00908722877502477,No,True,Yes,False
Arithmetic,2_digit_multiplication,'',Is 17 times 95 equal to 5099?,No,-5.073208332061768,-4.704586505889893,-5.052054343223571,-4.668956136703491,-0.02115398883819619,-0.03563036918640172,No,True,Yes,False
Arithmetic,1_digit_multiplication,'',Is 8 times 2 equal to 16?,Yes,-4.86265230178833,-4.8088154792785645,-5.052054343223571,-4.668956136703491,0.1894020414352413,-0.1398593425750736,No,False,Yes,True
Arithmetic,1_digit_multiplication,'',Is 2 times 3 equal to 6?,Yes,-4.952735900878906,-5.025022506713867,-5.052054343223571,-4.668956136703491,0.09931844234466514,-0.35606637001037633,Yes,True,Yes,True
Arithmetic,1_digit_multiplication,'',Is 6 times 2 equal to 26?,No,-4.952735900878906,-4.713833332061768,-5.052054343223571,-4.668956136703491,0.09931844234466514,-0.04487719535827672,No,True,Yes,False
Arithmetic,2_digit_multiplication,'',Is 80 times 16 equal to 6114?,No,-5.404537677764893,-4.923374652862549,-5.052054343223571,-4.668956136703491,-0.3524833345413212,-0.254418516159058,No,True,No,True
Arithmetic,1_digit_subtraction,'',Is 5 minus 5 equal to 0?,Yes,-5.251585006713867,-4.571774005889893,-5.052054343223571,-4.668956136703491,-0.1995306634902958,0.09718213081359828,No,False,No,False
Arithmetic,2_digit_subtraction,'',Is 23 minus 99 equal to -76?,Yes,-5.41733980178833,-4.679278373718262,-5.052054343223571,-4.668956136703491,-0.3652854585647587,-0.010322237014770863,No,False,No,False
Arithmetic,1_digit_subtraction,'',Is 4 minus 4 equal to 0?,Yes,-5.282835006713867,-4.479678153991699,-5.052054343223571,-4.668956136703491,-0.2307806634902958,0.18927798271179164,No,False,No,False
Arithmetic,2_digit_subtraction,'',Is 11 minus 50 equal to 196?,No,-5.303252696990967,-4.560556411743164,-5.052054343223571,-4.668956136703491,-0.2511983537673954,0.1083997249603268,No,True,No,True
Arithmetic,2_digit_multiplication,'',Is 85 times 87 equal to 7395?,Yes,-5.123287677764893,-4.83140230178833,-5.052054343223571,-4.668956136703491,-0.07123333454132119,-0.16244616508483922,No,False,Yes,True
Arithmetic,1_digit_multiplication,'',Is 7 times 7 equal to 49?,Yes,-4.877895832061768,-4.57418155670166,-5.052054343223571,-4.668956136703491,0.1741585111618038,0.0947745800018307,No,False,Yes,True
Arithmetic,2_digit_subtraction,'',Is 97 minus 36 equal to 28?,No,-5.000147342681885,-4.446609020233154,-5.052054343223571,-4.668956136703491,0.05190700054168662,0.22234711647033656,No,True,No,True
Arithmetic,2_digit_addition,'',Is 92 plus 20 equal to 112?,Yes,-4.873565196990967,-4.380243301391602,-5.052054343223571,-4.668956136703491,0.1784891462326046,0.2887128353118893,No,False,No,False
Arithmetic,2_digit_subtraction,'',Is 12 minus 47 equal to -35?,Yes,-5.59702730178833,-4.922430038452148,-5.052054343223571,-4.668956136703491,-0.5449729585647587,-0.2534739017486576,No,False,No,False
Arithmetic,1_digit_addition,'',Is 3 plus 4 equal to 8?,No,-4.85387659072876,-4.608019828796387,-5.052054343223571,-4.668956136703491,0.19817775249481162,0.06093630790710414,No,True,Yes,False
Arithmetic,2_digit_addition,'',Is 87 plus 40 equal to 127?,Yes,-5.027445793151856,-4.476479530334473,-5.052054343223571,-4.668956136703491,0.02460855007171503,0.1924766063690182,No,False,No,False
Arithmetic,1_digit_addition,'',Is 8 plus 8 equal to 89?,No,-4.657711505889893,-4.287118911743164,-5.052054343223571,-4.668956136703491,0.3943428373336788,0.3818372249603268,No,True,Yes,False
Arithmetic,2_digit_subtraction,'',Is 92 minus 28 equal to 71?,No,-4.799770832061768,-4.307803153991699,-5.052054343223571,-4.668956136703491,0.2522835111618038,0.36115298271179164,No,True,No,True
Arithmetic,2_digit_addition,'',Is 52 plus 41 equal to 26?,No,-4.823208332061768,-4.393740653991699,-5.052054343223571,-4.668956136703491,0.2288460111618038,0.27521548271179164,No,True,No,True
Arithmetic,1_digit_subtraction,'',Is 4 minus 7 equal to -3?,Yes,-5.792457580566406,-4.9340901374816895,-5.052054343223571,-4.668956136703491,-0.7404032373428349,-0.2651340007781986,No,False,No,False
Arithmetic,2_digit_subtraction,'',Is 73 minus 24 equal to 49?,Yes,-4.961129665374756,-4.406805038452148,-5.052054343223571,-4.668956136703491,0.09092467784881553,0.2621510982513424,No,False,No,False
Arithmetic,1_digit_subtraction,'',Is 2 minus 8 equal to 50?,No,-5.165647506713867,-4.54918909072876,-5.052054343223571,-4.668956136703491,-0.1135931634902958,0.11976704597473109,No,True,No,True
Arithmetic,1_digit_multiplication,'',Is 5 times 0 equal to 7?,No,-5.102707386016846,-4.984671592712402,-5.052054343223571,-4.668956136703491,-0.05065304279327432,-0.3157154560089115,No,True,Yes,False
Arithmetic,2_digit_multiplication,'',Is 55 times 45 equal to 2475?,Yes,-4.948025226593018,-4.583547592163086,-5.052054343223571,-4.668956136703491,0.10402911663055381,0.08540854454040492,No,False,Yes,True
Arithmetic,1_digit_subtraction,'',Is 2 minus 1 equal to 1?,Yes,-5.33140230178833,-4.9662251472473145,-5.052054343223571,-4.668956136703491,-0.2793479585647587,-0.2972690105438236,No,False,Yes,True
Arithmetic,1_digit_multiplication,'',Is 3 times 9 equal to 91?,No,-4.599325656890869,-4.481985092163086,-5.052054343223571,-4.668956136703491,0.45272868633270225,0.18697104454040492,No,True,Yes,False
Arithmetic,2_digit_addition,'',Is 77 plus 31 equal to 129?,No,-4.890817165374756,-4.526553153991699,-5.052054343223571,-4.668956136703491,0.16123717784881553,0.14240298271179164,No,True,Yes,False
Arithmetic,1_digit_multiplication,'',Is 2 times 8 equal to 16?,Yes,-4.927165985107422,-4.873909950256348,-5.052054343223571,-4.668956136703491,0.12488835811614951,-0.2049538135528568,No,False,Yes,True
Arithmetic,1_digit_multiplication,'',Is 6 times 9 equal to 14?,No,-5.157191753387451,-4.917497158050537,-5.052054343223571,-4.668956136703491,-0.10513741016387979,-0.24854102134704625,No,True,Yes,False
Arithmetic,2_digit_multiplication,'',Is 98 times 56 equal to 6647?,No,-5.092037677764893,-4.856979370117188,-5.052054343223571,-4.668956136703491,-0.03998333454132119,-0.18802323341369753,No,True,Yes,False
Arithmetic,1_digit_addition,'',Is 7 plus 5 equal to 12?,Yes,-5.057225227355957,-4.626377105712891,-5.052054343223571,-4.668956136703491,-0.005170884132385645,0.04257903099060023,No,False,No,False
Arithmetic,2_digit_multiplication,'',Is 95 times 29 equal to 3422?,No,-5.208541870117188,-4.7228779792785645,-5.052054343223571,-4.668956136703491,-0.156487526893617,-0.0539218425750736,No,True,No,True
Arithmetic,1_digit_multiplication,'',Is 6 times 7 equal to 54?,No,-5.002712726593018,-4.762331962585449,-5.052054343223571,-4.668956136703491,0.04934161663055381,-0.09337582588195836,No,True,Yes,False
Arithmetic,1_digit_addition,'',Is 6 plus 4 equal to 10?,Yes,-5.021047592163086,-4.588524341583252,-5.052054343223571,-4.668956136703491,0.03100675106048545,0.0804317951202389,No,False,No,False
Arithmetic,1_digit_subtraction,'',Is 5 minus 2 equal to 3?,Yes,-5.334502696990967,-4.90230655670166,-5.052054343223571,-4.668956136703491,-0.2824483537673954,-0.2333504199981693,No,False,No,False
Arithmetic,1_digit_subtraction,'',Is 2 minus 3 equal to 89?,No,-4.999068737030029,-4.568771839141846,-5.052054343223571,-4.668956136703491,0.05298560619354209,0.10018429756164515,No,True,No,True
Arithmetic,2_digit_addition,'',Is 53 plus 24 equal to 77?,Yes,-4.8166279792785645,-4.38668155670166,-5.052054343223571,-4.668956136703491,0.23542636394500693,0.2822745800018307,No,False,No,False
Arithmetic,2_digit_addition,'',Is 68 plus 11 equal to 99?,No,-4.709502696990967,-4.278014659881592,-5.052054343223571,-4.668956136703491,0.3425516462326046,0.39094147682189906,No,True,No,True
Arithmetic,1_digit_multiplication,'',Is 6 times 9 equal to 54?,Yes,-4.918070793151856,-4.6762776374816895,-5.052054343223571,-4.668956136703491,0.13398355007171503,-0.0073215007781985975,No,False,Yes,True
Arithmetic,1_digit_multiplication,'',Is 7 times 2 equal to 74?,No,-4.997604370117188,-4.6994404792785645,-5.052054343223571,-4.668956136703491,0.054449973106383,-0.030484342575073597,No,True,Yes,False
Arithmetic,2_digit_addition,'',Is 40 plus 54 equal to 94?,Yes,-4.7569732666015625,-4.198904991149902,-5.052054343223571,-4.668956136703491,0.2950810766220089,0.4700511455535885,No,False,No,False
Arithmetic,1_digit_subtraction,'',Is 1 minus 1 equal to 6?,No,-5.301063060760498,-4.935110092163086,-5.052054343223571,-4.668956136703491,-0.24900871753692666,-0.2661539554595951,No,True,Yes,False
Arithmetic,1_digit_multiplication,'',Is 9 times 5 equal to 82?,No,-4.8646626472473145,-4.559264659881592,-5.052054343223571,-4.668956136703491,0.18739169597625693,0.10969147682189906,No,True,Yes,False
Arithmetic,2_digit_addition,'',Is 15 plus 99 equal to 968?,No,-4.9731526374816895,-4.477859020233154,-5.052054343223571,-4.668956136703491,0.07890170574188193,0.19109711647033656,No,True,No,True
Arithmetic,1_digit_subtraction,'',Is 8 minus 1 equal to 7?,Yes,-5.400022506713867,-4.78511905670166,-5.052054343223571,-4.668956136703491,-0.3479681634902958,-0.1161629199981693,No,False,No,False
Arithmetic,2_digit_addition,'',Is 27 plus 77 equal to 475?,No,-4.953680038452148,-4.522082328796387,-5.052054343223571,-4.668956136703491,0.09837430477142295,0.14687380790710414,No,True,No,True
Arithmetic,1_digit_multiplication,'',Is 3 times 7 equal to 21?,Yes,-5.020915985107422,-4.8450608253479,-5.052054343223571,-4.668956136703491,0.03113835811614951,-0.17610468864440953,No,False,Yes,True
Arithmetic,1_digit_multiplication,'',Is 2 times 5 equal to 74?,No,-5.015141010284424,-4.840125560760498,-5.052054343223571,-4.668956136703491,0.03691333293914756,-0.1711694240570072,No,True,Yes,False
Arithmetic,1_digit_addition,'',Is 3 plus 6 equal to 9?,Yes,-4.890921592712402,-4.585195064544678,-5.052054343223571,-4.668956136703491,0.16113275051116904,0.08376107215881312,No,False,Yes,True
Arithmetic,1_digit_addition,'',Is 6 plus 2 equal to 8?,Yes,-5.046465873718262,-4.677118301391602,-5.052054343223571,-4.668956136703491,0.005588469505309668,-0.008162164688110707,No,False,Yes,True
Arithmetic,2_digit_multiplication,'',Is 75 times 43 equal to 3225?,Yes,-5.137762069702148,-4.712399005889893,-5.052054343223571,-4.668956136703491,-0.08570772647857705,-0.04344286918640172,No,False,No,False
Arithmetic,2_digit_addition,'',Is 11 plus 72 equal to 83?,Yes,-4.860836505889893,-4.553332328796387,-5.052054343223571,-4.668956136703491,0.1912178373336788,0.11562380790710414,No,False,Yes,True
Arithmetic,1_digit_multiplication,'',Is 6 times 0 equal to 0?,Yes,-4.968266010284424,-4.727707386016846,-5.052054343223571,-4.668956136703491,0.08378833293914756,-0.05875124931335485,No,False,Yes,True
Arithmetic,1_digit_addition,'',Is 1 plus 9 equal to 39?,No,-4.981512069702148,-4.5521626472473145,-5.052054343223571,-4.668956136703491,0.07054227352142295,0.1167934894561764,No,True,No,True
Arithmetic,2_digit_addition,'',Is 27 plus 74 equal to 101?,Yes,-4.931149005889893,-4.374717712402344,-5.052054343223571,-4.668956136703491,0.12090533733367881,0.2942384243011471,No,False,No,False
Arithmetic,2_digit_subtraction,'',Is 13 minus 60 equal to 594?,No,-5.350273609161377,-4.735836505889893,-5.052054343223571,-4.668956136703491,-0.29821926593780557,-0.06688036918640172,No,True,No,True
Arithmetic,2_digit_addition,'',Is 79 plus 42 equal to 121?,Yes,-4.663131237030029,-4.29758882522583,-5.052054343223571,-4.668956136703491,0.3889231061935421,0.3713673114776608,No,False,Yes,True
Arithmetic,1_digit_addition,'',Is 4 plus 2 equal to 1?,No,-5.048460006713867,-4.556149005889893,-5.052054343223571,-4.668956136703491,0.003594336509704199,0.11280713081359828,No,True,No,True
Arithmetic,1_digit_multiplication,'',Is 0 times 5 equal to 0?,Yes,-5.222591876983643,-5.047407150268555,-5.052054343223571,-4.668956136703491,-0.1705375337600712,-0.37845101356506383,No,False,Yes,True
Arithmetic,1_digit_addition,'',Is 8 plus 2 equal to 10?,Yes,-4.912627696990967,-4.543639659881592,-5.052054343223571,-4.668956136703491,0.1394266462326046,0.12531647682189906,No,False,Yes,True
Arithmetic,1_digit_subtraction,'',Is 7 minus 5 equal to 5?,No,-5.2228779792785645,-4.731139659881592,-5.052054343223571,-4.668956136703491,-0.17082363605499307,-0.06218352317810094,No,True,No,True
Arithmetic,1_digit_subtraction,'',Is 7 minus 1 equal to 6?,Yes,-5.273584842681885,-4.8443779945373535,-5.052054343223571,-4.668956136703491,-0.22153049945831338,-0.17542185783386266,No,False,No,False
Arithmetic,1_digit_multiplication,'',Is 3 times 5 equal to 27?,No,-4.962082386016846,-4.783787727355957,-5.052054343223571,-4.668956136703491,0.08997195720672568,-0.11483159065246618,No,True,Yes,False
Arithmetic,1_digit_subtraction,'',Is 1 minus 9 equal to -8?,Yes,-5.536666870117188,-4.9271626472473145,-5.052054343223571,-4.668956136703491,-0.484612526893617,-0.2582065105438236,No,False,No,False
Arithmetic,1_digit_subtraction,'',Is 0 minus 8 equal to -8?,Yes,-5.461469650268555,-4.927291870117188,-5.052054343223571,-4.668956136703491,-0.4094153070449833,-0.25833573341369753,No,False,No,False
Arithmetic,1_digit_subtraction,'',Is 8 minus 8 equal to 3?,No,-5.317449569702148,-4.766180038452148,-5.052054343223571,-4.668956136703491,-0.26539522647857705,-0.09722390174865758,No,True,No,True
Arithmetic,2_digit_subtraction,'',Is 18 minus 51 equal to -33?,Yes,-5.937110900878906,-5.077715873718262,-5.052054343223571,-4.668956136703491,-0.8850565576553349,-0.40875973701477086,No,False,No,False
Arithmetic,1_digit_addition,'',Is 4 plus 6 equal to 30?,No,-4.774899005889893,-4.279894828796387,-5.052054343223571,-4.668956136703491,0.2771553373336788,0.38906130790710414,No,True,No,True
Arithmetic,1_digit_multiplication,'',Is 8 times 4 equal to 95?,No,-4.830837726593018,-4.465456962585449,-5.052054343223571,-4.668956136703491,0.2212166166305538,0.20349917411804164,No,True,Yes,False
Arithmetic,2_digit_multiplication,'',Is 38 times 22 equal to 143?,No,-5.09702730178833,-4.610836505889893,-5.052054343223571,-4.668956136703491,-0.04497295856475869,0.05811963081359828,No,True,No,True
Arithmetic,2_digit_subtraction,'',Is 34 minus 28 equal to 6?,Yes,-5.141566753387451,-4.651872158050537,-5.052054343223571,-4.668956136703491,-0.08951241016387979,0.017083978652953746,No,False,No,False
Arithmetic,2_digit_addition,'',Is 69 plus 92 equal to 161?,Yes,-4.6681904792785645,-4.36324405670166,-5.052054343223571,-4.668956136703491,0.38386386394500693,0.3057120800018307,No,False,Yes,True
Arithmetic,2_digit_subtraction,'',Is 28 minus 26 equal to 2?,Yes,-5.372604370117188,-4.823208332061768,-5.052054343223571,-4.668956136703491,-0.320550026893617,-0.15425219535827672,No,False,No,False
Arithmetic,2_digit_addition,'',Is 64 plus 27 equal to 69?,No,-4.707133293151856,-4.338343143463135,-5.052054343223571,-4.668956136703491,0.34492105007171503,0.3306129932403561,No,True,Yes,False
Arithmetic,2_digit_subtraction,'',Is 10 minus 10 equal to 1?,No,-5.329710006713867,-4.835528373718262,-5.052054343223571,-4.668956136703491,-0.2776556634902958,-0.16657223701477086,No,True,No,True
Arithmetic,2_digit_addition,'',Is 23 plus 63 equal to 86?,Yes,-4.569903373718262,-4.325555801391602,-5.052054343223571,-4.668956136703491,0.48215096950530967,0.3434003353118893,No,False,Yes,True
Arithmetic,2_digit_addition,'',Is 65 plus 26 equal to 15?,No,-4.851153373718262,-4.543639659881592,-5.052054343223571,-4.668956136703491,0.20090096950530967,0.12531647682189906,No,True,Yes,False
Arithmetic,1_digit_addition,'',Is 2 plus 0 equal to 8?,No,-5.108086109161377,-4.9271626472473145,-5.052054343223571,-4.668956136703491,-0.05603176593780557,-0.2582065105438236,No,True,Yes,False
Arithmetic,2_digit_addition,'',Is 32 plus 87 equal to 119?,Yes,-4.806272506713867,-4.313961505889893,-5.052054343223571,-4.668956136703491,0.2457818365097042,0.3549946308135983,No,False,No,False
Arithmetic,2_digit_addition,'',Is 30 plus 53 equal to 83?,Yes,-4.759274005889893,-4.388681411743164,-5.052054343223571,-4.668956136703491,0.2927803373336788,0.2802747249603268,No,False,Yes,True
Arithmetic,1_digit_multiplication,'',Is 9 times 1 equal to 9?,Yes,-4.603024005889893,-4.670519828796387,-5.052054343223571,-4.668956136703491,0.4490303373336788,-0.001563692092895863,Yes,True,Yes,True
Arithmetic,2_digit_multiplication,'',Is 79 times 48 equal to 5422?,No,-5.086958408355713,-4.789254665374756,-5.052054343223571,-4.668956136703491,-0.034904065132141504,-0.120298528671265,No,True,Yes,False
Arithmetic,2_digit_multiplication,'',Is 78 times 67 equal to 7221?,No,-5.241992950439453,-4.888229370117188,-5.052054343223571,-4.668956136703491,-0.18993860721588174,-0.21927323341369753,No,True,Yes,False
Arithmetic,1_digit_subtraction,'',Is 7 minus 8 equal to -1?,Yes,-5.552395343780518,-4.755422592163086,-5.052054343223571,-4.668956136703491,-0.5003410005569462,-0.08646645545959508,No,False,No,False
Arithmetic,1_digit_subtraction,'',Is 4 minus 0 equal to 2?,No,-5.454066753387451,-4.901872158050537,-5.052054343223571,-4.668956136703491,-0.4020124101638798,-0.23291602134704625,No,True,No,True
Arithmetic,2_digit_subtraction,'',Is 15 minus 31 equal to -16?,Yes,-5.600273609161377,-5.048336505889893,-5.052054343223571,-4.668956136703491,-0.5482192659378056,-0.3793803691864017,No,False,No,False
Arithmetic,2_digit_multiplication,'',Is 92 times 88 equal to 1424?,No,-5.037679195404053,-4.743772506713867,-5.052054343223571,-4.668956136703491,0.014375147819518652,-0.07481637001037633,No,True,Yes,False
Arithmetic,1_digit_subtraction,'',Is 7 minus 2 equal to 5?,Yes,-5.2619404792785645,-4.770868301391602,-5.052054343223571,-4.668956136703491,-0.20988613605499307,-0.1019121646881107,No,False,No,False
Arithmetic,1_digit_multiplication,'',Is 1 times 1 equal to 1?,Yes,-4.990898609161377,-5.181272506713867,-5.052054343223571,-4.668956136703491,0.06115573406219443,-0.5123163700103763,Yes,True,Yes,True
Arithmetic,1_digit_subtraction,'',Is 9 minus 0 equal to 5?,No,-5.186065196990967,-4.755243301391602,-5.052054343223571,-4.668956136703491,-0.1340108537673954,-0.0862871646881107,No,True,No,True
Arithmetic,1_digit_subtraction,'',Is 4 minus 0 equal to 4?,Yes,-5.258109092712402,-4.76633882522583,-5.052054343223571,-4.668956136703491,-0.20605474948883096,-0.09738268852233922,No,False,No,False
Arithmetic,1_digit_subtraction,'',Is 3 minus 3 equal to 2?,No,-5.210528373718262,-4.965514659881592,-5.052054343223571,-4.668956136703491,-0.15847403049469033,-0.29655852317810094,No,True,Yes,False
Arithmetic,2_digit_subtraction,'',Is 37 minus 47 equal to 774?,No,-5.255290985107422,-4.644059658050537,-5.052054343223571,-4.668956136703491,-0.2032366418838505,0.024896478652953746,No,True,No,True
Arithmetic,1_digit_multiplication,'',Is 8 times 2 equal to 95?,No,-4.764336109161377,-4.460528373718262,-5.052054343223571,-4.668956136703491,0.28771823406219443,0.20842776298522914,No,True,Yes,False
Arithmetic,2_digit_addition,'',Is 84 plus 83 equal to 167?,Yes,-4.8490376472473145,-4.482431411743164,-5.052054343223571,-4.668956136703491,0.20301669597625693,0.1865247249603268,No,False,Yes,True
Arithmetic,1_digit_subtraction,'',Is 4 minus 2 equal to 2?,Yes,-5.312647342681885,-4.757729530334473,-5.052054343223571,-4.668956136703491,-0.2605929994583134,-0.0887733936309818,No,False,No,False
Arithmetic,2_digit_multiplication,'',Is 56 times 57 equal to 3192?,Yes,-5.028854370117188,-4.791958332061768,-5.052054343223571,-4.668956136703491,0.023199973106383,-0.12300219535827672,No,False,Yes,True
Arithmetic,2_digit_multiplication,'',Is 93 times 88 equal to 4450?,No,-4.88609790802002,-4.5900654792785645,-5.052054343223571,-4.668956136703491,0.16595643520355097,0.0788906574249264,No,True,Yes,False
Arithmetic,2_digit_addition,'',Is 88 plus 44 equal to 132?,Yes,-4.87827730178833,-4.451690196990967,-5.052054343223571,-4.668956136703491,0.1737770414352413,0.21726593971252406,No,False,No,False
Arithmetic,2_digit_subtraction,'',Is 29 minus 93 equal to -64?,Yes,-5.28452730178833,-4.673336505889893,-5.052054343223571,-4.668956136703491,-0.2324729585647587,-0.0043803691864017225,No,False,No,False
Arithmetic,2_digit_multiplication,'',Is 54 times 80 equal to 4320?,Yes,-4.933082580566406,-4.632959842681885,-5.052054343223571,-4.668956136703491,0.11897176265716514,0.03599629402160609,No,False,Yes,True
Arithmetic,1_digit_subtraction,'',Is 7 minus 1 equal to 7?,No,-5.357940196990967,-4.803885459899902,-5.052054343223571,-4.668956136703491,-0.3058858537673954,-0.1349293231964115,No,True,No,True
Arithmetic,2_digit_addition,'',Is 33 plus 12 equal to 45?,Yes,-4.520202159881592,-4.210655212402344,-5.052054343223571,-4.668956136703491,0.5318521833419796,0.4583009243011471,No,False,Yes,True
Arithmetic,1_digit_multiplication,'',Is 7 times 0 equal to 0?,Yes,-5.032270908355713,-4.733086109161377,-5.052054343223571,-4.668956136703491,0.019783434867858496,-0.0641299724578861,No,False,Yes,True
Arithmetic,1_digit_addition,'',Is 8 plus 9 equal to 50?,No,-4.833437919616699,-4.276508331298828,-5.052054343223571,-4.668956136703491,0.21861642360687217,0.39244780540466273,No,True,No,True
Arithmetic,1_digit_addition,'',Is 2 plus 9 equal to 37?,No,-4.997137069702148,-4.5677876472473145,-5.052054343223571,-4.668956136703491,0.05491727352142295,0.1011684894561764,No,True,No,True
Arithmetic,1_digit_multiplication,'',Is 9 times 6 equal to 54?,Yes,-4.851859092712402,-4.6093831062316895,-5.052054343223571,-4.668956136703491,0.20019525051116904,0.0595730304718014,No,False,Yes,True
Arithmetic,1_digit_addition,'',Is 1 plus 5 equal to 7?,No,-5.200262069702148,-4.9572529792785645,-5.052054343223571,-4.668956136703491,-0.14820772647857705,-0.2882968425750736,No,True,Yes,False
Arithmetic,2_digit_subtraction,'',Is 25 minus 73 equal to 731?,No,-5.325719356536865,-4.709293365478516,-5.052054343223571,-4.668956136703491,-0.27366501331329385,-0.04033722877502477,No,True,No,True
Arithmetic,1_digit_multiplication,'',Is 3 times 1 equal to 3?,Yes,-4.814085006713867,-5.070867538452148,-5.052054343223571,-4.668956136703491,0.2379693365097042,-0.4019114017486576,Yes,True,Yes,True
Arithmetic,1_digit_multiplication,'',Is 9 times 3 equal to 96?,No,-4.543581962585449,-4.42387580871582,-5.052054343223571,-4.668956136703491,0.5084723806381222,0.24508032798767054,No,True,Yes,False
Arithmetic,1_digit_multiplication,'',Is 1 times 0 equal to 4?,No,-4.880416870117188,-5.075262069702148,-5.052054343223571,-4.668956136703491,0.171637473106383,-0.4063059329986576,Yes,False,Yes,False
Arithmetic,1_digit_subtraction,'',Is 3 minus 6 equal to 15?,No,-5.313055038452148,-4.818957328796387,-5.052054343223571,-4.668956136703491,-0.26100069522857705,-0.15000119209289586,No,True,No,True
Arithmetic,1_digit_subtraction,'',Is 1 minus 8 equal to 47?,No,-5.186211109161377,-4.571774005889893,-5.052054343223571,-4.668956136703491,-0.13415676593780557,0.09718213081359828,No,True,No,True
Arithmetic,1_digit_multiplication,'',Is 8 times 8 equal to 64?,Yes,-4.6809983253479,-4.624917030334473,-5.052054343223571,-4.668956136703491,0.371056017875671,0.0440391063690182,No,False,Yes,True
Arithmetic,2_digit_subtraction,'',Is 89 minus 15 equal to 45?,No,-4.816688060760498,-4.448871612548828,-5.052054343223571,-4.668956136703491,0.23536628246307334,0.22008452415466273,No,True,Yes,False
Arithmetic,1_digit_multiplication,'',Is 7 times 8 equal to 56?,Yes,-4.928398609161377,-4.688961505889893,-5.052054343223571,-4.668956136703491,0.12365573406219443,-0.020005369186401722,No,False,Yes,True
Arithmetic,1_digit_subtraction,'',Is 9 minus 0 equal to 9?,Yes,-5.085528373718262,-4.592947959899902,-5.052054343223571,-4.668956136703491,-0.03347403049469033,0.07600817680358851,No,False,No,False
Arithmetic,2_digit_subtraction,'',Is 34 minus 41 equal to 36?,No,-4.71325159072876,-4.344415664672852,-5.052054343223571,-4.668956136703491,0.3388027524948116,0.3245404720306393,No,True,Yes,False
Arithmetic,1_digit_addition,'',Is 5 plus 3 equal to 5?,No,-4.882729530334473,-4.635883331298828,-5.052054343223571,-4.668956136703491,0.16932481288909873,0.03307280540466273,No,True,Yes,False
Arithmetic,1_digit_addition,'',Is 6 plus 7 equal to 22?,No,-5.112809658050537,-4.618484020233154,-5.052054343223571,-4.668956136703491,-0.06075531482696572,0.05047211647033656,No,True,No,True
Arithmetic,1_digit_multiplication,'',Is 6 times 6 equal to 36?,Yes,-4.836129665374756,-4.719305038452148,-5.052054343223571,-4.668956136703491,0.21592467784881553,-0.05034890174865758,No,False,Yes,True
Arithmetic,1_digit_addition,'',Is 3 plus 0 equal to 8?,No,-4.929278373718262,-4.746764659881592,-5.052054343223571,-4.668956136703491,0.12277596950530967,-0.07780852317810094,No,True,Yes,False
Arithmetic,1_digit_multiplication,'',Is 1 times 8 equal to 9?,No,-4.907630920410156,-4.919469356536865,-5.052054343223571,-4.668956136703491,0.14442342281341514,-0.2505132198333744,Yes,False,Yes,False
Arithmetic,2_digit_multiplication,'',Is 36 times 43 equal to 1548?,Yes,-4.965887069702148,-4.787627696990967,-5.052054343223571,-4.668956136703491,0.08616727352142295,-0.11867156028747594,No,False,Yes,True
Arithmetic,2_digit_addition,'',Is 79 plus 92 equal to 160?,No,-4.7044358253479,-4.399734020233154,-5.052054343223571,-4.668956136703491,0.347618517875671,0.26922211647033656,No,True,Yes,False
Arithmetic,2_digit_multiplication,'',Is 31 times 16 equal to 496?,Yes,-4.936978340148926,-4.69676399230957,-5.052054343223571,-4.668956136703491,0.1150760030746456,-0.027807855606079457,No,False,Yes,True
Arithmetic,2_digit_multiplication,'',Is 72 times 27 equal to 3699?,No,-4.911666870117188,-4.549770832061768,-5.052054343223571,-4.668956136703491,0.140387473106383,0.11918530464172328,No,True,Yes,False
Arithmetic,2_digit_addition,'',Is 12 plus 96 equal to 108?,Yes,-4.962399005889893,-4.404894828796387,-5.066058899402618,-4.678052591323852,0.10365989351272553,0.2731577625274655,No,False,No,False
Arithmetic,1_digit_multiplication,'',Is 0 times 3 equal to 5?,No,-5.093086242675781,-5.164196014404297,-5.066058899402618,-4.678052591323852,-0.02702734327316314,-0.48614342308044467,Yes,False,Yes,False
Arithmetic,1_digit_multiplication,'',Is 0 times 6 equal to 0?,Yes,-5.257748126983643,-5.02371072769165,-5.066058899402618,-4.678052591323852,-0.19168922758102447,-0.3456581363677982,No,False,Yes,True
Arithmetic,2_digit_multiplication,'',Is 91 times 84 equal to 6063?,No,-4.926948070526123,-4.754188060760498,-5.066058899402618,-4.678052591323852,0.13911082887649506,-0.07613546943664584,No,True,Yes,False
Arithmetic,2_digit_multiplication,'',Is 29 times 21 equal to 312?,No,-4.884397506713867,-4.643740653991699,-5.066058899402618,-4.678052591323852,0.18166139268875092,0.034311937332152986,No,True,Yes,False
Arithmetic,1_digit_subtraction,'',Is 4 minus 1 equal to 3?,Yes,-5.3606858253479,-4.805984020233154,-5.066058899402618,-4.678052591323852,-0.2946269259452823,-0.1279314289093021,No,False,No,False
Arithmetic,1_digit_addition,'',Is 4 plus 2 equal to 6?,Yes,-4.975127696990967,-4.543639659881592,-5.066058899402618,-4.678052591323852,0.09093120241165131,0.1344129314422604,No,False,No,False
Arithmetic,1_digit_multiplication,'',Is 1 times 2 equal to 7?,No,-5.152076244354248,-5.221462726593018,-5.066058899402618,-4.678052591323852,-0.08601734495162994,-0.5434101352691654,Yes,False,Yes,False
Arithmetic,1_digit_multiplication,'',Is 5 times 2 equal to 10?,Yes,-5.013219356536865,-4.8950276374816895,-5.066058899402618,-4.678052591323852,0.052839542865752875,-0.21697504615783725,No,False,Yes,True
Arithmetic,1_digit_addition,'',Is 5 plus 1 equal to 9?,No,-4.930242538452148,-4.559264659881592,-5.066058899402618,-4.678052591323852,0.13581636095046967,0.11878793144226041,No,True,Yes,False
Arithmetic,1_digit_subtraction,'',Is 2 minus 6 equal to -4?,Yes,-5.748616695404053,-5.140817165374756,-5.066058899402618,-4.678052591323852,-0.6825577960014346,-0.46276457405090365,No,False,No,False
Arithmetic,2_digit_addition,'',Is 80 plus 11 equal to 80?,No,-4.780447959899902,-4.346644878387451,-5.066058899402618,-4.678052591323852,0.28561093950271577,0.33140771293640103,No,True,No,True
Arithmetic,1_digit_multiplication,'',Is 2 times 3 equal to 7?,No,-5.134451866149902,-5.083700656890869,-5.066058899402618,-4.678052591323852,-0.06839296674728423,-0.40564806556701694,No,True,Yes,False
Arithmetic,2_digit_multiplication,'',Is 52 times 53 equal to 2756?,Yes,-5.10484790802002,-4.806272506713867,-5.066058899402618,-4.678052591323852,-0.03878900861740231,-0.12821991539001498,No,False,Yes,True
Arithmetic,2_digit_multiplication,'',Is 71 times 85 equal to 3719?,No,-5.055852890014648,-4.764336109161377,-5.066058899402618,-4.678052591323852,0.010206009387969672,-0.08628351783752475,No,True,Yes,False
Arithmetic,2_digit_multiplication,'',Is 50 times 23 equal to 5941?,No,-5.132423400878906,-4.703317165374756,-5.066058899402618,-4.678052591323852,-0.06636450147628814,-0.025264574050903654,No,True,No,True
Arithmetic,1_digit_addition,'',Is 0 plus 5 equal to 5?,Yes,-5.133833408355713,-4.892124652862549,-5.066058899402618,-4.678052591323852,-0.06777450895309478,-0.21407206153869662,No,False,Yes,True
Arithmetic,1_digit_multiplication,'',Is 5 times 0 equal to 0?,Yes,-5.032749652862549,-4.848699569702148,-5.066058899402618,-4.678052591323852,0.03330924654006928,-0.17064697837829623,No,False,Yes,True
Arithmetic,2_digit_addition,'',Is 62 plus 92 equal to 971?,No,-4.909645080566406,-4.484522342681885,-5.066058899402618,-4.678052591323852,0.15641381883621186,0.19353024864196744,No,True,No,True
Arithmetic,1_digit_addition,'',Is 9 plus 9 equal to 27?,No,-4.82102632522583,-4.325746059417725,-5.066058899402618,-4.678052591323852,0.24503257417678803,0.3523065319061276,No,True,No,True
Arithmetic,1_digit_subtraction,'',Is 6 minus 8 equal to 20?,No,-5.249590873718262,-4.506457328796387,-5.066058899402618,-4.678052591323852,-0.1835319743156436,0.1715952625274655,No,True,No,True
Arithmetic,2_digit_multiplication,'',Is 43 times 10 equal to 124?,No,-4.965887069702148,-4.54137659072876,-5.066058899402618,-4.678052591323852,0.10017182970046967,0.13667600059509244,No,True,No,True
Arithmetic,1_digit_subtraction,'',Is 0 minus 7 equal to 95?,No,-5.05016040802002,-4.440395832061768,-5.066058899402618,-4.678052591323852,0.01589849138259769,0.23765675926208463,No,True,No,True
Arithmetic,1_digit_subtraction,'',Is 4 minus 2 equal to 8?,No,-5.241778373718262,-4.686144828796387,-5.066058899402618,-4.678052591323852,-0.1757194743156436,-0.008092237472534514,No,True,No,True
Arithmetic,1_digit_addition,'',Is 6 plus 0 equal to 6?,Yes,-5.101859092712402,-4.733632564544678,-5.066058899402618,-4.678052591323852,-0.035800193309784234,-0.05557997322082553,No,False,Yes,True
Arithmetic,2_digit_multiplication,'',Is 50 times 84 equal to 4200?,Yes,-5.204624652862549,-4.7162251472473145,-5.066058899402618,-4.678052591323852,-0.13856575345993072,-0.03817255592346225,No,False,No,False
Arithmetic,1_digit_subtraction,'',Is 7 minus 5 equal to 2?,Yes,-5.378395080566406,-4.8294358253479,-5.066058899402618,-4.678052591323852,-0.31233618116378814,-0.15138323402404819,No,False,No,False
Arithmetic,1_digit_addition,'',Is 4 plus 3 equal to 7?,Yes,-5.111780643463135,-4.618484020233154,-5.066058899402618,-4.678052591323852,-0.045721744060516656,0.05956857109069791,No,False,No,False
Arithmetic,2_digit_subtraction,'',Is 50 minus 39 equal to 15?,No,-5.4115376472473145,-4.79293155670166,-5.066058899402618,-4.678052591323852,-0.34547874784469634,-0.11487896537780795,No,True,No,True
Arithmetic,1_digit_subtraction,'',Is 0 minus 8 equal to 11?,No,-5.273242950439453,-4.731979370117188,-5.066058899402618,-4.678052591323852,-0.20718405103683502,-0.05392677879333618,No,True,No,True
Arithmetic,2_digit_multiplication,'',Is 11 times 24 equal to 264?,Yes,-5.066688060760498,-4.700735092163086,-5.066058899402618,-4.678052591323852,-0.0006291613578799371,-0.022682500839233732,No,False,Yes,True
Arithmetic,1_digit_addition,'',Is 8 plus 1 equal to 8?,No,-4.8637776374816895,-4.619112491607666,-5.066058899402618,-4.678052591323852,0.20228126192092866,0.05894009971618619,No,True,Yes,False
Arithmetic,1_digit_multiplication,'',Is 4 times 9 equal to 99?,No,-4.911825656890869,-4.4218831062316895,-5.066058899402618,-4.678052591323852,0.15423324251174897,0.25616948509216275,No,True,No,True
Arithmetic,2_digit_subtraction,'',Is 74 minus 32 equal to 18?,No,-5.081020832061768,-4.58980655670166,-5.066058899402618,-4.678052591323852,-0.014961932659149468,0.08824603462219205,No,True,No,True
Arithmetic,1_digit_subtraction,'',Is 4 minus 3 equal to 1?,Yes,-5.232138156890869,-4.615646839141846,-5.066058899402618,-4.678052591323852,-0.16607925748825103,0.0624057521820065,No,False,No,False
Arithmetic,2_digit_subtraction,'',Is 50 minus 50 equal to 0?,Yes,-5.306187152862549,-4.625192165374756,-5.066058899402618,-4.678052591323852,-0.24012825345993072,0.052860425949096346,No,False,No,False
Arithmetic,1_digit_multiplication,'',Is 9 times 2 equal to 83?,No,-4.831020832061768,-4.65075159072876,-5.066058899402618,-4.678052591323852,0.23503806734085053,0.02730100059509244,No,True,Yes,False
Arithmetic,2_digit_multiplication,'',Is 76 times 18 equal to 1368?,Yes,-5.318929195404053,-4.900022506713867,-5.066058899402618,-4.678052591323852,-0.2528702960014346,-0.22196991539001498,No,False,No,False
Arithmetic,1_digit_addition,'',Is 5 plus 5 equal to 10?,Yes,-4.931064605712891,-4.558829784393311,-5.066058899402618,-4.678052591323852,0.13499429368972748,0.11922280693054077,No,False,Yes,True
Arithmetic,1_digit_multiplication,'',Is 9 times 4 equal to 36?,Yes,-4.664359092712402,-4.546132564544678,-5.066058899402618,-4.678052591323852,0.40169980669021577,0.13192002677917447,No,False,Yes,True
Arithmetic,2_digit_multiplication,'',Is 70 times 23 equal to 1610?,Yes,-5.18296480178833,-4.696774005889893,-5.066058899402618,-4.678052591323852,-0.11690590238571197,-0.018721414566040373,No,False,No,False
Arithmetic,1_digit_multiplication,'',Is 7 times 4 equal to 28?,Yes,-5.036199569702148,-4.734930038452148,-5.066058899402618,-4.678052591323852,0.029859329700469672,-0.05687744712829623,No,False,Yes,True
Arithmetic,1_digit_addition,'',Is 3 plus 9 equal to 12?,Yes,-4.842105865478516,-4.5337653160095215,-5.066058899402618,-4.678052591323852,0.22395303392410248,0.14428727531433072,No,False,Yes,True
Arithmetic,2_digit_multiplication,'',Is 25 times 63 equal to 1575?,Yes,-5.0666279792785645,-4.76168155670166,-5.066058899402618,-4.678052591323852,-0.0005690798759463433,-0.08362896537780795,No,False,Yes,True
Arithmetic,2_digit_multiplication,'',Is 86 times 12 equal to 3301?,No,-5.335742473602295,-4.977504253387451,-5.066058899402618,-4.678052591323852,-0.2696835741996768,-0.29945166206359897,No,True,Yes,False
Arithmetic,1_digit_multiplication,'',Is 0 times 1 equal to 0?,Yes,-5.24636697769165,-5.068600177764893,-5.066058899402618,-4.678052591323852,-0.18030807828903228,-0.3905475864410404,No,False,Yes,True
Arithmetic,2_digit_multiplication,'',Is 43 times 32 equal to 1376?,Yes,-5.108985900878906,-4.686065196990967,-5.066058899402618,-4.678052591323852,-0.04292700147628814,-0.008012605667114592,No,False,No,False
Arithmetic,1_digit_addition,'',Is 6 plus 6 equal to 70?,No,-4.925309658050537,-4.368484020233154,-5.066058899402618,-4.678052591323852,0.140749241352081,0.3095685710906979,No,True,No,True
Arithmetic,1_digit_multiplication,'',Is 9 times 0 equal to 0?,Yes,-4.872137069702148,-4.6291279792785645,-5.066058899402618,-4.678052591323852,0.19392182970046967,0.04892461204528775,No,False,Yes,True
Arithmetic,2_digit_subtraction,'',Is 68 minus 56 equal to 41?,No,-4.995826244354248,-4.447850227355957,-5.066058899402618,-4.678052591323852,0.07023265504837006,0.23020236396789517,No,True,No,True
Arithmetic,1_digit_subtraction,'',Is 4 minus 5 equal to -1?,Yes,-5.616450309753418,-4.7544026374816895,-5.066058899402618,-4.678052591323852,-0.5503914103507999,-0.07635004615783725,No,False,No,False
Arithmetic,1_digit_subtraction,'',Is 0 minus 3 equal to -3?,Yes,-6.051352024078369,-5.326741695404053,-5.066058899402618,-4.678052591323852,-0.985293124675751,-0.6486891040802005,No,False,No,False
Arithmetic,2_digit_addition,'',Is 31 plus 88 equal to 119?,Yes,-4.803252696990967,-4.372430801391602,-5.066058899402618,-4.678052591323852,0.2628062024116513,0.30562178993225064,No,False,No,False
Arithmetic,2_digit_subtraction,'',Is 37 minus 10 equal to 17?,No,-5.438441753387451,-4.825625419616699,-5.066058899402618,-4.678052591323852,-0.37238285398483306,-0.147572828292847,No,True,No,True
Arithmetic,1_digit_subtraction,'',Is 8 minus 1 equal to 1?,No,-5.265103340148926,-4.713475227355957,-5.066058899402618,-4.678052591323852,-0.19904444074630767,-0.035422636032104826,No,True,No,True
Arithmetic,2_digit_subtraction,'',Is 54 minus 93 equal to 148?,No,-4.9584126472473145,-4.342394828796387,-5.066058899402618,-4.678052591323852,0.10764625215530366,0.3356577625274655,No,True,No,True
Arithmetic,2_digit_subtraction,'',Is 95 minus 80 equal to 45?,No,-5.04051399230957,-4.423252105712891,-5.066058899402618,-4.678052591323852,0.025544907093047797,0.2548004856109616,No,True,No,True
Arithmetic,2_digit_multiplication,'',Is 24 times 90 equal to 2160?,Yes,-4.993687152862549,-4.875192165374756,-5.066058899402618,-4.678052591323852,0.07237174654006928,-0.19713957405090365,No,False,Yes,True
Arithmetic,2_digit_subtraction,'',Is 24 minus 46 equal to -22?,Yes,-5.583415985107422,-4.784684658050537,-5.066058899402618,-4.678052591323852,-0.5173570857048038,-0.1066320667266849,No,False,No,False
Arithmetic,1_digit_multiplication,'',Is 8 times 5 equal to 40?,Yes,-4.83921480178833,-4.538653373718262,-5.066058899402618,-4.678052591323852,0.22684409761428803,0.1393992176055905,No,False,Yes,True
Arithmetic,2_digit_subtraction,'',Is 61 minus 40 equal to 33?,No,-5.194575309753418,-4.706559658050537,-5.066058899402618,-4.678052591323852,-0.12851641035079986,-0.028507066726684904,No,True,No,True
Arithmetic,2_digit_addition,'',Is 21 plus 65 equal to 86?,Yes,-4.6606526374816895,-4.352859020233154,-5.066058899402618,-4.678052591323852,0.40540626192092866,0.3251935710906979,No,False,Yes,True
Arithmetic,2_digit_multiplication,'',Is 36 times 82 equal to 6725?,No,-4.84702730178833,-4.607940196990967,-5.066058899402618,-4.678052591323852,0.21903159761428803,0.07011239433288541,No,True,Yes,False
Arithmetic,2_digit_multiplication,'',Is 95 times 91 equal to 8645?,Yes,-4.997604370117188,-4.6369404792785645,-5.066058899402618,-4.678052591323852,0.06845452928542972,0.04111211204528775,No,False,Yes,True
Arithmetic,1_digit_multiplication,'',Is 2 times 7 equal to 44?,No,-4.954764366149902,-4.840125560760498,-5.066058899402618,-4.678052591323852,0.11129453325271577,-0.16207296943664584,No,True,Yes,False
Arithmetic,1_digit_multiplication,'',Is 1 times 7 equal to 7?,Yes,-5.028728485107422,-5.161656856536865,-5.066058899402618,-4.678052591323852,0.037330414295196235,-0.48360426521301303,Yes,True,Yes,True
Arithmetic,2_digit_subtraction,'',Is 61 minus 41 equal to 20?,Yes,-5.024379253387451,-4.474062919616699,-5.066058899402618,-4.678052591323852,0.04167964601516694,0.203989671707153,No,False,No,False
Arithmetic,1_digit_subtraction,'',Is 0 minus 2 equal to 27?,No,-5.42579460144043,-4.759451866149902,-5.066058899402618,-4.678052591323852,-0.3597357020378116,-0.08139927482605014,No,True,No,True
Arithmetic,2_digit_multiplication,'',Is 55 times 38 equal to 8610?,No,-5.037773609161377,-4.673336505889893,-5.066058899402618,-4.678052591323852,0.028285290241241157,0.004716085433959627,No,True,Yes,False
Arithmetic,1_digit_subtraction,'',Is 8 minus 6 equal to 5?,No,-5.209648609161377,-4.657711505889893,-5.066058899402618,-4.678052591323852,-0.14358970975875884,0.020341085433959627,No,True,No,True
Arithmetic,1_digit_addition,'',Is 8 plus 5 equal to 30?,No,-4.709502696990967,-4.340514659881592,-5.066058899402618,-4.678052591323852,0.3565562024116513,0.3375379314422604,No,True,Yes,False
Arithmetic,1_digit_addition,'',Is 3 plus 7 equal to 10?,Yes,-4.915524005889893,-4.608019828796387,-5.066058899402618,-4.678052591323852,0.15053489351272553,0.07003276252746549,No,False,Yes,True
Arithmetic,1_digit_multiplication,'',Is 6 times 7 equal to 42?,Yes,-4.889336109161377,-4.710528373718262,-5.066058899402618,-4.678052591323852,0.17672279024124116,-0.032475782394409514,No,False,Yes,True
Arithmetic,2_digit_addition,'',Is 60 plus 47 equal to 107?,Yes,-4.940037727355957,-4.384189605712891,-5.066058899402618,-4.678052591323852,0.12602117204666108,0.2938629856109616,No,False,No,False
Arithmetic,1_digit_multiplication,'',Is 8 times 9 equal to 72?,Yes,-4.799587726593018,-4.620746612548828,-5.066058899402618,-4.678052591323852,0.26647117280960053,0.05730597877502408,No,False,Yes,True
Arithmetic,1_digit_addition,'',Is 2 plus 3 equal to 5?,Yes,-4.984522342681885,-4.803043365478516,-5.066058899402618,-4.678052591323852,0.08153655672073334,-0.12499077415466342,No,False,Yes,True
Arithmetic,2_digit_addition,'',Is 96 plus 78 equal to 174?,Yes,-4.951836109161377,-4.461492538452148,-5.066058899402618,-4.678052591323852,0.11422279024124116,0.21656005287170377,No,False,No,False
Arithmetic,1_digit_multiplication,'',Is 9 times 6 equal to 27?,No,-4.926063060760498,-4.685110092163086,-5.066058899402618,-4.678052591323852,0.13999583864212006,-0.007057500839233732,No,True,Yes,False
Arithmetic,2_digit_subtraction,'',Is 78 minus 38 equal to 40?,Yes,-4.945459842681885,-4.454421520233154,-5.066058899402618,-4.678052591323852,0.12059905672073334,0.2236310710906979,No,False,No,False
Arithmetic,1_digit_multiplication,'',Is 9 times 7 equal to 63?,Yes,-4.836234092712402,-4.6562581062316895,-5.066058899402618,-4.678052591323852,0.22982480669021577,0.021794485092162752,No,False,Yes,True
Arithmetic,2_digit_subtraction,'',Is 86 minus 95 equal to 28?,No,-5.137762069702148,-4.52575159072876,-5.066058899402618,-4.678052591323852,-0.07170317029953033,0.15230100059509244,No,True,No,True
Arithmetic,1_digit_multiplication,'',Is 9 times 5 equal to 45?,Yes,-4.632403373718262,-4.450555801391602,-5.066058899402618,-4.678052591323852,0.4336555256843564,0.22749678993225064,No,False,Yes,True
Arithmetic,2_digit_addition,'',Is 60 plus 53 equal to 113?,Yes,-4.850127696990967,-4.356139659881592,-5.066058899402618,-4.678052591323852,0.2159312024116513,0.3219129314422604,No,False,No,False
Arithmetic,1_digit_subtraction,'',Is 5 minus 6 equal to -1?,Yes,-5.557400226593018,-4.817019462585449,-5.066058899402618,-4.678052591323852,-0.49134132719039947,-0.138966871261597,No,False,No,False
Arithmetic,1_digit_subtraction,'',Is 1 minus 4 equal to -3?,Yes,-5.982991695404053,-5.248711109161377,-5.066058899402618,-4.678052591323852,-0.9169327960014346,-0.5706585178375247,No,False,No,False
Arithmetic,1_digit_addition,'',Is 8 plus 3 equal to 17?,No,-5.161199569702148,-4.7318501472473145,-5.066058899402618,-4.678052591323852,-0.09514067029953033,-0.05379755592346225,No,True,No,True
Arithmetic,1_digit_subtraction,'',Is 5 minus 4 equal to 1?,Yes,-5.243772506713867,-4.688055038452148,-5.066058899402618,-4.678052591323852,-0.17771360731124908,-0.010002447128296232,No,False,No,False
Arithmetic,2_digit_multiplication,'',Is 50 times 57 equal to 2850?,Yes,-5.1224751472473145,-4.690615653991699,-5.066058899402618,-4.678052591323852,-0.05641624784469634,-0.012563062667847014,No,False,No,False
Arithmetic,1_digit_multiplication,'',Is 0 times 9 equal to 6?,No,-5.195844650268555,-5.087102890014648,-5.066058899402618,-4.678052591323852,-0.12978575086593658,-0.40905029869079623,No,True,Yes,False
Arithmetic,2_digit_addition,'',Is 83 plus 38 equal to 121?,Yes,-4.5744404792785645,-4.332702159881592,-5.066058899402618,-4.678052591323852,0.49161842012405366,0.3453504314422604,No,False,Yes,True
Arithmetic,2_digit_addition,'',Is 67 plus 77 equal to 144?,Yes,-4.80613899230957,-4.50071382522583,-5.066058899402618,-4.678052591323852,0.2599199070930478,0.17733876609802213,No,False,Yes,True
Arithmetic,1_digit_addition,'',Is 9 plus 9 equal to 18?,Yes,-4.749717712402344,-4.4400787353515625,-5.066058899402618,-4.678052591323852,0.31634118700027436,0.2379738559722897,No,False,Yes,True
Arithmetic,1_digit_multiplication,'',Is 2 times 9 equal to 77?,No,-5.054298400878906,-4.752895832061768,-5.066058899402618,-4.678052591323852,0.01176049852371186,-0.07484324073791537,No,True,Yes,False
Arithmetic,1_digit_addition,'',Is 1 plus 7 equal to 8?,Yes,-5.097758293151856,-4.916468143463135,-5.066058899402618,-4.678052591323852,-0.03169939374923825,-0.23841555213928256,No,False,Yes,True
Arithmetic,2_digit_subtraction,'',Is 95 minus 99 equal to -4?,Yes,-5.511451244354248,-4.838475227355957,-5.066058899402618,-4.678052591323852,-0.44539234495162994,-0.16042263603210483,No,False,No,False
Arithmetic,1_digit_multiplication,'',Is 6 times 5 equal to 30?,Yes,-4.745083332061768,-4.626461505889893,-5.066058899402618,-4.678052591323852,0.32097556734085053,0.05159108543395963,No,False,Yes,True
Arithmetic,1_digit_addition,'',Is 0 plus 9 equal to 7?,No,-5.277313232421875,-4.853062152862549,-5.066058899402618,-4.678052591323852,-0.2112543330192569,-0.17500956153869662,No,True,No,True
Arithmetic,2_digit_multiplication,'',Is 48 times 64 equal to 3072?,Yes,-5.08921480178833,-4.7240376472473145,-5.066058899402618,-4.678052591323852,-0.02315590238571197,-0.04598505592346225,No,False,Yes,True
Arithmetic,1_digit_addition,'',Is 6 plus 7 equal to 13?,Yes,-5.3294358253479,-4.7740654945373535,-5.066058899402618,-4.678052591323852,-0.2633769259452823,-0.09601290321350131,No,False,No,False
Arithmetic,2_digit_multiplication,'',Is 38 times 42 equal to 2285?,No,-5.222625732421875,-4.867379665374756,-5.066058899402618,-4.678052591323852,-0.1565668330192569,-0.18932707405090365,No,True,Yes,False
Arithmetic,2_digit_subtraction,'',Is 27 minus 68 equal to -41?,Yes,-5.624241352081299,-4.890772342681885,-5.066058899402618,-4.678052591323852,-0.5581824526786807,-0.21271975135803256,No,False,No,False
Arithmetic,1_digit_subtraction,'',Is 3 minus 4 equal to 26?,No,-5.163653373718262,-4.483019828796387,-5.066058899402618,-4.678052591323852,-0.09759447431564361,0.1950327625274655,No,True,No,True
Arithmetic,1_digit_addition,'',Is 0 plus 2 equal to 3?,No,-5.327929973602295,-5.026832580566406,-5.066058899402618,-4.678052591323852,-0.2618710741996768,-0.34877998924255404,No,True,Yes,False
Arithmetic,1_digit_addition,'',Is 8 plus 8 equal to 16?,Yes,-4.898992538452148,-4.467394828796387,-5.066058899402618,-4.678052591323852,0.16706636095046967,0.2106577625274655,No,False,No,False
Arithmetic,1_digit_subtraction,'',Is 3 minus 2 equal to 1?,Yes,-5.1916279792785645,-4.823428153991699,-5.066058899402618,-4.678052591323852,-0.12556907987594634,-0.145375562667847,No,False,Yes,True
Arithmetic,2_digit_multiplication,'',Is 34 times 89 equal to 3026?,Yes,-4.95640230178833,-4.655840873718262,-5.066058899402618,-4.678052591323852,0.10965659761428803,0.022211717605590486,No,False,Yes,True
Arithmetic,1_digit_subtraction,'',Is 2 minus 3 equal to -1?,Yes,-5.726078510284424,-5.114950656890869,-5.066058899402618,-4.678052591323852,-0.6600196108818057,-0.43689806556701694,No,False,No,False
Arithmetic,2_digit_multiplication,'',Is 54 times 22 equal to 2345?,No,-5.023048400878906,-4.7228779792785645,-5.066058899402618,-4.678052591323852,0.04301049852371186,-0.04482538795471225,No,True,Yes,False
Arithmetic,1_digit_multiplication,'',Is 9 times 1 equal to 4?,No,-4.741097450256348,-4.810000419616699,-5.066058899402618,-4.678052591323852,0.32496144914627045,-0.131947828292847,Yes,False,Yes,False
Arithmetic,2_digit_addition,'',Is 20 plus 68 equal to 66?,No,-4.899899005889893,-4.404306411743164,-5.066058899402618,-4.678052591323852,0.16615989351272553,0.27374617958068814,No,True,No,True
Arithmetic,2_digit_subtraction,'',Is 78 minus 42 equal to 36?,Yes,-4.900959491729736,-4.536562919616699,-5.066058899402618,-4.678052591323852,0.16509940767288178,0.141489671707153,No,False,Yes,True
Arithmetic,1_digit_multiplication,'',Is 5 times 5 equal to 10?,No,-5.030840873718262,-4.848993301391602,-5.066058899402618,-4.678052591323852,0.03521802568435639,-0.17094071006774936,No,True,Yes,False
Arithmetic,1_digit_subtraction,'',Is 0 minus 6 equal to -6?,Yes,-5.645102024078369,-5.047895908355713,-5.066058899402618,-4.678052591323852,-0.579043124675751,-0.3698433170318607,No,False,No,False
Arithmetic,2_digit_subtraction,'',Is 31 minus 51 equal to -20?,Yes,-5.44077730178833,-4.767086505889893,-5.066058899402618,-4.678052591323852,-0.37471840238571197,-0.08903391456604037,No,False,No,False
Arithmetic,1_digit_addition,'',Is 0 plus 1 equal to 1?,Yes,-5.152313232421875,-4.911666870117188,-5.066058899402618,-4.678052591323852,-0.08625433301925689,-0.23361427879333618,No,False,Yes,True
Arithmetic,1_digit_addition,'',Is 6 plus 4 equal to 72?,No,-4.873565196990967,-4.44136905670166,-5.066058899402618,-4.678052591323852,0.1924937024116513,0.23668353462219205,No,True,No,True
Arithmetic,1_digit_multiplication,'',Is 4 times 4 equal to 16?,Yes,-4.936568737030029,-4.757070064544678,-5.066058899402618,-4.678052591323852,0.1294901623725888,-0.07901747322082553,No,False,Yes,True
Arithmetic,1_digit_addition,'',Is 5 plus 8 equal to 13?,Yes,-5.171465873718262,-4.613952159881592,-5.066058899402618,-4.678052591323852,-0.10540697431564361,0.06410043144226041,No,False,No,False
Arithmetic,2_digit_multiplication,'',Is 74 times 56 equal to 4144?,Yes,-5.031383514404297,-4.796353340148926,-5.066058899402618,-4.678052591323852,0.034675384998321235,-0.11830074882507358,No,False,Yes,True
Arithmetic,1_digit_addition,'',Is 6 plus 6 equal to 12?,Yes,-5.00231409072876,-4.631457328796387,-5.066058899402618,-4.678052591323852,0.06374480867385834,0.046595262527465486,No,False,Yes,True
Arithmetic,2_digit_multiplication,'',Is 57 times 82 equal to 7689?,No,-5.077930450439453,-4.911666870117188,-5.066058899402618,-4.678052591323852,-0.011871551036835015,-0.23361427879333618,No,True,Yes,False
Arithmetic,1_digit_addition,'',Is 0 plus 4 equal to 4?,Yes,-5.119555473327637,-4.817790985107422,-5.066058899402618,-4.678052591323852,-0.05349657392501861,-0.13973839378356967,No,False,Yes,True
Arithmetic,1_digit_multiplication,'',Is 4 times 2 equal to 8?,Yes,-4.958074569702148,-4.842315196990967,-5.066058899402618,-4.678052591323852,0.10798432970046967,-0.1642626056671146,No,False,Yes,True
Arithmetic,2_digit_subtraction,'',Is 74 minus 82 equal to -8?,Yes,-5.293843746185303,-4.7513108253479,-5.066058899402618,-4.678052591323852,-0.22778484678268462,-0.07325823402404819,No,False,No,False
Arithmetic,2_digit_addition,'',Is 73 plus 98 equal to 171?,Yes,-4.838650226593018,-4.409809112548828,-5.066058899402618,-4.678052591323852,0.22740867280960053,0.2682434787750241,No,False,No,False
Arithmetic,1_digit_multiplication,'',Is 2 times 6 equal to 14?,No,-5.26891040802002,-5.093942165374756,-5.066058899402618,-4.678052591323852,-0.2028515086174023,-0.41588957405090365,No,True,Yes,False
Arithmetic,1_digit_addition,'',Is 6 plus 2 equal to 1?,No,-5.104084491729736,-4.674280643463135,-5.066058899402618,-4.678052591323852,-0.03802559232711822,0.0037719478607174395,No,True,No,True
Arithmetic,2_digit_subtraction,'',Is 61 minus 80 equal to -19?,Yes,-6.319255352020264,-5.405512809753418,-5.066058899402618,-4.678052591323852,-1.2531964526176456,-0.7274602184295658,No,False,No,False
Arithmetic,1_digit_multiplication,'',Is 2 times 6 equal to 12?,Yes,-5.013229370117188,-4.962522506713867,-5.066058899402618,-4.678052591323852,0.05282952928542972,-0.284469915390015,No,False,Yes,True
Arithmetic,1_digit_subtraction,'',Is 0 minus 4 equal to 36?,No,-5.131755352020264,-4.589332580566406,-5.066058899402618,-4.678052591323852,-0.06569645261764556,0.08872001075744596,No,True,No,True
Arithmetic,1_digit_subtraction,'',Is 7 minus 2 equal to 3?,No,-5.367379665374756,-4.93981409072876,-5.066058899402618,-4.678052591323852,-0.30132076597213775,-0.26176149940490756,No,True,No,True
Arithmetic,2_digit_subtraction,'',Is 20 minus 33 equal to -13?,Yes,-6.042701244354248,-5.11863899230957,-5.066058899402618,-4.678052591323852,-0.9766423449516299,-0.4405864009857181,No,False,No,False
Arithmetic,1_digit_addition,'',Is 0 plus 8 equal to 8?,Yes,-5.055708408355713,-4.81577730178833,-5.066058899402618,-4.678052591323852,0.01035049104690522,-0.13772471046447787,No,False,Yes,True
Arithmetic,2_digit_multiplication,'',Is 66 times 86 equal to 5676?,Yes,-5.128046035766602,-4.899937152862549,-5.066058899402618,-4.678052591323852,-0.06198713636398345,-0.22188456153869662,No,False,Yes,True
Arithmetic,2_digit_addition,'',Is 11 plus 31 equal to 42?,Yes,-4.7187581062316895,-4.348349571228027,-5.066058899402618,-4.678052591323852,0.34730079317092866,0.32970302009582486,No,False,Yes,True
Arithmetic,2_digit_subtraction,'',Is 97 minus 24 equal to 73?,Yes,-5.172067165374756,-4.557803153991699,-5.066058899402618,-4.678052591323852,-0.10600826597213775,0.12024943733215299,No,False,No,False
Arithmetic,1_digit_addition,'',Is 1 plus 9 equal to 10?,Yes,-4.956684112548828,-4.71165132522583,-5.066058899402618,-4.678052591323852,0.10937478685378998,-0.03359873390197787,No,False,Yes,True
Arithmetic,1_digit_addition,'',Is 6 plus 9 equal to 96?,No,-4.7500081062316895,-4.192099571228027,-5.066058899402618,-4.678052591323852,0.31605079317092866,0.48595302009582486,No,True,No,True
Arithmetic,1_digit_addition,'',Is 3 plus 5 equal to 8?,Yes,-4.845211505889893,-4.661493301391602,-5.066058899402618,-4.678052591323852,0.22084739351272553,0.016559289932250643,No,False,Yes,True
Arithmetic,2_digit_subtraction,'',Is 58 minus 40 equal to 84?,No,-4.916958332061768,-4.48824405670166,-5.066058899402618,-4.678052591323852,0.14910056734085053,0.18980853462219205,No,True,No,True
Arithmetic,1_digit_multiplication,'',Is 5 times 7 equal to 35?,Yes,-4.950888156890869,-4.771047592163086,-5.066058899402618,-4.678052591323852,0.11517074251174897,-0.09299500083923373,No,False,Yes,True
Arithmetic,2_digit_addition,'',Is 96 plus 71 equal to 590?,No,-4.821897506713867,-4.454586505889893,-5.066058899402618,-4.678052591323852,0.24416139268875092,0.22346608543395963,No,True,Yes,False
Arithmetic,2_digit_multiplication,'',Is 66 times 31 equal to 5554?,No,-5.106343746185303,-4.932209491729736,-5.066058899402618,-4.678052591323852,-0.040284846782684625,-0.2541569004058841,No,True,Yes,False
Arithmetic,2_digit_multiplication,'',Is 71 times 86 equal to 6106?,Yes,-5.202930450439453,-4.976173400878906,-5.066058899402618,-4.678052591323852,-0.13687155103683502,-0.29812080955505404,No,False,Yes,True
Arithmetic,1_digit_multiplication,'',Is 5 times 2 equal to 91?,No,-4.687692165374756,-4.506377696990967,-5.066058899402618,-4.678052591323852,0.37836673402786225,0.1716748943328854,No,True,Yes,False
Arithmetic,1_digit_multiplication,'',Is 0 times 8 equal to 1?,No,-5.195688724517822,-5.085742950439453,-5.066058899402618,-4.678052591323852,-0.12962982511520416,-0.4076903591156009,No,True,Yes,False
Arithmetic,1_digit_addition,'',Is 5 plus 9 equal to 85?,No,-4.77730655670166,-4.280967712402344,-5.066058899402618,-4.678052591323852,0.28875234270095795,0.39708487892150846,No,True,No,True
Arithmetic,2_digit_addition,'',Is 83 plus 74 equal to 192?,No,-4.768520832061768,-4.46325159072876,-5.066058899402618,-4.678052591323852,0.29753806734085053,0.21480100059509244,No,True,Yes,False
Arithmetic,2_digit_addition,'',Is 54 plus 64 equal to 422?,No,-4.601153373718262,-4.294305801391602,-5.066058899402618,-4.678052591323852,0.4649055256843564,0.38374678993225064,No,True,Yes,False
Arithmetic,2_digit_addition,'',Is 95 plus 41 equal to 136?,Yes,-4.876585006713867,-4.44762659072876,-5.066058899402618,-4.678052591323852,0.18947389268875092,0.23042600059509244,No,False,No,False
Arithmetic,2_digit_subtraction,'',Is 70 minus 75 equal to -5?,Yes,-5.394263744354248,-4.84520149230957,-5.066058899402618,-4.678052591323852,-0.32820484495162994,-0.1671489009857181,No,False,No,False
Arithmetic,1_digit_subtraction,'',Is 1 minus 8 equal to -7?,Yes,-5.700385570526123,-4.967818737030029,-5.066058899402618,-4.678052591323852,-0.6343266711235049,-0.2897661457061771,No,False,No,False
Arithmetic,2_digit_subtraction,'',Is 81 minus 21 equal to 82?,No,-4.9896626472473145,-4.623644828796387,-5.066058899402618,-4.678052591323852,0.07639625215530366,0.054407762527465486,No,True,Yes,False
Arithmetic,2_digit_multiplication,'',Is 68 times 37 equal to 4867?,No,-5.139866352081299,-4.717659950256348,-5.066058899402618,-4.678052591323852,-0.07380745267868072,-0.03960735893249545,No,True,No,True
Arithmetic,1_digit_subtraction,'',Is 7 minus 6 equal to 1?,Yes,-5.292701244354248,-4.74363899230957,-5.066058899402618,-4.678052591323852,-0.22664234495162994,-0.06558640098571811,No,False,No,False
Arithmetic,1_digit_multiplication,'',Is 4 times 0 equal to 3?,No,-5.009312152862549,-4.893520832061768,-5.066058899402618,-4.678052591323852,0.05674674654006928,-0.21546824073791537,No,True,Yes,False
Arithmetic,1_digit_subtraction,'',Is 4 minus 7 equal to 28?,No,-5.217315196990967,-4.475207328796387,-5.066058899402618,-4.678052591323852,-0.1512562975883487,0.2028452625274655,No,True,No,True
Arithmetic,2_digit_addition,'',Is 12 plus 85 equal to 97?,Yes,-4.888235092163086,-4.39262580871582,-5.066058899402618,-4.678052591323852,0.17782380723953217,0.2854267826080319,No,False,No,False
Arithmetic,2_digit_subtraction,'',Is 13 minus 33 equal to -20?,Yes,-5.571812152862549,-4.836492538452148,-5.066058899402618,-4.678052591323852,-0.5057532534599307,-0.15843994712829623,No,False,No,False
Arithmetic,1_digit_multiplication,'',Is 9 times 7 equal to 12?,No,-4.8606858253479,-4.7428154945373535,-5.066058899402618,-4.678052591323852,0.20537307405471772,-0.06476290321350131,No,True,Yes,False
Arithmetic,1_digit_subtraction,'',Is 5 minus 3 equal to 2?,Yes,-5.337522506713867,-4.844305038452148,-5.066058899402618,-4.678052591323852,-0.2714636073112491,-0.16625244712829623,No,False,No,False
Arithmetic,2_digit_addition,'',Is 48 plus 10 equal to 58?,Yes,-4.983965873718262,-4.488952159881592,-5.066058899402618,-4.678052591323852,0.08209302568435639,0.1891004314422604,No,False,No,False
Arithmetic,1_digit_addition,'',Is 5 plus 3 equal to 8?,Yes,-4.909365653991699,-4.600207328796387,-5.066058899402618,-4.678052591323852,0.1566932454109189,0.07784526252746549,No,False,Yes,True
Arithmetic,1_digit_addition,'',Is 4 plus 7 equal to 86?,No,-4.835528373718262,-4.279306411743164,-5.066058899402618,-4.678052591323852,0.2305305256843564,0.39874617958068814,No,True,No,True
Arithmetic,2_digit_subtraction,'',Is 71 minus 28 equal to 43?,Yes,-4.997137069702148,-4.508367538452148,-5.066058899402618,-4.678052591323852,0.06892182970046967,0.16968505287170377,No,False,No,False
Arithmetic,2_digit_subtraction,'',Is 78 minus 24 equal to 20?,No,-5.147148609161377,-4.53356409072876,-5.066058899402618,-4.678052591323852,-0.08108970975875884,0.14448850059509244,No,True,No,True
Arithmetic,1_digit_multiplication,'',Is 5 times 9 equal to 45?,Yes,-4.7787251472473145,-4.596865653991699,-5.066058899402618,-4.678052591323852,0.28733375215530366,0.08118693733215299,No,False,Yes,True
Arithmetic,1_digit_addition,'',Is 3 plus 5 equal to 1?,No,-4.939085006713867,-4.756377696990967,-5.066058899402618,-4.678052591323852,0.12697389268875092,-0.07832510566711459,No,True,Yes,False
Arithmetic,1_digit_subtraction,'',Is 7 minus 8 equal to 75?,No,-5.120622158050537,-4.441092491149902,-5.066058899402618,-4.678052591323852,-0.054563258647919,0.23696010017394986,No,True,No,True
Arithmetic,2_digit_multiplication,'',Is 20 times 57 equal to 1140?,Yes,-5.16733980178833,-4.740752696990967,-5.066058899402618,-4.678052591323852,-0.10128090238571197,-0.06270010566711459,No,False,No,False
Arithmetic,1_digit_subtraction,'',Is 3 minus 8 equal to 16?,No,-5.098269462585449,-4.604700088500977,-5.066058899402618,-4.678052591323852,-0.03221056318283111,0.07335250282287564,No,True,No,True
Arithmetic,2_digit_subtraction,'',Is 42 minus 44 equal to 28?,No,-4.912627696990967,-4.421072959899902,-5.066058899402618,-4.678052591323852,0.1534312024116513,0.25697963142394986,No,True,No,True
Arithmetic,1_digit_subtraction,'',Is 3 minus 7 equal to -4?,Yes,-5.579269886016846,-5.028860092163086,-5.066058899402618,-4.678052591323852,-0.5132109866142276,-0.35080750083923373,No,False,No,False
Arithmetic,2_digit_subtraction,'',Is 12 minus 31 equal to 145?,No,-5.171465873718262,-4.553332328796387,-5.066058899402618,-4.678052591323852,-0.10540697431564361,0.12472026252746549,No,True,No,True
Arithmetic,2_digit_multiplication,'',Is 82 times 21 equal to 6925?,No,-5.035125732421875,-4.740898609161377,-5.066058899402618,-4.678052591323852,0.03093316698074311,-0.06284601783752475,No,True,Yes,False
Arithmetic,2_digit_subtraction,'',Is 84 minus 48 equal to 57?,No,-5.019813060760498,-4.591360092163086,-5.066058899402618,-4.678052591323852,0.04624583864212006,0.08669249916076627,No,True,No,True
Arithmetic,2_digit_addition,'',Is 41 plus 83 equal to 124?,Yes,-4.843942165374756,-4.417178153991699,-5.066058899402618,-4.678052591323852,0.22211673402786225,0.260874437332153,No,False,No,False
Arithmetic,2_digit_subtraction,'',Is 86 minus 62 equal to 94?,No,-4.889534950256348,-4.3990654945373535,-5.066058899402618,-4.678052591323852,0.17652394914627045,0.2789870967864987,No,True,No,True
Arithmetic,1_digit_multiplication,'',Is 1 times 5 equal to 5?,Yes,-4.844894886016846,-5.099325656890869,-5.066058899402618,-4.678052591323852,0.2211640133857724,-0.42127306556701694,Yes,True,Yes,True
Arithmetic,2_digit_subtraction,'',Is 93 minus 42 equal to 84?,No,-4.787627696990967,-4.482431411743164,-5.066058899402618,-4.678052591323852,0.2784312024116513,0.19562117958068814,No,True,Yes,False
Arithmetic,2_digit_subtraction,'',Is 35 minus 56 equal to 147?,No,-4.993649005889893,-4.312706470489502,-5.066058899402618,-4.678052591323852,0.07240989351272553,0.36534612083435025,No,True,No,True
Arithmetic,1_digit_multiplication,'',Is 7 times 1 equal to 9?,No,-4.884312152862549,-4.8334126472473145,-5.066058899402618,-4.678052591323852,0.18174674654006928,-0.15536005592346225,No,True,Yes,False
Arithmetic,1_digit_subtraction,'',Is 3 minus 3 equal to 0?,Yes,-5.272506237030029,-4.718007564544678,-5.066058899402618,-4.678052591323852,-0.2064473376274112,-0.03995497322082553,No,False,No,False
Arithmetic,2_digit_addition,'',Is 44 plus 74 equal to 652?,No,-4.932583332061768,-4.56481409072876,-5.066058899402618,-4.678052591323852,0.13347556734085053,0.11323850059509244,No,True,Yes,False
Arithmetic,2_digit_subtraction,'',Is 51 minus 19 equal to 32?,Yes,-5.037627696990967,-4.545519828796387,-5.066058899402618,-4.678052591323852,0.028431202411651313,0.1325327625274655,No,False,No,False
Arithmetic,2_digit_subtraction,'',Is 50 minus 39 equal to 11?,Yes,-5.345335006713867,-4.665524005889893,-5.066058899402618,-4.678052591323852,-0.2792761073112491,0.012528585433959627,No,False,No,False
Arithmetic,1_digit_subtraction,'',Is 7 minus 7 equal to 0?,Yes,-5.280728340148926,-4.667621612548828,-5.066058899402618,-4.678052591323852,-0.21466944074630767,0.01043097877502408,No,False,No,False
Arithmetic,1_digit_multiplication,'',Is 5 times 8 equal to 67?,No,-5.084648609161377,-4.842315196990967,-5.066058899402618,-4.678052591323852,-0.018589709758758843,-0.1642626056671146,No,True,Yes,False
Arithmetic,1_digit_addition,'',Is 3 plus 7 equal to 18?,No,-4.967315196990967,-4.59761905670166,-5.066058899402618,-4.678052591323852,0.09874370241165131,0.08043353462219205,No,True,Yes,False
Arithmetic,2_digit_multiplication,'',Is 79 times 86 equal to 6794?,Yes,-5.1917033195495605,-4.967991352081299,-5.066058899402618,-4.678052591323852,-0.12564442014694244,-0.2899387607574466,No,False,Yes,True
Arithmetic,2_digit_subtraction,'',Is 80 minus 85 equal to 12?,No,-5.246195793151856,-4.756168365478516,-5.066058899402618,-4.678052591323852,-0.18013689374923825,-0.07811577415466342,No,True,No,True
Arithmetic,1_digit_multiplication,'',Is 4 times 0 equal to 0?,Yes,-5.032630920410156,-4.730570793151856,-5.066058899402618,-4.678052591323852,0.03342797899246186,-0.05251820182800415,No,False,Yes,True
Arithmetic,2_digit_subtraction,'',Is 85 minus 81 equal to 4?,Yes,-5.179298400878906,-4.8177876472473145,-5.066058899402618,-4.678052591323852,-0.11323950147628814,-0.13973505592346225,No,False,Yes,True
Arithmetic,2_digit_addition,'',Is 96 plus 49 equal to 330?,No,-4.8412251472473145,-4.346865653991699,-5.066058899402618,-4.678052591323852,0.22483375215530366,0.331186937332153,No,True,No,True
Arithmetic,1_digit_addition,'',Is 0 plus 3 equal to 3?,Yes,-5.360540390014648,-4.997604370117188,-5.066058899402618,-4.678052591323852,-0.2944814906120303,-0.3195517787933362,No,False,Yes,True
Arithmetic,1_digit_multiplication,'',Is 7 times 5 equal to 57?,No,-5.075832843780518,-4.77488899230957,-5.066058899402618,-4.678052591323852,-0.009773944377899468,-0.09683640098571811,No,True,Yes,False
Arithmetic,2_digit_addition,'',Is 26 plus 21 equal to 33?,No,-5.020202159881592,-4.649534702301025,-5.066058899402618,-4.678052591323852,0.04585673952102631,0.028517889022826814,No,True,Yes,False
Arithmetic,2_digit_addition,'',Is 29 plus 30 equal to 89?,No,-4.41477632522583,-4.230704784393311,-5.066058899402618,-4.678052591323852,0.651282574176788,0.44734780693054077,No,True,Yes,False
Arithmetic,1_digit_addition,'',Is 3 plus 2 equal to 7?,No,-5.057093143463135,-4.7506279945373535,-5.066058899402618,-4.678052591323852,0.008965755939483344,-0.07257540321350131,No,True,Yes,False
Arithmetic,2_digit_multiplication,'',Is 34 times 37 equal to 1258?,Yes,-5.157749652862549,-4.733965873718262,-5.066058899402618,-4.678052591323852,-0.09169075345993072,-0.055913282394409514,No,False,No,False
Arithmetic,1_digit_multiplication,'',Is 1 times 5 equal to 3?,No,-5.062016010284424,-5.194790840148926,-5.066058899402618,-4.678052591323852,0.004042889118194282,-0.5167382488250736,Yes,False,Yes,False
Arithmetic,2_digit_subtraction,'',Is 14 minus 16 equal to 33?,No,-5.205530643463135,-4.651508331298828,-5.066058899402618,-4.678052591323852,-0.13947174406051666,0.02654426002502408,No,True,No,True
Arithmetic,2_digit_subtraction,'',Is 35 minus 13 equal to 22?,Yes,-5.0468831062316895,-4.426474571228027,-5.066058899402618,-4.678052591323852,0.019175793170928657,0.25157802009582486,No,False,No,False
Arithmetic,2_digit_subtraction,'',Is 68 minus 85 equal to -17?,Yes,-5.969915390014648,-5.30015230178833,-5.066058899402618,-4.678052591323852,-0.9038564906120303,-0.6220997104644779,No,False,No,False
Arithmetic,1_digit_addition,'',Is 2 plus 3 equal to 3?,No,-4.9818501472473145,-4.862490653991699,-5.066058899402618,-4.678052591323852,0.08420875215530366,-0.184438062667847,No,True,Yes,False
Arithmetic,1_digit_subtraction,'',Is 1 minus 5 equal to -4?,Yes,-5.739448070526123,-5.129188060760498,-5.066058899402618,-4.678052591323852,-0.6733891711235049,-0.45113546943664584,No,False,No,False
Arithmetic,2_digit_addition,'',Is 85 plus 29 equal to 114?,Yes,-4.659809112548828,-4.352939605712891,-5.066058899402618,-4.678052591323852,0.40624978685379,0.3251129856109616,No,False,Yes,True
Arithmetic,1_digit_multiplication,'',Is 2 times 0 equal to 0?,Yes,-4.952366352081299,-4.835200309753418,-5.066058899402618,-4.678052591323852,0.11369254732131928,-0.15714771842956576,No,False,Yes,True
Arithmetic,1_digit_addition,'',Is 9 plus 7 equal to 79?,No,-4.817812919616699,-4.323904991149902,-5.066058899402618,-4.678052591323852,0.2482459797859189,0.35414760017394986,No,True,No,True
Arithmetic,1_digit_addition,'',Is 9 plus 7 equal to 16?,Yes,-4.882070064544678,-4.449912071228027,-5.066058899402618,-4.678052591323852,0.18398883485794038,0.22814052009582486,No,False,No,False
Arithmetic,1_digit_multiplication,'',Is 3 times 6 equal to 40?,No,-4.808875560760498,-4.631271839141846,-5.066058899402618,-4.678052591323852,0.25718333864212006,0.0467807521820065,No,True,Yes,False
Arithmetic,1_digit_multiplication,'',Is 3 times 5 equal to 15?,Yes,-4.9728779792785645,-4.917178153991699,-5.066058899402618,-4.678052591323852,0.09318092012405366,-0.239125562667847,No,False,Yes,True
Arithmetic,1_digit_subtraction,'',Is 9 minus 8 equal to 6?,No,-5.060110092163086,-4.566155433654785,-5.066058899402618,-4.678052591323852,0.005948807239532172,0.11189715766906705,No,True,No,True
Arithmetic,2_digit_subtraction,'',Is 21 minus 31 equal to 924?,No,-5.148629665374756,-4.59606409072876,-5.066058899402618,-4.678052591323852,-0.08257076597213775,0.08198850059509244,No,True,No,True
Arithmetic,1_digit_multiplication,'',Is 8 times 7 equal to 91?,No,-4.64390230178833,-4.4662251472473145,-5.066058899402618,-4.678052591323852,0.42215659761428803,0.21182744407653775,No,True,Yes,False
Arithmetic,2_digit_addition,'',Is 27 plus 74 equal to 579?,No,-5.204710006713867,-4.71325159072876,-5.066058899402618,-4.678052591323852,-0.13865110731124908,-0.03519899940490756,No,True,No,True
Arithmetic,1_digit_multiplication,'',Is 8 times 4 equal to 32?,Yes,-4.833074569702148,-4.656805038452148,-5.066058899402618,-4.678052591323852,0.23298432970046967,0.021247552871703768,No,False,Yes,True
Arithmetic,2_digit_multiplication,'',Is 98 times 32 equal to 3136?,Yes,-5.196333408355713,-4.775022506713867,-5.066058899402618,-4.678052591323852,-0.13027450895309478,-0.09696991539001498,No,False,No,False
Arithmetic,2_digit_addition,'',Is 37 plus 36 equal to 79?,No,-4.79051399230957,-4.423252105712891,-5.066058899402618,-4.678052591323852,0.2755449070930478,0.2548004856109616,No,True,Yes,False
Arithmetic,2_digit_addition,'',Is 94 plus 61 equal to 933?,No,-4.856512069702148,-4.492742538452148,-5.066058899402618,-4.678052591323852,0.20954682970046967,0.18531005287170377,No,True,Yes,False
Arithmetic,2_digit_multiplication,'',Is 62 times 59 equal to 3275?,No,-4.973646640777588,-4.802165985107422,-5.066058899402618,-4.678052591323852,0.09241225862503022,-0.12411339378356967,No,True,Yes,False
Arithmetic,2_digit_multiplication,'',Is 79 times 91 equal to 7189?,Yes,-5.089439868927002,-4.802165985107422,-5.066058899402618,-4.678052591323852,-0.023380969524383843,-0.12411339378356967,No,False,Yes,True
Arithmetic,2_digit_multiplication,'',Is 16 times 33 equal to 391?,No,-5.116798400878906,-4.7552876472473145,-5.066058899402618,-4.678052591323852,-0.05073950147628814,-0.07723505592346225,No,True,Yes,False
Arithmetic,2_digit_multiplication,'',Is 22 times 75 equal to 1257?,No,-5.177291870117188,-4.876585006713867,-5.066058899402618,-4.678052591323852,-0.11123297071457028,-0.19853241539001498,No,True,Yes,False
Arithmetic,1_digit_subtraction,'',Is 9 minus 6 equal to 9?,No,-4.968007564544678,-4.536279678344727,-5.066058899402618,-4.678052591323852,0.09805133485794038,0.14177291297912564,No,True,No,True
Arithmetic,1_digit_subtraction,'',Is 0 minus 5 equal to -5?,Yes,-5.61355447769165,-5.07359790802002,-5.066058899402618,-4.678052591323852,-0.5474955782890323,-0.3955453166961682,No,False,No,False
Arithmetic,1_digit_addition,'',Is 7 plus 1 equal to 4?,No,-5.039209842681885,-4.795230865478516,-5.066058899402618,-4.678052591323852,0.026849056720733344,-0.11717827415466342,No,True,Yes,False
Arithmetic,2_digit_subtraction,'',Is 60 minus 50 equal to 10?,Yes,-5.120083332061768,-4.626461505889893,-5.066058899402618,-4.678052591323852,-0.05402443265914947,0.05159108543395963,No,False,No,False
Arithmetic,1_digit_subtraction,'',Is 6 minus 5 equal to 1?,Yes,-5.30015230178833,-4.7474751472473145,-5.066058899402618,-4.678052591323852,-0.23409340238571197,-0.06942255592346225,No,False,No,False
Arithmetic,2_digit_addition,'',Is 13 plus 50 equal to 86?,No,-4.929278373718262,-4.434930801391602,-5.066058899402618,-4.678052591323852,0.1367805256843564,0.24312178993225064,No,True,No,True
Arithmetic,2_digit_multiplication,'',Is 11 times 81 equal to 652?,No,-4.99546480178833,-4.758367538452148,-5.066058899402618,-4.678052591323852,0.07059409761428803,-0.08031494712829623,No,True,Yes,False
Arithmetic,2_digit_addition,'',Is 54 plus 42 equal to 96?,Yes,-4.534365653991699,-4.164268970489502,-5.066058899402618,-4.678052591323852,0.5316932454109189,0.5137836208343503,No,False,Yes,True
Arithmetic,1_digit_subtraction,'',Is 7 minus 9 equal to 22?,No,-5.2153401374816895,-4.535333156585693,-5.066058899402618,-4.678052591323852,-0.14928123807907134,0.14271943473815885,No,True,No,True
Arithmetic,1_digit_addition,'',Is 7 plus 0 equal to 7?,Yes,-5.221645832061768,-4.85543155670166,-5.066058899402618,-4.678052591323852,-0.15558693265914947,-0.17737896537780795,No,False,Yes,True
Arithmetic,1_digit_addition,'',Is 5 plus 6 equal to 95?,No,-4.7882232666015625,-4.2915778160095215,-5.066058899402618,-4.678052591323852,0.2778356328010556,0.3864747753143307,No,True,No,True
Arithmetic,1_digit_multiplication,'',Is 6 times 1 equal to 6?,Yes,-4.763388156890869,-4.895144462585449,-5.066058899402618,-4.678052591323852,0.30267074251174897,-0.217091871261597,Yes,True,Yes,True
Arithmetic,1_digit_addition,'',Is 2 plus 1 equal to 6?,No,-5.047067165374756,-4.865752696990967,-5.066058899402618,-4.678052591323852,0.01899173402786225,-0.1877001056671146,No,True,Yes,False
Arithmetic,1_digit_subtraction,'',Is 8 minus 5 equal to 3?,Yes,-5.343360900878906,-4.7931904792785645,-5.066058899402618,-4.678052591323852,-0.27730200147628814,-0.11513788795471225,No,False,No,False
Arithmetic,2_digit_addition,'',Is 35 plus 41 equal to 76?,Yes,-4.663979530334473,-4.231539726257324,-5.066058899402618,-4.678052591323852,0.40207936906814545,0.446512865066528,No,False,No,False
Arithmetic,2_digit_multiplication,'',Is 52 times 13 equal to 678?,No,-5.181326866149902,-4.758109092712402,-5.066058899402618,-4.678052591323852,-0.11526796674728423,-0.08005650138855014,No,True,No,True
Arithmetic,2_digit_multiplication,'',Is 80 times 84 equal to 6720?,Yes,-5.099166870117188,-4.7385029792785645,-5.066058899402618,-4.678052591323852,-0.03310797071457028,-0.06045038795471225,No,False,Yes,True
Arithmetic,2_digit_addition,'',Is 17 plus 95 equal to 221?,No,-4.992484092712402,-4.436757564544678,-5.066058899402618,-4.678052591323852,0.07357480669021577,0.24129502677917447,No,True,No,True
Arithmetic,2_digit_multiplication,'',Is 17 times 77 equal to 5736?,No,-5.095130920410156,-4.797022342681885,-5.066058899402618,-4.678052591323852,-0.02907202100753814,-0.11896975135803256,No,True,Yes,False
Arithmetic,1_digit_subtraction,'',Is 6 minus 9 equal to -3?,Yes,-5.778957843780518,-4.981081962585449,-5.066058899402618,-4.678052591323852,-0.7128989443778995,-0.303029371261597,No,False,No,False
Arithmetic,1_digit_multiplication,'',Is 3 times 4 equal to 28?,No,-4.948208332061768,-4.829586505889893,-5.066058899402618,-4.678052591323852,0.11785056734085053,-0.15153391456604037,No,True,Yes,False
Arithmetic,2_digit_subtraction,'',Is 40 minus 80 equal to -40?,Yes,-5.469691753387451,-4.7934651374816895,-5.066058899402618,-4.678052591323852,-0.40363285398483306,-0.11541254615783725,No,False,No,False
Arithmetic,1_digit_subtraction,'',Is 6 minus 7 equal to 20?,No,-5.245746612548828,-4.56450080871582,-5.066058899402618,-4.678052591323852,-0.17968771314621002,0.11355178260803189,No,True,No,True
Arithmetic,1_digit_subtraction,'',Is 0 minus 6 equal to 69?,No,-5.299921035766602,-4.569923400878906,-5.066058899402618,-4.678052591323852,-0.23386213636398345,0.10812919044494596,No,True,No,True
Arithmetic,2_digit_subtraction,'',Is 41 minus 84 equal to -43?,Yes,-5.722625732421875,-4.993772506713867,-5.066058899402618,-4.678052591323852,-0.6565668330192569,-0.315719915390015,No,False,No,False
Arithmetic,2_digit_subtraction,'',Is 27 minus 44 equal to -17?,Yes,-5.835548400878906,-5.101153373718262,-5.066058899402618,-4.678052591323852,-0.7694895014762881,-0.4231007823944095,No,False,No,False
Arithmetic,1_digit_addition,'',Is 7 plus 6 equal to 21?,No,-5.091344356536865,-4.599918365478516,-5.066058899402618,-4.678052591323852,-0.025285457134247125,0.07813422584533658,No,True,No,True
Arithmetic,2_digit_subtraction,'',Is 44 minus 20 equal to 24?,Yes,-4.889190196990967,-4.396493911743164,-5.066058899402618,-4.678052591323852,0.1768687024116513,0.28155867958068814,No,False,No,False
Arithmetic,1_digit_addition,'',Is 1 plus 0 equal to 3?,No,-5.350825309753418,-5.168070793151856,-5.066058899402618,-4.678052591323852,-0.28476641035079986,-0.49001820182800415,No,True,Yes,False
Arithmetic,2_digit_subtraction,'',Is 56 minus 65 equal to 34?,No,-5.190212726593018,-4.639882564544678,-5.066058899402618,-4.678052591323852,-0.12415382719039947,0.03817002677917447,No,True,No,True
Arithmetic,1_digit_subtraction,'',Is 6 minus 9 equal to 93?,No,-5.000555038452148,-4.319510459899902,-5.066058899402618,-4.678052591323852,0.06550386095046967,0.35854213142394986,No,True,No,True
Arithmetic,2_digit_addition,'',Is 21 plus 19 equal to 16?,No,-4.964053153991699,-4.530967712402344,-5.066058899402618,-4.678052591323852,0.10200574541091889,0.14708487892150846,No,True,No,True
Arithmetic,1_digit_addition,'',Is 0 plus 4 equal to 2?,No,-5.31667947769165,-4.957000732421875,-5.066058899402618,-4.678052591323852,-0.2506205782890323,-0.2789481410980228,No,True,Yes,False
Arithmetic,1_digit_multiplication,'',Is 0 times 7 equal to 9?,No,-5.137250900268555,-5.028683185577393,-5.066058899402618,-4.678052591323852,-0.07119200086593658,-0.3506305942535404,No,True,Yes,False
Arithmetic,2_digit_addition,'',Is 54 plus 37 equal to 91?,Yes,-4.442922592163086,-4.135950088500977,-5.066058899402618,-4.678052591323852,0.6231363072395322,0.5421025028228756,No,False,Yes,True
Arithmetic,1_digit_addition,'',Is 6 plus 1 equal to 7?,Yes,-5.299280643463135,-4.8678154945373535,-5.066058899402618,-4.678052591323852,-0.23322174406051666,-0.1897629032135013,No,False,No,False
Arithmetic,1_digit_addition,'',Is 0 plus 3 equal to 7?,No,-5.355438232421875,-4.929298400878906,-5.066058899402618,-4.678052591323852,-0.2893793330192569,-0.25124580955505404,No,True,No,True
Arithmetic,2_digit_multiplication,'',Is 71 times 95 equal to 6541?,No,-5.092366695404053,-4.795586109161377,-5.066058899402618,-4.678052591323852,-0.026307796001434625,-0.11753351783752475,No,True,Yes,False
Arithmetic,1_digit_multiplication,'',Is 4 times 5 equal to 20?,Yes,-5.017210006713867,-4.651553153991699,-5.066058899402618,-4.678052591323852,0.04884889268875092,0.026499437332152986,No,False,Yes,True
Arithmetic,1_digit_multiplication,'',Is 7 times 9 equal to 92?,No,-4.821897506713867,-4.51793909072876,-5.066058899402618,-4.678052591323852,0.24416139268875092,0.16011350059509244,No,True,Yes,False
Arithmetic,2_digit_addition,'',Is 36 plus 18 equal to 54?,Yes,-4.684206962585449,-4.31321382522583,-5.066058899402618,-4.678052591323852,0.3818519368171689,0.3648387660980221,No,False,Yes,True
Arithmetic,1_digit_addition,'',Is 7 plus 6 equal to 13?,Yes,-5.315395832061768,-4.760928153991699,-5.066058899402618,-4.678052591323852,-0.24933693265914947,-0.08287556266784701,No,False,No,False
Arithmetic,1_digit_subtraction,'',Is 6 minus 3 equal to 5?,No,-5.257403373718262,-4.763681411743164,-5.066058899402618,-4.678052591323852,-0.1913444743156436,-0.08562882041931186,No,True,No,True
Arithmetic,1_digit_subtraction,'',Is 7 minus 0 equal to 5?,No,-5.330837726593018,-4.842209339141846,-5.066058899402618,-4.678052591323852,-0.26477882719039947,-0.1641567478179935,No,True,No,True
Arithmetic,1_digit_multiplication,'',Is 4 times 3 equal to 26?,No,-4.865898609161377,-4.624590873718262,-5.066058899402618,-4.678052591323852,0.20016029024124116,0.053461717605590486,No,True,Yes,False
Arithmetic,2_digit_multiplication,'',Is 22 times 47 equal to 1034?,Yes,-5.27672290802002,-4.854458332061768,-5.066058899402618,-4.678052591323852,-0.2106640086174023,-0.17640574073791537,No,False,No,False
Arithmetic,1_digit_multiplication,'',Is 2 times 5 equal to 10?,Yes,-5.015103340148926,-4.961234092712402,-5.066058899402618,-4.678052591323852,0.05095555925369233,-0.28318150138855014,No,False,Yes,True
Arithmetic,1_digit_addition,'',Is 6 plus 9 equal to 15?,Yes,-5.01949405670166,-4.586143970489502,-5.066058899402618,-4.678052591323852,0.046564842700957954,0.09190862083435025,No,False,No,False
Arithmetic,2_digit_addition,'',Is 50 plus 92 equal to 175?,No,-4.9653401374816895,-4.407546520233154,-5.066058899402618,-4.678052591323852,0.10071876192092866,0.2705060710906979,No,True,No,True
Arithmetic,2_digit_multiplication,'',Is 24 times 78 equal to 1872?,Yes,-4.890817165374756,-4.71325159072876,-5.066058899402618,-4.678052591323852,0.17524173402786225,-0.03519899940490756,No,False,Yes,True
Arithmetic,2_digit_addition,'',Is 54 plus 13 equal to 67?,Yes,-4.65856409072876,-4.351280212402344,-5.066058899402618,-4.678052591323852,0.40749480867385834,0.32677237892150846,No,False,Yes,True
Arithmetic,1_digit_multiplication,'',Is 4 times 1 equal to 4?,Yes,-4.721645832061768,-4.853024005889893,-5.066058899402618,-4.678052591323852,0.34441306734085053,-0.17497141456604037,Yes,True,Yes,True
Arithmetic,2_digit_addition,'',Is 51 plus 58 equal to 387?,No,-4.915647506713867,-4.487490653991699,-5.066058899402618,-4.678052591323852,0.15041139268875092,0.190561937332153,No,True,No,True
Arithmetic,2_digit_addition,'',Is 23 plus 47 equal to 70?,Yes,-4.712399005889893,-4.341180801391602,-5.066058899402618,-4.678052591323852,0.35365989351272553,0.33687178993225064,No,False,Yes,True
Arithmetic,2_digit_multiplication,'',Is 61 times 62 equal to 9267?,No,-4.96511697769165,-4.73766040802002,-5.066058899402618,-4.678052591323852,0.10094192171096772,-0.059607816696168214,No,True,Yes,False
Arithmetic,2_digit_subtraction,'',Is 47 minus 97 equal to 158?,No,-5.1213154792785645,-4.443957328796387,-5.066058899402618,-4.678052591323852,-0.05525657987594634,0.2340952625274655,No,True,No,True
Arithmetic,1_digit_addition,'',Is 5 plus 1 equal to 6?,Yes,-5.028860092163086,-4.78196382522583,-5.066058899402618,-4.678052591323852,0.03719880723953217,-0.10391123390197787,No,False,Yes,True
Arithmetic,1_digit_addition,'',Is 9 plus 5 equal to 14?,Yes,-5.068668365478516,-4.635883331298828,-5.066058899402618,-4.678052591323852,-0.0026094660758975152,0.04216926002502408,No,False,No,False
Arithmetic,1_digit_multiplication,'',Is 1 times 3 equal to 1?,No,-4.960548400878906,-5.153387069702148,-5.066058899402618,-4.678052591323852,0.10551049852371186,-0.47533447837829623,Yes,False,Yes,False
Arithmetic,2_digit_addition,'',Is 12 plus 66 equal to 78?,Yes,-4.915524005889893,-4.358572959899902,-5.066058899402618,-4.678052591323852,0.15053489351272553,0.31947963142394986,No,False,No,False
Arithmetic,2_digit_subtraction,'',Is 81 minus 38 equal to 43?,Yes,-4.985874652862549,-4.562090873718262,-5.066058899402618,-4.678052591323852,0.08018424654006928,0.11596171760559049,No,False,No,False
Arithmetic,1_digit_addition,'',Is 7 plus 3 equal to 33?,No,-5.06395149230957,-4.69602632522583,-5.066058899402618,-4.678052591323852,0.0021074070930477973,-0.017973733901977873,No,True,Yes,False
Arithmetic,2_digit_addition,'',Is 40 plus 28 equal to 47?,No,-4.9062581062316895,-4.347892284393311,-5.066058899402618,-4.678052591323852,0.15980079317092866,0.33016030693054077,No,True,No,True
Arithmetic,2_digit_addition,'',Is 90 plus 66 equal to 156?,Yes,-4.725021839141846,-4.292200088500977,-5.066058899402618,-4.678052591323852,0.3410370602607724,0.38585250282287564,No,False,No,False
Arithmetic,2_digit_subtraction,'',Is 66 minus 78 equal to -12?,Yes,-5.508833408355713,-4.7787251472473145,-5.066058899402618,-4.678052591323852,-0.4427745089530948,-0.10067255592346225,No,False,No,False
Arithmetic,2_digit_addition,'',Is 24 plus 95 equal to 454?,No,-5.138219356536865,-4.705530643463135,-5.066058899402618,-4.678052591323852,-0.07216045713424712,-0.02747805213928256,No,True,No,True
Arithmetic,2_digit_subtraction,'',Is 98 minus 48 equal to 50?,Yes,-4.964496612548828,-4.40825080871582,-5.066058899402618,-4.678052591323852,0.10156228685378998,0.2698017826080319,No,False,No,False
Arithmetic,2_digit_subtraction,'',Is 67 minus 88 equal to -21?,Yes,-5.804492473602295,-5.074320793151856,-5.066058899402618,-4.678052591323852,-0.7384335741996768,-0.39626820182800415,No,False,No,False
Arithmetic,1_digit_addition,'',Is 8 plus 3 equal to 11?,Yes,-4.9416279792785645,-4.510928153991699,-5.066058899402618,-4.678052591323852,0.12443092012405366,0.167124437332153,No,False,No,False
Arithmetic,2_digit_addition,'',Is 17 plus 32 equal to 91?,No,-4.501461505889893,-4.255868911743164,-5.066058899402618,-4.678052591323852,0.5645973935127255,0.42218367958068814,No,True,Yes,False
Arithmetic,1_digit_subtraction,'',Is 2 minus 2 equal to 0?,Yes,-5.341228485107422,-4.851709842681885,-5.066058899402618,-4.678052591323852,-0.27516958570480377,-0.17365725135803256,No,False,No,False
Arithmetic,1_digit_subtraction,'',Is 4 minus 1 equal to 6?,No,-5.265215873718262,-4.709582328796387,-5.066058899402618,-4.678052591323852,-0.1991569743156436,-0.031529737472534514,No,True,No,True
Arithmetic,2_digit_addition,'',Is 47 plus 41 equal to 19?,No,-5.108637809753418,-4.6215901374816895,-5.066058899402618,-4.678052591323852,-0.04257891035079986,0.05646245384216275,No,True,No,True
Arithmetic,1_digit_addition,'',Is 8 plus 6 equal to 33?,No,-5.009397506713867,-4.51793909072876,-5.066058899402618,-4.678052591323852,0.05666139268875092,0.16011350059509244,No,True,No,True
Arithmetic,1_digit_subtraction,'',Is 6 minus 7 equal to -1?,Yes,-5.556187152862549,-4.819903373718262,-5.066058899402618,-4.678052591323852,-0.4901282534599307,-0.1418507823944095,No,False,No,False
Arithmetic,2_digit_addition,'',Is 53 plus 76 equal to 129?,Yes,-4.748909950256348,-4.382729530334473,-5.066058899402618,-4.678052591323852,0.31714894914627045,0.29532306098937955,No,False,Yes,True
Arithmetic,1_digit_addition,'',Is 5 plus 6 equal to 11?,Yes,-5.055242538452148,-4.559930801391602,-5.066058899402618,-4.678052591323852,0.010816360950469672,0.11812178993225064,No,False,No,False
Arithmetic,1_digit_addition,'',Is 9 plus 0 equal to 9?,Yes,-4.807803153991699,-4.500206470489502,-5.066058899402618,-4.678052591323852,0.2582557454109189,0.17784612083435025,No,False,Yes,True
Arithmetic,1_digit_addition,'',Is 2 plus 4 equal to 4?,No,-4.909145832061768,-4.727117538452148,-5.066058899402618,-4.678052591323852,0.15691306734085053,-0.04906494712829623,No,True,Yes,False
Arithmetic,2_digit_addition,'',Is 85 plus 95 equal to 672?,No,-4.961129665374756,-4.594305038452148,-5.066058899402618,-4.678052591323852,0.10492923402786225,0.08374755287170377,No,True,Yes,False
Arithmetic,2_digit_subtraction,'',Is 36 minus 70 equal to -34?,Yes,-5.771041870117188,-5.0353779792785645,-5.066058899402618,-4.678052591323852,-0.7049829707145703,-0.35732538795471225,No,False,No,False
Arithmetic,1_digit_addition,'',Is 6 plus 8 equal to 64?,No,-4.810959339141846,-4.378655433654785,-5.066058899402618,-4.678052591323852,0.2550995602607724,0.29939715766906705,No,True,No,True
Arithmetic,1_digit_subtraction,'',Is 2 minus 6 equal to 96?,No,-5.045943737030029,-4.553146839141846,-5.066058899402618,-4.678052591323852,0.020115162372588813,0.1249057521820065,No,True,No,True
Arithmetic,2_digit_multiplication,'',Is 17 times 52 equal to 469?,No,-5.19078540802002,-4.889336109161377,-5.066058899402618,-4.678052591323852,-0.12472650861740231,-0.21128351783752475,No,True,Yes,False
Arithmetic,1_digit_multiplication,'',Is 8 times 3 equal to 62?,No,-4.897148609161377,-4.717315196990967,-5.066058899402618,-4.678052591323852,0.16891029024124116,-0.03926260566711459,No,True,Yes,False
Arithmetic,2_digit_subtraction,'',Is 44 minus 63 equal to -19?,Yes,-5.844770908355713,-5.049770832061768,-5.066058899402618,-4.678052591323852,-0.7787120089530948,-0.3717182407379154,No,False,No,False
Arithmetic,2_digit_addition,'',Is 72 plus 42 equal to 114?,Yes,-4.884312152862549,-4.4572529792785645,-5.066058899402618,-4.678052591323852,0.18174674654006928,0.22079961204528775,No,False,No,False
Arithmetic,2_digit_subtraction,'',Is 75 minus 91 equal to 994?,No,-5.052450656890869,-4.561757564544678,-5.066058899402618,-4.678052591323852,0.01360824251174897,0.11629502677917447,No,True,No,True
Arithmetic,2_digit_addition,'',Is 90 plus 39 equal to 169?,No,-4.955662727355957,-4.39915132522583,-5.066058899402618,-4.678052591323852,0.11039617204666108,0.2789012660980221,No,True,No,True
Arithmetic,1_digit_subtraction,'',Is 0 minus 2 equal to -2?,Yes,-5.945844650268555,-5.344770908355713,-5.066058899402618,-4.678052591323852,-0.8797857508659366,-0.6667183170318607,No,False,No,False
Arithmetic,1_digit_subtraction,'',Is 2 minus 8 equal to -6?,Yes,-5.662679195404053,-5.054879665374756,-5.066058899402618,-4.678052591323852,-0.5966202960014346,-0.37682707405090365,No,False,No,False
Arithmetic,2_digit_subtraction,'',Is 22 minus 77 equal to 540?,No,-5.045586109161377,-4.615752696990967,-5.066058899402618,-4.678052591323852,0.020472790241241157,0.06229989433288541,No,True,No,True
Arithmetic,1_digit_subtraction,'',Is 2 minus 0 equal to 2?,Yes,-5.544479370117188,-5.242379665374756,-5.066058899402618,-4.678052591323852,-0.4784204707145703,-0.5643270740509037,No,False,Yes,True
Arithmetic,1_digit_addition,'',Is 0 plus 7 equal to 7?,Yes,-5.333370685577393,-4.970389366149902,-5.066058899402618,-4.678052591323852,-0.26731178617477447,-0.29233677482605014,No,False,Yes,True
Arithmetic,1_digit_addition,'',Is 4 plus 8 equal to 12?,Yes,-4.961492538452148,-4.404894828796387,-5.066058899402618,-4.678052591323852,0.10456636095046967,0.2731577625274655,No,False,No,False
Arithmetic,2_digit_multiplication,'',Is 38 times 70 equal to 4210?,No,-5.087437152862549,-4.663653373718262,-5.066058899402618,-4.678052591323852,-0.02137825345993072,0.014399217605590486,No,True,No,True
Arithmetic,1_digit_multiplication,'',Is 9 times 9 equal to 81?,Yes,-4.727117538452148,-4.546072959899902,-5.066058899402618,-4.678052591323852,0.3389413609504697,0.13197963142394986,No,False,Yes,True
Arithmetic,2_digit_addition,'',Is 83 plus 61 equal to 682?,No,-4.845249652862549,-4.607940196990967,-5.066058899402618,-4.678052591323852,0.22080924654006928,0.07011239433288541,No,True,Yes,False
Arithmetic,2_digit_addition,'',Is 13 plus 86 equal to 70?,No,-4.878434658050537,-4.384737491607666,-5.066058899402618,-4.678052591323852,0.187624241352081,0.2933150997161862,No,True,No,True
Arithmetic,1_digit_addition,'',Is 1 plus 1 equal to 6?,No,-5.125192165374756,-4.944903373718262,-5.066058899402618,-4.678052591323852,-0.05913326597213775,-0.2668507823944095,No,True,Yes,False
Arithmetic,2_digit_addition,'',Is 49 plus 20 equal to 69?,Yes,-4.933246612548828,-4.4375081062316895,-5.066058899402618,-4.678052591323852,0.13281228685378998,0.24054448509216275,No,False,No,False
Arithmetic,2_digit_addition,'',Is 22 plus 62 equal to 84?,Yes,-4.698747158050537,-4.454421520233154,-5.066058899402618,-4.678052591323852,0.367311741352081,0.2236310710906979,No,False,Yes,True
Arithmetic,1_digit_subtraction,'',Is 5 minus 7 equal to -2?,Yes,-5.708074569702148,-4.969305038452148,-5.066058899402618,-4.678052591323852,-0.6420156702995303,-0.29125244712829623,No,False,No,False
Arithmetic,2_digit_multiplication,'',Is 57 times 82 equal to 4674?,Yes,-5.093555450439453,-4.927291870117188,-5.066058899402618,-4.678052591323852,-0.027496551036835015,-0.24923927879333618,No,False,Yes,True
Arithmetic,1_digit_addition,'',Is 2 plus 6 equal to 8?,Yes,-5.015817165374756,-4.772002696990967,-5.066058899402618,-4.678052591323852,0.05024173402786225,-0.09395010566711459,No,False,Yes,True
Arithmetic,1_digit_multiplication,'',Is 2 times 4 equal to 1?,No,-4.991703510284424,-4.999478340148926,-5.066058899402618,-4.678052591323852,0.07435538911819428,-0.3214257488250736,Yes,False,Yes,False
Arithmetic,2_digit_addition,'',Is 55 plus 38 equal to 95?,No,-4.6171956062316895,-4.184287071228027,-5.066058899402618,-4.678052591323852,0.44886329317092866,0.49376552009582486,No,True,No,True
Arithmetic,1_digit_subtraction,'',Is 7 minus 0 equal to 7?,Yes,-5.445504665374756,-4.893740653991699,-5.066058899402618,-4.678052591323852,-0.37944576597213775,-0.215688062667847,No,False,No,False
Arithmetic,2_digit_multiplication,'',Is 29 times 21 equal to 609?,Yes,-5.155491352081299,-4.856969356536865,-5.066058899402618,-4.678052591323852,-0.08943245267868072,-0.17891676521301303,No,False,Yes,True
Arithmetic,2_digit_subtraction,'',Is 73 minus 48 equal to 25?,Yes,-4.951836109161377,-4.399899005889893,-5.066058899402618,-4.678052591323852,0.11422279024124116,0.2781535854339596,No,False,No,False
Arithmetic,1_digit_subtraction,'',Is 1 minus 1 equal to 0?,Yes,-5.282749652862549,-4.7931904792785645,-5.066058899402618,-4.678052591323852,-0.21669075345993072,-0.11513788795471225,No,False,No,False
Arithmetic,1_digit_addition,'',Is 4 plus 5 equal to 4?,No,-4.935000419616699,-4.564424991607666,-5.066058899402618,-4.678052591323852,0.1310584797859189,0.11362759971618619,No,True,Yes,False
Arithmetic,2_digit_addition,'',Is 23 plus 72 equal to 34?,No,-4.885708332061768,-4.579586505889893,-5.066058899402618,-4.678052591323852,0.18035056734085053,0.09846608543395963,No,True,Yes,False
Arithmetic,1_digit_addition,'',Is 1 plus 2 equal to 6?,No,-5.108086109161377,-4.9271626472473145,-5.066058899402618,-4.678052591323852,-0.04202720975875884,-0.24911005592346225,No,True,Yes,False
Arithmetic,2_digit_subtraction,'',Is 59 minus 25 equal to 80?,No,-4.866778373718262,-4.435556411743164,-5.066058899402618,-4.678052591323852,0.1992805256843564,0.24249617958068814,No,True,No,True
Arithmetic,1_digit_multiplication,'',Is 2 times 2 equal to 4?,Yes,-4.915004253387451,-5.0481858253479,-5.066058899402618,-4.678052591323852,0.15105464601516694,-0.3701332340240482,Yes,True,Yes,True
Arithmetic,2_digit_subtraction,'',Is 72 minus 97 equal to 549?,No,-5.225825309753418,-4.611780643463135,-5.066058899402618,-4.678052591323852,-0.15976641035079986,0.06627194786071744,No,True,No,True
Arithmetic,2_digit_multiplication,'',Is 30 times 74 equal to 4045?,No,-4.978062152862549,-4.674770832061768,-5.066058899402618,-4.678052591323852,0.08799674654006928,0.003281759262084627,No,True,Yes,False
Arithmetic,1_digit_multiplication,'',Is 3 times 8 equal to 78?,No,-4.980750560760498,-4.739797592163086,-5.066058899402618,-4.678052591323852,0.08530833864212006,-0.06174500083923373,No,True,Yes,False
Arithmetic,2_digit_subtraction,'',Is 40 minus 81 equal to 105?,No,-5.102117538452148,-4.546072959899902,-5.066058899402618,-4.678052591323852,-0.03605863904953033,0.13197963142394986,No,True,No,True
Arithmetic,1_digit_multiplication,'',Is 7 times 3 equal to 21?,Yes,-5.085548400878906,-4.8478779792785645,-5.066058899402618,-4.678052591323852,-0.01948950147628814,-0.16982538795471225,No,False,Yes,True
Arithmetic,2_digit_addition,'',Is 85 plus 95 equal to 180?,Yes,-4.6919026374816895,-4.382729530334473,-5.066058899402618,-4.678052591323852,0.37415626192092866,0.29532306098937955,No,False,Yes,True
Arithmetic,2_digit_multiplication,'',Is 19 times 53 equal to 2646?,No,-5.170491695404053,-4.934637069702148,-5.066058899402618,-4.678052591323852,-0.10443279600143462,-0.25658447837829623,No,True,Yes,False
Arithmetic,2_digit_subtraction,'',Is 61 minus 61 equal to 5?,No,-5.313520908355713,-4.831020832061768,-5.066058899402618,-4.678052591323852,-0.24746200895309478,-0.15296824073791537,No,True,No,True
Arithmetic,1_digit_addition,'',Is 4 plus 3 equal to 3?,No,-5.032711505889893,-4.599618911743164,-5.066058899402618,-4.678052591323852,0.03334739351272553,0.07843367958068814,No,True,No,True
Arithmetic,1_digit_addition,'',Is 4 plus 4 equal to 8?,Yes,-4.935959339141846,-4.503655433654785,-5.066058899402618,-4.678052591323852,0.1300995602607724,0.17439715766906705,No,False,No,False
Arithmetic,1_digit_subtraction,'',Is 1 minus 2 equal to 20?,No,-5.424587726593018,-4.809206962585449,-5.066058899402618,-4.678052591323852,-0.35852882719039947,-0.131154371261597,No,True,No,True
Arithmetic,2_digit_subtraction,'',Is 46 minus 52 equal to 38?,No,-5.109671592712402,-4.49418830871582,-5.066058899402618,-4.678052591323852,-0.043612693309784234,0.1838642826080319,No,True,No,True
Arithmetic,2_digit_multiplication,'',Is 43 times 32 equal to 2920?,No,-4.919353485107422,-4.620622158050537,-5.066058899402618,-4.678052591323852,0.14670541429519623,0.057430433273315096,No,True,Yes,False
Arithmetic,2_digit_multiplication,'',Is 17 times 93 equal to 7453?,No,-5.113250732421875,-4.94077730178833,-5.066058899402618,-4.678052591323852,-0.04719183301925689,-0.2627247104644779,No,True,Yes,False
Arithmetic,2_digit_addition,'',Is 27 plus 48 equal to 75?,Yes,-4.8975982666015625,-4.464529991149902,-5.066058899402618,-4.678052591323852,0.1684606328010556,0.21352260017394986,No,False,No,False
Arithmetic,2_digit_multiplication,'',Is 72 times 26 equal to 1872?,Yes,-4.88608980178833,-4.647002696990967,-5.066058899402618,-4.678052591323852,0.17996909761428803,0.031049894332885408,No,False,Yes,True
Arithmetic,1_digit_multiplication,'',Is 7 times 6 equal to 67?,No,-5.126499652862549,-4.826690196990967,-5.066058899402618,-4.678052591323852,-0.06044075345993072,-0.1486376056671146,No,True,Yes,False
Arithmetic,1_digit_addition,'',Is 4 plus 1 equal to 5?,Yes,-4.989797592163086,-4.620325088500977,-5.066058899402618,-4.678052591323852,0.07626130723953217,0.05772750282287564,No,False,Yes,True
Arithmetic,2_digit_addition,'',Is 94 plus 75 equal to 370?,No,-4.775022506713867,-4.345211505889893,-5.066058899402618,-4.678052591323852,0.2910363926887509,0.3328410854339596,No,True,No,True
Arithmetic,2_digit_addition,'',Is 30 plus 53 equal to 39?,No,-4.6450276374816895,-4.3365654945373535,-5.066058899402618,-4.678052591323852,0.42103126192092866,0.3414870967864987,No,True,Yes,False
Arithmetic,2_digit_subtraction,'',Is 11 minus 89 equal to 658?,No,-5.243772506713867,-4.690615653991699,-5.066058899402618,-4.678052591323852,-0.17771360731124908,-0.012563062667847014,No,True,No,True
Arithmetic,1_digit_subtraction,'',Is 2 minus 1 equal to 8?,No,-5.320504665374756,-4.954586505889893,-5.066058899402618,-4.678052591323852,-0.25444576597213775,-0.2765339145660404,No,True,Yes,False
Arithmetic,2_digit_addition,'',Is 60 plus 57 equal to 913?,No,-4.883004665374756,-4.452715873718262,-5.066058899402618,-4.678052591323852,0.18305423402786225,0.2253367176055905,No,True,No,True
Arithmetic,2_digit_multiplication,'',Is 60 times 85 equal to 5100?,Yes,-4.997594356536865,-4.630312919616699,-5.066058899402618,-4.678052591323852,0.06846454286575288,0.047739671707152986,No,False,Yes,True
Arithmetic,2_digit_addition,'',Is 66 plus 47 equal to 951?,No,-4.981512069702148,-4.491778373718262,-5.066058899402618,-4.678052591323852,0.08454682970046967,0.1862742176055905,No,True,No,True
Arithmetic,2_digit_subtraction,'',Is 31 minus 54 equal to 904?,No,-5.139336109161377,-4.587399005889893,-5.066058899402618,-4.678052591323852,-0.07327720975875884,0.09065358543395963,No,True,No,True
Arithmetic,1_digit_multiplication,'',Is 6 times 8 equal to 48?,Yes,-4.833700656890869,-4.652956962585449,-5.066058899402618,-4.678052591323852,0.23235824251174897,0.025095628738402986,No,False,Yes,True
Arithmetic,2_digit_multiplication,'',Is 26 times 17 equal to 442?,Yes,-5.12828540802002,-4.828317165374756,-5.066058899402618,-4.678052591323852,-0.06222650861740231,-0.15026457405090365,No,False,Yes,True
Arithmetic,2_digit_addition,'',Is 43 plus 57 equal to 100?,Yes,-4.581240653991699,-4.211143970489502,-5.066058899402618,-4.678052591323852,0.4848182454109189,0.46690862083435025,No,False,Yes,True
Arithmetic,2_digit_addition,'',Is 22 plus 98 equal to 120?,Yes,-4.7465901374816895,-4.314424991607666,-5.066058899402618,-4.678052591323852,0.31946876192092866,0.3636275997161862,No,False,No,False
Arithmetic,1_digit_addition,'',Is 6 plus 0 equal to 1?,No,-5.070504665374756,-4.640215873718262,-5.066058899402618,-4.678052591323852,-0.00444576597213775,0.037836717605590486,No,True,No,True
Arithmetic,1_digit_addition,'',Is 7 plus 9 equal to 16?,Yes,-4.966360092163086,-4.534905433654785,-5.066058899402618,-4.678052591323852,0.09969880723953217,0.14314715766906705,No,False,No,False
Arithmetic,1_digit_subtraction,'',Is 6 minus 0 equal to 6?,Yes,-5.325719356536865,-4.834293365478516,-5.066058899402618,-4.678052591323852,-0.2596604571342471,-0.15624077415466342,No,False,No,False
Arithmetic,1_digit_subtraction,'',Is 9 minus 9 equal to 7?,No,-5.143740653991699,-4.587034702301025,-5.066058899402618,-4.678052591323852,-0.07768175458908111,0.09101788902282681,No,True,No,True
Arithmetic,2_digit_subtraction,'',Is 26 minus 10 equal to 16?,Yes,-5.206684112548828,-4.588524341583252,-5.066058899402618,-4.678052591323852,-0.14062521314621002,0.08952824974060025,No,False,No,False
Arithmetic,2_digit_multiplication,'',Is 71 times 85 equal to 6035?,Yes,-5.063520908355713,-4.829710006713867,-5.066058899402618,-4.678052591323852,0.002537991046905219,-0.15165741539001498,No,False,Yes,True
Arithmetic,1_digit_addition,'',Is 2 plus 7 equal to 9?,Yes,-4.96421480178833,-4.7240376472473145,-5.066058899402618,-4.678052591323852,0.10184409761428803,-0.04598505592346225,No,False,Yes,True
Arithmetic,1_digit_addition,'',Is 0 plus 9 equal to 9?,Yes,-5.090718746185303,-4.788325309753418,-5.066058899402618,-4.678052591323852,-0.024659846782684625,-0.11027271842956576,No,False,Yes,True
Arithmetic,2_digit_multiplication,'',Is 40 times 23 equal to 920?,Yes,-5.036199569702148,-4.6681904792785645,-5.066058899402618,-4.678052591323852,0.029859329700469672,0.009862112045287752,No,False,Yes,True
Arithmetic,2_digit_subtraction,'',Is 51 minus 67 equal to 309?,No,-5.044012069702148,-4.493649005889893,-5.066058899402618,-4.678052591323852,0.022046829700469672,0.18440358543395963,No,True,No,True
Arithmetic,2_digit_addition,'',Is 15 plus 65 equal to 10?,No,-4.83043909072876,-4.521493911743164,-5.066058899402618,-4.678052591323852,0.23561980867385834,0.15655867958068814,No,True,Yes,False
Arithmetic,1_digit_addition,'',Is 0 plus 2 equal to 2?,Yes,-5.349850177764893,-5.047895908355713,-5.066058899402618,-4.678052591323852,-0.28379127836227447,-0.3698433170318607,No,False,Yes,True
Arithmetic,1_digit_subtraction,'',Is 1 minus 2 equal to -1?,Yes,-5.704145908355713,-5.156442165374756,-5.066058899402618,-4.678052591323852,-0.6380870089530948,-0.47838957405090365,No,False,No,False
Arithmetic,1_digit_multiplication,'',Is 3 times 2 equal to 7?,No,-5.008754253387451,-5.0169358253479,-5.066058899402618,-4.678052591323852,0.05730464601516694,-0.3388832340240482,Yes,False,Yes,False
Arithmetic,1_digit_subtraction,'',Is 8 minus 2 equal to 6?,Yes,-5.236896991729736,-4.7465901374816895,-5.066058899402618,-4.678052591323852,-0.17083809232711822,-0.06853754615783725,No,False,No,False
Arithmetic,2_digit_multiplication,'',Is 95 times 81 equal to 3935?,No,-5.129781246185303,-4.771031856536865,-5.066058899402618,-4.678052591323852,-0.06372234678268462,-0.09297926521301303,No,True,Yes,False
Arithmetic,2_digit_subtraction,'',Is 36 minus 81 equal to -45?,Yes,-5.308326244354248,-4.697850227355957,-5.066058899402618,-4.678052591323852,-0.24226734495162994,-0.019797636032104826,No,False,No,False
Arithmetic,2_digit_addition,'',Is 97 plus 80 equal to 177?,Yes,-4.7931904792785645,-4.363952159881592,-5.066058899402618,-4.678052591323852,0.27286842012405366,0.3141004314422604,No,False,No,False
Arithmetic,2_digit_multiplication,'',Is 83 times 70 equal to 5810?,Yes,-4.981979370117188,-4.7463154792785645,-5.066058899402618,-4.678052591323852,0.08407952928542972,-0.06826288795471225,No,False,Yes,True
Arithmetic,1_digit_multiplication,'',Is 8 times 6 equal to 48?,Yes,-4.809637069702148,-4.631377696990967,-5.066058899402618,-4.678052591323852,0.2564218297004697,0.04667489433288541,No,False,Yes,True
Arithmetic,1_digit_subtraction,'',Is 1 minus 3 equal to -2?,Yes,-5.91734790802002,-5.307583332061768,-5.066058899402618,-4.678052591323852,-0.8512890086174023,-0.6295307407379154,No,False,No,False
Arithmetic,1_digit_addition,'',Is 3 plus 3 equal to 4?,No,-4.7968831062316895,-4.675530433654785,-5.066058899402618,-4.678052591323852,0.26917579317092866,0.002522157669067049,No,True,Yes,False
Arithmetic,1_digit_multiplication,'',Is 8 times 0 equal to 6?,No,-4.899818420410156,-4.785258293151856,-5.066058899402618,-4.678052591323852,0.16624047899246186,-0.10720570182800415,No,True,Yes,False
Arithmetic,1_digit_addition,'',Is 6 plus 5 equal to 11?,Yes,-5.077715873718262,-4.582702159881592,-5.066058899402618,-4.678052591323852,-0.011656974315643609,0.09535043144226041,No,False,No,False
Arithmetic,2_digit_multiplication,'',Is 14 times 67 equal to 890?,No,-4.920586109161377,-4.681149005889893,-5.066058899402618,-4.678052591323852,0.14547279024124116,-0.003096414566040373,No,True,Yes,False
Arithmetic,1_digit_addition,'',Is 1 plus 5 equal to 6?,Yes,-5.012000560760498,-4.89207649230957,-5.066058899402618,-4.678052591323852,0.05405833864212006,-0.2140239009857181,No,False,Yes,True
Arithmetic,1_digit_addition,'',Is 9 plus 6 equal to 57?,No,-4.83043909072876,-4.397635459899902,-5.066058899402618,-4.678052591323852,0.23561980867385834,0.28041713142394986,No,True,No,True
Arithmetic,1_digit_multiplication,'',Is 2 times 7 equal to 14?,Yes,-5.22203540802002,-5.109567165374756,-5.066058899402618,-4.678052591323852,-0.1559765086174023,-0.43151457405090365,No,False,Yes,True
Arithmetic,1_digit_addition,'',Is 0 plus 7 equal to 8?,No,-5.205802440643311,-4.905728340148926,-5.066058899402618,-4.678052591323852,-0.13974354124069333,-0.22767574882507358,No,True,Yes,False
Arithmetic,1_digit_addition,'',Is 2 plus 1 equal to 3?,Yes,-5.100472450256348,-4.9809651374816895,-5.066058899402618,-4.678052591323852,-0.034413550853729546,-0.30291254615783725,No,False,Yes,True
Arithmetic,1_digit_multiplication,'',Is 3 times 8 equal to 24?,Yes,-4.716344356536865,-4.662418365478516,-5.066058899402618,-4.678052591323852,0.3497145428657529,0.01563422584533658,No,False,Yes,True
Arithmetic,1_digit_multiplication,'',Is 2 times 9 equal to 18?,Yes,-4.934637069702148,-4.8802876472473145,-5.066058899402618,-4.678052591323852,0.13142182970046967,-0.20223505592346225,No,False,Yes,True
Arithmetic,2_digit_subtraction,'',Is 11 minus 72 equal to -61?,Yes,-5.583541870117188,-4.8490376472473145,-5.066058899402618,-4.678052591323852,-0.5174829707145703,-0.17098505592346225,No,False,No,False
Arithmetic,2_digit_subtraction,'',Is 51 minus 91 equal to -40?,Yes,-5.372604370117188,-4.764190196990967,-5.066058899402618,-4.678052591323852,-0.3065454707145703,-0.08613760566711459,No,False,No,False
Arithmetic,2_digit_subtraction,'',Is 48 minus 62 equal to 948?,No,-5.153387069702148,-4.539617538452148,-5.066058899402618,-4.678052591323852,-0.08732817029953033,0.13843505287170377,No,True,No,True
Arithmetic,2_digit_subtraction,'',Is 36 minus 58 equal to -22?,Yes,-5.407749652862549,-4.672430038452148,-5.066058899402618,-4.678052591323852,-0.3416907534599307,0.005622552871703768,No,False,No,False
Arithmetic,1_digit_multiplication,'',Is 6 times 4 equal to 33?,No,-5.071254253387451,-4.830530643463135,-5.066058899402618,-4.678052591323852,-0.005195353984833062,-0.15247805213928256,No,True,Yes,False
Arithmetic,2_digit_multiplication,'',Is 25 times 15 equal to 375?,Yes,-5.057583332061768,-4.688961505889893,-5.066058899402618,-4.678052591323852,0.008475567340850532,-0.010908914566040373,No,False,Yes,True
Arithmetic,1_digit_subtraction,'',Is 2 minus 9 equal to 59?,No,-5.101754665374756,-4.610836505889893,-5.066058899402618,-4.678052591323852,-0.03569576597213775,0.06721608543395963,No,True,No,True
Arithmetic,2_digit_multiplication,'',Is 98 times 32 equal to 5963?,No,-5.169479370117188,-4.8713154792785645,-5.066058899402618,-4.678052591323852,-0.10342047071457028,-0.19326288795471225,No,True,Yes,False
Arithmetic,2_digit_addition,'',Is 94 plus 65 equal to 159?,Yes,-4.639190196990967,-4.270868301391602,-5.066058899402618,-4.678052591323852,0.4268687024116513,0.40718428993225064,No,False,Yes,True
Arithmetic,2_digit_subtraction,'',Is 46 minus 22 equal to 24?,Yes,-5.095335006713867,-4.54293155670166,-5.066058899402618,-4.678052591323852,-0.029276107311249078,0.13512103462219205,No,False,No,False
Arithmetic,1_digit_subtraction,'',Is 8 minus 7 equal to 2?,No,-5.33922290802002,-4.851754665374756,-5.066058899402618,-4.678052591323852,-0.2731640086174023,-0.17370207405090365,No,True,No,True
Arithmetic,1_digit_addition,'',Is 0 plus 8 equal to 1?,No,-5.123287677764893,-4.821333408355713,-5.066058899402618,-4.678052591323852,-0.05722877836227447,-0.14328081703186069,No,True,Yes,False
Arithmetic,1_digit_subtraction,'',Is 6 minus 2 equal to 6?,No,-5.2787251472473145,-4.786493301391602,-5.066058899402618,-4.678052591323852,-0.21266624784469634,-0.10844071006774936,No,True,No,True
Arithmetic,2_digit_multiplication,'',Is 70 times 65 equal to 4550?,Yes,-5.034145832061768,-4.604678153991699,-5.066058899402618,-4.678052591323852,0.03191306734085053,0.07337443733215299,No,False,No,False
Arithmetic,1_digit_multiplication,'',Is 4 times 4 equal to 12?,No,-5.018520832061768,-4.776553153991699,-5.066058899402618,-4.678052591323852,0.04753806734085053,-0.09850056266784701,No,True,Yes,False
Arithmetic,2_digit_multiplication,'',Is 62 times 68 equal to 4216?,Yes,-4.989620685577393,-4.698025226593018,-5.066058899402618,-4.678052591323852,0.07643821382522553,-0.019972635269165373,No,False,Yes,True
Arithmetic,1_digit_subtraction,'',Is 6 minus 3 equal to 3?,Yes,-5.404013156890869,-4.850021839141846,-5.066058899402618,-4.678052591323852,-0.33795425748825103,-0.1719692478179935,No,False,No,False
Arithmetic,1_digit_subtraction,'',Is 8 minus 9 equal to 63?,No,-5.1135029792785645,-4.497430801391602,-5.066058899402618,-4.678052591323852,-0.04744407987594634,0.18062178993225064,No,True,No,True
Arithmetic,1_digit_addition,'',Is 1 plus 3 equal to 5?,No,-5.026333332061768,-4.905840873718262,-5.066058899402618,-4.678052591323852,0.03972556734085053,-0.2277882823944095,No,True,Yes,False
Arithmetic,2_digit_addition,'',Is 58 plus 83 equal to 467?,No,-5.046485900878906,-4.6213154792785645,-5.066058899402618,-4.678052591323852,0.01957299852371186,0.05673711204528775,No,True,No,True
Arithmetic,2_digit_addition,'',Is 46 plus 20 equal to 66?,Yes,-5.040647506713867,-4.549990653991699,-5.066058899402618,-4.678052591323852,0.025411392688750922,0.128061937332153,No,False,No,False
Arithmetic,2_digit_multiplication,'',Is 12 times 46 equal to 552?,Yes,-5.152625560760498,-4.786672592163086,-5.066058899402618,-4.678052591323852,-0.08656666135787994,-0.10862000083923373,No,False,Yes,True
Arithmetic,1_digit_subtraction,'',Is 3 minus 6 equal to -3?,Yes,-5.804165840148926,-5.129519462585449,-5.066058899402618,-4.678052591323852,-0.7381069407463077,-0.451466871261597,No,False,No,False
Arithmetic,1_digit_multiplication,'',Is 0 times 5 equal to 2?,No,-5.31704568862915,-5.324985504150391,-5.066058899402618,-4.678052591323852,-0.2509867892265323,-0.6469329128265384,Yes,False,Yes,False
Arithmetic,2_digit_subtraction,'',Is 96 minus 78 equal to 83?,No,-5.0403733253479,-4.548799991607666,-5.066058899402618,-4.678052591323852,0.02568557405471772,0.1292525997161862,No,True,No,True
Arithmetic,2_digit_multiplication,'',Is 76 times 56 equal to 4256?,Yes,-5.069648742675781,-4.780728340148926,-5.066058899402618,-4.678052591323852,-0.0035898432731631402,-0.10267574882507358,No,False,Yes,True
Arithmetic,2_digit_addition,'',Is 59 plus 82 equal to 133?,No,-4.712522506713867,-4.470211505889893,-5.066058899402618,-4.678052591323852,0.3535363926887509,0.20784108543395963,No,True,Yes,False
Arithmetic,1_digit_addition,'',Is 8 plus 0 equal to 7?,No,-5.162773609161377,-4.672430038452148,-5.066058899402618,-4.678052591323852,-0.09671470975875884,0.005622552871703768,No,True,No,True
Arithmetic,2_digit_multiplication,'',Is 97 times 64 equal to 6466?,No,-4.846462726593018,-4.545334339141846,-5.066058899402618,-4.678052591323852,0.21959617280960053,0.1327182521820065,No,True,Yes,False
Arithmetic,2_digit_multiplication,'',Is 92 times 52 equal to 4784?,Yes,-5.185787677764893,-4.890235900878906,-5.066058899402618,-4.678052591323852,-0.11972877836227447,-0.21218330955505404,No,False,Yes,True
Arithmetic,1_digit_addition,'',Is 8 plus 0 equal to 8?,Yes,-4.968897342681885,-4.6632232666015625,-5.066058899402618,-4.678052591323852,0.09716155672073334,0.014829324722289705,No,False,Yes,True
Arithmetic,2_digit_multiplication,'',Is 69 times 29 equal to 2001?,Yes,-4.636247158050537,-4.331195831298828,-5.066058899402618,-4.678052591323852,0.429811741352081,0.3468567600250241,No,False,Yes,True
Arithmetic,2_digit_multiplication,'',Is 50 times 80 equal to 4000?,Yes,-5.2228779792785645,-4.790524005889893,-5.066058899402618,-4.678052591323852,-0.15681907987594634,-0.11247141456604037,No,False,No,False
Arithmetic,2_digit_multiplication,'',Is 65 times 54 equal to 7962?,No,-5.149458408355713,-4.976754665374756,-5.066058899402618,-4.678052591323852,-0.08339950895309478,-0.29870207405090365,No,True,Yes,False
Arithmetic,1_digit_multiplication,'',Is 3 times 2 equal to 6?,Yes,-4.864324569702148,-4.9349751472473145,-5.066058899402618,-4.678052591323852,0.20173432970046967,-0.25692255592346225,Yes,True,Yes,True
Arithmetic,2_digit_subtraction,'',Is 40 minus 81 equal to -41?,Yes,-5.774818420410156,-4.9778733253479,-5.066058899402618,-4.678052591323852,-0.7087595210075381,-0.2998207340240482,No,False,No,False
Arithmetic,2_digit_subtraction,'',Is 90 minus 10 equal to 80?,Yes,-4.981139659881592,-4.360877513885498,-5.066058899402618,-4.678052591323852,0.08491923952102631,0.31717507743835416,No,False,No,False
Arithmetic,2_digit_multiplication,'',Is 66 times 17 equal to 1122?,Yes,-5.193929195404053,-4.836129665374756,-5.066058899402618,-4.678052591323852,-0.12787029600143462,-0.15807707405090365,No,False,Yes,True
Arithmetic,2_digit_multiplication,'',Is 83 times 47 equal to 5398?,No,-5.136688232421875,-4.842461109161377,-5.066058899402618,-4.678052591323852,-0.07062933301925689,-0.16440851783752475,No,True,Yes,False
Arithmetic,2_digit_subtraction,'',Is 46 minus 55 equal to 82?,No,-5.030159950256348,-4.477859020233154,-5.066058899402618,-4.678052591323852,0.035898949146270454,0.2001935710906979,No,True,No,True
Arithmetic,1_digit_multiplication,'',Is 2 times 4 equal to 8?,Yes,-5.046485900878906,-5.056272506713867,-5.066058899402618,-4.678052591323852,0.01957299852371186,-0.378219915390015,Yes,True,Yes,True
Arithmetic,1_digit_addition,'',Is 1 plus 1 equal to 2?,Yes,-5.276150226593018,-5.156546592712402,-5.066058899402618,-4.678052591323852,-0.21009132719039947,-0.47849400138855014,No,False,Yes,True
Arithmetic,2_digit_addition,'',Is 50 plus 33 equal to 20?,No,-5.016180038452148,-4.520202159881592,-5.066058899402618,-4.678052591323852,0.04987886095046967,0.1578504314422604,No,True,No,True
Arithmetic,2_digit_multiplication,'',Is 65 times 49 equal to 3185?,Yes,-5.111742973327637,-4.813441753387451,-5.066058899402618,-4.678052591323852,-0.04568407392501861,-0.13538916206359897,No,False,Yes,True
Arithmetic,1_digit_addition,'',Is 5 plus 9 equal to 14?,Yes,-5.148992538452148,-4.591806411743164,-5.066058899402618,-4.678052591323852,-0.08293363904953033,0.08624617958068814,No,False,No,False
Arithmetic,2_digit_subtraction,'',Is 36 minus 40 equal to 53?,No,-4.980121612548828,-4.424461841583252,-5.066058899402618,-4.678052591323852,0.08593728685378998,0.25359074974060025,No,True,No,True
Arithmetic,2_digit_addition,'',Is 51 plus 84 equal to 135?,Yes,-4.862270832061768,-4.495303153991699,-5.066058899402618,-4.678052591323852,0.20378806734085053,0.182749437332153,No,False,Yes,True
Arithmetic,2_digit_multiplication,'',Is 99 times 72 equal to 9372?,No,-5.086958408355713,-4.664254665374756,-5.066058899402618,-4.678052591323852,-0.02089950895309478,0.013797925949096346,No,True,No,True
Arithmetic,2_digit_subtraction,'',Is 20 minus 34 equal to 331?,No,-5.2513108253479,-4.571609020233154,-5.066058899402618,-4.678052591323852,-0.18525192594528228,0.10644357109069791,No,True,No,True
Arithmetic,2_digit_subtraction,'',Is 59 minus 76 equal to 510?,No,-4.937692165374756,-4.569903373718262,-5.066058899402618,-4.678052591323852,0.12836673402786225,0.10814921760559049,No,True,Yes,False
Arithmetic,2_digit_subtraction,'',Is 98 minus 77 equal to 21?,Yes,-5.055629253387451,-4.443668365478516,-5.066058899402618,-4.678052591323852,0.010429646015166938,0.23438422584533658,No,False,No,False
Arithmetic,2_digit_multiplication,'',Is 67 times 88 equal to 5896?,Yes,-5.065546035766602,-4.898048400878906,-5.066058899402618,-4.678052591323852,0.0005128636360165473,-0.21999580955505404,No,False,Yes,True
Arithmetic,1_digit_addition,'',Is 9 plus 1 equal to 10?,Yes,-4.880868911743164,-4.571815013885498,-5.066058899402618,-4.678052591323852,0.18518998765945405,0.10623757743835416,No,False,Yes,True
Arithmetic,2_digit_subtraction,'',Is 40 minus 30 equal to 10?,Yes,-5.175309658050537,-4.618484020233154,-5.066058899402618,-4.678052591323852,-0.109250758647919,0.05956857109069791,No,False,No,False
Arithmetic,2_digit_multiplication,'',Is 32 times 66 equal to 6468?,No,-4.924587726593018,-4.683246612548828,-5.066058899402618,-4.678052591323852,0.14147117280960053,-0.00519402122497592,No,True,Yes,False
Arithmetic,1_digit_multiplication,'',Is 5 times 4 equal to 20?,Yes,-5.010708332061768,-4.704586505889893,-5.066058899402618,-4.678052591323852,0.05535056734085053,-0.026533914566040373,No,False,Yes,True
Arithmetic,1_digit_addition,'',Is 5 plus 2 equal to 7?,Yes,-5.108965873718262,-4.73824405670166,-5.066058899402618,-4.678052591323852,-0.04290697431564361,-0.06019146537780795,No,False,Yes,True
Arithmetic,1_digit_subtraction,'',Is 0 minus 3 equal to 61?,No,-5.338983535766602,-4.673374652862549,-5.066058899402618,-4.678052591323852,-0.27292463636398345,0.004677938461303377,No,True,No,True
Arithmetic,2_digit_subtraction,'',Is 64 minus 49 equal to 15?,Yes,-5.0744404792785645,-4.51949405670166,-5.066058899402618,-4.678052591323852,-0.008381579875946343,0.15855853462219205,No,False,No,False
Arithmetic,2_digit_subtraction,'',Is 65 minus 90 equal to 842?,No,-5.155512809753418,-4.603968143463135,-5.066058899402618,-4.678052591323852,-0.08945391035079986,0.07408444786071744,No,True,No,True
Arithmetic,1_digit_addition,'',Is 0 plus 0 equal to 0?,Yes,-5.424921035766602,-4.998616695404053,-5.066058899402618,-4.678052591323852,-0.35886213636398345,-0.32056410408020053,No,False,No,False
Arithmetic,1_digit_multiplication,'',Is 7 times 3 equal to 95?,No,-4.840125560760498,-4.536672592163086,-5.066058899402618,-4.678052591323852,0.22593333864212006,0.14137999916076627,No,True,Yes,False
Arithmetic,1_digit_multiplication,'',Is 6 times 5 equal to 56?,No,-4.821897506713867,-4.641180038452148,-5.066058899402618,-4.678052591323852,0.24416139268875092,0.03687255287170377,No,True,Yes,False
Arithmetic,2_digit_addition,'',Is 50 plus 94 equal to 968?,No,-5.140817165374756,-4.523028373718262,-5.066058899402618,-4.678052591323852,-0.07475826597213775,0.1550242176055905,No,True,No,True
Arithmetic,1_digit_multiplication,'',Is 0 times 3 equal to 0?,Yes,-5.258188724517822,-5.08230447769165,-5.066058899402618,-4.678052591323852,-0.19212982511520416,-0.4042518863677982,No,False,Yes,True
Arithmetic,2_digit_multiplication,'',Is 66 times 39 equal to 6867?,No,-5.101173400878906,-4.7396626472473145,-5.066058899402618,-4.678052591323852,-0.03511450147628814,-0.06161005592346225,No,True,Yes,False
Arithmetic,2_digit_subtraction,'',Is 76 minus 37 equal to 39?,Yes,-4.979275226593018,-4.489797592163086,-5.066058899402618,-4.678052591323852,0.08678367280960053,0.18825499916076627,No,False,No,False
Arithmetic,2_digit_addition,'',Is 23 plus 10 equal to 75?,No,-4.706240653991699,-4.334582328796387,-5.066058899402618,-4.678052591323852,0.3598182454109189,0.3434702625274655,No,True,Yes,False
Arithmetic,1_digit_addition,'',Is 8 plus 1 equal to 9?,Yes,-4.8606858253479,-4.554604530334473,-5.066058899402618,-4.678052591323852,0.20537307405471772,0.12344806098937955,No,False,Yes,True
Arithmetic,1_digit_addition,'',Is 4 plus 1 equal to 7?,No,-5.147002696990967,-4.715514659881592,-5.066058899402618,-4.678052591323852,-0.08094379758834869,-0.03746206855773959,No,True,No,True
Arithmetic,1_digit_addition,'',Is 3 plus 8 equal to 11?,Yes,-4.894184112548828,-4.524814605712891,-5.066058899402618,-4.678052591323852,0.17187478685378998,0.15323798561096158,No,False,Yes,True
Arithmetic,1_digit_multiplication,'',Is 1 times 9 equal to 2?,No,-5.08922290802002,-5.22202730178833,-5.066058899402618,-4.678052591323852,-0.02316400861740231,-0.5439747104644779,Yes,False,Yes,False
Arithmetic,2_digit_multiplication,'',Is 43 times 43 equal to 1849?,Yes,-4.858086109161377,-4.55700159072876,-5.066058899402618,-4.678052591323852,0.20797279024124116,0.12105100059509244,No,False,Yes,True
Arithmetic,1_digit_subtraction,'',Is 1 minus 3 equal to 72?,No,-5.168250560760498,-4.676394462585449,-5.066058899402618,-4.678052591323852,-0.10219166135787994,0.0016581287384029864,No,True,No,True
Arithmetic,2_digit_multiplication,'',Is 96 times 26 equal to 2496?,Yes,-4.89390230178833,-4.592315196990967,-5.066058899402618,-4.678052591323852,0.17215659761428803,0.08573739433288541,No,False,Yes,True
Arithmetic,2_digit_addition,'',Is 76 plus 68 equal to 252?,No,-4.815037727355957,-4.321689605712891,-5.066058899402618,-4.678052591323852,0.2510211720466611,0.3563629856109616,No,True,No,True
Arithmetic,2_digit_multiplication,'',Is 49 times 43 equal to 9863?,No,-5.15953540802002,-4.860960006713867,-5.066058899402618,-4.678052591323852,-0.09347650861740231,-0.18290741539001498,No,True,Yes,False
Arithmetic,1_digit_subtraction,'',Is 9 minus 5 equal to 7?,No,-5.269059658050537,-4.7134528160095215,-5.066058899402618,-4.678052591323852,-0.203000758647919,-0.03540022468566928,No,True,No,True
Arithmetic,1_digit_addition,'',Is 3 plus 8 equal to 77?,No,-4.9193501472473145,-4.424990653991699,-5.066058899402618,-4.678052591323852,0.14670875215530366,0.253061937332153,No,True,No,True
Arithmetic,1_digit_addition,'',Is 8 plus 6 equal to 14?,Yes,-5.182209491729736,-4.690934658050537,-5.066058899402618,-4.678052591323852,-0.11615059232711822,-0.012882066726684904,No,False,No,False
Arithmetic,1_digit_addition,'',Is 5 plus 0 equal to 8?,No,-5.085528373718262,-4.715514659881592,-5.066058899402618,-4.678052591323852,-0.01946947431564361,-0.03746206855773959,No,True,Yes,False
Arithmetic,1_digit_multiplication,'',Is 8 times 5 equal to 65?,No,-4.875941753387451,-4.697718143463135,-5.066058899402618,-4.678052591323852,0.19011714601516694,-0.01966555213928256,No,True,Yes,False
Arithmetic,2_digit_addition,'',Is 70 plus 90 equal to 198?,No,-5.016180038452148,-4.458368301391602,-5.066058899402618,-4.678052591323852,0.04987886095046967,0.21968428993225064,No,True,No,True
Arithmetic,1_digit_subtraction,'',Is 6 minus 1 equal to 7?,No,-5.4896626472473145,-4.873056411743164,-5.066058899402618,-4.678052591323852,-0.42360374784469634,-0.19500382041931186,No,True,No,True
Arithmetic,1_digit_subtraction,'',Is 8 minus 6 equal to 2?,Yes,-5.336958408355713,-4.850273609161377,-5.066058899402618,-4.678052591323852,-0.2708995089530948,-0.17222101783752475,No,False,No,False
Arithmetic,2_digit_subtraction,'',Is 61 minus 33 equal to 85?,No,-4.909145832061768,-4.481139659881592,-5.066058899402618,-4.678052591323852,0.15691306734085053,0.1969129314422604,No,True,No,True
Arithmetic,2_digit_multiplication,'',Is 24 times 76 equal to 6365?,No,-5.013229370117188,-4.95640230178833,-5.066058899402618,-4.678052591323852,0.05282952928542972,-0.2783497104644779,No,True,Yes,False
Arithmetic,2_digit_subtraction,'',Is 85 minus 61 equal to 97?,No,-4.868649005889893,-4.375206470489502,-5.066058899402618,-4.678052591323852,0.19740989351272553,0.30284612083435025,No,True,No,True
Arithmetic,1_digit_multiplication,'',Is 8 times 0 equal to 0?,Yes,-4.952366352081299,-4.710200309753418,-5.066058899402618,-4.678052591323852,0.11369254732131928,-0.032147718429565764,No,False,Yes,True
Arithmetic,2_digit_addition,'',Is 22 plus 66 equal to 99?,No,-4.718340873718262,-4.285827159881592,-5.066058899402618,-4.678052591323852,0.3477180256843564,0.3922254314422604,No,True,No,True
Arithmetic,2_digit_multiplication,'',Is 13 times 77 equal to 1001?,Yes,-5.140817165374756,-4.714053153991699,-5.066058899402618,-4.678052591323852,-0.07475826597213775,-0.036000562667847014,No,False,No,False
Arithmetic,2_digit_multiplication,'',Is 46 times 29 equal to 6333?,No,-5.222625732421875,-4.864324569702148,-5.066058899402618,-4.678052591323852,-0.1565668330192569,-0.18627197837829623,No,True,Yes,False
Arithmetic,2_digit_multiplication,'',Is 87 times 22 equal to 1914?,Yes,-5.034145832061768,-4.545519828796387,-5.066058899402618,-4.678052591323852,0.03191306734085053,0.1325327625274655,No,False,No,False
Arithmetic,1_digit_subtraction,'',Is 9 minus 3 equal to 1?,No,-5.131881237030029,-4.639882564544678,-5.066058899402618,-4.678052591323852,-0.06582233762741119,0.03817002677917447,No,True,No,True
Arithmetic,2_digit_addition,'',Is 80 plus 30 equal to 438?,No,-5.108086109161377,-4.616778373718262,-5.066058899402618,-4.678052591323852,-0.04202720975875884,0.061274217605590486,No,True,No,True
Arithmetic,1_digit_subtraction,'',Is 7 minus 3 equal to 7?,No,-5.4103779792785645,-4.857431411743164,-5.066058899402618,-4.678052591323852,-0.34431907987594634,-0.17937882041931186,No,True,No,True
Arithmetic,2_digit_subtraction,'',Is 93 minus 67 equal to 26?,Yes,-4.90952730178833,-4.359930038452148,-5.066058899402618,-4.678052591323852,0.15653159761428803,0.31812255287170377,No,False,No,False
Arithmetic,1_digit_multiplication,'',Is 5 times 3 equal to 71?,No,-4.843942165374756,-4.662627696990967,-5.066058899402618,-4.678052591323852,0.22211673402786225,0.015424894332885408,No,True,Yes,False
Arithmetic,1_digit_addition,'',Is 9 plus 8 equal to 17?,Yes,-4.997610092163086,-4.565637588500977,-5.0619771561622615,-4.67306512928009,0.06436706399917558,0.10742754077911343,No,False,No,False
Arithmetic,2_digit_subtraction,'',Is 62 minus 92 equal to -30?,Yes,-5.380416870117188,-4.772002696990967,-5.0619771561622615,-4.67306512928009,-0.3184397139549269,-0.0989375677108768,No,False,No,False
Arithmetic,1_digit_multiplication,'',Is 1 times 7 equal to 3?,No,-5.154866695404053,-5.288673400878906,-5.0619771561622615,-4.67306512928009,-0.09288953924179122,-0.6156082715988163,Yes,False,Yes,False
Arithmetic,2_digit_subtraction,'',Is 79 minus 69 equal to 10?,Yes,-5.061978340148926,-4.576584339141846,-5.0619771561622615,-4.67306512928009,-1.1839866642660013e-06,0.09648079013824429,No,False,No,False
Arithmetic,2_digit_subtraction,'',Is 35 minus 76 equal to -41?,Yes,-5.538673400878906,-4.803252696990967,-5.0619771561622615,-4.67306512928009,-0.47669624471664473,-0.1301875677108768,No,False,No,False
Arithmetic,2_digit_addition,'',Is 38 plus 57 equal to 95?,Yes,-4.667621612548828,-4.23637580871582,-5.0619771561622615,-4.67306512928009,0.3943555436134334,0.4366893205642697,No,False,No,False
Arithmetic,2_digit_addition,'',Is 80 plus 54 equal to 452?,No,-4.9896626472473145,-4.559264659881592,-5.0619771561622615,-4.67306512928009,0.07231450891494706,0.1138004693984982,No,True,No,True
Arithmetic,2_digit_multiplication,'',Is 91 times 84 equal to 7644?,Yes,-5.070844650268555,-4.97203540802002,-5.0619771561622615,-4.67306512928009,-0.008867494106293172,-0.29897027873993043,No,False,Yes,True
Arithmetic,2_digit_multiplication,'',Is 14 times 55 equal to 770?,Yes,-5.039254665374756,-4.733965873718262,-5.0619771561622615,-4.67306512928009,0.022722490787505656,-0.06090074443817173,No,False,Yes,True
Arithmetic,1_digit_multiplication,'',Is 8 times 3 equal to 24?,Yes,-4.692449569702148,-4.639190196990967,-5.0619771561622615,-4.67306512928009,0.3695275864601131,0.033874932289123194,No,False,Yes,True
Arithmetic,2_digit_addition,'',Is 98 plus 36 equal to 520?,No,-4.84520149230957,-4.413320064544678,-5.0619771561622615,-4.67306512928009,0.2167756638526912,0.25974506473541226,No,True,No,True
Arithmetic,2_digit_subtraction,'',Is 62 minus 19 equal to 43?,Yes,-5.05015230178833,-4.500555038452148,-5.0619771561622615,-4.67306512928009,0.011824854373931437,0.17251009082794155,No,False,No,False
Arithmetic,2_digit_subtraction,'',Is 22 minus 66 equal to -44?,Yes,-5.624241352081299,-4.828272342681885,-5.0619771561622615,-4.67306512928009,-0.5622641959190373,-0.15520721340179477,No,False,No,False
Arithmetic,1_digit_multiplication,'',Is 6 times 8 equal to 46?,No,-4.908771991729736,-4.667497158050537,-5.0619771561622615,-4.67306512928009,0.1532051644325252,0.005567971229552882,No,True,Yes,False
Arithmetic,2_digit_subtraction,'',Is 43 minus 19 equal to 90?,No,-4.688055038452148,-4.194510459899902,-5.0619771561622615,-4.67306512928009,0.3739221177101131,0.47855466938018765,No,True,No,True
Arithmetic,2_digit_addition,'',Is 24 plus 79 equal to 103?,Yes,-4.896047592163086,-4.463524341583252,-5.0619771561622615,-4.67306512928009,0.16592956399917558,0.20954078769683804,No,False,No,False
Arithmetic,2_digit_multiplication,'',Is 43 times 90 equal to 1683?,No,-4.952735900878906,-4.654815196990967,-5.0619771561622615,-4.67306512928009,0.10924125528335527,0.018249932289123194,No,True,Yes,False
Arithmetic,1_digit_addition,'',Is 4 plus 0 equal to 4?,Yes,-4.976153373718262,-4.607431411743164,-5.0619771561622615,-4.67306512928009,0.0858237824439998,0.06563371753692593,No,False,Yes,True
Arithmetic,1_digit_addition,'',Is 1 plus 6 equal to 7?,Yes,-5.254949569702148,-5.010708332061768,-5.0619771561622615,-4.67306512928009,-0.19297241353988692,-0.3376432027816776,No,False,Yes,True
Arithmetic,2_digit_multiplication,'',Is 49 times 21 equal to 1029?,Yes,-5.34702730178833,-4.920440196990967,-5.0619771561622615,-4.67306512928009,-0.28505014562606856,-0.2473750677108768,No,False,No,False
Arithmetic,2_digit_subtraction,'',Is 73 minus 41 equal to 32?,Yes,-4.7931904792785645,-4.364618301391602,-5.0619771561622615,-4.67306512928009,0.26878667688369706,0.30844682788848843,No,False,No,False
Arithmetic,1_digit_subtraction,'',Is 2 minus 9 equal to -7?,Yes,-5.671391010284424,-4.999068737030029,-5.0619771561622615,-4.67306512928009,-0.6094138541221623,-0.3260036077499393,No,False,No,False
Arithmetic,1_digit_multiplication,'',Is 4 times 8 equal to 13?,No,-5.251144886016846,-4.887331962585449,-5.0619771561622615,-4.67306512928009,-0.1891677298545842,-0.21426683330535923,No,True,Yes,False
Arithmetic,2_digit_subtraction,'',Is 87 minus 39 equal to 48?,Yes,-4.92332649230957,-4.43168830871582,-5.0619771561622615,-4.67306512928009,0.1386506638526912,0.24137682056426968,No,False,No,False
Arithmetic,2_digit_subtraction,'',Is 16 minus 17 equal to -1?,Yes,-5.560104370117188,-4.826690196990967,-5.0619771561622615,-4.67306512928009,-0.4981272139549269,-0.1536250677108768,No,False,No,False
Arithmetic,2_digit_multiplication,'',Is 76 times 29 equal to 2204?,Yes,-5.225179195404053,-4.867379665374756,-5.0619771561622615,-4.67306512928009,-0.16320203924179122,-0.19431453609466587,No,False,Yes,True
Arithmetic,2_digit_addition,'',Is 77 plus 62 equal to 679?,No,-5.101173400878906,-4.6771626472473145,-5.0619771561622615,-4.67306512928009,-0.039196244716644735,-0.004097517967224462,No,True,No,True
Arithmetic,1_digit_multiplication,'',Is 8 times 6 equal to 38?,No,-4.934637069702148,-4.631377696990967,-5.0619771561622615,-4.67306512928009,0.12734008646011308,0.041687432289123194,No,True,Yes,False
Arithmetic,1_digit_addition,'',Is 7 plus 2 equal to 9?,Yes,-5.029013156890869,-4.6015706062316895,-5.0619771561622615,-4.67306512928009,0.032963999271392375,0.07149452304840054,No,False,No,False
Arithmetic,2_digit_addition,'',Is 90 plus 37 equal to 370?,No,-4.8177876472473145,-4.385928153991699,-5.0619771561622615,-4.67306512928009,0.24418950891494706,0.28713697528839077,No,True,No,True
Arithmetic,1_digit_addition,'',Is 4 plus 6 equal to 10?,Yes,-5.023992538452148,-4.467394828796387,-5.0619771561622615,-4.67306512928009,0.03798461771011308,0.20567030048370327,No,False,No,False
Arithmetic,2_digit_addition,'',Is 73 plus 51 equal to 124?,Yes,-4.868772506713867,-4.440615653991699,-5.0619771561622615,-4.67306512928009,0.19320464944839433,0.23244947528839077,No,False,No,False
Arithmetic,2_digit_subtraction,'',Is 94 minus 28 equal to 66?,Yes,-5.040647506713867,-4.48824405670166,-5.0619771561622615,-4.67306512928009,0.021329649448394328,0.18482107257842983,No,False,No,False
Arithmetic,1_digit_addition,'',Is 0 plus 6 equal to 6?,Yes,-5.183563232421875,-4.880416870117188,-5.0619771561622615,-4.67306512928009,-0.12158607625961348,-0.2073517408370984,No,False,Yes,True
Arithmetic,2_digit_subtraction,'',Is 10 minus 68 equal to 362?,No,-5.150975227355957,-4.53325080871582,-5.0619771561622615,-4.67306512928009,-0.08899807119369552,0.13981432056426968,No,True,No,True
Arithmetic,1_digit_subtraction,'',Is 2 minus 2 equal to 5?,No,-5.2697529792785645,-4.964053153991699,-5.0619771561622615,-4.67306512928009,-0.20777582311630294,-0.29098802471160923,No,True,Yes,False
Arithmetic,1_digit_subtraction,'',Is 1 minus 6 equal to 18?,No,-5.358637809753418,-4.807093143463135,-5.0619771561622615,-4.67306512928009,-0.29666065359115645,-0.13402801418304477,No,True,No,True
Arithmetic,2_digit_multiplication,'',Is 58 times 75 equal to 8998?,No,-5.218883514404297,-4.858853340148926,-5.0619771561622615,-4.67306512928009,-0.15690635824203536,-0.1857882108688358,No,True,Yes,False
Arithmetic,1_digit_multiplication,'',Is 1 times 1 equal to 7?,No,-5.122137069702148,-5.190395832061768,-5.0619771561622615,-4.67306512928009,-0.06015991353988692,-0.5173307027816776,Yes,False,Yes,False
Arithmetic,1_digit_addition,'',Is 1 plus 3 equal to 4?,Yes,-5.028844356536865,-4.909684658050537,-5.0619771561622615,-4.67306512928009,0.03313279962539628,-0.23661952877044712,No,False,Yes,True
Arithmetic,1_digit_subtraction,'',Is 2 minus 5 equal to 39?,No,-5.179165840148926,-4.627537727355957,-5.0619771561622615,-4.67306512928009,-0.11718868398666427,0.04552740192413296,No,True,No,True
Arithmetic,2_digit_subtraction,'',Is 96 minus 74 equal to 20?,No,-5.086129665374756,-4.409365653991699,-5.0619771561622615,-4.67306512928009,-0.024152509212494344,0.26369947528839077,No,True,No,True
Arithmetic,1_digit_subtraction,'',Is 4 minus 8 equal to 58?,No,-5.109930038452148,-4.428885459899902,-5.0619771561622615,-4.67306512928009,-0.04795288228988692,0.24417966938018765,No,True,No,True
Arithmetic,2_digit_multiplication,'',Is 54 times 97 equal to 5238?,Yes,-5.083198070526123,-4.724325656890869,-5.0619771561622615,-4.67306512928009,-0.02122091436386153,-0.05126052761077915,No,False,Yes,True
Arithmetic,1_digit_subtraction,'',Is 8 minus 7 equal to 1?,Yes,-5.255416870117188,-4.6447529792785645,-5.0619771561622615,-4.67306512928009,-0.19343971395492687,0.028312150001525538,No,False,No,False
Arithmetic,2_digit_subtraction,'',Is 38 minus 43 equal to 49?,No,-4.932225227355957,-4.37700080871582,-5.0619771561622615,-4.67306512928009,0.12975192880630448,0.2960643205642697,No,True,No,True
Arithmetic,1_digit_subtraction,'',Is 4 minus 5 equal to 81?,No,-5.131377696990967,-4.389269828796387,-5.0619771561622615,-4.67306512928009,-0.06940054082870528,0.28379530048370327,No,True,No,True
Arithmetic,2_digit_addition,'',Is 74 plus 54 equal to 154?,No,-4.8334126472473145,-4.466180801391602,-5.0619771561622615,-4.67306512928009,0.22856450891494706,0.20688432788848843,No,True,Yes,False
Arithmetic,1_digit_addition,'',Is 1 plus 6 equal to 5?,No,-5.037773609161377,-4.8556904792785645,-5.0619771561622615,-4.67306512928009,0.024203547000884562,-0.18262534999847446,No,True,Yes,False
Arithmetic,1_digit_addition,'',Is 5 plus 7 equal to 12?,Yes,-5.035769462585449,-4.602939605712891,-5.0619771561622615,-4.67306512928009,0.026207693576812296,0.07012552356719937,No,False,No,False
Arithmetic,2_digit_addition,'',Is 82 plus 29 equal to 434?,No,-4.958074569702148,-4.654815196990967,-5.0619771561622615,-4.67306512928009,0.10390258646011308,0.018249932289123194,No,True,Yes,False
Arithmetic,2_digit_subtraction,'',Is 70 minus 50 equal to 20?,Yes,-5.1447529792785645,-4.52730655670166,-5.0619771561622615,-4.67306512928009,-0.08277582311630294,0.14575857257842983,No,False,No,False
Arithmetic,2_digit_multiplication,'',Is 76 times 40 equal to 8832?,No,-5.085453510284424,-4.788131237030029,-5.0619771561622615,-4.67306512928009,-0.023476354122162313,-0.1150661077499393,No,True,Yes,False
Arithmetic,1_digit_multiplication,'',Is 8 times 1 equal to 2?,No,-5.103201866149902,-5.110519886016846,-5.0619771561622615,-4.67306512928009,-0.04122470998764083,-0.4374547567367557,Yes,False,Yes,False
Arithmetic,2_digit_addition,'',Is 28 plus 83 equal to 747?,No,-4.832644462585449,-4.399814605712891,-5.0619771561622615,-4.67306512928009,0.2293326935768123,0.27325052356719937,No,True,No,True
Arithmetic,2_digit_multiplication,'',Is 86 times 72 equal to 6192?,Yes,-5.060787677764893,-4.892124652862549,-5.0619771561622615,-4.67306512928009,0.0011894783973689371,-0.21905952358245884,No,False,Yes,True
Arithmetic,1_digit_subtraction,'',Is 6 minus 1 equal to 5?,Yes,-5.241778373718262,-4.748644828796387,-5.0619771561622615,-4.67306512928009,-0.1798012175560002,-0.07557969951629673,No,False,No,False
Arithmetic,2_digit_addition,'',Is 31 plus 85 equal to 694?,No,-4.940212726593018,-4.573871612548828,-5.0619771561622615,-4.67306512928009,0.12176442956924394,0.09919351673126187,No,True,Yes,False
Arithmetic,2_digit_addition,'',Is 93 plus 35 equal to 128?,Yes,-4.595211505889893,-4.288780212402344,-5.0619771561622615,-4.67306512928009,0.46676565027236894,0.38428491687774624,No,False,Yes,True
Arithmetic,2_digit_subtraction,'',Is 57 minus 98 equal to -41?,Yes,-5.740804195404053,-4.948208332061768,-5.0619771561622615,-4.67306512928009,-0.6788270392417912,-0.2751432027816776,No,False,No,False
Arithmetic,2_digit_addition,'',Is 48 plus 28 equal to 94?,No,-4.8646626472473145,-4.30855655670166,-5.0619771561622615,-4.67306512928009,0.19731450891494706,0.36450857257842983,No,True,No,True
Arithmetic,2_digit_addition,'',Is 38 plus 57 equal to 20?,No,-4.818877696990967,-4.388055801391602,-5.0619771561622615,-4.67306512928009,0.24309945917129472,0.28500932788848843,No,True,No,True
Arithmetic,2_digit_multiplication,'',Is 55 times 89 equal to 4895?,Yes,-4.871195793151856,-4.568668365478516,-5.0619771561622615,-4.67306512928009,0.19078136301040516,0.10439676380157437,No,False,Yes,True
Arithmetic,2_digit_multiplication,'',Is 32 times 95 equal to 3040?,Yes,-5.017124652862549,-4.713833332061768,-5.0619771561622615,-4.67306512928009,0.04485250329971269,-0.04076820278167759,No,False,Yes,True
Arithmetic,2_digit_addition,'',Is 69 plus 17 equal to 86?,Yes,-4.565934658050537,-4.322237491607666,-5.0619771561622615,-4.67306512928009,0.4960424981117244,0.350827637672424,No,False,Yes,True
Arithmetic,2_digit_addition,'',Is 30 plus 45 equal to 21?,No,-4.900022506713867,-4.468340873718262,-5.0619771561622615,-4.67306512928009,0.16195464944839433,0.20472425556182827,No,True,No,True
Arithmetic,2_digit_multiplication,'',Is 56 times 66 equal to 9668?,No,-5.107662677764893,-4.813999652862549,-5.0619771561622615,-4.67306512928009,-0.04568552160263106,-0.14093452358245884,No,True,Yes,False
Arithmetic,1_digit_multiplication,'',Is 1 times 6 equal to 6?,Yes,-4.942790985107422,-5.135334491729736,-5.0619771561622615,-4.67306512928009,0.11918617105483964,-0.46226936244964634,Yes,True,Yes,True
Arithmetic,2_digit_addition,'',Is 93 plus 99 equal to 778?,No,-4.851859092712402,-4.360752105712891,-5.0619771561622615,-4.67306512928009,0.21011806344985917,0.31231302356719937,No,True,No,True
Arithmetic,1_digit_multiplication,'',Is 5 times 1 equal to 5?,Yes,-4.795440196990967,-4.924990653991699,-5.0619771561622615,-4.67306512928009,0.2665369591712947,-0.25192552471160923,Yes,True,Yes,True
Arithmetic,1_digit_multiplication,'',Is 5 times 8 equal to 40?,Yes,-4.924770832061768,-4.681149005889893,-5.0619771561622615,-4.67306512928009,0.13720632410049394,-0.008083876609802587,No,False,Yes,True
Arithmetic,2_digit_multiplication,'',Is 72 times 94 equal to 1630?,No,-4.905860900878906,-4.6693501472473145,-5.0619771561622615,-4.67306512928009,0.15611625528335527,0.003714982032775538,No,True,Yes,False
Arithmetic,1_digit_multiplication,'',Is 9 times 3 equal to 27?,Yes,-4.850631237030029,-4.670334339141846,-5.0619771561622615,-4.67306512928009,0.21134591913223222,0.002730790138244288,No,False,Yes,True
Arithmetic,2_digit_addition,'',Is 76 plus 88 equal to 164?,Yes,-4.897148609161377,-4.470211505889893,-5.0619771561622615,-4.67306512928009,0.16482854700088456,0.2028536233901974,No,False,No,False
Arithmetic,2_digit_multiplication,'',Is 63 times 23 equal to 1449?,Yes,-5.071477890014648,-4.717461109161377,-5.0619771561622615,-4.67306512928009,-0.009500733852386922,-0.04439597988128696,No,False,Yes,True
Arithmetic,1_digit_multiplication,'',Is 2 times 8 equal to 96?,No,-4.79233980178833,-4.6146626472473145,-5.0619771561622615,-4.67306512928009,0.26963735437393144,0.05840248203277554,No,True,Yes,False
Arithmetic,1_digit_addition,'',Is 2 plus 7 equal to 1?,No,-5.042701244354248,-4.801063060760498,-5.0619771561622615,-4.67306512928009,0.01927591180801347,-0.12799793148040806,No,True,Yes,False
Arithmetic,2_digit_multiplication,'',Is 44 times 48 equal to 9687?,No,-5.098646640777588,-4.802165985107422,-5.0619771561622615,-4.67306512928009,-0.036669484615326375,-0.12910085582733188,No,True,Yes,False
Arithmetic,1_digit_multiplication,'',Is 4 times 3 equal to 12?,Yes,-4.937692165374756,-4.759274005889893,-5.0619771561622615,-4.67306512928009,0.12428499078750566,-0.08620887660980259,No,False,Yes,True
Arithmetic,2_digit_addition,'',Is 28 plus 84 equal to 112?,Yes,-4.856875419616699,-4.362445831298828,-5.0619771561622615,-4.67306512928009,0.2051017365455623,0.31061929798126187,No,False,No,False
Arithmetic,2_digit_subtraction,'',Is 11 minus 96 equal to 594?,No,-5.2853779792785645,-4.668639659881592,-5.0619771561622615,-4.67306512928009,-0.22340082311630294,0.004425469398498194,No,True,No,True
Arithmetic,2_digit_subtraction,'',Is 92 minus 76 equal to 86?,No,-4.693877696990967,-4.388681411743164,-5.0619771561622615,-4.67306512928009,0.3680994591712947,0.28438371753692593,No,True,Yes,False
Arithmetic,2_digit_multiplication,'',Is 61 times 13 equal to 350?,No,-4.929298400878906,-4.568877696990967,-5.0619771561622615,-4.67306512928009,0.13267875528335527,0.1041874322891232,No,True,Yes,False
Arithmetic,1_digit_subtraction,'',Is 4 minus 9 equal to 85?,No,-5.079586505889893,-4.336143970489502,-5.0619771561622615,-4.67306512928009,-0.017609349727631063,0.33692115879058804,No,True,No,True
Arithmetic,1_digit_subtraction,'',Is 8 minus 9 equal to -1?,Yes,-5.491798400878906,-4.757403373718262,-5.0619771561622615,-4.67306512928009,-0.42982124471664473,-0.08433824443817173,No,False,No,False
Arithmetic,2_digit_addition,'',Is 44 plus 82 equal to 126?,Yes,-4.758367538452148,-4.326769828796387,-5.0619771561622615,-4.67306512928009,0.3036096177101131,0.34629530048370327,No,False,No,False
Arithmetic,2_digit_subtraction,'',Is 61 minus 84 equal to 616?,No,-5.176948070526123,-4.693075656890869,-5.0619771561622615,-4.67306512928009,-0.11497091436386153,-0.02001052761077915,No,True,No,True
Arithmetic,1_digit_subtraction,'',Is 7 minus 9 equal to -2?,Yes,-5.637762069702148,-4.90075159072876,-5.0619771561622615,-4.67306512928009,-0.5757849135398869,-0.22768646144866977,No,False,No,False
Arithmetic,2_digit_addition,'',Is 83 plus 61 equal to 144?,Yes,-4.633109092712402,-4.4531331062316895,-5.0619771561622615,-4.67306512928009,0.42886806344985917,0.21993202304840054,No,False,Yes,True
Arithmetic,2_digit_multiplication,'',Is 53 times 95 equal to 7408?,No,-5.169308185577393,-4.811978340148926,-5.0619771561622615,-4.67306512928009,-0.10733102941513106,-0.1389132108688358,No,True,Yes,False
Arithmetic,2_digit_multiplication,'',Is 98 times 71 equal to 4004?,No,-5.063520908355713,-4.767210006713867,-5.0619771561622615,-4.67306512928009,-0.0015437521934513754,-0.0941448774337772,No,True,Yes,False
Arithmetic,2_digit_addition,'',Is 81 plus 63 equal to 720?,No,-4.557583332061768,-4.43981409072876,-5.0619771561622615,-4.67306512928009,0.5043938241004939,0.23325103855133023,No,True,Yes,False
Arithmetic,2_digit_addition,'',Is 55 plus 15 equal to 38?,No,-4.721865653991699,-4.350760459899902,-5.0619771561622615,-4.67306512928009,0.3401115021705623,0.32230466938018765,No,True,Yes,False
Arithmetic,2_digit_subtraction,'',Is 98 minus 42 equal to 56?,Yes,-4.936065196990967,-4.381457328796387,-5.0619771561622615,-4.67306512928009,0.12591195917129472,0.29160780048370327,No,False,No,False
Arithmetic,2_digit_addition,'',Is 27 plus 99 equal to 126?,Yes,-5.007070064544678,-4.450342178344727,-5.0619771561622615,-4.67306512928009,0.05490709161758378,0.22272295093536343,No,False,No,False
Arithmetic,2_digit_addition,'',Is 28 plus 19 equal to 17?,No,-5.133367538452148,-4.702322959899902,-5.0619771561622615,-4.67306512928009,-0.07139038228988692,-0.029257830619812353,No,True,No,True
Arithmetic,1_digit_addition,'',Is 4 plus 4 equal to 5?,No,-4.968007564544678,-4.534905433654785,-5.0619771561622615,-4.67306512928009,0.09396959161758378,0.13815969562530483,No,True,No,True
Arithmetic,2_digit_subtraction,'',Is 17 minus 34 equal to 270?,No,-4.9427876472473145,-4.449889659881592,-5.0619771561622615,-4.67306512928009,0.11918950891494706,0.2231754693984982,No,True,No,True
Arithmetic,1_digit_multiplication,'',Is 8 times 8 equal to 24?,No,-4.755406856536865,-4.638980865478516,-5.0619771561622615,-4.67306512928009,0.3065702996253963,0.034084263801574366,No,True,Yes,False
Arithmetic,1_digit_multiplication,'',Is 5 times 6 equal to 30?,Yes,-4.803252696990967,-4.68355655670166,-5.0619771561622615,-4.67306512928009,0.2587244591712947,-0.010491427421570165,No,False,Yes,True
Arithmetic,2_digit_multiplication,'',Is 99 times 38 equal to 7080?,No,-5.0638108253479,-4.509109020233154,-5.0619771561622615,-4.67306512928009,-0.0018336691856388754,0.1639561090469357,No,True,No,True
Arithmetic,2_digit_multiplication,'',Is 27 times 26 equal to 285?,No,-5.086129665374756,-4.721865653991699,-5.0619771561622615,-4.67306512928009,-0.024152509212494344,-0.04880052471160923,No,True,Yes,False
Arithmetic,2_digit_subtraction,'',Is 57 minus 84 equal to -27?,Yes,-5.651114940643311,-4.984671592712402,-5.0619771561622615,-4.67306512928009,-0.5891377844810499,-0.31160646343231235,No,False,No,False
Arithmetic,2_digit_addition,'',Is 11 plus 53 equal to 64?,Yes,-4.684264659881592,-4.376502513885498,-5.0619771561622615,-4.67306512928009,0.3777124962806697,0.29656261539459194,No,False,Yes,True
Arithmetic,1_digit_subtraction,'',Is 8 minus 3 equal to 3?,No,-5.366665840148926,-4.815037727355957,-5.0619771561622615,-4.67306512928009,-0.30468868398666427,-0.14197259807586704,No,True,No,True
Arithmetic,1_digit_addition,'',Is 9 plus 4 equal to 13?,Yes,-5.118649005889893,-4.561697959899902,-5.0619771561622615,-4.67306512928009,-0.05667184972763106,0.11136716938018765,No,False,No,False
Arithmetic,2_digit_multiplication,'',Is 13 times 45 equal to 550?,No,-5.209648609161377,-4.719305038452148,-5.0619771561622615,-4.67306512928009,-0.14767145299911544,-0.046239909172058447,No,True,No,True
Arithmetic,1_digit_addition,'',Is 7 plus 2 equal to 8?,No,-5.025975227355957,-4.720127105712891,-5.0619771561622615,-4.67306512928009,0.036001928806304484,-0.047061976432800634,No,True,Yes,False
Arithmetic,2_digit_multiplication,'',Is 10 times 46 equal to 389?,No,-5.073208332061768,-4.51949405670166,-5.0619771561622615,-4.67306512928009,-0.011231175899506063,0.15357107257842983,No,True,No,True
Arithmetic,1_digit_subtraction,'',Is 7 minus 7 equal to 6?,No,-5.198208332061768,-4.770202159881592,-5.0619771561622615,-4.67306512928009,-0.13623117589950606,-0.0971370306015018,No,True,No,True
Arithmetic,1_digit_subtraction,'',Is 3 minus 0 equal to 3?,Yes,-5.424770832061768,-5.05700159072876,-5.0619771561622615,-4.67306512928009,-0.36279367589950606,-0.3839364614486698,No,False,Yes,True
Arithmetic,1_digit_subtraction,'',Is 5 minus 6 equal to 69?,No,-5.170440196990967,-4.426452159881592,-5.0619771561622615,-4.67306512928009,-0.10846304082870528,0.2466129693984982,No,True,No,True
Arithmetic,1_digit_multiplication,'',Is 5 times 1 equal to 1?,No,-5.053398609161377,-4.995083332061768,-5.0619771561622615,-4.67306512928009,0.008578547000884562,-0.3220182027816776,No,True,Yes,False
Arithmetic,1_digit_subtraction,'',Is 2 minus 5 equal to -3?,Yes,-5.951741695404053,-5.340887069702148,-5.0619771561622615,-4.67306512928009,-0.8897645392417912,-0.6678219404220584,No,False,No,False
Arithmetic,1_digit_multiplication,'',Is 2 times 1 equal to 2?,Yes,-4.954269886016846,-5.210006237030029,-5.0619771561622615,-4.67306512928009,0.10770727014541581,-0.5369411077499393,Yes,True,Yes,True
Arithmetic,2_digit_multiplication,'',Is 10 times 83 equal to 472?,No,-5.017124652862549,-4.7162251472473145,-5.0619771561622615,-4.67306512928009,0.04485250329971269,-0.04316001796722446,No,True,Yes,False
Arithmetic,2_digit_addition,'',Is 93 plus 31 equal to 721?,No,-4.826836109161377,-4.523028373718262,-5.0619771561622615,-4.67306512928009,0.23514104700088456,0.15003675556182827,No,True,Yes,False
Arithmetic,1_digit_multiplication,'',Is 0 times 8 equal to 0?,Yes,-5.342985153198242,-5.047407150268555,-5.0619771561622615,-4.67306512928009,-0.2810079970359807,-0.3743420209884647,No,False,Yes,True
Arithmetic,1_digit_addition,'',Is 4 plus 8 equal to 24?,No,-4.814905643463135,-4.321609020233154,-5.0619771561622615,-4.67306512928009,0.24707151269912675,0.3514561090469357,No,True,No,True
Arithmetic,1_digit_addition,'',Is 1 plus 4 equal to 8?,No,-4.988563060760498,-4.807225227355957,-5.0619771561622615,-4.67306512928009,0.07341409540176347,-0.13416009807586704,No,True,Yes,False
Arithmetic,2_digit_multiplication,'',Is 63 times 97 equal to 9084?,No,-5.124805450439453,-4.958541870117188,-5.0619771561622615,-4.67306512928009,-0.06282829427719161,-0.2854767408370984,No,True,Yes,False
Arithmetic,1_digit_multiplication,'',Is 5 times 6 equal to 42?,No,-4.940395832061768,-4.758367538452148,-5.0619771561622615,-4.67306512928009,0.12158132410049394,-0.08530240917205845,No,True,Yes,False
Arithmetic,1_digit_subtraction,'',Is 9 minus 5 equal to 4?,Yes,-5.008367538452148,-4.576181411743164,-5.0619771561622615,-4.67306512928009,0.05360961771011308,0.09688371753692593,No,False,No,False
Arithmetic,1_digit_addition,'',Is 8 plus 5 equal to 13?,Yes,-5.185094356536865,-4.6919026374816895,-5.0619771561622615,-4.67306512928009,-0.12311720037460372,-0.018837508201599462,No,False,No,False
Arithmetic,2_digit_addition,'',Is 47 plus 75 equal to 122?,Yes,-4.9885029792785645,-4.496764659881592,-5.0619771561622615,-4.67306512928009,0.07347417688369706,0.1763004693984982,No,False,No,False
Arithmetic,1_digit_subtraction,'',Is 5 minus 4 equal to 9?,No,-5.0825276374816895,-4.5259528160095215,-5.0619771561622615,-4.67306512928009,-0.020550481319427938,0.1471123132705685,No,True,No,True
Arithmetic,2_digit_addition,'',Is 15 plus 11 equal to 26?,Yes,-4.938961505889893,-4.443368911743164,-5.0619771561622615,-4.67306512928009,0.12301565027236894,0.22969621753692593,No,False,No,False
Arithmetic,2_digit_multiplication,'',Is 39 times 48 equal to 8277?,No,-5.137709140777588,-4.782191753387451,-5.0619771561622615,-4.67306512928009,-0.07573198461532638,-0.10912662410736118,No,True,Yes,False
Arithmetic,2_digit_subtraction,'',Is 22 minus 55 equal to 993?,No,-5.075262069702148,-4.523992538452148,-5.0619771561622615,-4.67306512928009,-0.013284913539886922,0.14907259082794155,No,True,No,True
Arithmetic,1_digit_subtraction,'',Is 5 minus 0 equal to 5?,Yes,-5.241778373718262,-4.809930801391602,-5.0619771561622615,-4.67306512928009,-0.1798012175560002,-0.13686567211151157,No,False,No,False
Arithmetic,2_digit_addition,'',Is 39 plus 55 equal to 94?,Yes,-4.59606409072876,-4.163260459899902,-5.0619771561622615,-4.67306512928009,0.46591306543350175,0.5098046693801876,No,False,No,False
Arithmetic,1_digit_subtraction,'',Is 1 minus 4 equal to 37?,No,-5.308082580566406,-4.695459842681885,-5.0619771561622615,-4.67306512928009,-0.24610542440414473,-0.022394713401794775,No,True,No,True
Arithmetic,2_digit_multiplication,'',Is 54 times 51 equal to 3681?,No,-5.103201866149902,-4.68113899230957,-5.0619771561622615,-4.67306512928009,-0.04122470998764083,-0.008073863029480322,No,True,No,True
Arithmetic,1_digit_multiplication,'',Is 0 times 0 equal to 2?,No,-5.465610504150391,-5.413398742675781,-5.0619771561622615,-4.67306512928009,-0.4036333479881291,-0.7403336133956913,No,True,Yes,False
Arithmetic,2_digit_subtraction,'',Is 11 minus 27 equal to 867?,No,-5.2931904792785645,-4.676452159881592,-5.0619771561622615,-4.67306512928009,-0.23121332311630294,-0.003387030601501806,No,True,No,True
Arithmetic,1_digit_subtraction,'',Is 3 minus 1 equal to 3?,No,-5.285769462585449,-4.979149341583252,-5.0619771561622615,-4.67306512928009,-0.2237923064231877,-0.30608421230316196,No,True,Yes,False
Arithmetic,2_digit_subtraction,'',Is 56 minus 65 equal to -9?,Yes,-5.321333408355713,-4.654815196990967,-5.0619771561622615,-4.67306512928009,-0.2593562521934514,0.018249932289123194,No,False,No,False
Arithmetic,1_digit_subtraction,'',Is 1 minus 5 equal to 26?,No,-5.259312152862549,-4.6459126472473145,-5.0619771561622615,-4.67306512928009,-0.1973349967002873,0.027152482032775538,No,True,No,True
Arithmetic,1_digit_addition,'',Is 6 plus 8 equal to 14?,Yes,-5.2631001472473145,-4.707702159881592,-5.0619771561622615,-4.67306512928009,-0.20112299108505294,-0.034637030601501806,No,False,No,False
Arithmetic,2_digit_addition,'',Is 55 plus 32 equal to 87?,Yes,-4.545334339141846,-4.238030433654785,-5.0619771561622615,-4.67306512928009,0.5166428170204158,0.43503469562530483,No,False,Yes,True
Arithmetic,1_digit_multiplication,'',Is 9 times 9 equal to 86?,No,-4.643740653991699,-4.461143970489502,-5.0619771561622615,-4.67306512928009,0.4182365021705623,0.21192115879058804,No,True,Yes,False
Arithmetic,2_digit_addition,'',Is 11 plus 22 equal to 33?,Yes,-4.948428153991699,-4.578790664672852,-5.0619771561622615,-4.67306512928009,0.1135490021705623,0.09427446460723843,No,False,Yes,True
Arithmetic,2_digit_multiplication,'',Is 84 times 31 equal to 2604?,Yes,-5.140429973602295,-4.846271991729736,-5.0619771561622615,-4.67306512928009,-0.0784528174400334,-0.17320686244964634,No,False,Yes,True
Arithmetic,1_digit_multiplication,'',Is 3 times 3 equal to 9?,Yes,-4.808695793151856,-4.818668365478516,-5.0619771561622615,-4.67306512928009,0.25328136301040516,-0.14560323619842563,Yes,True,Yes,True
Arithmetic,2_digit_multiplication,'',Is 19 times 89 equal to 2333?,No,-5.251020908355713,-5.075262069702148,-5.0619771561622615,-4.67306512928009,-0.18904375219345138,-0.40219694042205845,No,True,Yes,False
Arithmetic,2_digit_multiplication,'',Is 25 times 29 equal to 783?,No,-5.205837726593018,-4.840456962585449,-5.0619771561622615,-4.67306512928009,-0.14386057043075606,-0.16739183330535923,No,True,Yes,False
Arithmetic,2_digit_multiplication,'',Is 14 times 81 equal to 1134?,Yes,-5.063999652862549,-4.826690196990967,-5.0619771561622615,-4.67306512928009,-0.002022496700287313,-0.1536250677108768,No,False,Yes,True
Arithmetic,1_digit_subtraction,'',Is 7 minus 4 equal to 8?,No,-5.170440196990967,-4.740832328796387,-5.0619771561622615,-4.67306512928009,-0.10846304082870528,-0.06776719951629673,No,True,No,True
Arithmetic,1_digit_addition,'',Is 6 plus 5 equal to 83?,No,-4.944903373718262,-4.512389659881592,-5.0619771561622615,-4.67306512928009,0.1170737824439998,0.1606754693984982,No,True,No,True
Arithmetic,2_digit_addition,'',Is 56 plus 85 equal to 141?,Yes,-4.798460006713867,-4.37105655670166,-5.0619771561622615,-4.67306512928009,0.2635171494483943,0.30200857257842983,No,False,No,False
Arithmetic,1_digit_multiplication,'',Is 7 times 1 equal to 7?,Yes,-4.946897506713867,-4.95543909072876,-5.0619771561622615,-4.67306512928009,0.11507964944839433,-0.2823739614486698,Yes,True,Yes,True
Arithmetic,2_digit_multiplication,'',Is 73 times 42 equal to 3066?,Yes,-5.007328510284424,-4.708700656890869,-5.0619771561622615,-4.67306512928009,0.05464864587783769,-0.03563552761077915,No,False,Yes,True
Arithmetic,1_digit_addition,'',Is 7 plus 8 equal to 17?,No,-5.178597450256348,-4.7491607666015625,-5.0619771561622615,-4.67306512928009,-0.11662029409408614,-0.07609563732147251,No,True,No,True
Arithmetic,2_digit_subtraction,'',Is 27 minus 40 equal to 802?,No,-4.954066753387451,-4.5247483253479,-5.0619771561622615,-4.67306512928009,0.10791040277481034,0.1483168039321896,No,True,No,True
Arithmetic,1_digit_multiplication,'',Is 6 times 2 equal to 12?,Yes,-4.94858980178833,-4.893520832061768,-5.0619771561622615,-4.67306512928009,0.11338735437393144,-0.2204557027816776,No,False,Yes,True
Arithmetic,2_digit_addition,'',Is 14 plus 89 equal to 103?,Yes,-4.880422592163086,-4.510950088500977,-5.0619771561622615,-4.67306512928009,0.18155456399917558,0.16211504077911343,No,False,Yes,True
Arithmetic,1_digit_subtraction,'',Is 2 minus 7 equal to 74?,No,-5.232082843780518,-4.68113899230957,-5.0619771561622615,-4.67306512928009,-0.17010568761825606,-0.008073863029480322,No,True,No,True
Arithmetic,1_digit_addition,'',Is 5 plus 4 equal to 7?,No,-5.124590873718262,-4.692077159881592,-5.0619771561622615,-4.67306512928009,-0.0626137175560002,-0.019012030601501806,No,True,No,True
Arithmetic,1_digit_subtraction,'',Is 0 minus 7 equal to -7?,Yes,-5.808705806732178,-5.092991352081299,-5.0619771561622615,-4.67306512928009,-0.7467286505699162,-0.41992622280120884,No,False,No,False
Arithmetic,2_digit_addition,'',Is 49 plus 98 equal to 401?,No,-4.655447959899902,-4.0956339836120605,-5.0619771561622615,-4.67306512928009,0.40652919626235917,0.5774311456680294,No,True,No,True
Arithmetic,1_digit_subtraction,'',Is 3 minus 1 equal to 2?,Yes,-5.3244404792785645,-5.01949405670166,-5.0619771561622615,-4.67306512928009,-0.26246332311630294,-0.34642892742157017,No,False,Yes,True
Arithmetic,1_digit_addition,'',Is 4 plus 7 equal to 11?,Yes,-5.05613899230957,-4.50071382522583,-5.0619771561622615,-4.67306512928009,0.005838163852691203,0.1723513040542599,No,False,No,False
Arithmetic,2_digit_subtraction,'',Is 94 minus 23 equal to 52?,No,-4.927297592163086,-4.370842933654785,-5.0619771561622615,-4.67306512928009,0.13467956399917558,0.30222219562530483,No,True,No,True
Arithmetic,1_digit_addition,'',Is 7 plus 9 equal to 59?,No,-4.815934658050537,-4.384737491607666,-5.0619771561622615,-4.67306512928009,0.2460424981117244,0.288327637672424,No,True,No,True
Arithmetic,2_digit_addition,'',Is 66 plus 27 equal to 99?,No,-4.7541279792785645,-4.323428153991699,-5.0619771561622615,-4.67306512928009,0.30784917688369706,0.34963697528839077,No,True,No,True
Arithmetic,2_digit_multiplication,'',Is 37 times 50 equal to 1850?,Yes,-4.883367538452148,-4.577322959899902,-5.0619771561622615,-4.67306512928009,0.17860961771011308,0.09574216938018765,No,False,Yes,True
Arithmetic,2_digit_subtraction,'',Is 63 minus 70 equal to 74?,No,-5.030512809753418,-4.4809651374816895,-5.0619771561622615,-4.67306512928009,0.031464346408843546,0.19209999179840054,No,True,No,True
Arithmetic,1_digit_multiplication,'',Is 5 times 5 equal to 25?,Yes,-4.912627696990967,-4.73043155670166,-5.0619771561622615,-4.67306512928009,0.14934945917129472,-0.057366427421570165,No,False,Yes,True
Arithmetic,2_digit_multiplication,'',Is 30 times 99 equal to 2970?,Yes,-4.822850227355957,-4.45383882522583,-5.0619771561622615,-4.67306512928009,0.23912692880630448,0.2192263040542599,No,False,Yes,True
Arithmetic,2_digit_addition,'',Is 11 plus 83 equal to 46?,No,-4.747610092163086,-4.315637588500977,-5.0619771561622615,-4.67306512928009,0.3143670639991756,0.35742754077911343,No,True,No,True
Arithmetic,2_digit_subtraction,'',Is 39 minus 91 equal to -52?,Yes,-5.47983980178833,-4.743649005889893,-5.0619771561622615,-4.67306512928009,-0.41786264562606856,-0.07058387660980259,No,False,No,False
Arithmetic,1_digit_addition,'',Is 3 plus 2 equal to 5?,Yes,-4.83043909072876,-4.646493911743164,-5.0619771561622615,-4.67306512928009,0.23153806543350175,0.02657121753692593,No,False,Yes,True
Arithmetic,2_digit_subtraction,'',Is 49 minus 86 equal to -37?,Yes,-5.634451866149902,-4.838475227355957,-5.0619771561622615,-4.67306512928009,-0.5724747099876408,-0.16541009807586704,No,False,No,False
Arithmetic,2_digit_addition,'',Is 15 plus 50 equal to 49?,No,-4.858965873718262,-4.424990653991699,-5.0619771561622615,-4.67306512928009,0.2030112824439998,0.24807447528839077,No,True,No,True
Arithmetic,1_digit_multiplication,'',Is 9 times 2 equal to 18?,Yes,-4.7981858253479,-4.7413482666015625,-5.0619771561622615,-4.67306512928009,0.2637913308143611,-0.06828313732147251,No,False,Yes,True
Arithmetic,2_digit_multiplication,'',Is 62 times 81 equal to 5273?,No,-5.096796035766602,-4.929298400878906,-5.0619771561622615,-4.67306512928009,-0.03481887960434005,-0.25623327159881626,No,True,Yes,False
Arithmetic,1_digit_multiplication,'',Is 0 times 4 equal to 7?,No,-5.367719650268555,-5.133977890014648,-5.0619771561622615,-4.67306512928009,-0.3057424941062932,-0.46091276073455845,No,True,Yes,False
Arithmetic,2_digit_subtraction,'',Is 35 minus 43 equal to 47?,No,-4.85543155670166,-4.360472202301025,-5.0619771561622615,-4.67306512928009,0.20654559946060136,0.3125929269790646,No,True,No,True
Arithmetic,2_digit_addition,'',Is 38 plus 37 equal to 75?,Yes,-4.779709339141846,-4.347405433654785,-5.0619771561622615,-4.67306512928009,0.2822678170204158,0.32565969562530483,No,False,No,False
Arithmetic,1_digit_subtraction,'',Is 0 minus 9 equal to 71?,No,-5.107662677764893,-4.44077730178833,-5.0619771561622615,-4.67306512928009,-0.04568552160263106,0.2322878274917599,No,True,No,True
Arithmetic,1_digit_addition,'',Is 9 plus 1 equal to 26?,No,-4.868649005889893,-4.374197959899902,-5.0619771561622615,-4.67306512928009,0.19332815027236894,0.29886716938018765,No,True,No,True
Arithmetic,1_digit_multiplication,'',Is 1 times 6 equal to 4?,No,-4.913578510284424,-5.107082843780518,-5.0619771561622615,-4.67306512928009,0.1483986458778377,-0.4340177145004276,Yes,False,Yes,False
Arithmetic,1_digit_subtraction,'',Is 7 minus 6 equal to 7?,No,-5.3869404792785645,-4.833993911743164,-5.0619771561622615,-4.67306512928009,-0.32496332311630294,-0.16092878246307407,No,True,No,True
Arithmetic,2_digit_subtraction,'',Is 33 minus 71 equal to -38?,Yes,-5.399937152862549,-4.789617538452148,-5.0619771561622615,-4.67306512928009,-0.3379599967002873,-0.11655240917205845,No,False,No,False
Arithmetic,1_digit_subtraction,'',Is 6 minus 2 equal to 4?,Yes,-5.2697529792785645,-4.77730655670166,-5.0619771561622615,-4.67306512928009,-0.20777582311630294,-0.10424142742157017,No,False,No,False
Arithmetic,2_digit_subtraction,'',Is 21 minus 35 equal to 797?,No,-5.222758293151856,-4.545230865478516,-5.0619771561622615,-4.67306512928009,-0.16078113698959484,0.12783426380157437,No,True,No,True
Arithmetic,1_digit_subtraction,'',Is 6 minus 4 equal to 2?,Yes,-5.350825309753418,-4.7981858253479,-5.0619771561622615,-4.67306512928009,-0.28884815359115645,-0.1251206960678104,No,False,No,False
Arithmetic,2_digit_addition,'',Is 23 plus 32 equal to 55?,Yes,-4.65856409072876,-4.350207328796387,-5.0619771561622615,-4.67306512928009,0.40341306543350175,0.32285780048370327,No,False,Yes,True
Arithmetic,1_digit_addition,'',Is 3 plus 0 equal to 3?,Yes,-5.057225227355957,-4.8750081062316895,-5.0619771561622615,-4.67306512928009,0.004751928806304484,-0.20194297695159946,No,False,Yes,True
Arithmetic,2_digit_subtraction,'',Is 10 minus 81 equal to 998?,No,-5.087399005889893,-4.468467712402344,-5.0619771561622615,-4.67306512928009,-0.025421849727631063,0.20459741687774624,No,True,No,True
Arithmetic,2_digit_multiplication,'',Is 71 times 43 equal to 3053?,Yes,-5.091010570526123,-4.795943737030029,-5.0619771561622615,-4.67306512928009,-0.02903341436386153,-0.1228786077499393,No,False,Yes,True
Arithmetic,1_digit_addition,'',Is 9 plus 2 equal to 50?,No,-4.661493301391602,-4.227228164672852,-5.0619771561622615,-4.67306512928009,0.40048385477065995,0.44583696460723843,No,True,No,True
Arithmetic,1_digit_subtraction,'',Is 3 minus 5 equal to -2?,Yes,-5.666775226593018,-5.113894462585449,-5.0619771561622615,-4.67306512928009,-0.6047980704307561,-0.44082933330535923,No,False,No,False
Arithmetic,1_digit_multiplication,'',Is 2 times 0 equal to 2?,No,-4.938999652862549,-5.133004665374756,-5.0619771561622615,-4.67306512928009,0.12297750329971269,-0.45993953609466587,Yes,False,Yes,False
Arithmetic,1_digit_addition,'',Is 1 plus 4 equal to 5?,Yes,-5.009397506713867,-4.889190196990967,-5.0619771561622615,-4.67306512928009,0.05257964944839433,-0.2161250677108768,No,False,Yes,True
Arithmetic,2_digit_multiplication,'',Is 94 times 26 equal to 5872?,No,-5.048374652862549,-4.7463154792785645,-5.0619771561622615,-4.67306512928009,0.013602503299712687,-0.07325034999847446,No,True,Yes,False
Arithmetic,2_digit_multiplication,'',Is 10 times 66 equal to 491?,No,-4.944903373718262,-4.451181411743164,-5.0619771561622615,-4.67306512928009,0.1170737824439998,0.22188371753692593,No,True,No,True
Arithmetic,2_digit_multiplication,'',Is 88 times 70 equal to 6160?,Yes,-5.146725177764893,-4.851173400878906,-5.0619771561622615,-4.67306512928009,-0.08474802160263106,-0.17810827159881626,No,False,Yes,True
Arithmetic,2_digit_subtraction,'',Is 24 minus 46 equal to 850?,No,-5.0900654792785645,-4.53356409072876,-5.0619771561622615,-4.67306512928009,-0.028088323116302938,0.13950103855133023,No,True,No,True
Arithmetic,2_digit_multiplication,'',Is 84 times 43 equal to 3612?,Yes,-5.010180473327637,-4.714945793151856,-5.0619771561622615,-4.67306512928009,0.051796682834624796,-0.041880663871766366,No,False,Yes,True
