Type,Digits,Context,Question,Correct Answer,raw_yes_logprob,raw_no_logprob,batch_yes_mean,batch_no_mean,calibrated_yes_logprob,calibrated_no_logprob,raw_predicted_answer,raw_is_correct,batchcalib_predicted_answer,batchcalib_is_correct
Arithmetic,2_digit_multiplication,'',Is 15 times 20 equal to 300?,Yes,-5.029815196990967,-4.660827159881592,-5.066058899402618,-4.678052591323852,0.03624370241165131,0.017225431442260408,No,False,Yes,True
Arithmetic,2_digit_subtraction,'',Is 20 minus 51 equal to 906?,No,-5.396200656890869,-4.654709339141846,-5.066058899402618,-4.678052591323852,-0.33014175748825103,0.023343252182006502,No,True,No,True
Arithmetic,1_digit_addition,'',Is 2 plus 4 equal to 6?,Yes,-4.994709491729736,-4.8138108253479,-5.066058899402618,-4.678052591323852,0.07134940767288178,-0.13575823402404819,No,False,Yes,True
Arithmetic,1_digit_multiplication,'',Is 4 times 2 equal to 2?,No,-4.999478340148926,-4.945609092712402,-5.066058899402618,-4.678052591323852,0.06658055925369233,-0.26755650138855014,No,True,Yes,False
Arithmetic,1_digit_addition,'',Is 7 plus 7 equal to 72?,No,-4.866778373718262,-4.498056411743164,-5.066058899402618,-4.678052591323852,0.1992805256843564,0.17999617958068814,No,True,Yes,False
Arithmetic,2_digit_multiplication,'',Is 54 times 51 equal to 2754?,Yes,-5.001380920410156,-4.703272342681885,-5.066058899402618,-4.678052591323852,0.06467797899246186,-0.02521975135803256,No,False,Yes,True
Arithmetic,1_digit_subtraction,'',Is 1 minus 7 equal to -6?,Yes,-5.670491695404053,-5.064085006713867,-5.066058899402618,-4.678052591323852,-0.6044327960014346,-0.386032415390015,No,False,No,False
Arithmetic,2_digit_subtraction,'',Is 47 minus 38 equal to 9?,Yes,-5.09702730178833,-4.54918909072876,-5.066058899402618,-4.678052591323852,-0.03096840238571197,0.12886350059509244,No,False,No,False
Arithmetic,1_digit_multiplication,'',Is 7 times 8 equal to 77?,No,-5.08921480178833,-4.726153373718262,-5.066058899402618,-4.678052591323852,-0.02315590238571197,-0.048100782394409514,No,True,Yes,False
Arithmetic,2_digit_subtraction,'',Is 27 minus 13 equal to 93?,No,-5.000555038452148,-4.382010459899902,-5.066058899402618,-4.678052591323852,0.06550386095046967,0.29604213142394986,No,True,No,True
Arithmetic,2_digit_subtraction,'',Is 64 minus 25 equal to 67?,No,-5.130575656890869,-4.576584339141846,-5.066058899402618,-4.678052591323852,-0.06451675748825103,0.1014682521820065,No,True,No,True
Arithmetic,1_digit_addition,'',Is 7 plus 5 equal to 16?,No,-4.952715873718262,-4.583368301391602,-5.066058899402618,-4.678052591323852,0.11334302568435639,0.09468428993225064,No,True,Yes,False
Arithmetic,1_digit_addition,'',Is 2 plus 6 equal to 6?,No,-5.002712726593018,-4.82176399230957,-5.066058899402618,-4.678052591323852,0.06334617280960053,-0.1437114009857181,No,True,Yes,False
Arithmetic,2_digit_subtraction,'',Is 51 minus 29 equal to 91?,No,-4.721155643463135,-4.290359020233154,-5.066058899402618,-4.678052591323852,0.34490325593948334,0.3876935710906979,No,True,No,True
Arithmetic,1_digit_subtraction,'',Is 5 minus 2 equal to 5?,No,-5.167178153991699,-4.734092712402344,-5.066058899402618,-4.678052591323852,-0.10111925458908111,-0.056040121078491545,No,True,No,True
Arithmetic,1_digit_addition,'',Is 7 plus 3 equal to 10?,Yes,-5.043581962585449,-4.611961841583252,-5.066058899402618,-4.678052591323852,0.02247693681716889,0.06609074974060025,No,False,No,False
Arithmetic,1_digit_multiplication,'',Is 4 times 6 equal to 24?,Yes,-4.789254665374756,-4.610836505889893,-5.066058899402618,-4.678052591323852,0.27680423402786225,0.06721608543395963,No,False,Yes,True
Arithmetic,2_digit_addition,'',Is 48 plus 96 equal to 144?,Yes,-4.9416279792785645,-4.44762659072876,-5.066058899402618,-4.678052591323852,0.12443092012405366,0.23042600059509244,No,False,No,False
Arithmetic,2_digit_subtraction,'',Is 41 minus 45 equal to 94?,No,-4.8724751472473145,-4.317743301391602,-5.066058899402618,-4.678052591323852,0.19358375215530366,0.36030928993225064,No,True,No,True
Arithmetic,1_digit_multiplication,'',Is 6 times 3 equal to 56?,No,-4.775022506713867,-4.656805038452148,-5.066058899402618,-4.678052591323852,0.2910363926887509,0.021247552871703768,No,True,Yes,False
Arithmetic,1_digit_subtraction,'',Is 7 minus 3 equal to 4?,Yes,-5.226859092712402,-4.735752105712891,-5.066058899402618,-4.678052591323852,-0.16080019330978423,-0.05769951438903842,No,False,No,False
Arithmetic,2_digit_addition,'',Is 26 plus 85 equal to 331?,No,-4.9075608253479,-4.4771904945373535,-5.066058899402618,-4.678052591323852,0.15849807405471772,0.2008620967864987,No,True,No,True
Arithmetic,2_digit_addition,'',Is 71 plus 34 equal to 352?,No,-4.735960006713867,-4.432803153991699,-5.066058899402618,-4.678052591323852,0.3300988926887509,0.245249437332153,No,True,Yes,False
Arithmetic,1_digit_subtraction,'',Is 8 minus 8 equal to 0?,Yes,-5.239665985107422,-4.5638108253479,-5.066058899402618,-4.678052591323852,-0.17360708570480377,0.11424176597595181,No,False,No,False
Arithmetic,1_digit_addition,'',Is 3 plus 1 equal to 4?,Yes,-4.888125419616699,-4.766921520233154,-5.066058899402618,-4.678052591323852,0.1779334797859189,-0.08886892890930209,No,False,Yes,True
Arithmetic,1_digit_subtraction,'',Is 3 minus 7 equal to 88?,No,-5.039617538452148,-4.483019828796387,-5.066058899402618,-4.678052591323852,0.026441360950469672,0.1950327625274655,No,True,No,True
Arithmetic,2_digit_addition,'',Is 13 plus 36 equal to 31?,No,-4.866778373718262,-4.498056411743164,-5.066058899402618,-4.678052591323852,0.1992805256843564,0.17999617958068814,No,True,Yes,False
Arithmetic,1_digit_multiplication,'',Is 3 times 0 equal to 0?,Yes,-4.905860900878906,-4.790647506713867,-5.066058899402618,-4.678052591323852,0.16019799852371186,-0.11259491539001498,No,False,Yes,True
Arithmetic,1_digit_subtraction,'',Is 0 minus 0 equal to 0?,Yes,-5.430219650268555,-4.889241695404053,-5.066058899402618,-4.678052591323852,-0.3641607508659366,-0.21118910408020053,No,False,No,False
Arithmetic,1_digit_multiplication,'',Is 6 times 3 equal to 18?,Yes,-4.902445793151856,-4.846155643463135,-5.066058899402618,-4.678052591323852,0.16361310625076175,-0.16810305213928256,No,False,Yes,True
Arithmetic,1_digit_subtraction,'',Is 0 minus 1 equal to -1?,Yes,-5.695844650268555,-5.09703540802002,-5.066058899402618,-4.678052591323852,-0.6297857508659366,-0.4189828166961682,No,False,No,False
Arithmetic,2_digit_subtraction,'',Is 11 minus 72 equal to 552?,No,-5.2775654792785645,-4.660827159881592,-5.066058899402618,-4.678052591323852,-0.21150657987594634,0.017225431442260408,No,True,No,True
Arithmetic,2_digit_addition,'',Is 78 plus 53 equal to 659?,No,-5.110874652862549,-4.6849751472473145,-5.066058899402618,-4.678052591323852,-0.04481575345993072,-0.006922555923462248,No,True,No,True
Arithmetic,2_digit_addition,'',Is 66 plus 58 equal to 124?,Yes,-4.914254665374756,-4.424990653991699,-5.066058899402618,-4.678052591323852,0.15180423402786225,0.253061937332153,No,False,No,False
Arithmetic,1_digit_subtraction,'',Is 9 minus 2 equal to 7?,Yes,-5.254519462585449,-4.698450088500977,-5.066058899402618,-4.678052591323852,-0.1884605631828311,-0.020397497177124357,No,False,No,False
Arithmetic,1_digit_multiplication,'',Is 0 times 4 equal to 0?,Yes,-5.316341876983643,-5.078657150268555,-5.066058899402618,-4.678052591323852,-0.25028297758102447,-0.4006045589447025,No,False,Yes,True
Arithmetic,1_digit_multiplication,'',Is 0 times 2 equal to 4?,No,-5.065546035766602,-5.196477890014648,-5.066058899402618,-4.678052591323852,0.0005128636360165473,-0.5184252986907962,Yes,False,Yes,False
Arithmetic,1_digit_addition,'',Is 5 plus 8 equal to 38?,No,-4.931149005889893,-4.373056411743164,-5.066058899402618,-4.678052591323852,0.13490989351272553,0.30499617958068814,No,True,No,True
Arithmetic,1_digit_subtraction,'',Is 4 minus 8 equal to -4?,Yes,-5.477504253387451,-4.803043365478516,-5.066058899402618,-4.678052591323852,-0.41144535398483306,-0.12499077415466342,No,False,No,False
Arithmetic,2_digit_addition,'',Is 29 plus 68 equal to 87?,No,-4.509274005889893,-4.264269828796387,-5.066058899402618,-4.678052591323852,0.5567848935127255,0.4137827625274655,No,True,Yes,False
Arithmetic,2_digit_multiplication,'',Is 84 times 36 equal to 7062?,No,-5.366523742675781,-5.138332843780518,-5.066058899402618,-4.678052591323852,-0.30046484327316314,-0.4602802524566654,No,True,Yes,False
Arithmetic,1_digit_addition,'',Is 3 plus 4 equal to 7?,Yes,-5.080530643463135,-4.773354530334473,-5.066058899402618,-4.678052591323852,-0.014471744060516656,-0.09530193901062045,No,False,Yes,True
Arithmetic,2_digit_multiplication,'',Is 37 times 48 equal to 1776?,Yes,-5.122604370117188,-4.701690196990967,-5.066058899402618,-4.678052591323852,-0.05654547071457028,-0.023637605667114592,No,False,No,False
Arithmetic,1_digit_subtraction,'',Is 4 minus 6 equal to -2?,Yes,-5.73765230178833,-4.938055038452148,-5.066058899402618,-4.678052591323852,-0.671593402385712,-0.26000244712829623,No,False,No,False
Arithmetic,2_digit_subtraction,'',Is 97 minus 66 equal to 31?,Yes,-4.901333332061768,-4.410827159881592,-5.066058899402618,-4.678052591323852,0.16472556734085053,0.2672254314422604,No,False,No,False
Arithmetic,1_digit_subtraction,'',Is 1 minus 0 equal to 1?,Yes,-5.345130920410156,-4.981969356536865,-5.066058899402618,-4.678052591323852,-0.27907202100753814,-0.30391676521301303,No,False,Yes,True
Arithmetic,1_digit_subtraction,'',Is 8 minus 3 equal to 5?,Yes,-5.204710006713867,-4.714053153991699,-5.066058899402618,-4.678052591323852,-0.13865110731124908,-0.036000562667847014,No,False,No,False
Arithmetic,1_digit_addition,'',Is 5 plus 5 equal to 98?,No,-4.918639659881592,-4.297081470489502,-5.066058899402618,-4.678052591323852,0.1474192395210263,0.38097112083435025,No,True,No,True
Arithmetic,1_digit_addition,'',Is 0 plus 5 equal to 1?,No,-5.173883438110352,-4.871968746185303,-5.066058899402618,-4.678052591323852,-0.10782453870773345,-0.19391615486145053,No,True,Yes,False
Arithmetic,1_digit_subtraction,'',Is 6 minus 4 equal to 8?,No,-5.252405643463135,-4.759737491607666,-5.066058899402618,-4.678052591323852,-0.18634674406051666,-0.08168490028381381,No,True,No,True
Arithmetic,2_digit_addition,'',Is 86 plus 78 equal to 164?,Yes,-4.804879665374756,-4.43981409072876,-5.066058899402618,-4.678052591323852,0.26117923402786225,0.23823850059509244,No,False,Yes,True
Arithmetic,2_digit_multiplication,'',Is 95 times 18 equal to 1710?,Yes,-5.309637069702148,-4.759274005889893,-5.066058899402618,-4.678052591323852,-0.24357817029953033,-0.08122141456604037,No,False,No,False
Arithmetic,1_digit_subtraction,'',Is 5 minus 9 equal to -4?,Yes,-5.496195793151856,-4.818668365478516,-5.066058899402618,-4.678052591323852,-0.43013689374923825,-0.14061577415466342,No,False,No,False
Arithmetic,1_digit_addition,'',Is 1 plus 0 equal to 1?,Yes,-5.118129253387451,-4.997594356536865,-5.066058899402618,-4.678052591323852,-0.05207035398483306,-0.31954176521301303,No,False,Yes,True
Arithmetic,2_digit_multiplication,'',Is 88 times 44 equal to 3872?,Yes,-5.158927440643311,-4.738563060760498,-5.066058899402618,-4.678052591323852,-0.09286854124069333,-0.06051046943664584,No,False,No,False
Arithmetic,1_digit_subtraction,'',Is 7 minus 4 equal to 3?,Yes,-5.338459491729736,-4.786562919616699,-5.066058899402618,-4.678052591323852,-0.2724005923271182,-0.10851032829284701,No,False,No,False
Arithmetic,2_digit_subtraction,'',Is 45 minus 45 equal to 0?,Yes,-4.974040985107422,-4.420784950256348,-5.066058899402618,-4.678052591323852,0.09201791429519623,0.25726764106750455,No,False,No,False
Arithmetic,2_digit_multiplication,'',Is 61 times 49 equal to 2989?,Yes,-4.861014366149902,-4.500296592712402,-5.066058899402618,-4.678052591323852,0.20504453325271577,0.17775599861144986,No,False,Yes,True
Arithmetic,2_digit_multiplication,'',Is 87 times 84 equal to 5834?,No,-5.041070938110352,-4.813441753387451,-5.066058899402618,-4.678052591323852,0.024987961292266547,-0.13538916206359897,No,True,Yes,False
Arithmetic,1_digit_subtraction,'',Is 1 minus 6 equal to -5?,Yes,-5.700093746185303,-5.091344356536865,-5.066058899402618,-4.678052591323852,-0.6340348467826846,-0.41329176521301303,No,False,No,False
Arithmetic,1_digit_subtraction,'',Is 2 minus 4 equal to -2?,Yes,-5.819828510284424,-5.210006237030029,-5.066058899402618,-4.678052591323852,-0.7537696108818057,-0.5319536457061771,No,False,No,False
Arithmetic,1_digit_addition,'',Is 1 plus 8 equal to 9?,Yes,-4.922067165374756,-4.678252696990967,-5.066058899402618,-4.678052591323852,0.14399173402786225,-0.00020010566711459177,No,False,Yes,True
Arithmetic,1_digit_subtraction,'',Is 3 minus 9 equal to 90?,No,-4.78977632522583,-4.293662071228027,-5.066058899402618,-4.678052591323852,0.27628257417678803,0.38439052009582486,No,True,No,True
Arithmetic,1_digit_addition,'',Is 6 plus 1 equal to 1?,No,-5.126585006713867,-4.757403373718262,-5.066058899402618,-4.678052591323852,-0.06052610731124908,-0.07935078239440951,No,True,Yes,False
Arithmetic,1_digit_addition,'',Is 4 plus 5 equal to 9?,Yes,-4.932093143463135,-4.438796520233154,-5.066058899402618,-4.678052591323852,0.13396575593948334,0.2392560710906979,No,False,No,False
Arithmetic,2_digit_subtraction,'',Is 75 minus 70 equal to 5?,Yes,-5.321812152862549,-4.8322529792785645,-5.066058899402618,-4.678052591323852,-0.2557532534599307,-0.15420038795471225,No,False,No,False
Arithmetic,1_digit_addition,'',Is 2 plus 8 equal to 44?,No,-4.893146991729736,-4.586084842681885,-5.066058899402618,-4.678052591323852,0.17291190767288178,0.09196774864196744,No,True,Yes,False
Arithmetic,1_digit_multiplication,'',Is 3 times 0 equal to 2?,No,-4.90171480178833,-5.032835006713867,-5.066058899402618,-4.678052591323852,0.16434409761428803,-0.354782415390015,Yes,False,Yes,False
Arithmetic,1_digit_multiplication,'',Is 1 times 0 equal to 0?,Yes,-4.950729370117188,-4.954624652862549,-5.066058899402618,-4.678052591323852,0.11532952928542972,-0.2765720615386966,Yes,True,Yes,True
Arithmetic,1_digit_multiplication,'',Is 5 times 9 equal to 92?,No,-4.8334126472473145,-4.52575159072876,-5.066058899402618,-4.678052591323852,0.23264625215530366,0.15230100059509244,No,True,Yes,False
Arithmetic,1_digit_multiplication,'',Is 0 times 6 equal to 6?,No,-5.12917947769165,-5.138912677764893,-5.066058899402618,-4.678052591323852,-0.06312057828903228,-0.4608600864410404,Yes,False,Yes,False
Arithmetic,1_digit_addition,'',Is 2 plus 0 equal to 2?,Yes,-5.192449569702148,-5.0744404792785645,-5.066058899402618,-4.678052591323852,-0.12639067029953033,-0.39638788795471225,No,False,Yes,True
Arithmetic,2_digit_multiplication,'',Is 10 times 37 equal to 370?,Yes,-5.100472450256348,-4.6085357666015625,-5.066058899402618,-4.678052591323852,-0.034413550853729546,0.0695168247222897,No,False,No,False
Arithmetic,1_digit_addition,'',Is 7 plus 4 equal to 19?,No,-5.22202730178833,-4.6693501472473145,-5.066058899402618,-4.678052591323852,-0.15596840238571197,0.008702444076537752,No,True,No,True
Arithmetic,1_digit_addition,'',Is 2 plus 2 equal to 5?,No,-4.943877696990967,-4.823428153991699,-5.066058899402618,-4.678052591323852,0.12218120241165131,-0.145375562667847,No,True,Yes,False
Arithmetic,1_digit_multiplication,'',Is 4 times 7 equal to 92?,No,-4.828317165374756,-4.523992538452148,-5.066058899402618,-4.678052591323852,0.23774173402786225,0.15406005287170377,No,True,Yes,False
Arithmetic,1_digit_addition,'',Is 9 plus 6 equal to 15?,Yes,-4.852939605712891,-4.481996059417725,-5.066058899402618,-4.678052591323852,0.21311929368972748,0.1960565319061276,No,False,Yes,True
Arithmetic,1_digit_addition,'',Is 1 plus 7 equal to 4?,No,-5.053950309753418,-4.872594356536865,-5.066058899402618,-4.678052591323852,0.012108589649200141,-0.19454176521301303,No,True,Yes,False
Arithmetic,2_digit_subtraction,'',Is 59 minus 61 equal to -2?,Yes,-5.400076866149902,-4.855121612548828,-5.066058899402618,-4.678052591323852,-0.33401796674728423,-0.17706902122497592,No,False,No,False
Arithmetic,2_digit_subtraction,'',Is 84 minus 14 equal to 59?,No,-4.845335006713867,-4.417178153991699,-5.066058899402618,-4.678052591323852,0.22072389268875092,0.260874437332153,No,True,No,True
Arithmetic,2_digit_multiplication,'',Is 23 times 62 equal to 1426?,Yes,-5.038673400878906,-4.8021626472473145,-5.066058899402618,-4.678052591323852,0.02738549852371186,-0.12411005592346225,No,False,Yes,True
Arithmetic,1_digit_subtraction,'',Is 8 minus 5 equal to 2?,No,-5.329145908355713,-4.781442165374756,-5.066058899402618,-4.678052591323852,-0.2630870089530948,-0.10338957405090365,No,True,No,True
Arithmetic,2_digit_subtraction,'',Is 53 minus 54 equal to 42?,No,-4.8322529792785645,-4.403680801391602,-5.066058899402618,-4.678052591323852,0.23380592012405366,0.27437178993225064,No,True,No,True
Arithmetic,1_digit_addition,'',Is 8 plus 7 equal to 15?,Yes,-4.971155643463135,-4.6021904945373535,-5.066058899402618,-4.678052591323852,0.09490325593948334,0.07586209678649869,No,False,Yes,True
Arithmetic,1_digit_multiplication,'',Is 3 times 4 equal to 12?,Yes,-4.923460006713867,-4.868649005889893,-5.066058899402618,-4.678052591323852,0.14259889268875092,-0.19059641456604037,No,False,Yes,True
Arithmetic,2_digit_multiplication,'',Is 57 times 13 equal to 554?,No,-5.211958408355713,-4.915647506713867,-5.066058899402618,-4.678052591323852,-0.14589950895309478,-0.23759491539001498,No,True,Yes,False
Arithmetic,2_digit_multiplication,'',Is 46 times 57 equal to 9476?,No,-5.004896640777588,-4.710200309753418,-5.066058899402618,-4.678052591323852,0.06116225862503022,-0.032147718429565764,No,True,Yes,False
Arithmetic,1_digit_addition,'',Is 2 plus 9 equal to 11?,Yes,-4.944222450256348,-4.638980865478516,-5.066058899402618,-4.678052591323852,0.12183644914627045,0.03907172584533658,No,False,Yes,True
Arithmetic,2_digit_multiplication,'',Is 54 times 99 equal to 9293?,No,-4.931326866149902,-4.631881237030029,-5.066058899402618,-4.678052591323852,0.13473203325271577,0.04617135429382291,No,True,Yes,False
Arithmetic,2_digit_addition,'',Is 68 plus 82 equal to 349?,No,-4.838459491729736,-4.534684658050537,-5.066058899402618,-4.678052591323852,0.22759940767288178,0.1433679332733151,No,True,Yes,False
Arithmetic,1_digit_multiplication,'',Is 1 times 2 equal to 2?,Yes,-5.056187152862549,-5.37046480178833,-5.066058899402618,-4.678052591323852,0.009871746540069282,-0.6924122104644779,Yes,True,Yes,True
Arithmetic,1_digit_multiplication,'',Is 7 times 4 equal to 98?,No,-5.024379253387451,-4.5981526374816895,-5.066058899402618,-4.678052591323852,0.04167964601516694,0.07989995384216275,No,True,No,True
Arithmetic,1_digit_subtraction,'',Is 0 minus 1 equal to 29?,No,-5.201741695404053,-4.657835006713867,-5.066058899402618,-4.678052591323852,-0.13568279600143462,0.020217584609985018,No,True,No,True
Arithmetic,1_digit_subtraction,'',Is 4 minus 9 equal to -5?,Yes,-5.464945793151856,-4.726479530334473,-5.066058899402618,-4.678052591323852,-0.39888689374923825,-0.04842693901062045,No,False,No,False
Arithmetic,2_digit_multiplication,'',Is 14 times 86 equal to 6736?,No,-5.075832843780518,-4.775975227355957,-5.066058899402618,-4.678052591323852,-0.009773944377899468,-0.09792263603210483,No,True,Yes,False
Arithmetic,2_digit_addition,'',Is 99 plus 48 equal to 970?,No,-4.67258882522583,-4.238030433654785,-5.066058899402618,-4.678052591323852,0.39347007417678803,0.44002215766906705,No,True,No,True
Arithmetic,1_digit_multiplication,'',Is 3 times 9 equal to 27?,Yes,-4.897148609161377,-4.780840873718262,-5.066058899402618,-4.678052591323852,0.16891029024124116,-0.10278828239440951,No,False,Yes,True
Arithmetic,2_digit_subtraction,'',Is 65 minus 49 equal to 16?,Yes,-5.0677876472473145,-4.513055801391602,-5.066058899402618,-4.678052591323852,-0.0017287478446963433,0.16499678993225064,No,False,No,False
Arithmetic,1_digit_subtraction,'',Is 1 minus 9 equal to 66?,No,-5.240898609161377,-4.626461505889893,-5.066058899402618,-4.678052591323852,-0.17483970975875884,0.05159108543395963,No,True,No,True
Arithmetic,1_digit_addition,'',Is 4 plus 9 equal to 13?,Yes,-5.209502696990967,-4.529306411743164,-5.066058899402618,-4.678052591323852,-0.1434437975883487,0.14874617958068814,No,False,No,False
Arithmetic,1_digit_multiplication,'',Is 7 times 6 equal to 42?,Yes,-4.95640230178833,-4.717315196990967,-5.066058899402618,-4.678052591323852,0.10965659761428803,-0.03926260566711459,No,False,Yes,True
Arithmetic,1_digit_addition,'',Is 8 plus 4 equal to 12?,Yes,-4.8646626472473145,-4.495303153991699,-5.066058899402618,-4.678052591323852,0.20139625215530366,0.182749437332153,No,False,Yes,True
Arithmetic,2_digit_addition,'',Is 69 plus 80 equal to 149?,Yes,-4.8869404792785645,-4.457702159881592,-5.066058899402618,-4.678052591323852,0.17911842012405366,0.2203504314422604,No,False,No,False
Arithmetic,1_digit_addition,'',Is 9 plus 4 equal to 78?,No,-4.81636905670166,-4.258478164672852,-5.066058899402618,-4.678052591323852,0.24968984270095795,0.41957442665100064,No,True,No,True
Arithmetic,2_digit_subtraction,'',Is 46 minus 30 equal to 88?,No,-5.053597450256348,-4.499917030334473,-5.066058899402618,-4.678052591323852,0.012461449146270454,0.17813556098937955,No,True,No,True
Arithmetic,2_digit_addition,'',Is 15 plus 55 equal to 70?,Yes,-4.760928153991699,-4.389269828796387,-5.066058899402618,-4.678052591323852,0.3051307454109189,0.2887827625274655,No,False,Yes,True
Arithmetic,2_digit_multiplication,'',Is 46 times 52 equal to 2392?,Yes,-5.085548400878906,-4.6615376472473145,-5.066058899402618,-4.678052591323852,-0.01948950147628814,0.016514944076537752,No,False,No,False
Arithmetic,2_digit_subtraction,'',Is 79 minus 11 equal to 68?,Yes,-5.071897506713867,-4.58199405670166,-5.066058899402618,-4.678052591323852,-0.005838607311249078,0.09605853462219205,No,False,No,False
Arithmetic,2_digit_multiplication,'',Is 63 times 37 equal to 2331?,Yes,-5.160125732421875,-4.742379665374756,-5.066058899402618,-4.678052591323852,-0.09406683301925689,-0.06432707405090365,No,False,No,False
Arithmetic,2_digit_subtraction,'',Is 86 minus 38 equal to 48?,Yes,-4.961084842681885,-4.4693779945373535,-5.066058899402618,-4.678052591323852,0.10497405672073334,0.2086745967864987,No,False,No,False
Arithmetic,1_digit_subtraction,'',Is 9 minus 7 equal to 2?,Yes,-5.240898609161377,-4.750555038452148,-5.066058899402618,-4.678052591323852,-0.17483970975875884,-0.07250244712829623,No,False,No,False
Arithmetic,2_digit_subtraction,'',Is 56 minus 99 equal to 866?,No,-5.205837726593018,-4.530507564544678,-5.066058899402618,-4.678052591323852,-0.13977882719039947,0.14754502677917447,No,True,No,True
Arithmetic,1_digit_addition,'',Is 7 plus 8 equal to 15?,Yes,-5.037521839141846,-4.667717933654785,-5.066058899402618,-4.678052591323852,0.028537060260772407,0.010334657669067049,No,False,Yes,True
Arithmetic,2_digit_subtraction,'',Is 29 minus 24 equal to 5?,Yes,-5.115898609161377,-4.749590873718262,-5.066058899402618,-4.678052591323852,-0.04983970975875884,-0.07153828239440951,No,False,Yes,True
Arithmetic,2_digit_addition,'',Is 93 plus 50 equal to 278?,No,-4.803756237030029,-4.3125081062316895,-5.066058899402618,-4.678052591323852,0.2623026623725888,0.36554448509216275,No,True,No,True
Arithmetic,2_digit_multiplication,'',Is 63 times 23 equal to 3084?,No,-5.074188232421875,-4.779961109161377,-5.066058899402618,-4.678052591323852,-0.00812933301925689,-0.10190851783752475,No,True,Yes,False
Arithmetic,1_digit_subtraction,'',Is 9 minus 7 equal to 9?,No,-4.97106409072876,-4.477659702301025,-5.066058899402618,-4.678052591323852,0.09499480867385834,0.20039288902282681,No,True,No,True
Arithmetic,1_digit_addition,'',Is 9 plus 2 equal to 11?,Yes,-4.893740653991699,-4.461143970489502,-5.066058899402618,-4.678052591323852,0.1723182454109189,0.21690862083435025,No,False,No,False
Arithmetic,2_digit_addition,'',Is 80 plus 11 equal to 91?,Yes,-4.601479530334473,-4.230645656585693,-5.066058899402618,-4.678052591323852,0.46457936906814545,0.44740693473815885,No,False,Yes,True
Arithmetic,1_digit_addition,'',Is 7 plus 4 equal to 11?,Yes,-5.0744404792785645,-4.58199405670166,-5.066058899402618,-4.678052591323852,-0.008381579875946343,0.09605853462219205,No,False,No,False
Arithmetic,1_digit_multiplication,'',Is 0 times 9 equal to 0?,Yes,-5.238657474517822,-5.003711700439453,-5.066058899402618,-4.678052591323852,-0.17259857511520416,-0.3256591091156009,No,False,Yes,True
Arithmetic,2_digit_subtraction,'',Is 29 minus 67 equal to -38?,Yes,-5.235519886016846,-4.747610092163086,-5.066058899402618,-4.678052591323852,-0.1694609866142276,-0.06955750083923373,No,False,No,False
Arithmetic,2_digit_multiplication,'',Is 20 times 56 equal to 7037?,No,-5.249478340148926,-4.75926399230957,-5.066058899402618,-4.678052591323852,-0.18341944074630767,-0.08121140098571811,No,True,No,True
Arithmetic,2_digit_multiplication,'',Is 97 times 29 equal to 9518?,No,-5.093228340148926,-4.791600227355957,-5.066058899402618,-4.678052591323852,-0.02716944074630767,-0.11354763603210483,No,True,Yes,False
Arithmetic,1_digit_multiplication,'',Is 3 times 3 equal to 6?,No,-4.870083332061768,-5.001461505889893,-5.066058899402618,-4.678052591323852,0.19597556734085053,-0.3234089145660404,Yes,False,Yes,False
Arithmetic,2_digit_multiplication,'',Is 45 times 39 equal to 1755?,Yes,-5.131523609161377,-4.70543909072876,-5.066058899402618,-4.678052591323852,-0.06546470975875884,-0.02738649940490756,No,False,No,False
Arithmetic,1_digit_subtraction,'',Is 6 minus 6 equal to 0?,Yes,-5.325262069702148,-4.647002696990967,-5.066058899402618,-4.678052591323852,-0.2592031702995303,0.031049894332885408,No,False,No,False
Arithmetic,1_digit_addition,'',Is 9 plus 3 equal to 12?,Yes,-4.8209404945373535,-4.511895656585693,-5.066058899402618,-4.678052591323852,0.2451184048652646,0.16615693473815885,No,False,Yes,True
Arithmetic,2_digit_addition,'',Is 55 plus 32 equal to 32?,No,-4.359581470489502,-4.174769878387451,-5.066058899402618,-4.678052591323852,0.7064774289131162,0.503282712936401,No,True,Yes,False
Arithmetic,2_digit_addition,'',Is 27 plus 58 equal to 27?,No,-4.737490653991699,-4.429893970489502,-5.066058899402618,-4.678052591323852,0.3285682454109189,0.24815862083435025,No,True,Yes,False
Arithmetic,1_digit_subtraction,'',Is 4 minus 4 equal to 5?,No,-5.17418909072876,-4.617393970489502,-5.066058899402618,-4.678052591323852,-0.10813019132614166,0.06065862083435025,No,True,No,True
Arithmetic,2_digit_multiplication,'',Is 40 times 12 equal to 480?,Yes,-4.893520832061768,-4.524899005889893,-5.066058899402618,-4.678052591323852,0.17253806734085053,0.15315358543395963,No,False,Yes,True
Arithmetic,1_digit_subtraction,'',Is 3 minus 9 equal to -6?,Yes,-5.475273609161377,-4.862490653991699,-5.066058899402618,-4.678052591323852,-0.40921470975875884,-0.184438062667847,No,False,No,False
Arithmetic,1_digit_subtraction,'',Is 2 minus 4 equal to 16?,No,-5.246195793151856,-4.8169026374816895,-5.066058899402618,-4.678052591323852,-0.18013689374923825,-0.13885004615783725,No,True,No,True
Arithmetic,2_digit_multiplication,'',Is 91 times 55 equal to 1342?,No,-5.092991352081299,-4.795784950256348,-5.066058899402618,-4.678052591323852,-0.02693245267868072,-0.11773235893249545,No,True,Yes,False
Arithmetic,2_digit_addition,'',Is 37 plus 33 equal to 45?,No,-4.6475982666015625,-4.340020656585693,-5.066058899402618,-4.678052591323852,0.4184606328010556,0.33803193473815885,No,True,Yes,False
Arithmetic,2_digit_addition,'',Is 21 plus 52 equal to 25?,No,-4.767086505889893,-4.397082328796387,-5.066058899402618,-4.678052591323852,0.29897239351272553,0.2809702625274655,No,True,Yes,False
Arithmetic,1_digit_multiplication,'',Is 6 times 6 equal to 31?,No,-4.8556904792785645,-4.73824405670166,-5.066058899402618,-4.678052591323852,0.21036842012405366,-0.06019146537780795,No,True,Yes,False
Arithmetic,1_digit_multiplication,'',Is 5 times 7 equal to 60?,No,-4.791958332061768,-4.673336505889893,-5.066058899402618,-4.678052591323852,0.27410056734085053,0.004716085433959627,No,True,Yes,False
Arithmetic,2_digit_subtraction,'',Is 64 minus 16 equal to 48?,Yes,-4.9260029792785645,-4.432803153991699,-5.066058899402618,-4.678052591323852,0.14005592012405366,0.245249437332153,No,False,No,False
Arithmetic,2_digit_multiplication,'',Is 25 times 49 equal to 8152?,No,-5.302165985107422,-4.872594356536865,-5.066058899402618,-4.678052591323852,-0.23610708570480377,-0.19454176521301303,No,True,No,True
Arithmetic,2_digit_addition,'',Is 50 plus 91 equal to 159?,No,-4.898992538452148,-4.403014659881592,-5.066058899402618,-4.678052591323852,0.16706636095046967,0.2750379314422604,No,True,No,True
Arithmetic,1_digit_subtraction,'',Is 5 minus 1 equal to 4?,Yes,-5.173336505889893,-4.740243911743164,-5.066058899402618,-4.678052591323852,-0.10727760648727447,-0.06219132041931186,No,False,No,False
Arithmetic,2_digit_addition,'',Is 76 plus 94 equal to 168?,No,-4.889534950256348,-4.521793365478516,-5.066058899402618,-4.678052591323852,0.17652394914627045,0.15625922584533658,No,True,Yes,False
Arithmetic,2_digit_addition,'',Is 78 plus 64 equal to 142?,Yes,-4.823208332061768,-4.395202159881592,-5.066058899402618,-4.678052591323852,0.24285056734085053,0.2828504314422604,No,False,No,False
Arithmetic,1_digit_multiplication,'',Is 0 times 7 equal to 0?,Yes,-5.246029376983643,-5.070844650268555,-5.066058899402618,-4.678052591323852,-0.17997047758102447,-0.3927920589447025,No,False,Yes,True
Arithmetic,2_digit_addition,'',Is 61 plus 58 equal to 119?,Yes,-4.718942165374756,-4.292178153991699,-5.066058899402618,-4.678052591323852,0.34711673402786225,0.385874437332153,No,False,No,False
Arithmetic,2_digit_addition,'',Is 62 plus 55 equal to 628?,No,-4.954269886016846,-4.589496612548828,-5.066058899402618,-4.678052591323852,0.1117890133857724,0.08855597877502408,No,True,Yes,False
Arithmetic,1_digit_multiplication,'',Is 0 times 0 equal to 0?,Yes,-5.320363998413086,-5.139567852020264,-5.066058899402618,-4.678052591323852,-0.2543050990104678,-0.46151526069641147,No,False,Yes,True
Arithmetic,1_digit_multiplication,'',Is 9 times 8 equal to 32?,No,-4.700625419616699,-4.581195831298828,-5.066058899402618,-4.678052591323852,0.3654334797859189,0.09685676002502408,No,True,Yes,False
Arithmetic,2_digit_multiplication,'',Is 69 times 45 equal to 3105?,Yes,-5.265758514404297,-4.969894886016846,-5.066058899402618,-4.678052591323852,-0.19969961500167877,-0.2918422946929935,No,False,Yes,True
Arithmetic,1_digit_subtraction,'',Is 0 minus 9 equal to -9?,Yes,-5.555219650268555,-4.958541870117188,-5.066058899402618,-4.678052591323852,-0.4891607508659366,-0.2804892787933362,No,False,No,False
Arithmetic,2_digit_addition,'',Is 45 plus 89 equal to 134?,Yes,-5.004949569702148,-4.515215873718262,-5.066058899402618,-4.678052591323852,0.06110932970046967,0.1628367176055905,No,False,No,False
Arithmetic,1_digit_subtraction,'',Is 9 minus 2 equal to 5?,No,-5.11168909072876,-4.678885459899902,-5.066058899402618,-4.678052591323852,-0.045630191326141656,-0.0008328685760501386,No,True,No,True
Arithmetic,2_digit_subtraction,'',Is 41 minus 29 equal to 12?,Yes,-5.058875560760498,-4.5078206062316895,-5.066058899402618,-4.678052591323852,0.007183338642120063,0.17023198509216275,No,False,No,False
Arithmetic,1_digit_multiplication,'',Is 6 times 1 equal to 4?,No,-4.91733980178833,-4.924770832061768,-5.066058899402618,-4.678052591323852,0.14871909761428803,-0.24671824073791537,Yes,False,Yes,False
Arithmetic,1_digit_subtraction,'',Is 3 minus 8 equal to -5?,Yes,-5.502712726593018,-4.889882564544678,-5.066058899402618,-4.678052591323852,-0.43665382719039947,-0.21182997322082553,No,False,No,False
Arithmetic,1_digit_subtraction,'',Is 8 minus 4 equal to 2?,No,-5.275076866149902,-4.724325656890869,-5.066058899402618,-4.678052591323852,-0.20901796674728423,-0.046273065567016936,No,True,No,True
Arithmetic,2_digit_multiplication,'',Is 16 times 22 equal to 352?,Yes,-5.159888744354248,-4.797171592712402,-5.066058899402618,-4.678052591323852,-0.09382984495162994,-0.11911900138855014,No,False,Yes,True
Arithmetic,1_digit_subtraction,'',Is 9 minus 6 equal to 3?,Yes,-5.345335006713867,-4.792178153991699,-5.066058899402618,-4.678052591323852,-0.2792761073112491,-0.11412556266784701,No,False,No,False
Arithmetic,2_digit_multiplication,'',Is 52 times 64 equal to 4487?,No,-5.114620685577393,-4.757290840148926,-5.066058899402618,-4.678052591323852,-0.04856178617477447,-0.07923824882507358,No,True,Yes,False
Arithmetic,2_digit_subtraction,'',Is 69 minus 74 equal to -5?,Yes,-5.37047290802002,-4.7631001472473145,-5.066058899402618,-4.678052591323852,-0.3044140086174023,-0.08504755592346225,No,False,No,False
Arithmetic,2_digit_multiplication,'',Is 52 times 16 equal to 833?,No,-5.124241352081299,-4.825719356536865,-5.066058899402618,-4.678052591323852,-0.05818245267868072,-0.14766676521301303,No,True,Yes,False
Arithmetic,1_digit_subtraction,'',Is 9 minus 1 equal to 2?,No,-5.242484092712402,-4.811757564544678,-5.066058899402618,-4.678052591323852,-0.17642519330978423,-0.13370497322082553,No,True,No,True
Arithmetic,1_digit_subtraction,'',Is 1 minus 7 equal to 68?,No,-5.36265230178833,-4.748565196990967,-5.066058899402618,-4.678052591323852,-0.29659340238571197,-0.07051260566711459,No,True,No,True
Arithmetic,2_digit_subtraction,'',Is 83 minus 10 equal to 48?,No,-4.916958332061768,-4.487490653991699,-5.066058899402618,-4.678052591323852,0.14910056734085053,0.190561937332153,No,True,No,True
Arithmetic,1_digit_addition,'',Is 0 plus 1 equal to 5?,No,-5.216010570526123,-4.915207386016846,-5.066058899402618,-4.678052591323852,-0.14995167112350494,-0.2371547946929935,No,True,Yes,False
Arithmetic,2_digit_subtraction,'',Is 25 minus 14 equal to 34?,No,-5.381377696990967,-4.824889659881592,-5.066058899402618,-4.678052591323852,-0.3153187975883487,-0.1468370685577396,No,True,No,True
Arithmetic,2_digit_subtraction,'',Is 96 minus 25 equal to 86?,No,-4.960528373718262,-4.466806411743164,-5.066058899402618,-4.678052591323852,0.10553052568435639,0.21124617958068814,No,True,No,True
Arithmetic,1_digit_addition,'',Is 8 plus 2 equal to 47?,No,-4.905159950256348,-4.349918365478516,-5.066058899402618,-4.678052591323852,0.16089894914627045,0.3281342258453366,No,True,No,True
Arithmetic,2_digit_addition,'',Is 27 plus 77 equal to 104?,Yes,-4.93981409072876,-4.570030212402344,-5.066058899402618,-4.678052591323852,0.12624480867385834,0.10802237892150846,No,False,Yes,True
Arithmetic,2_digit_subtraction,'',Is 59 minus 99 equal to -40?,Yes,-5.259312152862549,-4.709502696990967,-5.066058899402618,-4.678052591323852,-0.19325325345993072,-0.03145010566711459,No,False,No,False
Arithmetic,1_digit_subtraction,'',Is 2 minus 7 equal to -5?,Yes,-5.668843746185303,-5.122594356536865,-5.066058899402618,-4.678052591323852,-0.6027848467826846,-0.44454176521301303,No,False,No,False
Arithmetic,1_digit_subtraction,'',Is 8 minus 2 equal to 9?,No,-5.122763156890869,-4.6328206062316895,-5.066058899402618,-4.678052591323852,-0.05670425748825103,0.04523198509216275,No,True,No,True
Arithmetic,1_digit_addition,'',Is 7 plus 7 equal to 14?,Yes,-5.232940196990967,-4.864618301391602,-5.066058899402618,-4.678052591323852,-0.1668812975883487,-0.18656571006774936,No,False,Yes,True
Arithmetic,1_digit_multiplication,'',Is 6 times 4 equal to 24?,Yes,-4.786199569702148,-4.670440196990967,-5.066058899402618,-4.678052591323852,0.2798593297004697,0.007612394332885408,No,False,Yes,True
Arithmetic,1_digit_addition,'',Is 3 plus 3 equal to 6?,Yes,-4.903860092163086,-4.72075080871582,-5.066058899402618,-4.678052591323852,0.16219880723953217,-0.04269821739196811,No,False,Yes,True
Arithmetic,2_digit_multiplication,'',Is 93 times 65 equal to 6045?,Yes,-4.874610900878906,-4.6381001472473145,-5.066058899402618,-4.678052591323852,0.19144799852371186,0.03995244407653775,No,False,Yes,True
Arithmetic,1_digit_addition,'',Is 9 plus 8 equal to 95?,No,-4.615243911743164,-4.1190714836120605,-5.066058899402618,-4.678052591323852,0.45081498765945405,0.5589811077117917,No,True,No,True
Arithmetic,2_digit_addition,'',Is 47 plus 73 equal to 120?,Yes,-4.8556904792785645,-4.364618301391602,-5.066058899402618,-4.678052591323852,0.21036842012405366,0.31343428993225064,No,False,No,False
Arithmetic,2_digit_addition,'',Is 97 plus 27 equal to 124?,Yes,-4.9494404792785645,-4.395868301391602,-5.066058899402618,-4.678052591323852,0.11661842012405366,0.28218428993225064,No,False,No,False
Arithmetic,2_digit_subtraction,'',Is 29 minus 14 equal to 14?,No,-5.0599751472473145,-4.629577159881592,-5.066058899402618,-4.678052591323852,0.006083752155303657,0.04847543144226041,No,True,No,True
Arithmetic,1_digit_subtraction,'',Is 5 minus 8 equal to 97?,No,-5.134274005889893,-4.327322959899902,-5.066058899402618,-4.678052591323852,-0.06821510648727447,0.35072963142394986,No,True,No,True
Arithmetic,2_digit_multiplication,'',Is 71 times 90 equal to 3673?,No,-5.094915390014648,-4.865898609161377,-5.066058899402618,-4.678052591323852,-0.028856490612030328,-0.18784601783752475,No,True,Yes,False
Arithmetic,1_digit_subtraction,'',Is 1 minus 0 equal to 4?,No,-5.388229370117188,-5.025022506713867,-5.066058899402618,-4.678052591323852,-0.3221704707145703,-0.346969915390015,No,True,Yes,False
Arithmetic,2_digit_subtraction,'',Is 94 minus 89 equal to 5?,Yes,-5.228062152862549,-4.740752696990967,-5.066058899402618,-4.678052591323852,-0.16200325345993072,-0.06270010566711459,No,False,No,False
Arithmetic,1_digit_multiplication,'',Is 4 times 6 equal to 95?,No,-4.837522506713867,-4.47106409072876,-5.066058899402618,-4.678052591323852,0.22853639268875092,0.20698850059509244,No,True,Yes,False
Arithmetic,2_digit_subtraction,'',Is 43 minus 31 equal to 66?,No,-4.992334842681885,-4.501296520233154,-5.066058899402618,-4.678052591323852,0.07372405672073334,0.1767560710906979,No,True,No,True
Arithmetic,1_digit_multiplication,'',Is 2 times 2 equal to 5?,No,-4.914254665374756,-5.045440196990967,-5.066058899402618,-4.678052591323852,0.15180423402786225,-0.3673876056671146,Yes,False,Yes,False
Arithmetic,1_digit_multiplication,'',Is 4 times 8 equal to 32?,Yes,-4.896031856536865,-4.656167030334473,-5.066058899402618,-4.678052591323852,0.17002704286575288,0.02188556098937955,No,False,Yes,True
Arithmetic,2_digit_subtraction,'',Is 89 minus 60 equal to 95?,No,-4.845335006713867,-4.478024005889893,-5.066058899402618,-4.678052591323852,0.22072389268875092,0.20002858543395963,No,True,Yes,False
Arithmetic,2_digit_addition,'',Is 67 plus 70 equal to 123?,No,-4.880575656890869,-4.513235092163086,-5.066058899402618,-4.678052591323852,0.18548324251174897,0.16481749916076627,No,True,Yes,False
Arithmetic,1_digit_addition,'',Is 5 plus 7 equal to 76?,No,-4.875555038452148,-4.318368911743164,-5.066058899402618,-4.678052591323852,0.19050386095046967,0.35968367958068814,No,True,No,True
Arithmetic,2_digit_subtraction,'',Is 48 minus 30 equal to 94?,No,-5.053756237030029,-4.435959339141846,-5.066058899402618,-4.678052591323852,0.012302662372588813,0.2420932521820065,No,True,No,True
Arithmetic,1_digit_multiplication,'',Is 5 times 4 equal to 22?,No,-5.125192165374756,-4.819903373718262,-5.066058899402618,-4.678052591323852,-0.05913326597213775,-0.1418507823944095,No,True,Yes,False
Arithmetic,1_digit_addition,'',Is 2 plus 8 equal to 10?,Yes,-4.9271626472473145,-4.620303153991699,-5.066058899402618,-4.678052591323852,0.13889625215530366,0.057749437332152986,No,False,Yes,True
Arithmetic,1_digit_addition,'',Is 5 plus 2 equal to 8?,No,-4.942922592163086,-4.634189605712891,-5.066058899402618,-4.678052591323852,0.12313630723953217,0.04386298561096158,No,True,Yes,False
Arithmetic,2_digit_subtraction,'',Is 62 minus 99 equal to -37?,Yes,-5.654866695404053,-4.923460006713867,-5.066058899402618,-4.678052591323852,-0.5888077960014346,-0.24540741539001498,No,False,No,False
Arithmetic,2_digit_subtraction,'',Is 87 minus 73 equal to 14?,Yes,-5.39391040802002,-4.8490376472473145,-5.066058899402618,-4.678052591323852,-0.3278515086174023,-0.17098505592346225,No,False,No,False
Arithmetic,1_digit_subtraction,'',Is 2 minus 0 equal to 8?,No,-5.405860900878906,-4.9818501472473145,-5.066058899402618,-4.678052591323852,-0.33980200147628814,-0.30379755592346225,No,True,No,True
Arithmetic,2_digit_subtraction,'',Is 73 minus 48 equal to 88?,No,-4.870083332061768,-4.440615653991699,-5.066058899402618,-4.678052591323852,0.19597556734085053,0.237436937332153,No,True,No,True
Arithmetic,2_digit_subtraction,'',Is 47 minus 78 equal to -31?,Yes,-5.655491352081299,-4.8637776374816895,-5.066058899402618,-4.678052591323852,-0.5894324526786807,-0.18572504615783725,No,False,No,False
Arithmetic,2_digit_addition,'',Is 77 plus 97 equal to 609?,No,-5.218360900878906,-4.7306904792785645,-5.066058899402618,-4.678052591323852,-0.15230200147628814,-0.05263788795471225,No,True,No,True
Arithmetic,2_digit_subtraction,'',Is 41 minus 55 equal to -14?,Yes,-5.79234790802002,-4.936065196990967,-5.066058899402618,-4.678052591323852,-0.7262890086174023,-0.2580126056671146,No,False,No,False
Arithmetic,2_digit_subtraction,'',Is 67 minus 63 equal to 9?,No,-5.077366352081299,-4.6575608253479,-5.066058899402618,-4.678052591323852,-0.011307452678680718,0.020491765975951814,No,True,No,True
Arithmetic,1_digit_subtraction,'',Is 9 minus 4 equal to 3?,No,-5.2385029792785645,-4.684264659881592,-5.066058899402618,-4.678052591323852,-0.17244407987594634,-0.006212068557739592,No,True,No,True
Arithmetic,2_digit_addition,'',Is 82 plus 81 equal to 163?,Yes,-4.741097450256348,-4.499917030334473,-5.066058899402618,-4.678052591323852,0.32496144914627045,0.17813556098937955,No,False,Yes,True
Arithmetic,2_digit_addition,'',Is 62 plus 24 equal to 86?,Yes,-4.716513156890869,-4.411672592163086,-5.066058899402618,-4.678052591323852,0.34954574251174897,0.26637999916076627,No,False,Yes,True
Arithmetic,2_digit_addition,'',Is 63 plus 85 equal to 148?,Yes,-4.773629665374756,-4.407711505889893,-5.066058899402618,-4.678052591323852,0.29242923402786225,0.2703410854339596,No,False,Yes,True
Arithmetic,2_digit_multiplication,'',Is 93 times 60 equal to 5580?,Yes,-4.905728340148926,-4.667621612548828,-5.066058899402618,-4.678052591323852,0.16033055925369233,0.01043097877502408,No,False,Yes,True
Arithmetic,2_digit_multiplication,'',Is 91 times 47 equal to 4277?,Yes,-5.003046035766602,-4.71421480178833,-5.066058899402618,-4.678052591323852,0.06301286363601655,-0.03616221046447787,No,False,Yes,True
Arithmetic,2_digit_addition,'',Is 89 plus 25 equal to 114?,Yes,-4.754949569702148,-4.451690196990967,-5.066058899402618,-4.678052591323852,0.3111093297004697,0.2263623943328854,No,False,Yes,True
Arithmetic,1_digit_multiplication,'',Is 7 times 0 equal to 9?,No,-4.95641040802002,-4.782835006713867,-5.066058899402618,-4.678052591323852,0.10964849138259769,-0.10478241539001498,No,True,Yes,False
Arithmetic,2_digit_subtraction,'',Is 41 minus 10 equal to 95?,No,-4.9349751472473145,-4.255243301391602,-5.066058899402618,-4.678052591323852,0.13108375215530366,0.42280928993225064,No,True,No,True
Arithmetic,2_digit_subtraction,'',Is 48 minus 12 equal to 36?,Yes,-5.151150226593018,-4.597309112548828,-5.066058899402618,-4.678052591323852,-0.08509132719039947,0.08074347877502408,No,False,No,False
Arithmetic,1_digit_subtraction,'',Is 5 minus 3 equal to 1?,No,-5.239781856536865,-4.7465901374816895,-5.066058899402618,-4.678052591323852,-0.17372295713424712,-0.06853754615783725,No,True,No,True
Arithmetic,2_digit_addition,'',Is 29 plus 82 equal to 411?,No,-4.664617538452148,-4.357431411743164,-5.066058899402618,-4.678052591323852,0.4014413609504697,0.32062117958068814,No,True,Yes,False
Arithmetic,1_digit_subtraction,'',Is 5 minus 9 equal to 34?,No,-5.1294026374816895,-4.5728278160095215,-5.066058899402618,-4.678052591323852,-0.06334373807907134,0.10522477531433072,No,True,No,True
Arithmetic,2_digit_addition,'',Is 12 plus 16 equal to 98?,No,-5.009274005889893,-4.326769828796387,-5.066058899402618,-4.678052591323852,0.05678489351272553,0.3512827625274655,No,True,No,True
Arithmetic,1_digit_multiplication,'',Is 9 times 8 equal to 72?,Yes,-4.729100227355957,-4.54758882522583,-5.066058899402618,-4.678052591323852,0.3369586720466611,0.13046376609802213,No,False,Yes,True
Arithmetic,2_digit_multiplication,'',Is 55 times 15 equal to 825?,Yes,-4.980570793151856,-4.677187919616699,-5.066058899402618,-4.678052591323852,0.08548810625076175,0.0008646717071529864,No,False,Yes,True
Arithmetic,2_digit_subtraction,'',Is 10 minus 27 equal to -17?,Yes,-6.036770343780518,-5.23582649230957,-5.066058899402618,-4.678052591323852,-0.9707114443778995,-0.5577739009857181,No,False,No,False
Arithmetic,2_digit_multiplication,'',Is 16 times 16 equal to 248?,No,-5.223699569702148,-4.671465873718262,-5.066058899402618,-4.678052591323852,-0.15764067029953033,0.006586717605590486,No,True,No,True
Arithmetic,2_digit_subtraction,'',Is 62 minus 26 equal to 36?,Yes,-5.004949569702148,-4.517086505889893,-5.066058899402618,-4.678052591323852,0.06110932970046967,0.16096608543395963,No,False,No,False
Arithmetic,1_digit_subtraction,'',Is 0 minus 5 equal to 38?,No,-5.249804973602295,-4.639887809753418,-5.066058899402618,-4.678052591323852,-0.1837460741996768,0.038164781570434236,No,True,No,True
Arithmetic,1_digit_multiplication,'',Is 0 times 2 equal to 0?,Yes,-5.192173004150391,-5.07423210144043,-5.066058899402618,-4.678052591323852,-0.12611410474777252,-0.3961795101165775,No,False,Yes,True
Arithmetic,2_digit_addition,'',Is 37 plus 35 equal to 72?,Yes,-4.723269462585449,-4.41606330871582,-5.066058899402618,-4.678052591323852,0.3427894368171689,0.2619892826080319,No,False,Yes,True
Arithmetic,1_digit_addition,'',Is 9 plus 0 equal to 4?,No,-4.937090873718262,-4.630243301391602,-5.066058899402618,-4.678052591323852,0.1289680256843564,0.04780928993225064,No,True,Yes,False
Arithmetic,1_digit_subtraction,'',Is 3 minus 0 equal to 5?,No,-5.2709126472473145,-4.903014659881592,-5.066058899402618,-4.678052591323852,-0.20485374784469634,-0.2249620685577396,No,True,Yes,False
Arithmetic,2_digit_addition,'',Is 66 plus 66 equal to 341?,No,-4.90952730178833,-4.483965873718262,-5.066058899402618,-4.678052591323852,0.15653159761428803,0.1940867176055905,No,True,No,True
Arithmetic,1_digit_subtraction,'',Is 5 minus 8 equal to -3?,Yes,-5.718228340148926,-4.918581962585449,-5.066058899402618,-4.678052591323852,-0.6521694407463077,-0.240529371261597,No,False,No,False
Arithmetic,1_digit_addition,'',Is 7 plus 1 equal to 8?,Yes,-5.077715873718262,-4.771493911743164,-5.066058899402618,-4.678052591323852,-0.011656974315643609,-0.09344132041931186,No,False,Yes,True
Arithmetic,2_digit_multiplication,'',Is 64 times 37 equal to 7550?,No,-4.98765230178833,-4.6224751472473145,-5.066058899402618,-4.678052591323852,0.07840659761428803,0.05557744407653775,No,True,Yes,False
Arithmetic,2_digit_addition,'',Is 94 plus 25 equal to 865?,No,-5.01108980178833,-4.5834126472473145,-5.066058899402618,-4.678052591323852,0.05496909761428803,0.09463994407653775,No,True,No,True
Arithmetic,2_digit_subtraction,'',Is 71 minus 81 equal to -10?,Yes,-5.37828540802002,-4.834502696990967,-5.066058899402618,-4.678052591323852,-0.3122265086174023,-0.1564501056671146,No,False,No,False
Arithmetic,1_digit_subtraction,'',Is 9 minus 9 equal to 0?,Yes,-5.0599751472473145,-4.442743301391602,-5.066058899402618,-4.678052591323852,0.006083752155303657,0.23530928993225064,No,False,No,False
Arithmetic,2_digit_subtraction,'',Is 30 minus 63 equal to 999?,No,-5.006377696990967,-4.385928153991699,-5.066058899402618,-4.678052591323852,0.05968120241165131,0.292124437332153,No,True,No,True
Arithmetic,1_digit_multiplication,'',Is 5 times 3 equal to 15?,Yes,-5.00926399230957,-4.951584339141846,-5.066058899402618,-4.678052591323852,0.0567949070930478,-0.2735317478179935,No,False,Yes,True
Arithmetic,2_digit_multiplication,'',Is 27 times 17 equal to 459?,Yes,-5.181068420410156,-4.8216233253479,-5.066058899402618,-4.678052591323852,-0.11500952100753814,-0.14357073402404819,No,False,Yes,True
Arithmetic,2_digit_subtraction,'',Is 79 minus 74 equal to 3?,No,-5.391790390014648,-4.912773609161377,-5.066058899402618,-4.678052591323852,-0.3257314906120303,-0.23472101783752475,No,True,No,True
Arithmetic,1_digit_subtraction,'',Is 6 minus 8 equal to -2?,Yes,-5.69077730178833,-4.952715873718262,-5.066058899402618,-4.678052591323852,-0.624718402385712,-0.2746632823944095,No,False,No,False
Arithmetic,1_digit_multiplication,'',Is 3 times 7 equal to 53?,No,-4.950719356536865,-4.833437919616699,-5.066058899402618,-4.678052591323852,0.11533954286575288,-0.155385328292847,No,True,Yes,False
Arithmetic,1_digit_addition,'',Is 3 plus 1 equal to 9?,No,-4.8490376472473145,-4.60543155670166,-5.066058899402618,-4.678052591323852,0.21702125215530366,0.07262103462219205,No,True,Yes,False
Arithmetic,2_digit_subtraction,'',Is 63 minus 80 equal to 278?,No,-5.10483980178833,-4.492742538452148,-5.066058899402618,-4.678052591323852,-0.03878090238571197,0.18531005287170377,No,True,No,True
Arithmetic,1_digit_addition,'',Is 5 plus 4 equal to 9?,Yes,-4.905840873718262,-4.473327159881592,-5.066058899402618,-4.678052591323852,0.1602180256843564,0.2047254314422604,No,False,No,False
Arithmetic,1_digit_multiplication,'',Is 4 times 9 equal to 36?,Yes,-4.807400226593018,-4.629519462585449,-5.066058899402618,-4.678052591323852,0.25865867280960053,0.048533128738402986,No,False,Yes,True
Arithmetic,2_digit_addition,'',Is 34 plus 89 equal to 356?,No,-4.7853779792785645,-4.417178153991699,-5.066058899402618,-4.678052591323852,0.28068092012405366,0.260874437332153,No,True,Yes,False
Arithmetic,2_digit_subtraction,'',Is 42 minus 39 equal to 3?,Yes,-5.32359790802002,-4.838833332061768,-5.066058899402618,-4.678052591323852,-0.2575390086174023,-0.16078074073791537,No,False,No,False
Arithmetic,1_digit_addition,'',Is 3 plus 9 equal to 97?,No,-4.8637776374816895,-4.3072028160095215,-5.066058899402618,-4.678052591323852,0.20228126192092866,0.3708497753143307,No,True,No,True
Arithmetic,1_digit_addition,'',Is 6 plus 3 equal to 9?,Yes,-4.990752696990967,-4.559930801391602,-5.066058899402618,-4.678052591323852,0.07530620241165131,0.11812178993225064,No,False,No,False
Arithmetic,2_digit_addition,'',Is 91 plus 43 equal to 134?,Yes,-4.890103340148926,-4.52488899230957,-5.066058899402618,-4.678052591323852,0.17595555925369233,0.1531635990142819,No,False,Yes,True
Arithmetic,1_digit_subtraction,'',Is 0 minus 4 equal to -4?,Yes,-5.734907150268555,-5.07359790802002,-5.066058899402618,-4.678052591323852,-0.6688482508659366,-0.3955453166961682,No,False,No,False
Arithmetic,1_digit_subtraction,'',Is 9 minus 1 equal to 8?,Yes,-5.054604530334473,-4.684664726257324,-5.066058899402618,-4.678052591323852,0.011454369068145454,-0.006612134933472014,No,False,Yes,True
Arithmetic,1_digit_addition,'',Is 8 plus 9 equal to 17?,Yes,-5.107138156890869,-4.615646839141846,-5.066058899402618,-4.678052591323852,-0.04107925748825103,0.0624057521820065,No,False,No,False
Arithmetic,2_digit_subtraction,'',Is 59 minus 45 equal to 83?,No,-4.978147506713867,-4.61168909072876,-5.066058899402618,-4.678052591323852,0.08791139268875092,0.06636350059509244,No,True,Yes,False
Arithmetic,2_digit_multiplication,'',Is 45 times 75 equal to 8456?,No,-5.062016010284424,-4.763388156890869,-5.066058899402618,-4.678052591323852,0.004042889118194282,-0.08533556556701694,No,True,Yes,False
Arithmetic,1_digit_subtraction,'',Is 4 minus 6 equal to 12?,No,-5.249590873718262,-4.568957328796387,-5.066058899402618,-4.678052591323852,-0.1835319743156436,0.10909526252746549,No,True,No,True
Arithmetic,1_digit_multiplication,'',Is 8 times 7 equal to 56?,Yes,-4.86265230178833,-4.624590873718262,-5.066058899402618,-4.678052591323852,0.20340659761428803,0.053461717605590486,No,False,Yes,True
Arithmetic,1_digit_subtraction,'',Is 3 minus 5 equal to 25?,No,-5.0669026374816895,-4.5728278160095215,-5.066058899402618,-4.678052591323852,-0.0008437380790713433,0.10522477531433072,No,True,No,True
Arithmetic,2_digit_multiplication,'',Is 26 times 83 equal to 2158?,Yes,-5.153854370117188,-4.976754665374756,-5.066058899402618,-4.678052591323852,-0.08779547071457028,-0.29870207405090365,No,False,Yes,True
Arithmetic,1_digit_multiplication,'',Is 9 times 4 equal to 55?,No,-4.814905643463135,-4.509737491607666,-5.066058899402618,-4.678052591323852,0.25115325593948334,0.1683150997161862,No,True,Yes,False
Arithmetic,1_digit_subtraction,'',Is 8 minus 4 equal to 4?,Yes,-5.164254665374756,-4.610836505889893,-5.066058899402618,-4.678052591323852,-0.09819576597213775,0.06721608543395963,No,False,No,False
Arithmetic,2_digit_multiplication,'',Is 39 times 58 equal to 6277?,No,-5.153683185577393,-4.798019886016846,-5.066058899402618,-4.678052591323852,-0.08762428617477447,-0.1199672946929935,No,True,Yes,False
Arithmetic,2_digit_addition,'',Is 88 plus 62 equal to 386?,No,-4.829710006713867,-4.46325159072876,-5.066058899402618,-4.678052591323852,0.23634889268875092,0.21480100059509244,No,True,Yes,False
Arithmetic,2_digit_addition,'',Is 36 plus 67 equal to 415?,No,-4.825888156890869,-4.458547592163086,-5.066058899402618,-4.678052591323852,0.24017074251174897,0.21950499916076627,No,True,Yes,False
Arithmetic,2_digit_addition,'',Is 82 plus 17 equal to 99?,Yes,-4.678756237030029,-4.311757564544678,-5.066058899402618,-4.678052591323852,0.3873026623725888,0.36629502677917447,No,False,Yes,True
Arithmetic,1_digit_multiplication,'',Is 3 times 6 equal to 18?,Yes,-4.929879665374756,-4.875555038452148,-5.066058899402618,-4.678052591323852,0.13617923402786225,-0.19750244712829623,No,False,Yes,True
Arithmetic,1_digit_multiplication,'',Is 4 times 7 equal to 28?,Yes,-5.084648609161377,-4.782711505889893,-5.066058899402618,-4.678052591323852,-0.018589709758758843,-0.10465891456604037,No,False,Yes,True
Arithmetic,2_digit_subtraction,'',Is 81 minus 36 equal to 45?,Yes,-4.881523609161377,-4.454586505889893,-5.066058899402618,-4.678052591323852,0.18453529024124116,0.22346608543395963,No,False,No,False
Arithmetic,1_digit_multiplication,'',Is 3 times 1 equal to 7?,No,-5.004949569702148,-5.014190196990967,-5.066058899402618,-4.678052591323852,0.06110932970046967,-0.3361376056671146,Yes,False,Yes,False
Arithmetic,1_digit_multiplication,'',Is 1 times 9 equal to 9?,Yes,-4.866450309753418,-4.937647342681885,-5.066058899402618,-4.678052591323852,0.19960858964920014,-0.25959475135803256,Yes,True,Yes,True
Arithmetic,2_digit_addition,'',Is 73 plus 67 equal to 140?,Yes,-4.885334491729736,-4.4575276374816895,-5.066058899402618,-4.678052591323852,0.18072440767288178,0.22052495384216275,No,False,No,False
Arithmetic,2_digit_addition,'',Is 51 plus 46 equal to 53?,No,-4.862934112548828,-4.557274341583252,-5.066058899402618,-4.678052591323852,0.20312478685378998,0.12077824974060025,No,True,Yes,False
Arithmetic,2_digit_subtraction,'',Is 85 minus 69 equal to 93?,No,-4.813055038452148,-4.381457328796387,-5.066058899402618,-4.678052591323852,0.2530038609504697,0.2965952625274655,No,True,No,True
Arithmetic,1_digit_subtraction,'',Is 5 minus 1 equal to 9?,No,-5.183246612548828,-4.627586841583252,-5.066058899402618,-4.678052591323852,-0.11718771314621002,0.05046574974060025,No,True,No,True
Arithmetic,1_digit_addition,'',Is 6 plus 3 equal to 4?,No,-4.9887776374816895,-4.6803154945373535,-5.066058899402618,-4.678052591323852,0.07728126192092866,-0.0022629032135013105,No,True,Yes,False
Arithmetic,1_digit_addition,'',Is 0 plus 6 equal to 9?,No,-5.133977890014648,-4.773048400878906,-5.066058899402618,-4.678052591323852,-0.06791899061203033,-0.09499580955505404,No,True,Yes,False
Arithmetic,1_digit_subtraction,'',Is 6 minus 6 equal to 3?,No,-5.445504665374756,-4.892086505889893,-5.066058899402618,-4.678052591323852,-0.37944576597213775,-0.21403391456604037,No,True,No,True
Arithmetic,1_digit_multiplication,'',Is 4 times 1 equal to 1?,No,-4.926824569702148,-4.8713154792785645,-5.066058899402618,-4.678052591323852,0.13923432970046967,-0.19326288795471225,No,True,Yes,False
Arithmetic,1_digit_addition,'',Is 5 plus 0 equal to 5?,Yes,-4.94762659072876,-4.701181411743164,-5.066058899402618,-4.678052591323852,0.11843230867385834,-0.023128820419311857,No,False,Yes,True
Arithmetic,2_digit_multiplication,'',Is 38 times 57 equal to 2166?,Yes,-5.214813232421875,-4.795586109161377,-5.066058899402618,-4.678052591323852,-0.1487543330192569,-0.11753351783752475,No,False,No,False
Arithmetic,2_digit_subtraction,'',Is 67 minus 82 equal to 879?,No,-5.157749652862549,-4.609930038452148,-5.066058899402618,-4.678052591323852,-0.09169075345993072,0.06812255287170377,No,True,No,True
Arithmetic,1_digit_addition,'',Is 7 plus 0 equal to 6?,No,-5.148629665374756,-4.844305038452148,-5.066058899402618,-4.678052591323852,-0.08257076597213775,-0.16625244712829623,No,True,Yes,False
Arithmetic,2_digit_subtraction,'',Is 62 minus 36 equal to 77?,No,-5.092461109161377,-4.47887659072876,-5.066058899402618,-4.678052591323852,-0.026402209758758843,0.19917600059509244,No,True,No,True
Arithmetic,2_digit_addition,'',Is 47 plus 14 equal to 45?,No,-4.747610092163086,-4.378137588500977,-5.066058899402618,-4.678052591323852,0.3184488072395322,0.29991500282287564,No,True,Yes,False
Arithmetic,2_digit_multiplication,'',Is 40 times 12 equal to 440?,No,-5.048019886016846,-4.68113899230957,-5.066058899402618,-4.678052591323852,0.018039013385772407,-0.0030864009857181074,No,True,Yes,False
Arithmetic,2_digit_addition,'',Is 78 plus 58 equal to 943?,No,-4.901832580566406,-4.5403733253479,-5.066058899402618,-4.678052591323852,0.16422631883621186,0.13767926597595181,No,True,Yes,False
Arithmetic,2_digit_subtraction,'',Is 73 minus 67 equal to 8?,No,-5.102943420410156,-4.6809983253479,-5.066058899402618,-4.678052591323852,-0.03688452100753814,-0.0029457340240481855,No,True,No,True
Arithmetic,2_digit_addition,'',Is 18 plus 31 equal to 49?,Yes,-4.685110092163086,-4.251377105712891,-5.066058899402618,-4.678052591323852,0.3809488072395322,0.4266754856109616,No,False,No,False
Arithmetic,2_digit_multiplication,'',Is 42 times 38 equal to 1626?,No,-5.06577730178833,-4.641180038452148,-5.066058899402618,-4.678052591323852,0.00028159761428803165,0.03687255287170377,No,True,No,True
Arithmetic,1_digit_multiplication,'',Is 8 times 9 equal to 32?,No,-4.768520832061768,-4.65230655670166,-5.066058899402618,-4.678052591323852,0.29753806734085053,0.02574603462219205,No,True,Yes,False
Arithmetic,2_digit_multiplication,'',Is 84 times 54 equal to 4536?,Yes,-4.993208408355713,-4.696897506713867,-5.066058899402618,-4.678052591323852,0.07285049104690522,-0.018844915390014982,No,False,Yes,True
Arithmetic,1_digit_multiplication,'',Is 2 times 1 equal to 6?,No,-4.866798400878906,-5.000192165374756,-5.066058899402618,-4.678052591323852,0.19926049852371186,-0.32213957405090365,Yes,False,Yes,False
Arithmetic,2_digit_multiplication,'',Is 27 times 12 equal to 324?,Yes,-5.008004665374756,-4.70543909072876,-5.066058899402618,-4.678052591323852,0.05805423402786225,-0.02738649940490756,No,False,Yes,True
Arithmetic,1_digit_addition,'',Is 2 plus 5 equal to 7?,Yes,-5.147148609161377,-4.9037251472473145,-5.066058899402618,-4.678052591323852,-0.08108970975875884,-0.22567255592346225,No,False,Yes,True
Arithmetic,2_digit_addition,'',Is 42 plus 71 equal to 113?,Yes,-4.767210006713867,-4.401553153991699,-5.066058899402618,-4.678052591323852,0.2988488926887509,0.276499437332153,No,False,Yes,True
Arithmetic,1_digit_multiplication,'',Is 1 times 4 equal to 3?,No,-5.083198070526123,-5.216457843780518,-5.066058899402618,-4.678052591323852,-0.017139171123504937,-0.5384052524566654,Yes,False,Yes,False
Arithmetic,2_digit_multiplication,'',Is 34 times 59 equal to 1890?,No,-4.55540132522583,-4.247621059417725,-5.066058899402618,-4.678052591323852,0.510657574176788,0.4304315319061276,No,True,Yes,False
Arithmetic,2_digit_subtraction,'',Is 64 minus 52 equal to 35?,No,-4.9260029792785645,-4.434264659881592,-5.066058899402618,-4.678052591323852,0.14005592012405366,0.2437879314422604,No,True,No,True
Arithmetic,2_digit_multiplication,'',Is 30 times 59 equal to 1770?,Yes,-4.896031856536865,-4.592105865478516,-5.066058899402618,-4.678052591323852,0.17002704286575288,0.08594672584533658,No,False,Yes,True
Arithmetic,2_digit_subtraction,'',Is 81 minus 36 equal to 74?,No,-5.014887809753418,-4.5278401374816895,-5.066058899402618,-4.678052591323852,0.05117108964920014,0.15021245384216275,No,True,No,True
Arithmetic,2_digit_subtraction,'',Is 72 minus 25 equal to 47?,Yes,-5.136820793151856,-4.520937919616699,-5.066058899402618,-4.678052591323852,-0.07076189374923825,0.157114671707153,No,False,No,False
Arithmetic,1_digit_subtraction,'',Is 4 minus 3 equal to 3?,No,-5.350127696990967,-4.732431411743164,-5.066058899402618,-4.678052591323852,-0.2840687975883487,-0.05437882041931186,No,True,No,True
Arithmetic,2_digit_multiplication,'',Is 58 times 75 equal to 4350?,Yes,-4.942916870117188,-4.6447529792785645,-5.066058899402618,-4.678052591323852,0.12314202928542972,0.03329961204528775,No,False,Yes,True
Arithmetic,2_digit_addition,'',Is 56 plus 93 equal to 911?,No,-4.526553153991699,-4.093467712402344,-5.066058899402618,-4.678052591323852,0.5395057454109189,0.5845848789215085,No,True,No,True
Arithmetic,2_digit_subtraction,'',Is 33 minus 76 equal to 487?,No,-4.909684658050537,-4.415987491607666,-5.066058899402618,-4.678052591323852,0.156374241352081,0.2620650997161862,No,True,No,True
Arithmetic,2_digit_subtraction,'',Is 14 minus 57 equal to -43?,Yes,-5.671485900878906,-4.937090873718262,-5.066058899402618,-4.678052591323852,-0.6054270014762881,-0.2590382823944095,No,False,No,False
Arithmetic,1_digit_addition,'',Is 0 plus 0 equal to 2?,No,-5.581171035766602,-5.22203540802002,-5.066058899402618,-4.678052591323852,-0.5151121363639835,-0.5439828166961682,No,True,Yes,False
Arithmetic,1_digit_addition,'',Is 8 plus 7 equal to 61?,No,-4.886820793151856,-4.3950276374816895,-5.066058899402618,-4.678052591323852,0.17923810625076175,0.28302495384216275,No,True,No,True
Arithmetic,2_digit_subtraction,'',Is 59 minus 19 equal to 10?,No,-4.931272506713867,-4.503115653991699,-5.066058899402618,-4.678052591323852,0.13478639268875092,0.174936937332153,No,True,No,True
Arithmetic,1_digit_subtraction,'',Is 6 minus 0 equal to 5?,No,-5.303756237030029,-4.811757564544678,-5.066058899402618,-4.678052591323852,-0.2376973376274112,-0.13370497322082553,No,True,No,True
Arithmetic,1_digit_addition,'',Is 9 plus 3 equal to 89?,No,-4.575555801391602,-4.265831470489502,-5.066058899402618,-4.678052591323852,0.49050309801101655,0.41222112083435025,No,True,Yes,False
Arithmetic,1_digit_multiplication,'',Is 7 times 7 equal to 83?,No,-5.036199569702148,-4.798336505889893,-5.066058899402618,-4.678052591323852,0.029859329700469672,-0.12028391456604037,No,True,Yes,False
Arithmetic,2_digit_multiplication,'',Is 28 times 71 equal to 1988?,Yes,-4.495303153991699,-4.313165664672852,-5.066058899402618,-4.678052591323852,0.5707557454109189,0.36488692665100064,No,False,Yes,True
Arithmetic,1_digit_subtraction,'',Is 5 minus 0 equal to 4?,No,-5.288131237030029,-4.795334339141846,-5.066058899402618,-4.678052591323852,-0.2220723376274112,-0.1172817478179935,No,True,No,True
Arithmetic,1_digit_multiplication,'',Is 9 times 0 equal to 2?,No,-4.911199569702148,-4.8556904792785645,-5.066058899402618,-4.678052591323852,0.15485932970046967,-0.17763788795471225,No,True,Yes,False
Arithmetic,2_digit_addition,'',Is 42 plus 47 equal to 89?,Yes,-4.5669026374816895,-4.2603278160095215,-5.066058899402618,-4.678052591323852,0.49915626192092866,0.4177247753143307,No,False,Yes,True
Arithmetic,2_digit_multiplication,'',Is 67 times 41 equal to 4995?,No,-5.179023742675781,-4.888332843780518,-5.066058899402618,-4.678052591323852,-0.11296484327316314,-0.21028025245666537,No,True,Yes,False
Arithmetic,2_digit_addition,'',Is 52 plus 48 equal to 115?,No,-4.875147342681885,-4.3819732666015625,-5.066058899402618,-4.678052591323852,0.19091155672073334,0.2960793247222897,No,True,No,True
Arithmetic,2_digit_multiplication,'',Is 82 times 45 equal to 3690?,Yes,-5.111383438110352,-4.940895080566406,-5.066058899402618,-4.678052591323852,-0.04532453870773345,-0.26284248924255404,No,False,Yes,True
Arithmetic,2_digit_addition,'',Is 86 plus 87 equal to 173?,Yes,-4.911540985107422,-4.550309658050537,-5.066058899402618,-4.678052591323852,0.15451791429519623,0.1277429332733151,No,False,Yes,True
Arithmetic,2_digit_multiplication,'',Is 95 times 18 equal to 1148?,No,-5.343360900878906,-4.7943501472473145,-5.066058899402618,-4.678052591323852,-0.27730200147628814,-0.11629755592346225,No,True,No,True
Arithmetic,1_digit_multiplication,'',Is 1 times 4 equal to 4?,Yes,-4.858985900878906,-5.115898609161377,-5.066058899402618,-4.678052591323852,0.20707299852371186,-0.43784601783752475,Yes,True,Yes,True
Arithmetic,1_digit_multiplication,'',Is 7 times 2 equal to 14?,Yes,-5.220249652862549,-4.9818501472473145,-5.066058899402618,-4.678052591323852,-0.15419075345993072,-0.30379755592346225,No,False,Yes,True
Arithmetic,2_digit_multiplication,'',Is 67 times 43 equal to 2881?,Yes,-5.045491695404053,-4.689085006713867,-5.066058899402618,-4.678052591323852,0.020567203998565375,-0.011032415390014982,No,False,Yes,True
Arithmetic,1_digit_multiplication,'',Is 7 times 5 equal to 35?,Yes,-4.904961109161377,-4.727117538452148,-5.066058899402618,-4.678052591323852,0.16109779024124116,-0.04906494712829623,No,False,Yes,True
Arithmetic,2_digit_addition,'',Is 23 plus 65 equal to 88?,Yes,-4.633367538452148,-4.325555801391602,-5.066058899402618,-4.678052591323852,0.4326913609504697,0.35249678993225064,No,False,Yes,True
Arithmetic,1_digit_subtraction,'',Is 3 minus 2 equal to 4?,No,-5.157711505889893,-4.850760459899902,-5.066058899402618,-4.678052591323852,-0.09165260648727447,-0.17270786857605014,No,True,Yes,False
Arithmetic,2_digit_subtraction,'',Is 17 minus 99 equal to -82?,Yes,-5.626144886016846,-4.888235092163086,-5.066058899402618,-4.678052591323852,-0.5600859866142276,-0.21018250083923373,No,False,No,False
Arithmetic,1_digit_subtraction,'',Is 6 minus 5 equal to 3?,No,-5.404961109161377,-4.852117538452148,-5.066058899402618,-4.678052591323852,-0.33890220975875884,-0.17406494712829623,No,True,No,True
Arithmetic,1_digit_multiplication,'',Is 4 times 5 equal to 44?,No,-4.944023609161377,-4.702715873718262,-5.066058899402618,-4.678052591323852,0.12203529024124116,-0.024663282394409514,No,True,Yes,False
Arithmetic,1_digit_addition,'',Is 1 plus 8 equal to 4?,No,-5.048374652862549,-4.865898609161377,-5.066058899402618,-4.678052591323852,0.01768424654006928,-0.18784601783752475,No,True,Yes,False
Arithmetic,1_digit_addition,'',Is 4 plus 0 equal to 6?,No,-5.086234092712402,-4.655507564544678,-5.066058899402618,-4.678052591323852,-0.020175193309784234,0.02254502677917447,No,True,No,True
Arithmetic,1_digit_subtraction,'',Is 9 minus 3 equal to 6?,Yes,-5.103024005889893,-4.671072959899902,-5.066058899402618,-4.678052591323852,-0.03696510648727447,0.006979631423949861,No,False,No,False
Arithmetic,2_digit_multiplication,'',Is 63 times 96 equal to 2179?,No,-5.01199197769165,-4.842366695404053,-5.066058899402618,-4.678052591323852,0.05406692171096772,-0.16431410408020053,No,True,Yes,False
Arithmetic,1_digit_multiplication,'',Is 0 times 1 equal to 1?,No,-5.081171035766602,-5.149602890014648,-5.066058899402618,-4.678052591323852,-0.015112136363983453,-0.47155029869079623,Yes,False,Yes,False
Arithmetic,2_digit_addition,'',Is 18 plus 91 equal to 109?,Yes,-4.875147342681885,-4.381168365478516,-5.066058899402618,-4.678052591323852,0.19091155672073334,0.2968842258453366,No,False,No,False
Arithmetic,1_digit_subtraction,'',Is 0 minus 0 equal to 4?,No,-5.452930450439453,-4.974166870117188,-5.066058899402618,-4.678052591323852,-0.386871551036835,-0.2961142787933362,No,True,No,True
Arithmetic,2_digit_multiplication,'',Is 86 times 46 equal to 4220?,No,-5.089813232421875,-4.672067165374756,-5.066058899402618,-4.678052591323852,-0.02375433301925689,0.005985425949096346,No,True,No,True
Arithmetic,1_digit_addition,'',Is 4 plus 9 equal to 17?,No,-5.166958332061768,-4.612490653991699,-5.066058899402618,-4.678052591323852,-0.10089943265914947,0.06556193733215299,No,True,No,True
Arithmetic,2_digit_multiplication,'',Is 62 times 11 equal to 682?,Yes,-5.059760570526123,-4.764693737030029,-5.066058899402618,-4.678052591323852,0.006298328876495063,-0.08664114570617709,No,False,Yes,True
Arithmetic,1_digit_subtraction,'',Is 3 minus 4 equal to -1?,Yes,-5.545586109161377,-4.868649005889893,-5.066058899402618,-4.678052591323852,-0.47952720975875884,-0.19059641456604037,No,False,No,False
Arithmetic,2_digit_subtraction,'',Is 15 minus 34 equal to 405?,No,-5.126461505889893,-4.569510459899902,-5.066058899402618,-4.678052591323852,-0.06040260648727447,0.10854213142394986,No,True,No,True
Arithmetic,2_digit_addition,'',Is 14 plus 74 equal to 88?,Yes,-4.817812919616699,-4.4478278160095215,-5.066058899402618,-4.678052591323852,0.2482459797859189,0.23022477531433072,No,False,Yes,True
Arithmetic,2_digit_addition,'',Is 80 plus 61 equal to 616?,No,-5.045586109161377,-4.616778373718262,-5.066058899402618,-4.678052591323852,0.020472790241241157,0.061274217605590486,No,True,No,True
Arithmetic,1_digit_multiplication,'',Is 6 times 0 equal to 3?,No,-5.052291870117188,-4.937692165374756,-5.066058899402618,-4.678052591323852,0.013767029285429722,-0.25963957405090365,No,True,Yes,False
Arithmetic,2_digit_addition,'',Is 47 plus 62 equal to 109?,Yes,-4.935094356536865,-4.382729530334473,-5.066058899402618,-4.678052591323852,0.13096454286575288,0.29532306098937955,No,False,No,False
Arithmetic,1_digit_multiplication,'',Is 1 times 8 equal to 8?,Yes,-4.856512069702148,-5.112270832061768,-5.066058899402618,-4.678052591323852,0.20954682970046967,-0.4342182407379154,Yes,True,Yes,True
Arithmetic,2_digit_multiplication,'',Is 56 times 86 equal to 7047?,No,-5.114448070526123,-4.755575656890869,-5.066058899402618,-4.678052591323852,-0.04838917112350494,-0.07752306556701694,No,True,Yes,False
Arithmetic,1_digit_subtraction,'',Is 9 minus 4 equal to 5?,Yes,-5.08043909072876,-4.585655212402344,-5.066058899402618,-4.678052591323852,-0.014380191326141656,0.09239737892150846,No,False,No,False
Arithmetic,1_digit_subtraction,'',Is 5 minus 5 equal to 6?,No,-5.200625419616699,-4.706195831298828,-5.066058899402618,-4.678052591323852,-0.1345665202140811,-0.02814323997497592,No,True,No,True
Arithmetic,1_digit_subtraction,'',Is 8 minus 0 equal to 4?,No,-5.265235900878906,-4.7787251472473145,-5.066058899402618,-4.678052591323852,-0.19917700147628814,-0.10067255592346225,No,True,No,True
Arithmetic,1_digit_addition,'',Is 9 plus 5 equal to 26?,No,-4.868649005889893,-4.311697959899902,-5.066058899402618,-4.678052591323852,0.19740989351272553,0.36635463142394986,No,True,No,True
Arithmetic,1_digit_subtraction,'',Is 8 minus 0 equal to 8?,Yes,-5.268337726593018,-4.779709339141846,-5.066058899402618,-4.678052591323852,-0.20227882719039947,-0.1016567478179935,No,False,No,False
Arithmetic,1_digit_multiplication,'',Is 7 times 9 equal to 63?,Yes,-4.975273609161377,-4.735836505889893,-5.066058899402618,-4.678052591323852,0.09078529024124116,-0.05778391456604037,No,False,Yes,True
Arithmetic,1_digit_addition,'',Is 3 plus 6 equal to 3?,No,-4.9896626472473145,-4.745303153991699,-5.066058899402618,-4.678052591323852,0.07639625215530366,-0.06725056266784701,No,True,Yes,False
Arithmetic,1_digit_subtraction,'',Is 9 minus 8 equal to 1?,Yes,-5.0744404792785645,-4.520202159881592,-5.066058899402618,-4.678052591323852,-0.008381579875946343,0.1578504314422604,No,False,No,False
Arithmetic,1_digit_addition,'',Is 1 plus 2 equal to 3?,Yes,-5.131722450256348,-5.073747158050537,-5.066058899402618,-4.678052591323852,-0.06566355085372955,-0.3956945667266849,No,False,Yes,True
Arithmetic,2_digit_addition,'',Is 45 plus 63 equal to 108?,Yes,-4.7700276374816895,-4.399734020233154,-5.066058899402618,-4.678052591323852,0.29603126192092866,0.2783185710906979,No,False,Yes,True
Arithmetic,1_digit_addition,'',Is 8 plus 4 equal to 84?,No,-4.811409950256348,-4.381168365478516,-5.066058899402618,-4.678052591323852,0.25464894914627045,0.2968842258453366,No,True,No,True
Arithmetic,1_digit_multiplication,'',Is 8 times 1 equal to 8?,Yes,-4.711234092712402,-4.843007564544678,-5.066058899402618,-4.678052591323852,0.35482480669021577,-0.16495497322082553,Yes,True,Yes,True
Arithmetic,1_digit_subtraction,'',Is 5 minus 7 equal to 57?,No,-5.179278373718262,-4.560556411743164,-5.066058899402618,-4.678052591323852,-0.11321947431564361,0.11749617958068814,No,True,No,True
Arithmetic,1_digit_addition,'',Is 2 plus 2 equal to 4?,Yes,-4.9271626472473145,-4.80700159072876,-5.066058899402618,-4.678052591323852,0.13889625215530366,-0.12894899940490756,No,False,Yes,True
Arithmetic,2_digit_subtraction,'',Is 79 minus 67 equal to 12?,Yes,-5.093360900878906,-4.608965873718262,-5.066058899402618,-4.678052591323852,-0.02730200147628814,0.06908671760559049,No,False,No,False
Arithmetic,2_digit_multiplication,'',Is 47 times 45 equal to 7221?,No,-5.383977890014648,-4.903387069702148,-5.066058899402618,-4.678052591323852,-0.3179189906120303,-0.22533447837829623,No,True,No,True
Arithmetic,2_digit_multiplication,'',Is 60 times 92 equal to 5520?,Yes,-4.999478340148926,-4.63426399230957,-5.066058899402618,-4.678052591323852,0.06658055925369233,0.04378859901428189,No,False,Yes,True
Arithmetic,1_digit_addition,'',Is 2 plus 5 equal to 5?,No,-4.9260029792785645,-4.805242538452148,-5.066058899402618,-4.678052591323852,0.14005592012405366,-0.12718994712829623,No,True,Yes,False
Arithmetic,2_digit_subtraction,'',Is 48 minus 66 equal to -18?,Yes,-5.712318420410156,-4.9153733253479,-5.066058899402618,-4.678052591323852,-0.6462595210075381,-0.23732073402404819,No,False,No,False
Arithmetic,2_digit_addition,'',Is 21 plus 30 equal to 51?,Yes,-4.886371612548828,-4.45383882522583,-5.066058899402618,-4.678052591323852,0.17968728685378998,0.22421376609802213,No,False,No,False
Arithmetic,2_digit_addition,'',Is 68 plus 94 equal to 162?,Yes,-4.639190196990967,-4.332702159881592,-5.066058899402618,-4.678052591323852,0.4268687024116513,0.3453504314422604,No,False,Yes,True
Arithmetic,1_digit_multiplication,'',Is 1 times 3 equal to 3?,Yes,-4.993687152862549,-5.309637069702148,-5.066058899402618,-4.678052591323852,0.07237174654006928,-0.6315844783782962,Yes,True,Yes,True
Arithmetic,2_digit_multiplication,'',Is 29 times 26 equal to 830?,No,-4.855570793151856,-4.678043365478516,-5.066058899402618,-4.678052591323852,0.21048810625076175,9.225845336580107e-06,No,True,Yes,False
Arithmetic,2_digit_multiplication,'',Is 17 times 95 equal to 5099?,No,-5.073208332061768,-4.704586505889893,-5.066058899402618,-4.678052591323852,-0.007149432659149468,-0.026533914566040373,No,True,Yes,False
Arithmetic,1_digit_multiplication,'',Is 8 times 2 equal to 16?,Yes,-4.86265230178833,-4.8088154792785645,-5.066058899402618,-4.678052591323852,0.20340659761428803,-0.13076288795471225,No,False,Yes,True
Arithmetic,1_digit_multiplication,'',Is 2 times 3 equal to 6?,Yes,-4.952735900878906,-5.025022506713867,-5.066058899402618,-4.678052591323852,0.11332299852371186,-0.346969915390015,Yes,True,Yes,True
Arithmetic,1_digit_multiplication,'',Is 6 times 2 equal to 26?,No,-4.952735900878906,-4.713833332061768,-5.066058899402618,-4.678052591323852,0.11332299852371186,-0.03578074073791537,No,True,Yes,False
Arithmetic,2_digit_multiplication,'',Is 80 times 16 equal to 6114?,No,-5.404537677764893,-4.923374652862549,-5.066058899402618,-4.678052591323852,-0.33847877836227447,-0.24532206153869662,No,True,No,True
Arithmetic,1_digit_subtraction,'',Is 5 minus 5 equal to 0?,Yes,-5.251585006713867,-4.571774005889893,-5.066058899402618,-4.678052591323852,-0.18552610731124908,0.10627858543395963,No,False,No,False
Arithmetic,2_digit_subtraction,'',Is 23 minus 99 equal to -76?,Yes,-5.41733980178833,-4.679278373718262,-5.066058899402618,-4.678052591323852,-0.35128090238571197,-0.0012257823944095136,No,False,No,False
Arithmetic,1_digit_subtraction,'',Is 4 minus 4 equal to 0?,Yes,-5.282835006713867,-4.479678153991699,-5.066058899402618,-4.678052591323852,-0.21677610731124908,0.198374437332153,No,False,No,False
Arithmetic,2_digit_subtraction,'',Is 11 minus 50 equal to 196?,No,-5.303252696990967,-4.560556411743164,-5.066058899402618,-4.678052591323852,-0.2371937975883487,0.11749617958068814,No,True,No,True
Arithmetic,2_digit_multiplication,'',Is 85 times 87 equal to 7395?,Yes,-5.123287677764893,-4.83140230178833,-5.066058899402618,-4.678052591323852,-0.05722877836227447,-0.15334971046447787,No,False,Yes,True
Arithmetic,1_digit_multiplication,'',Is 7 times 7 equal to 49?,Yes,-4.877895832061768,-4.57418155670166,-5.066058899402618,-4.678052591323852,0.18816306734085053,0.10387103462219205,No,False,Yes,True
Arithmetic,2_digit_subtraction,'',Is 97 minus 36 equal to 28?,No,-5.000147342681885,-4.446609020233154,-5.066058899402618,-4.678052591323852,0.06591155672073334,0.2314435710906979,No,True,No,True
Arithmetic,2_digit_addition,'',Is 92 plus 20 equal to 112?,Yes,-4.873565196990967,-4.380243301391602,-5.066058899402618,-4.678052591323852,0.1924937024116513,0.29780928993225064,No,False,No,False
Arithmetic,2_digit_subtraction,'',Is 12 minus 47 equal to -35?,Yes,-5.59702730178833,-4.922430038452148,-5.066058899402618,-4.678052591323852,-0.530968402385712,-0.24437744712829623,No,False,No,False
Arithmetic,1_digit_addition,'',Is 3 plus 4 equal to 8?,No,-4.85387659072876,-4.608019828796387,-5.066058899402618,-4.678052591323852,0.21218230867385834,0.07003276252746549,No,True,Yes,False
Arithmetic,2_digit_addition,'',Is 87 plus 40 equal to 127?,Yes,-5.027445793151856,-4.476479530334473,-5.066058899402618,-4.678052591323852,0.03861310625076175,0.20157306098937955,No,False,No,False
Arithmetic,1_digit_addition,'',Is 8 plus 8 equal to 89?,No,-4.657711505889893,-4.287118911743164,-5.066058899402618,-4.678052591323852,0.40834739351272553,0.39093367958068814,No,True,Yes,False
Arithmetic,2_digit_subtraction,'',Is 92 minus 28 equal to 71?,No,-4.799770832061768,-4.307803153991699,-5.066058899402618,-4.678052591323852,0.26628806734085053,0.370249437332153,No,True,No,True
Arithmetic,2_digit_addition,'',Is 52 plus 41 equal to 26?,No,-4.823208332061768,-4.393740653991699,-5.066058899402618,-4.678052591323852,0.24285056734085053,0.284311937332153,No,True,No,True
Arithmetic,1_digit_subtraction,'',Is 4 minus 7 equal to -3?,Yes,-5.792457580566406,-4.9340901374816895,-5.066058899402618,-4.678052591323852,-0.7263986811637881,-0.25603754615783725,No,False,No,False
Arithmetic,2_digit_subtraction,'',Is 73 minus 24 equal to 49?,Yes,-4.961129665374756,-4.406805038452148,-5.066058899402618,-4.678052591323852,0.10492923402786225,0.27124755287170377,No,False,No,False
Arithmetic,1_digit_subtraction,'',Is 2 minus 8 equal to 50?,No,-5.165647506713867,-4.54918909072876,-5.066058899402618,-4.678052591323852,-0.09958860731124908,0.12886350059509244,No,True,No,True
Arithmetic,1_digit_multiplication,'',Is 5 times 0 equal to 7?,No,-5.102707386016846,-4.984671592712402,-5.066058899402618,-4.678052591323852,-0.03664848661422759,-0.30661900138855014,No,True,Yes,False
Arithmetic,2_digit_multiplication,'',Is 55 times 45 equal to 2475?,Yes,-4.948025226593018,-4.583547592163086,-5.066058899402618,-4.678052591323852,0.11803367280960053,0.09450499916076627,No,False,Yes,True
Arithmetic,1_digit_subtraction,'',Is 2 minus 1 equal to 1?,Yes,-5.33140230178833,-4.9662251472473145,-5.066058899402618,-4.678052591323852,-0.26534340238571197,-0.28817255592346225,No,False,Yes,True
Arithmetic,1_digit_multiplication,'',Is 3 times 9 equal to 91?,No,-4.599325656890869,-4.481985092163086,-5.066058899402618,-4.678052591323852,0.46673324251174897,0.19606749916076627,No,True,Yes,False
Arithmetic,2_digit_addition,'',Is 77 plus 31 equal to 129?,No,-4.890817165374756,-4.526553153991699,-5.066058899402618,-4.678052591323852,0.17524173402786225,0.151499437332153,No,True,Yes,False
Arithmetic,1_digit_multiplication,'',Is 2 times 8 equal to 16?,Yes,-4.927165985107422,-4.873909950256348,-5.066058899402618,-4.678052591323852,0.13889291429519623,-0.19585735893249545,No,False,Yes,True
Arithmetic,1_digit_multiplication,'',Is 6 times 9 equal to 14?,No,-5.157191753387451,-4.917497158050537,-5.066058899402618,-4.678052591323852,-0.09113285398483306,-0.2394445667266849,No,True,Yes,False
Arithmetic,2_digit_multiplication,'',Is 98 times 56 equal to 6647?,No,-5.092037677764893,-4.856979370117188,-5.066058899402618,-4.678052591323852,-0.02597877836227447,-0.17892677879333618,No,True,Yes,False
Arithmetic,1_digit_addition,'',Is 7 plus 5 equal to 12?,Yes,-5.057225227355957,-4.626377105712891,-5.066058899402618,-4.678052591323852,0.008833672046661079,0.05167548561096158,No,False,No,False
Arithmetic,2_digit_multiplication,'',Is 95 times 29 equal to 3422?,No,-5.208541870117188,-4.7228779792785645,-5.066058899402618,-4.678052591323852,-0.14248297071457028,-0.04482538795471225,No,True,No,True
Arithmetic,1_digit_multiplication,'',Is 6 times 7 equal to 54?,No,-5.002712726593018,-4.762331962585449,-5.066058899402618,-4.678052591323852,0.06334617280960053,-0.08427937126159701,No,True,Yes,False
Arithmetic,1_digit_addition,'',Is 6 plus 4 equal to 10?,Yes,-5.021047592163086,-4.588524341583252,-5.066058899402618,-4.678052591323852,0.04501130723953217,0.08952824974060025,No,False,No,False
Arithmetic,1_digit_subtraction,'',Is 5 minus 2 equal to 3?,Yes,-5.334502696990967,-4.90230655670166,-5.066058899402618,-4.678052591323852,-0.2684437975883487,-0.22425396537780795,No,False,No,False
Arithmetic,1_digit_subtraction,'',Is 2 minus 3 equal to 89?,No,-4.999068737030029,-4.568771839141846,-5.066058899402618,-4.678052591323852,0.06699016237258881,0.1092807521820065,No,True,No,True
Arithmetic,2_digit_addition,'',Is 53 plus 24 equal to 77?,Yes,-4.8166279792785645,-4.38668155670166,-5.066058899402618,-4.678052591323852,0.24943092012405366,0.29137103462219205,No,False,No,False
Arithmetic,2_digit_addition,'',Is 68 plus 11 equal to 99?,No,-4.709502696990967,-4.278014659881592,-5.066058899402618,-4.678052591323852,0.3565562024116513,0.4000379314422604,No,True,No,True
Arithmetic,1_digit_multiplication,'',Is 6 times 9 equal to 54?,Yes,-4.918070793151856,-4.6762776374816895,-5.066058899402618,-4.678052591323852,0.14798810625076175,0.001774953842162752,No,False,Yes,True
Arithmetic,1_digit_multiplication,'',Is 7 times 2 equal to 74?,No,-4.997604370117188,-4.6994404792785645,-5.066058899402618,-4.678052591323852,0.06845452928542972,-0.021387887954712248,No,True,Yes,False
Arithmetic,2_digit_addition,'',Is 40 plus 54 equal to 94?,Yes,-4.7569732666015625,-4.198904991149902,-5.066058899402618,-4.678052591323852,0.3090856328010556,0.47914760017394986,No,False,No,False
Arithmetic,1_digit_subtraction,'',Is 1 minus 1 equal to 6?,No,-5.301063060760498,-4.935110092163086,-5.066058899402618,-4.678052591323852,-0.23500416135787994,-0.25705750083923373,No,True,Yes,False
Arithmetic,1_digit_multiplication,'',Is 9 times 5 equal to 82?,No,-4.8646626472473145,-4.559264659881592,-5.066058899402618,-4.678052591323852,0.20139625215530366,0.11878793144226041,No,True,Yes,False
Arithmetic,2_digit_addition,'',Is 15 plus 99 equal to 968?,No,-4.9731526374816895,-4.477859020233154,-5.066058899402618,-4.678052591323852,0.09290626192092866,0.2001935710906979,No,True,No,True
Arithmetic,1_digit_subtraction,'',Is 8 minus 1 equal to 7?,Yes,-5.400022506713867,-4.78511905670166,-5.066058899402618,-4.678052591323852,-0.3339636073112491,-0.10706646537780795,No,False,No,False
Arithmetic,2_digit_addition,'',Is 27 plus 77 equal to 475?,No,-4.953680038452148,-4.522082328796387,-5.066058899402618,-4.678052591323852,0.11237886095046967,0.1559702625274655,No,True,No,True
Arithmetic,1_digit_multiplication,'',Is 3 times 7 equal to 21?,Yes,-5.020915985107422,-4.8450608253479,-5.066058899402618,-4.678052591323852,0.045142914295196235,-0.16700823402404819,No,False,Yes,True
Arithmetic,1_digit_multiplication,'',Is 2 times 5 equal to 74?,No,-5.015141010284424,-4.840125560760498,-5.066058899402618,-4.678052591323852,0.05091788911819428,-0.16207296943664584,No,True,Yes,False
Arithmetic,1_digit_addition,'',Is 3 plus 6 equal to 9?,Yes,-4.890921592712402,-4.585195064544678,-5.066058899402618,-4.678052591323852,0.17513730669021577,0.09285752677917447,No,False,Yes,True
Arithmetic,1_digit_addition,'',Is 6 plus 2 equal to 8?,Yes,-5.046465873718262,-4.677118301391602,-5.066058899402618,-4.678052591323852,0.01959302568435639,0.0009342899322506426,No,False,Yes,True
Arithmetic,2_digit_multiplication,'',Is 75 times 43 equal to 3225?,Yes,-5.137762069702148,-4.712399005889893,-5.066058899402618,-4.678052591323852,-0.07170317029953033,-0.03434641456604037,No,False,No,False
Arithmetic,2_digit_addition,'',Is 11 plus 72 equal to 83?,Yes,-4.860836505889893,-4.553332328796387,-5.066058899402618,-4.678052591323852,0.20522239351272553,0.12472026252746549,No,False,Yes,True
Arithmetic,1_digit_multiplication,'',Is 6 times 0 equal to 0?,Yes,-4.968266010284424,-4.727707386016846,-5.066058899402618,-4.678052591323852,0.09779288911819428,-0.0496547946929935,No,False,Yes,True
Arithmetic,1_digit_addition,'',Is 1 plus 9 equal to 39?,No,-4.981512069702148,-4.5521626472473145,-5.066058899402618,-4.678052591323852,0.08454682970046967,0.12588994407653775,No,True,No,True
Arithmetic,2_digit_addition,'',Is 27 plus 74 equal to 101?,Yes,-4.931149005889893,-4.374717712402344,-5.066058899402618,-4.678052591323852,0.13490989351272553,0.30333487892150846,No,False,No,False
Arithmetic,2_digit_subtraction,'',Is 13 minus 60 equal to 594?,No,-5.350273609161377,-4.735836505889893,-5.066058899402618,-4.678052591323852,-0.28421470975875884,-0.05778391456604037,No,True,No,True
Arithmetic,2_digit_addition,'',Is 79 plus 42 equal to 121?,Yes,-4.663131237030029,-4.29758882522583,-5.066058899402618,-4.678052591323852,0.4029276623725888,0.3804637660980221,No,False,Yes,True
Arithmetic,1_digit_addition,'',Is 4 plus 2 equal to 1?,No,-5.048460006713867,-4.556149005889893,-5.066058899402618,-4.678052591323852,0.017598892688750922,0.12190358543395963,No,True,No,True
Arithmetic,1_digit_multiplication,'',Is 0 times 5 equal to 0?,Yes,-5.222591876983643,-5.047407150268555,-5.066058899402618,-4.678052591323852,-0.15653297758102447,-0.3693545589447025,No,False,Yes,True
Arithmetic,1_digit_addition,'',Is 8 plus 2 equal to 10?,Yes,-4.912627696990967,-4.543639659881592,-5.066058899402618,-4.678052591323852,0.1534312024116513,0.1344129314422604,No,False,Yes,True
Arithmetic,1_digit_subtraction,'',Is 7 minus 5 equal to 5?,No,-5.2228779792785645,-4.731139659881592,-5.066058899402618,-4.678052591323852,-0.15681907987594634,-0.05308706855773959,No,True,No,True
Arithmetic,1_digit_subtraction,'',Is 7 minus 1 equal to 6?,Yes,-5.273584842681885,-4.8443779945373535,-5.066058899402618,-4.678052591323852,-0.20752594327926666,-0.1663254032135013,No,False,No,False
Arithmetic,1_digit_multiplication,'',Is 3 times 5 equal to 27?,No,-4.962082386016846,-4.783787727355957,-5.066058899402618,-4.678052591323852,0.1039765133857724,-0.10573513603210483,No,True,Yes,False
Arithmetic,1_digit_subtraction,'',Is 1 minus 9 equal to -8?,Yes,-5.536666870117188,-4.9271626472473145,-5.066058899402618,-4.678052591323852,-0.4706079707145703,-0.24911005592346225,No,False,No,False
Arithmetic,1_digit_subtraction,'',Is 0 minus 8 equal to -8?,Yes,-5.461469650268555,-4.927291870117188,-5.066058899402618,-4.678052591323852,-0.3954107508659366,-0.24923927879333618,No,False,No,False
Arithmetic,1_digit_subtraction,'',Is 8 minus 8 equal to 3?,No,-5.317449569702148,-4.766180038452148,-5.066058899402618,-4.678052591323852,-0.2513906702995303,-0.08812744712829623,No,True,No,True
Arithmetic,2_digit_subtraction,'',Is 18 minus 51 equal to -33?,Yes,-5.937110900878906,-5.077715873718262,-5.066058899402618,-4.678052591323852,-0.8710520014762881,-0.3996632823944095,No,False,No,False
Arithmetic,1_digit_addition,'',Is 4 plus 6 equal to 30?,No,-4.774899005889893,-4.279894828796387,-5.066058899402618,-4.678052591323852,0.29115989351272553,0.3981577625274655,No,True,No,True
Arithmetic,1_digit_multiplication,'',Is 8 times 4 equal to 95?,No,-4.830837726593018,-4.465456962585449,-5.066058899402618,-4.678052591323852,0.23522117280960053,0.212595628738403,No,True,Yes,False
Arithmetic,2_digit_multiplication,'',Is 38 times 22 equal to 143?,No,-5.09702730178833,-4.610836505889893,-5.066058899402618,-4.678052591323852,-0.03096840238571197,0.06721608543395963,No,True,No,True
Arithmetic,2_digit_subtraction,'',Is 34 minus 28 equal to 6?,Yes,-5.141566753387451,-4.651872158050537,-5.066058899402618,-4.678052591323852,-0.07550785398483306,0.026180433273315096,No,False,No,False
Arithmetic,2_digit_addition,'',Is 69 plus 92 equal to 161?,Yes,-4.6681904792785645,-4.36324405670166,-5.066058899402618,-4.678052591323852,0.39786842012405366,0.31480853462219205,No,False,Yes,True
Arithmetic,2_digit_subtraction,'',Is 28 minus 26 equal to 2?,Yes,-5.372604370117188,-4.823208332061768,-5.066058899402618,-4.678052591323852,-0.3065454707145703,-0.14515574073791537,No,False,No,False
Arithmetic,2_digit_addition,'',Is 64 plus 27 equal to 69?,No,-4.707133293151856,-4.338343143463135,-5.066058899402618,-4.678052591323852,0.35892560625076175,0.33970944786071744,No,True,Yes,False
Arithmetic,2_digit_subtraction,'',Is 10 minus 10 equal to 1?,No,-5.329710006713867,-4.835528373718262,-5.066058899402618,-4.678052591323852,-0.2636511073112491,-0.1574757823944095,No,True,No,True
Arithmetic,2_digit_addition,'',Is 23 plus 63 equal to 86?,Yes,-4.569903373718262,-4.325555801391602,-5.066058899402618,-4.678052591323852,0.4961555256843564,0.35249678993225064,No,False,Yes,True
Arithmetic,2_digit_addition,'',Is 65 plus 26 equal to 15?,No,-4.851153373718262,-4.543639659881592,-5.066058899402618,-4.678052591323852,0.2149055256843564,0.1344129314422604,No,True,Yes,False
Arithmetic,1_digit_addition,'',Is 2 plus 0 equal to 8?,No,-5.108086109161377,-4.9271626472473145,-5.066058899402618,-4.678052591323852,-0.04202720975875884,-0.24911005592346225,No,True,Yes,False
Arithmetic,2_digit_addition,'',Is 32 plus 87 equal to 119?,Yes,-4.806272506713867,-4.313961505889893,-5.066058899402618,-4.678052591323852,0.2597863926887509,0.3640910854339596,No,False,No,False
Arithmetic,2_digit_addition,'',Is 30 plus 53 equal to 83?,Yes,-4.759274005889893,-4.388681411743164,-5.066058899402618,-4.678052591323852,0.30678489351272553,0.28937117958068814,No,False,Yes,True
Arithmetic,1_digit_multiplication,'',Is 9 times 1 equal to 9?,Yes,-4.603024005889893,-4.670519828796387,-5.066058899402618,-4.678052591323852,0.46303489351272553,0.007532762527465486,Yes,True,Yes,True
Arithmetic,2_digit_multiplication,'',Is 79 times 48 equal to 5422?,No,-5.086958408355713,-4.789254665374756,-5.066058899402618,-4.678052591323852,-0.02089950895309478,-0.11120207405090365,No,True,Yes,False
Arithmetic,2_digit_multiplication,'',Is 78 times 67 equal to 7221?,No,-5.241992950439453,-4.888229370117188,-5.066058899402618,-4.678052591323852,-0.17593405103683502,-0.21017677879333618,No,True,Yes,False
Arithmetic,1_digit_subtraction,'',Is 7 minus 8 equal to -1?,Yes,-5.552395343780518,-4.755422592163086,-5.066058899402618,-4.678052591323852,-0.48633644437789947,-0.07737000083923373,No,False,No,False
Arithmetic,1_digit_subtraction,'',Is 4 minus 0 equal to 2?,No,-5.454066753387451,-4.901872158050537,-5.066058899402618,-4.678052591323852,-0.38800785398483306,-0.2238195667266849,No,True,No,True
Arithmetic,2_digit_subtraction,'',Is 15 minus 31 equal to -16?,Yes,-5.600273609161377,-5.048336505889893,-5.066058899402618,-4.678052591323852,-0.5342147097587588,-0.3702839145660404,No,False,No,False
Arithmetic,2_digit_multiplication,'',Is 92 times 88 equal to 1424?,No,-5.037679195404053,-4.743772506713867,-5.066058899402618,-4.678052591323852,0.028379703998565375,-0.06571991539001498,No,True,Yes,False
Arithmetic,1_digit_subtraction,'',Is 7 minus 2 equal to 5?,Yes,-5.2619404792785645,-4.770868301391602,-5.066058899402618,-4.678052591323852,-0.19588157987594634,-0.09281571006774936,No,False,No,False
Arithmetic,1_digit_multiplication,'',Is 1 times 1 equal to 1?,Yes,-4.990898609161377,-5.181272506713867,-5.066058899402618,-4.678052591323852,0.07516029024124116,-0.503219915390015,Yes,True,Yes,True
Arithmetic,1_digit_subtraction,'',Is 9 minus 0 equal to 5?,No,-5.186065196990967,-4.755243301391602,-5.066058899402618,-4.678052591323852,-0.12000629758834869,-0.07719071006774936,No,True,No,True
Arithmetic,1_digit_subtraction,'',Is 4 minus 0 equal to 4?,Yes,-5.258109092712402,-4.76633882522583,-5.066058899402618,-4.678052591323852,-0.19205019330978423,-0.08828623390197787,No,False,No,False
Arithmetic,1_digit_subtraction,'',Is 3 minus 3 equal to 2?,No,-5.210528373718262,-4.965514659881592,-5.066058899402618,-4.678052591323852,-0.1444694743156436,-0.2874620685577396,No,True,Yes,False
Arithmetic,2_digit_subtraction,'',Is 37 minus 47 equal to 774?,No,-5.255290985107422,-4.644059658050537,-5.066058899402618,-4.678052591323852,-0.18923208570480377,0.033992933273315096,No,True,No,True
Arithmetic,1_digit_multiplication,'',Is 8 times 2 equal to 95?,No,-4.764336109161377,-4.460528373718262,-5.066058899402618,-4.678052591323852,0.30172279024124116,0.2175242176055905,No,True,Yes,False
Arithmetic,2_digit_addition,'',Is 84 plus 83 equal to 167?,Yes,-4.8490376472473145,-4.482431411743164,-5.066058899402618,-4.678052591323852,0.21702125215530366,0.19562117958068814,No,False,Yes,True
Arithmetic,1_digit_subtraction,'',Is 4 minus 2 equal to 2?,Yes,-5.312647342681885,-4.757729530334473,-5.066058899402618,-4.678052591323852,-0.24658844327926666,-0.07967693901062045,No,False,No,False
Arithmetic,2_digit_multiplication,'',Is 56 times 57 equal to 3192?,Yes,-5.028854370117188,-4.791958332061768,-5.066058899402618,-4.678052591323852,0.03720452928542972,-0.11390574073791537,No,False,Yes,True
Arithmetic,2_digit_multiplication,'',Is 93 times 88 equal to 4450?,No,-4.88609790802002,-4.5900654792785645,-5.066058899402618,-4.678052591323852,0.1799609913825977,0.08798711204528775,No,True,Yes,False
Arithmetic,2_digit_addition,'',Is 88 plus 44 equal to 132?,Yes,-4.87827730178833,-4.451690196990967,-5.066058899402618,-4.678052591323852,0.18778159761428803,0.2263623943328854,No,False,No,False
Arithmetic,2_digit_subtraction,'',Is 29 minus 93 equal to -64?,Yes,-5.28452730178833,-4.673336505889893,-5.066058899402618,-4.678052591323852,-0.21846840238571197,0.004716085433959627,No,False,No,False
Arithmetic,2_digit_multiplication,'',Is 54 times 80 equal to 4320?,Yes,-4.933082580566406,-4.632959842681885,-5.066058899402618,-4.678052591323852,0.13297631883621186,0.04509274864196744,No,False,Yes,True
Arithmetic,1_digit_subtraction,'',Is 7 minus 1 equal to 7?,No,-5.357940196990967,-4.803885459899902,-5.066058899402618,-4.678052591323852,-0.2918812975883487,-0.12583286857605014,No,True,No,True
Arithmetic,2_digit_addition,'',Is 33 plus 12 equal to 45?,Yes,-4.520202159881592,-4.210655212402344,-5.066058899402618,-4.678052591323852,0.5458567395210263,0.46739737892150846,No,False,Yes,True
Arithmetic,1_digit_multiplication,'',Is 7 times 0 equal to 0?,Yes,-5.032270908355713,-4.733086109161377,-5.066058899402618,-4.678052591323852,0.03378799104690522,-0.05503351783752475,No,False,Yes,True
Arithmetic,1_digit_addition,'',Is 8 plus 9 equal to 50?,No,-4.833437919616699,-4.276508331298828,-5.066058899402618,-4.678052591323852,0.2326209797859189,0.4015442600250241,No,True,No,True
Arithmetic,1_digit_addition,'',Is 2 plus 9 equal to 37?,No,-4.997137069702148,-4.5677876472473145,-5.066058899402618,-4.678052591323852,0.06892182970046967,0.11026494407653775,No,True,No,True
Arithmetic,1_digit_multiplication,'',Is 9 times 6 equal to 54?,Yes,-4.851859092712402,-4.6093831062316895,-5.066058899402618,-4.678052591323852,0.21419980669021577,0.06866948509216275,No,False,Yes,True
Arithmetic,1_digit_addition,'',Is 1 plus 5 equal to 7?,No,-5.200262069702148,-4.9572529792785645,-5.066058899402618,-4.678052591323852,-0.13420317029953033,-0.27920038795471225,No,True,Yes,False
Arithmetic,2_digit_subtraction,'',Is 25 minus 73 equal to 731?,No,-5.325719356536865,-4.709293365478516,-5.066058899402618,-4.678052591323852,-0.2596604571342471,-0.03124077415466342,No,True,No,True
Arithmetic,1_digit_multiplication,'',Is 3 times 1 equal to 3?,Yes,-4.814085006713867,-5.070867538452148,-5.066058899402618,-4.678052591323852,0.2519738926887509,-0.39281494712829623,Yes,True,Yes,True
Arithmetic,1_digit_multiplication,'',Is 9 times 3 equal to 96?,No,-4.543581962585449,-4.42387580871582,-5.066058899402618,-4.678052591323852,0.5224769368171689,0.2541767826080319,No,True,Yes,False
Arithmetic,1_digit_multiplication,'',Is 1 times 0 equal to 4?,No,-4.880416870117188,-5.075262069702148,-5.066058899402618,-4.678052591323852,0.18564202928542972,-0.39720947837829623,Yes,False,Yes,False
Arithmetic,1_digit_subtraction,'',Is 3 minus 6 equal to 15?,No,-5.313055038452148,-4.818957328796387,-5.066058899402618,-4.678052591323852,-0.24699613904953033,-0.1409047374725345,No,True,No,True
Arithmetic,1_digit_subtraction,'',Is 1 minus 8 equal to 47?,No,-5.186211109161377,-4.571774005889893,-5.066058899402618,-4.678052591323852,-0.12015220975875884,0.10627858543395963,No,True,No,True
Arithmetic,1_digit_multiplication,'',Is 8 times 8 equal to 64?,Yes,-4.6809983253479,-4.624917030334473,-5.066058899402618,-4.678052591323852,0.3850605740547177,0.05313556098937955,No,False,Yes,True
Arithmetic,2_digit_subtraction,'',Is 89 minus 15 equal to 45?,No,-4.816688060760498,-4.448871612548828,-5.066058899402618,-4.678052591323852,0.24937083864212006,0.22918097877502408,No,True,Yes,False
Arithmetic,1_digit_multiplication,'',Is 7 times 8 equal to 56?,Yes,-4.928398609161377,-4.688961505889893,-5.066058899402618,-4.678052591323852,0.13766029024124116,-0.010908914566040373,No,False,Yes,True
Arithmetic,1_digit_subtraction,'',Is 9 minus 0 equal to 9?,Yes,-5.085528373718262,-4.592947959899902,-5.066058899402618,-4.678052591323852,-0.01946947431564361,0.08510463142394986,No,False,No,False
Arithmetic,2_digit_subtraction,'',Is 34 minus 41 equal to 36?,No,-4.71325159072876,-4.344415664672852,-5.066058899402618,-4.678052591323852,0.35280730867385834,0.33363692665100064,No,True,Yes,False
Arithmetic,1_digit_addition,'',Is 5 plus 3 equal to 5?,No,-4.882729530334473,-4.635883331298828,-5.066058899402618,-4.678052591323852,0.18332936906814545,0.04216926002502408,No,True,Yes,False
Arithmetic,1_digit_addition,'',Is 6 plus 7 equal to 22?,No,-5.112809658050537,-4.618484020233154,-5.066058899402618,-4.678052591323852,-0.046750758647919,0.05956857109069791,No,True,No,True
Arithmetic,1_digit_multiplication,'',Is 6 times 6 equal to 36?,Yes,-4.836129665374756,-4.719305038452148,-5.066058899402618,-4.678052591323852,0.22992923402786225,-0.04125244712829623,No,False,Yes,True
Arithmetic,1_digit_addition,'',Is 3 plus 0 equal to 8?,No,-4.929278373718262,-4.746764659881592,-5.066058899402618,-4.678052591323852,0.1367805256843564,-0.06871206855773959,No,True,Yes,False
Arithmetic,1_digit_multiplication,'',Is 1 times 8 equal to 9?,No,-4.907630920410156,-4.919469356536865,-5.066058899402618,-4.678052591323852,0.15842797899246186,-0.24141676521301303,Yes,False,Yes,False
Arithmetic,2_digit_multiplication,'',Is 36 times 43 equal to 1548?,Yes,-4.965887069702148,-4.787627696990967,-5.066058899402618,-4.678052591323852,0.10017182970046967,-0.10957510566711459,No,False,Yes,True
Arithmetic,2_digit_addition,'',Is 79 plus 92 equal to 160?,No,-4.7044358253479,-4.399734020233154,-5.066058899402618,-4.678052591323852,0.3616230740547177,0.2783185710906979,No,True,Yes,False
Arithmetic,2_digit_multiplication,'',Is 31 times 16 equal to 496?,Yes,-4.936978340148926,-4.69676399230957,-5.066058899402618,-4.678052591323852,0.12908055925369233,-0.018711400985718107,No,False,Yes,True
Arithmetic,2_digit_multiplication,'',Is 72 times 27 equal to 3699?,No,-4.911666870117188,-4.549770832061768,-5.066058899402618,-4.678052591323852,0.15439202928542972,0.12828175926208463,No,True,Yes,False
Arithmetic,2_digit_addition,'',Is 12 plus 96 equal to 108?,Yes,-4.962399005889893,-4.404894828796387,-5.066058899402618,-4.678052591323852,0.10365989351272553,0.2731577625274655,No,False,No,False
Arithmetic,1_digit_multiplication,'',Is 0 times 3 equal to 5?,No,-5.093086242675781,-5.164196014404297,-5.066058899402618,-4.678052591323852,-0.02702734327316314,-0.48614342308044467,Yes,False,Yes,False
Arithmetic,1_digit_multiplication,'',Is 0 times 6 equal to 0?,Yes,-5.257748126983643,-5.02371072769165,-5.066058899402618,-4.678052591323852,-0.19168922758102447,-0.3456581363677982,No,False,Yes,True
Arithmetic,2_digit_multiplication,'',Is 91 times 84 equal to 6063?,No,-4.926948070526123,-4.754188060760498,-5.066058899402618,-4.678052591323852,0.13911082887649506,-0.07613546943664584,No,True,Yes,False
Arithmetic,2_digit_multiplication,'',Is 29 times 21 equal to 312?,No,-4.884397506713867,-4.643740653991699,-5.066058899402618,-4.678052591323852,0.18166139268875092,0.034311937332152986,No,True,Yes,False
Arithmetic,1_digit_subtraction,'',Is 4 minus 1 equal to 3?,Yes,-5.3606858253479,-4.805984020233154,-5.066058899402618,-4.678052591323852,-0.2946269259452823,-0.1279314289093021,No,False,No,False
Arithmetic,1_digit_addition,'',Is 4 plus 2 equal to 6?,Yes,-4.975127696990967,-4.543639659881592,-5.066058899402618,-4.678052591323852,0.09093120241165131,0.1344129314422604,No,False,No,False
Arithmetic,1_digit_multiplication,'',Is 1 times 2 equal to 7?,No,-5.152076244354248,-5.221462726593018,-5.066058899402618,-4.678052591323852,-0.08601734495162994,-0.5434101352691654,Yes,False,Yes,False
Arithmetic,1_digit_multiplication,'',Is 5 times 2 equal to 10?,Yes,-5.013219356536865,-4.8950276374816895,-5.066058899402618,-4.678052591323852,0.052839542865752875,-0.21697504615783725,No,False,Yes,True
Arithmetic,1_digit_addition,'',Is 5 plus 1 equal to 9?,No,-4.930242538452148,-4.559264659881592,-5.066058899402618,-4.678052591323852,0.13581636095046967,0.11878793144226041,No,True,Yes,False
Arithmetic,1_digit_subtraction,'',Is 2 minus 6 equal to -4?,Yes,-5.748616695404053,-5.140817165374756,-5.066058899402618,-4.678052591323852,-0.6825577960014346,-0.46276457405090365,No,False,No,False
Arithmetic,2_digit_addition,'',Is 80 plus 11 equal to 80?,No,-4.780447959899902,-4.346644878387451,-5.066058899402618,-4.678052591323852,0.28561093950271577,0.33140771293640103,No,True,No,True
Arithmetic,1_digit_multiplication,'',Is 2 times 3 equal to 7?,No,-5.134451866149902,-5.083700656890869,-5.066058899402618,-4.678052591323852,-0.06839296674728423,-0.40564806556701694,No,True,Yes,False
Arithmetic,2_digit_multiplication,'',Is 52 times 53 equal to 2756?,Yes,-5.10484790802002,-4.806272506713867,-5.066058899402618,-4.678052591323852,-0.03878900861740231,-0.12821991539001498,No,False,Yes,True
Arithmetic,2_digit_multiplication,'',Is 71 times 85 equal to 3719?,No,-5.055852890014648,-4.764336109161377,-5.066058899402618,-4.678052591323852,0.010206009387969672,-0.08628351783752475,No,True,Yes,False
Arithmetic,2_digit_multiplication,'',Is 50 times 23 equal to 5941?,No,-5.132423400878906,-4.703317165374756,-5.066058899402618,-4.678052591323852,-0.06636450147628814,-0.025264574050903654,No,True,No,True
Arithmetic,1_digit_addition,'',Is 0 plus 5 equal to 5?,Yes,-5.133833408355713,-4.892124652862549,-5.066058899402618,-4.678052591323852,-0.06777450895309478,-0.21407206153869662,No,False,Yes,True
Arithmetic,1_digit_multiplication,'',Is 5 times 0 equal to 0?,Yes,-5.032749652862549,-4.848699569702148,-5.066058899402618,-4.678052591323852,0.03330924654006928,-0.17064697837829623,No,False,Yes,True
Arithmetic,2_digit_addition,'',Is 62 plus 92 equal to 971?,No,-4.909645080566406,-4.484522342681885,-5.066058899402618,-4.678052591323852,0.15641381883621186,0.19353024864196744,No,True,No,True
Arithmetic,1_digit_addition,'',Is 9 plus 9 equal to 27?,No,-4.82102632522583,-4.325746059417725,-5.066058899402618,-4.678052591323852,0.24503257417678803,0.3523065319061276,No,True,No,True
Arithmetic,1_digit_subtraction,'',Is 6 minus 8 equal to 20?,No,-5.249590873718262,-4.506457328796387,-5.066058899402618,-4.678052591323852,-0.1835319743156436,0.1715952625274655,No,True,No,True
Arithmetic,2_digit_multiplication,'',Is 43 times 10 equal to 124?,No,-4.965887069702148,-4.54137659072876,-5.066058899402618,-4.678052591323852,0.10017182970046967,0.13667600059509244,No,True,No,True
Arithmetic,1_digit_subtraction,'',Is 0 minus 7 equal to 95?,No,-5.05016040802002,-4.440395832061768,-5.066058899402618,-4.678052591323852,0.01589849138259769,0.23765675926208463,No,True,No,True
Arithmetic,1_digit_subtraction,'',Is 4 minus 2 equal to 8?,No,-5.241778373718262,-4.686144828796387,-5.066058899402618,-4.678052591323852,-0.1757194743156436,-0.008092237472534514,No,True,No,True
Arithmetic,1_digit_addition,'',Is 6 plus 0 equal to 6?,Yes,-5.101859092712402,-4.733632564544678,-5.066058899402618,-4.678052591323852,-0.035800193309784234,-0.05557997322082553,No,False,Yes,True
Arithmetic,2_digit_multiplication,'',Is 50 times 84 equal to 4200?,Yes,-5.204624652862549,-4.7162251472473145,-5.066058899402618,-4.678052591323852,-0.13856575345993072,-0.03817255592346225,No,False,No,False
Arithmetic,1_digit_subtraction,'',Is 7 minus 5 equal to 2?,Yes,-5.378395080566406,-4.8294358253479,-5.066058899402618,-4.678052591323852,-0.31233618116378814,-0.15138323402404819,No,False,No,False
Arithmetic,1_digit_addition,'',Is 4 plus 3 equal to 7?,Yes,-5.111780643463135,-4.618484020233154,-5.066058899402618,-4.678052591323852,-0.045721744060516656,0.05956857109069791,No,False,No,False
Arithmetic,2_digit_subtraction,'',Is 50 minus 39 equal to 15?,No,-5.4115376472473145,-4.79293155670166,-5.066058899402618,-4.678052591323852,-0.34547874784469634,-0.11487896537780795,No,True,No,True
Arithmetic,1_digit_subtraction,'',Is 0 minus 8 equal to 11?,No,-5.273242950439453,-4.731979370117188,-5.066058899402618,-4.678052591323852,-0.20718405103683502,-0.05392677879333618,No,True,No,True
Arithmetic,2_digit_multiplication,'',Is 11 times 24 equal to 264?,Yes,-5.066688060760498,-4.700735092163086,-5.066058899402618,-4.678052591323852,-0.0006291613578799371,-0.022682500839233732,No,False,Yes,True
Arithmetic,1_digit_addition,'',Is 8 plus 1 equal to 8?,No,-4.8637776374816895,-4.619112491607666,-5.066058899402618,-4.678052591323852,0.20228126192092866,0.05894009971618619,No,True,Yes,False
Arithmetic,1_digit_multiplication,'',Is 4 times 9 equal to 99?,No,-4.911825656890869,-4.4218831062316895,-5.066058899402618,-4.678052591323852,0.15423324251174897,0.25616948509216275,No,True,No,True
Arithmetic,2_digit_subtraction,'',Is 74 minus 32 equal to 18?,No,-5.081020832061768,-4.58980655670166,-5.066058899402618,-4.678052591323852,-0.014961932659149468,0.08824603462219205,No,True,No,True
Arithmetic,1_digit_subtraction,'',Is 4 minus 3 equal to 1?,Yes,-5.232138156890869,-4.615646839141846,-5.066058899402618,-4.678052591323852,-0.16607925748825103,0.0624057521820065,No,False,No,False
Arithmetic,2_digit_subtraction,'',Is 50 minus 50 equal to 0?,Yes,-5.306187152862549,-4.625192165374756,-5.066058899402618,-4.678052591323852,-0.24012825345993072,0.052860425949096346,No,False,No,False
Arithmetic,1_digit_multiplication,'',Is 9 times 2 equal to 83?,No,-4.831020832061768,-4.65075159072876,-5.066058899402618,-4.678052591323852,0.23503806734085053,0.02730100059509244,No,True,Yes,False
Arithmetic,2_digit_multiplication,'',Is 76 times 18 equal to 1368?,Yes,-5.318929195404053,-4.900022506713867,-5.066058899402618,-4.678052591323852,-0.2528702960014346,-0.22196991539001498,No,False,No,False
Arithmetic,1_digit_addition,'',Is 5 plus 5 equal to 10?,Yes,-4.931064605712891,-4.558829784393311,-5.066058899402618,-4.678052591323852,0.13499429368972748,0.11922280693054077,No,False,Yes,True
Arithmetic,1_digit_multiplication,'',Is 9 times 4 equal to 36?,Yes,-4.664359092712402,-4.546132564544678,-5.066058899402618,-4.678052591323852,0.40169980669021577,0.13192002677917447,No,False,Yes,True
Arithmetic,2_digit_multiplication,'',Is 70 times 23 equal to 1610?,Yes,-5.18296480178833,-4.696774005889893,-5.066058899402618,-4.678052591323852,-0.11690590238571197,-0.018721414566040373,No,False,No,False
Arithmetic,1_digit_multiplication,'',Is 7 times 4 equal to 28?,Yes,-5.036199569702148,-4.734930038452148,-5.066058899402618,-4.678052591323852,0.029859329700469672,-0.05687744712829623,No,False,Yes,True
Arithmetic,1_digit_addition,'',Is 3 plus 9 equal to 12?,Yes,-4.842105865478516,-4.5337653160095215,-5.066058899402618,-4.678052591323852,0.22395303392410248,0.14428727531433072,No,False,Yes,True
Arithmetic,2_digit_multiplication,'',Is 25 times 63 equal to 1575?,Yes,-5.0666279792785645,-4.76168155670166,-5.066058899402618,-4.678052591323852,-0.0005690798759463433,-0.08362896537780795,No,False,Yes,True
Arithmetic,2_digit_multiplication,'',Is 86 times 12 equal to 3301?,No,-5.335742473602295,-4.977504253387451,-5.066058899402618,-4.678052591323852,-0.2696835741996768,-0.29945166206359897,No,True,Yes,False
Arithmetic,1_digit_multiplication,'',Is 0 times 1 equal to 0?,Yes,-5.24636697769165,-5.068600177764893,-5.066058899402618,-4.678052591323852,-0.18030807828903228,-0.3905475864410404,No,False,Yes,True
Arithmetic,2_digit_multiplication,'',Is 43 times 32 equal to 1376?,Yes,-5.108985900878906,-4.686065196990967,-5.066058899402618,-4.678052591323852,-0.04292700147628814,-0.008012605667114592,No,False,No,False
Arithmetic,1_digit_addition,'',Is 6 plus 6 equal to 70?,No,-4.925309658050537,-4.368484020233154,-5.066058899402618,-4.678052591323852,0.140749241352081,0.3095685710906979,No,True,No,True
Arithmetic,1_digit_multiplication,'',Is 9 times 0 equal to 0?,Yes,-4.872137069702148,-4.6291279792785645,-5.066058899402618,-4.678052591323852,0.19392182970046967,0.04892461204528775,No,False,Yes,True
Arithmetic,2_digit_subtraction,'',Is 68 minus 56 equal to 41?,No,-4.995826244354248,-4.447850227355957,-5.066058899402618,-4.678052591323852,0.07023265504837006,0.23020236396789517,No,True,No,True
Arithmetic,1_digit_subtraction,'',Is 4 minus 5 equal to -1?,Yes,-5.616450309753418,-4.7544026374816895,-5.066058899402618,-4.678052591323852,-0.5503914103507999,-0.07635004615783725,No,False,No,False
Arithmetic,1_digit_subtraction,'',Is 0 minus 3 equal to -3?,Yes,-6.051352024078369,-5.326741695404053,-5.066058899402618,-4.678052591323852,-0.985293124675751,-0.6486891040802005,No,False,No,False
Arithmetic,2_digit_addition,'',Is 31 plus 88 equal to 119?,Yes,-4.803252696990967,-4.372430801391602,-5.066058899402618,-4.678052591323852,0.2628062024116513,0.30562178993225064,No,False,No,False
Arithmetic,2_digit_subtraction,'',Is 37 minus 10 equal to 17?,No,-5.438441753387451,-4.825625419616699,-5.066058899402618,-4.678052591323852,-0.37238285398483306,-0.147572828292847,No,True,No,True
Arithmetic,1_digit_subtraction,'',Is 8 minus 1 equal to 1?,No,-5.265103340148926,-4.713475227355957,-5.066058899402618,-4.678052591323852,-0.19904444074630767,-0.035422636032104826,No,True,No,True
Arithmetic,2_digit_subtraction,'',Is 54 minus 93 equal to 148?,No,-4.9584126472473145,-4.342394828796387,-5.066058899402618,-4.678052591323852,0.10764625215530366,0.3356577625274655,No,True,No,True
Arithmetic,2_digit_subtraction,'',Is 95 minus 80 equal to 45?,No,-5.04051399230957,-4.423252105712891,-5.066058899402618,-4.678052591323852,0.025544907093047797,0.2548004856109616,No,True,No,True
Arithmetic,2_digit_multiplication,'',Is 24 times 90 equal to 2160?,Yes,-4.993687152862549,-4.875192165374756,-5.066058899402618,-4.678052591323852,0.07237174654006928,-0.19713957405090365,No,False,Yes,True
Arithmetic,2_digit_subtraction,'',Is 24 minus 46 equal to -22?,Yes,-5.583415985107422,-4.784684658050537,-5.066058899402618,-4.678052591323852,-0.5173570857048038,-0.1066320667266849,No,False,No,False
Arithmetic,1_digit_multiplication,'',Is 8 times 5 equal to 40?,Yes,-4.83921480178833,-4.538653373718262,-5.066058899402618,-4.678052591323852,0.22684409761428803,0.1393992176055905,No,False,Yes,True
Arithmetic,2_digit_subtraction,'',Is 61 minus 40 equal to 33?,No,-5.194575309753418,-4.706559658050537,-5.066058899402618,-4.678052591323852,-0.12851641035079986,-0.028507066726684904,No,True,No,True
Arithmetic,2_digit_addition,'',Is 21 plus 65 equal to 86?,Yes,-4.6606526374816895,-4.352859020233154,-5.066058899402618,-4.678052591323852,0.40540626192092866,0.3251935710906979,No,False,Yes,True
Arithmetic,2_digit_multiplication,'',Is 36 times 82 equal to 6725?,No,-4.84702730178833,-4.607940196990967,-5.066058899402618,-4.678052591323852,0.21903159761428803,0.07011239433288541,No,True,Yes,False
Arithmetic,2_digit_multiplication,'',Is 95 times 91 equal to 8645?,Yes,-4.997604370117188,-4.6369404792785645,-5.066058899402618,-4.678052591323852,0.06845452928542972,0.04111211204528775,No,False,Yes,True
Arithmetic,1_digit_multiplication,'',Is 2 times 7 equal to 44?,No,-4.954764366149902,-4.840125560760498,-5.066058899402618,-4.678052591323852,0.11129453325271577,-0.16207296943664584,No,True,Yes,False
Arithmetic,1_digit_multiplication,'',Is 1 times 7 equal to 7?,Yes,-5.028728485107422,-5.161656856536865,-5.066058899402618,-4.678052591323852,0.037330414295196235,-0.48360426521301303,Yes,True,Yes,True
Arithmetic,2_digit_subtraction,'',Is 61 minus 41 equal to 20?,Yes,-5.024379253387451,-4.474062919616699,-5.066058899402618,-4.678052591323852,0.04167964601516694,0.203989671707153,No,False,No,False
Arithmetic,1_digit_subtraction,'',Is 0 minus 2 equal to 27?,No,-5.42579460144043,-4.759451866149902,-5.066058899402618,-4.678052591323852,-0.3597357020378116,-0.08139927482605014,No,True,No,True
Arithmetic,2_digit_multiplication,'',Is 55 times 38 equal to 8610?,No,-5.037773609161377,-4.673336505889893,-5.066058899402618,-4.678052591323852,0.028285290241241157,0.004716085433959627,No,True,Yes,False
Arithmetic,1_digit_subtraction,'',Is 8 minus 6 equal to 5?,No,-5.209648609161377,-4.657711505889893,-5.066058899402618,-4.678052591323852,-0.14358970975875884,0.020341085433959627,No,True,No,True
Arithmetic,1_digit_addition,'',Is 8 plus 5 equal to 30?,No,-4.709502696990967,-4.340514659881592,-5.066058899402618,-4.678052591323852,0.3565562024116513,0.3375379314422604,No,True,Yes,False
Arithmetic,1_digit_addition,'',Is 3 plus 7 equal to 10?,Yes,-4.915524005889893,-4.608019828796387,-5.066058899402618,-4.678052591323852,0.15053489351272553,0.07003276252746549,No,False,Yes,True
Arithmetic,1_digit_multiplication,'',Is 6 times 7 equal to 42?,Yes,-4.889336109161377,-4.710528373718262,-5.066058899402618,-4.678052591323852,0.17672279024124116,-0.032475782394409514,No,False,Yes,True
Arithmetic,2_digit_addition,'',Is 60 plus 47 equal to 107?,Yes,-4.940037727355957,-4.384189605712891,-5.066058899402618,-4.678052591323852,0.12602117204666108,0.2938629856109616,No,False,No,False
Arithmetic,1_digit_multiplication,'',Is 8 times 9 equal to 72?,Yes,-4.799587726593018,-4.620746612548828,-5.066058899402618,-4.678052591323852,0.26647117280960053,0.05730597877502408,No,False,Yes,True
Arithmetic,1_digit_addition,'',Is 2 plus 3 equal to 5?,Yes,-4.984522342681885,-4.803043365478516,-5.066058899402618,-4.678052591323852,0.08153655672073334,-0.12499077415466342,No,False,Yes,True
Arithmetic,2_digit_addition,'',Is 96 plus 78 equal to 174?,Yes,-4.951836109161377,-4.461492538452148,-5.066058899402618,-4.678052591323852,0.11422279024124116,0.21656005287170377,No,False,No,False
Arithmetic,1_digit_multiplication,'',Is 9 times 6 equal to 27?,No,-4.926063060760498,-4.685110092163086,-5.066058899402618,-4.678052591323852,0.13999583864212006,-0.007057500839233732,No,True,Yes,False
Arithmetic,2_digit_subtraction,'',Is 78 minus 38 equal to 40?,Yes,-4.945459842681885,-4.454421520233154,-5.066058899402618,-4.678052591323852,0.12059905672073334,0.2236310710906979,No,False,No,False
Arithmetic,1_digit_multiplication,'',Is 9 times 7 equal to 63?,Yes,-4.836234092712402,-4.6562581062316895,-5.066058899402618,-4.678052591323852,0.22982480669021577,0.021794485092162752,No,False,Yes,True
Arithmetic,2_digit_subtraction,'',Is 86 minus 95 equal to 28?,No,-5.137762069702148,-4.52575159072876,-5.066058899402618,-4.678052591323852,-0.07170317029953033,0.15230100059509244,No,True,No,True
Arithmetic,1_digit_multiplication,'',Is 9 times 5 equal to 45?,Yes,-4.632403373718262,-4.450555801391602,-5.066058899402618,-4.678052591323852,0.4336555256843564,0.22749678993225064,No,False,Yes,True
Arithmetic,2_digit_addition,'',Is 60 plus 53 equal to 113?,Yes,-4.850127696990967,-4.356139659881592,-5.066058899402618,-4.678052591323852,0.2159312024116513,0.3219129314422604,No,False,No,False
Arithmetic,1_digit_subtraction,'',Is 5 minus 6 equal to -1?,Yes,-5.557400226593018,-4.817019462585449,-5.066058899402618,-4.678052591323852,-0.49134132719039947,-0.138966871261597,No,False,No,False
Arithmetic,1_digit_subtraction,'',Is 1 minus 4 equal to -3?,Yes,-5.982991695404053,-5.248711109161377,-5.066058899402618,-4.678052591323852,-0.9169327960014346,-0.5706585178375247,No,False,No,False
Arithmetic,1_digit_addition,'',Is 8 plus 3 equal to 17?,No,-5.161199569702148,-4.7318501472473145,-5.066058899402618,-4.678052591323852,-0.09514067029953033,-0.05379755592346225,No,True,No,True
Arithmetic,1_digit_subtraction,'',Is 5 minus 4 equal to 1?,Yes,-5.243772506713867,-4.688055038452148,-5.066058899402618,-4.678052591323852,-0.17771360731124908,-0.010002447128296232,No,False,No,False
Arithmetic,2_digit_multiplication,'',Is 50 times 57 equal to 2850?,Yes,-5.1224751472473145,-4.690615653991699,-5.066058899402618,-4.678052591323852,-0.05641624784469634,-0.012563062667847014,No,False,No,False
Arithmetic,1_digit_multiplication,'',Is 0 times 9 equal to 6?,No,-5.195844650268555,-5.087102890014648,-5.066058899402618,-4.678052591323852,-0.12978575086593658,-0.40905029869079623,No,True,Yes,False
Arithmetic,2_digit_addition,'',Is 83 plus 38 equal to 121?,Yes,-4.5744404792785645,-4.332702159881592,-5.066058899402618,-4.678052591323852,0.49161842012405366,0.3453504314422604,No,False,Yes,True
Arithmetic,2_digit_addition,'',Is 67 plus 77 equal to 144?,Yes,-4.80613899230957,-4.50071382522583,-5.066058899402618,-4.678052591323852,0.2599199070930478,0.17733876609802213,No,False,Yes,True
Arithmetic,1_digit_addition,'',Is 9 plus 9 equal to 18?,Yes,-4.749717712402344,-4.4400787353515625,-5.066058899402618,-4.678052591323852,0.31634118700027436,0.2379738559722897,No,False,Yes,True
Arithmetic,1_digit_multiplication,'',Is 2 times 9 equal to 77?,No,-5.054298400878906,-4.752895832061768,-5.066058899402618,-4.678052591323852,0.01176049852371186,-0.07484324073791537,No,True,Yes,False
Arithmetic,1_digit_addition,'',Is 1 plus 7 equal to 8?,Yes,-5.097758293151856,-4.916468143463135,-5.066058899402618,-4.678052591323852,-0.03169939374923825,-0.23841555213928256,No,False,Yes,True
Arithmetic,2_digit_subtraction,'',Is 95 minus 99 equal to -4?,Yes,-5.511451244354248,-4.838475227355957,-5.066058899402618,-4.678052591323852,-0.44539234495162994,-0.16042263603210483,No,False,No,False
Arithmetic,1_digit_multiplication,'',Is 6 times 5 equal to 30?,Yes,-4.745083332061768,-4.626461505889893,-5.066058899402618,-4.678052591323852,0.32097556734085053,0.05159108543395963,No,False,Yes,True
Arithmetic,1_digit_addition,'',Is 0 plus 9 equal to 7?,No,-5.277313232421875,-4.853062152862549,-5.066058899402618,-4.678052591323852,-0.2112543330192569,-0.17500956153869662,No,True,No,True
Arithmetic,2_digit_multiplication,'',Is 48 times 64 equal to 3072?,Yes,-5.08921480178833,-4.7240376472473145,-5.066058899402618,-4.678052591323852,-0.02315590238571197,-0.04598505592346225,No,False,Yes,True
Arithmetic,1_digit_addition,'',Is 6 plus 7 equal to 13?,Yes,-5.3294358253479,-4.7740654945373535,-5.066058899402618,-4.678052591323852,-0.2633769259452823,-0.09601290321350131,No,False,No,False
Arithmetic,2_digit_multiplication,'',Is 38 times 42 equal to 2285?,No,-5.222625732421875,-4.867379665374756,-5.066058899402618,-4.678052591323852,-0.1565668330192569,-0.18932707405090365,No,True,Yes,False
Arithmetic,2_digit_subtraction,'',Is 27 minus 68 equal to -41?,Yes,-5.624241352081299,-4.890772342681885,-5.066058899402618,-4.678052591323852,-0.5581824526786807,-0.21271975135803256,No,False,No,False
Arithmetic,1_digit_subtraction,'',Is 3 minus 4 equal to 26?,No,-5.163653373718262,-4.483019828796387,-5.066058899402618,-4.678052591323852,-0.09759447431564361,0.1950327625274655,No,True,No,True
Arithmetic,1_digit_addition,'',Is 0 plus 2 equal to 3?,No,-5.327929973602295,-5.026832580566406,-5.066058899402618,-4.678052591323852,-0.2618710741996768,-0.34877998924255404,No,True,Yes,False
Arithmetic,1_digit_addition,'',Is 8 plus 8 equal to 16?,Yes,-4.898992538452148,-4.467394828796387,-5.066058899402618,-4.678052591323852,0.16706636095046967,0.2106577625274655,No,False,No,False
Arithmetic,1_digit_subtraction,'',Is 3 minus 2 equal to 1?,Yes,-5.1916279792785645,-4.823428153991699,-5.066058899402618,-4.678052591323852,-0.12556907987594634,-0.145375562667847,No,False,Yes,True
Arithmetic,2_digit_multiplication,'',Is 34 times 89 equal to 3026?,Yes,-4.95640230178833,-4.655840873718262,-5.066058899402618,-4.678052591323852,0.10965659761428803,0.022211717605590486,No,False,Yes,True
Arithmetic,1_digit_subtraction,'',Is 2 minus 3 equal to -1?,Yes,-5.726078510284424,-5.114950656890869,-5.066058899402618,-4.678052591323852,-0.6600196108818057,-0.43689806556701694,No,False,No,False
Arithmetic,2_digit_multiplication,'',Is 54 times 22 equal to 2345?,No,-5.023048400878906,-4.7228779792785645,-5.066058899402618,-4.678052591323852,0.04301049852371186,-0.04482538795471225,No,True,Yes,False
Arithmetic,1_digit_multiplication,'',Is 9 times 1 equal to 4?,No,-4.741097450256348,-4.810000419616699,-5.066058899402618,-4.678052591323852,0.32496144914627045,-0.131947828292847,Yes,False,Yes,False
Arithmetic,2_digit_addition,'',Is 20 plus 68 equal to 66?,No,-4.899899005889893,-4.404306411743164,-5.066058899402618,-4.678052591323852,0.16615989351272553,0.27374617958068814,No,True,No,True
Arithmetic,2_digit_subtraction,'',Is 78 minus 42 equal to 36?,Yes,-4.900959491729736,-4.536562919616699,-5.066058899402618,-4.678052591323852,0.16509940767288178,0.141489671707153,No,False,Yes,True
Arithmetic,1_digit_multiplication,'',Is 5 times 5 equal to 10?,No,-5.030840873718262,-4.848993301391602,-5.066058899402618,-4.678052591323852,0.03521802568435639,-0.17094071006774936,No,True,Yes,False
Arithmetic,1_digit_subtraction,'',Is 0 minus 6 equal to -6?,Yes,-5.645102024078369,-5.047895908355713,-5.066058899402618,-4.678052591323852,-0.579043124675751,-0.3698433170318607,No,False,No,False
Arithmetic,2_digit_subtraction,'',Is 31 minus 51 equal to -20?,Yes,-5.44077730178833,-4.767086505889893,-5.066058899402618,-4.678052591323852,-0.37471840238571197,-0.08903391456604037,No,False,No,False
Arithmetic,1_digit_addition,'',Is 0 plus 1 equal to 1?,Yes,-5.152313232421875,-4.911666870117188,-5.066058899402618,-4.678052591323852,-0.08625433301925689,-0.23361427879333618,No,False,Yes,True
Arithmetic,1_digit_addition,'',Is 6 plus 4 equal to 72?,No,-4.873565196990967,-4.44136905670166,-5.066058899402618,-4.678052591323852,0.1924937024116513,0.23668353462219205,No,True,No,True
Arithmetic,1_digit_multiplication,'',Is 4 times 4 equal to 16?,Yes,-4.936568737030029,-4.757070064544678,-5.066058899402618,-4.678052591323852,0.1294901623725888,-0.07901747322082553,No,False,Yes,True
Arithmetic,1_digit_addition,'',Is 5 plus 8 equal to 13?,Yes,-5.171465873718262,-4.613952159881592,-5.066058899402618,-4.678052591323852,-0.10540697431564361,0.06410043144226041,No,False,No,False
Arithmetic,2_digit_multiplication,'',Is 74 times 56 equal to 4144?,Yes,-5.031383514404297,-4.796353340148926,-5.066058899402618,-4.678052591323852,0.034675384998321235,-0.11830074882507358,No,False,Yes,True
Arithmetic,1_digit_addition,'',Is 6 plus 6 equal to 12?,Yes,-5.00231409072876,-4.631457328796387,-5.066058899402618,-4.678052591323852,0.06374480867385834,0.046595262527465486,No,False,Yes,True
Arithmetic,2_digit_multiplication,'',Is 57 times 82 equal to 7689?,No,-5.077930450439453,-4.911666870117188,-5.066058899402618,-4.678052591323852,-0.011871551036835015,-0.23361427879333618,No,True,Yes,False
Arithmetic,1_digit_addition,'',Is 0 plus 4 equal to 4?,Yes,-5.119555473327637,-4.817790985107422,-5.066058899402618,-4.678052591323852,-0.05349657392501861,-0.13973839378356967,No,False,Yes,True
Arithmetic,1_digit_multiplication,'',Is 4 times 2 equal to 8?,Yes,-4.958074569702148,-4.842315196990967,-5.066058899402618,-4.678052591323852,0.10798432970046967,-0.1642626056671146,No,False,Yes,True
Arithmetic,2_digit_subtraction,'',Is 74 minus 82 equal to -8?,Yes,-5.293843746185303,-4.7513108253479,-5.066058899402618,-4.678052591323852,-0.22778484678268462,-0.07325823402404819,No,False,No,False
Arithmetic,2_digit_addition,'',Is 73 plus 98 equal to 171?,Yes,-4.838650226593018,-4.409809112548828,-5.066058899402618,-4.678052591323852,0.22740867280960053,0.2682434787750241,No,False,No,False
Arithmetic,1_digit_multiplication,'',Is 2 times 6 equal to 14?,No,-5.26891040802002,-5.093942165374756,-5.066058899402618,-4.678052591323852,-0.2028515086174023,-0.41588957405090365,No,True,Yes,False
Arithmetic,1_digit_addition,'',Is 6 plus 2 equal to 1?,No,-5.104084491729736,-4.674280643463135,-5.066058899402618,-4.678052591323852,-0.03802559232711822,0.0037719478607174395,No,True,No,True
Arithmetic,2_digit_subtraction,'',Is 61 minus 80 equal to -19?,Yes,-6.319255352020264,-5.405512809753418,-5.066058899402618,-4.678052591323852,-1.2531964526176456,-0.7274602184295658,No,False,No,False
Arithmetic,1_digit_multiplication,'',Is 2 times 6 equal to 12?,Yes,-5.013229370117188,-4.962522506713867,-5.066058899402618,-4.678052591323852,0.05282952928542972,-0.284469915390015,No,False,Yes,True
Arithmetic,1_digit_subtraction,'',Is 0 minus 4 equal to 36?,No,-5.131755352020264,-4.589332580566406,-5.066058899402618,-4.678052591323852,-0.06569645261764556,0.08872001075744596,No,True,No,True
Arithmetic,1_digit_subtraction,'',Is 7 minus 2 equal to 3?,No,-5.367379665374756,-4.93981409072876,-5.066058899402618,-4.678052591323852,-0.30132076597213775,-0.26176149940490756,No,True,No,True
Arithmetic,2_digit_subtraction,'',Is 20 minus 33 equal to -13?,Yes,-6.042701244354248,-5.11863899230957,-5.066058899402618,-4.678052591323852,-0.9766423449516299,-0.4405864009857181,No,False,No,False
Arithmetic,1_digit_addition,'',Is 0 plus 8 equal to 8?,Yes,-5.055708408355713,-4.81577730178833,-5.066058899402618,-4.678052591323852,0.01035049104690522,-0.13772471046447787,No,False,Yes,True
Arithmetic,2_digit_multiplication,'',Is 66 times 86 equal to 5676?,Yes,-5.128046035766602,-4.899937152862549,-5.066058899402618,-4.678052591323852,-0.06198713636398345,-0.22188456153869662,No,False,Yes,True
Arithmetic,2_digit_addition,'',Is 11 plus 31 equal to 42?,Yes,-4.7187581062316895,-4.348349571228027,-5.066058899402618,-4.678052591323852,0.34730079317092866,0.32970302009582486,No,False,Yes,True
Arithmetic,2_digit_subtraction,'',Is 97 minus 24 equal to 73?,Yes,-5.172067165374756,-4.557803153991699,-5.066058899402618,-4.678052591323852,-0.10600826597213775,0.12024943733215299,No,False,No,False
Arithmetic,1_digit_addition,'',Is 1 plus 9 equal to 10?,Yes,-4.956684112548828,-4.71165132522583,-5.066058899402618,-4.678052591323852,0.10937478685378998,-0.03359873390197787,No,False,Yes,True
Arithmetic,1_digit_addition,'',Is 6 plus 9 equal to 96?,No,-4.7500081062316895,-4.192099571228027,-5.066058899402618,-4.678052591323852,0.31605079317092866,0.48595302009582486,No,True,No,True
Arithmetic,1_digit_addition,'',Is 3 plus 5 equal to 8?,Yes,-4.845211505889893,-4.661493301391602,-5.066058899402618,-4.678052591323852,0.22084739351272553,0.016559289932250643,No,False,Yes,True
Arithmetic,2_digit_subtraction,'',Is 58 minus 40 equal to 84?,No,-4.916958332061768,-4.48824405670166,-5.066058899402618,-4.678052591323852,0.14910056734085053,0.18980853462219205,No,True,No,True
Arithmetic,1_digit_multiplication,'',Is 5 times 7 equal to 35?,Yes,-4.950888156890869,-4.771047592163086,-5.066058899402618,-4.678052591323852,0.11517074251174897,-0.09299500083923373,No,False,Yes,True
Arithmetic,2_digit_addition,'',Is 96 plus 71 equal to 590?,No,-4.821897506713867,-4.454586505889893,-5.066058899402618,-4.678052591323852,0.24416139268875092,0.22346608543395963,No,True,Yes,False
Arithmetic,2_digit_multiplication,'',Is 66 times 31 equal to 5554?,No,-5.106343746185303,-4.932209491729736,-5.066058899402618,-4.678052591323852,-0.040284846782684625,-0.2541569004058841,No,True,Yes,False
Arithmetic,2_digit_multiplication,'',Is 71 times 86 equal to 6106?,Yes,-5.202930450439453,-4.976173400878906,-5.066058899402618,-4.678052591323852,-0.13687155103683502,-0.29812080955505404,No,False,Yes,True
Arithmetic,1_digit_multiplication,'',Is 5 times 2 equal to 91?,No,-4.687692165374756,-4.506377696990967,-5.066058899402618,-4.678052591323852,0.37836673402786225,0.1716748943328854,No,True,Yes,False
Arithmetic,1_digit_multiplication,'',Is 0 times 8 equal to 1?,No,-5.195688724517822,-5.085742950439453,-5.066058899402618,-4.678052591323852,-0.12962982511520416,-0.4076903591156009,No,True,Yes,False
Arithmetic,1_digit_addition,'',Is 5 plus 9 equal to 85?,No,-4.77730655670166,-4.280967712402344,-5.066058899402618,-4.678052591323852,0.28875234270095795,0.39708487892150846,No,True,No,True
Arithmetic,2_digit_addition,'',Is 83 plus 74 equal to 192?,No,-4.768520832061768,-4.46325159072876,-5.066058899402618,-4.678052591323852,0.29753806734085053,0.21480100059509244,No,True,Yes,False
Arithmetic,2_digit_addition,'',Is 54 plus 64 equal to 422?,No,-4.601153373718262,-4.294305801391602,-5.066058899402618,-4.678052591323852,0.4649055256843564,0.38374678993225064,No,True,Yes,False
Arithmetic,2_digit_addition,'',Is 95 plus 41 equal to 136?,Yes,-4.876585006713867,-4.44762659072876,-5.066058899402618,-4.678052591323852,0.18947389268875092,0.23042600059509244,No,False,No,False
Arithmetic,2_digit_subtraction,'',Is 70 minus 75 equal to -5?,Yes,-5.394263744354248,-4.84520149230957,-5.066058899402618,-4.678052591323852,-0.32820484495162994,-0.1671489009857181,No,False,No,False
Arithmetic,1_digit_subtraction,'',Is 1 minus 8 equal to -7?,Yes,-5.700385570526123,-4.967818737030029,-5.066058899402618,-4.678052591323852,-0.6343266711235049,-0.2897661457061771,No,False,No,False
Arithmetic,2_digit_subtraction,'',Is 81 minus 21 equal to 82?,No,-4.9896626472473145,-4.623644828796387,-5.066058899402618,-4.678052591323852,0.07639625215530366,0.054407762527465486,No,True,Yes,False
Arithmetic,2_digit_multiplication,'',Is 68 times 37 equal to 4867?,No,-5.139866352081299,-4.717659950256348,-5.066058899402618,-4.678052591323852,-0.07380745267868072,-0.03960735893249545,No,True,No,True
Arithmetic,1_digit_subtraction,'',Is 7 minus 6 equal to 1?,Yes,-5.292701244354248,-4.74363899230957,-5.066058899402618,-4.678052591323852,-0.22664234495162994,-0.06558640098571811,No,False,No,False
Arithmetic,1_digit_multiplication,'',Is 4 times 0 equal to 3?,No,-5.009312152862549,-4.893520832061768,-5.066058899402618,-4.678052591323852,0.05674674654006928,-0.21546824073791537,No,True,Yes,False
Arithmetic,1_digit_subtraction,'',Is 4 minus 7 equal to 28?,No,-5.217315196990967,-4.475207328796387,-5.066058899402618,-4.678052591323852,-0.1512562975883487,0.2028452625274655,No,True,No,True
Arithmetic,2_digit_addition,'',Is 12 plus 85 equal to 97?,Yes,-4.888235092163086,-4.39262580871582,-5.066058899402618,-4.678052591323852,0.17782380723953217,0.2854267826080319,No,False,No,False
Arithmetic,2_digit_subtraction,'',Is 13 minus 33 equal to -20?,Yes,-5.571812152862549,-4.836492538452148,-5.066058899402618,-4.678052591323852,-0.5057532534599307,-0.15843994712829623,No,False,No,False
Arithmetic,1_digit_multiplication,'',Is 9 times 7 equal to 12?,No,-4.8606858253479,-4.7428154945373535,-5.066058899402618,-4.678052591323852,0.20537307405471772,-0.06476290321350131,No,True,Yes,False
Arithmetic,1_digit_subtraction,'',Is 5 minus 3 equal to 2?,Yes,-5.337522506713867,-4.844305038452148,-5.066058899402618,-4.678052591323852,-0.2714636073112491,-0.16625244712829623,No,False,No,False
Arithmetic,2_digit_addition,'',Is 48 plus 10 equal to 58?,Yes,-4.983965873718262,-4.488952159881592,-5.066058899402618,-4.678052591323852,0.08209302568435639,0.1891004314422604,No,False,No,False
Arithmetic,1_digit_addition,'',Is 5 plus 3 equal to 8?,Yes,-4.909365653991699,-4.600207328796387,-5.066058899402618,-4.678052591323852,0.1566932454109189,0.07784526252746549,No,False,Yes,True
Arithmetic,1_digit_addition,'',Is 4 plus 7 equal to 86?,No,-4.835528373718262,-4.279306411743164,-5.066058899402618,-4.678052591323852,0.2305305256843564,0.39874617958068814,No,True,No,True
Arithmetic,2_digit_subtraction,'',Is 71 minus 28 equal to 43?,Yes,-4.997137069702148,-4.508367538452148,-5.066058899402618,-4.678052591323852,0.06892182970046967,0.16968505287170377,No,False,No,False
Arithmetic,2_digit_subtraction,'',Is 78 minus 24 equal to 20?,No,-5.147148609161377,-4.53356409072876,-5.066058899402618,-4.678052591323852,-0.08108970975875884,0.14448850059509244,No,True,No,True
Arithmetic,1_digit_multiplication,'',Is 5 times 9 equal to 45?,Yes,-4.7787251472473145,-4.596865653991699,-5.066058899402618,-4.678052591323852,0.28733375215530366,0.08118693733215299,No,False,Yes,True
Arithmetic,1_digit_addition,'',Is 3 plus 5 equal to 1?,No,-4.939085006713867,-4.756377696990967,-5.066058899402618,-4.678052591323852,0.12697389268875092,-0.07832510566711459,No,True,Yes,False
Arithmetic,1_digit_subtraction,'',Is 7 minus 8 equal to 75?,No,-5.120622158050537,-4.441092491149902,-5.066058899402618,-4.678052591323852,-0.054563258647919,0.23696010017394986,No,True,No,True
Arithmetic,2_digit_multiplication,'',Is 20 times 57 equal to 1140?,Yes,-5.16733980178833,-4.740752696990967,-5.066058899402618,-4.678052591323852,-0.10128090238571197,-0.06270010566711459,No,False,No,False
Arithmetic,1_digit_subtraction,'',Is 3 minus 8 equal to 16?,No,-5.098269462585449,-4.604700088500977,-5.066058899402618,-4.678052591323852,-0.03221056318283111,0.07335250282287564,No,True,No,True
Arithmetic,2_digit_subtraction,'',Is 42 minus 44 equal to 28?,No,-4.912627696990967,-4.421072959899902,-5.066058899402618,-4.678052591323852,0.1534312024116513,0.25697963142394986,No,True,No,True
Arithmetic,1_digit_subtraction,'',Is 3 minus 7 equal to -4?,Yes,-5.579269886016846,-5.028860092163086,-5.066058899402618,-4.678052591323852,-0.5132109866142276,-0.35080750083923373,No,False,No,False
Arithmetic,2_digit_subtraction,'',Is 12 minus 31 equal to 145?,No,-5.171465873718262,-4.553332328796387,-5.066058899402618,-4.678052591323852,-0.10540697431564361,0.12472026252746549,No,True,No,True
Arithmetic,2_digit_multiplication,'',Is 82 times 21 equal to 6925?,No,-5.035125732421875,-4.740898609161377,-5.066058899402618,-4.678052591323852,0.03093316698074311,-0.06284601783752475,No,True,Yes,False
Arithmetic,2_digit_subtraction,'',Is 84 minus 48 equal to 57?,No,-5.019813060760498,-4.591360092163086,-5.066058899402618,-4.678052591323852,0.04624583864212006,0.08669249916076627,No,True,No,True
Arithmetic,2_digit_addition,'',Is 41 plus 83 equal to 124?,Yes,-4.843942165374756,-4.417178153991699,-5.066058899402618,-4.678052591323852,0.22211673402786225,0.260874437332153,No,False,No,False
Arithmetic,2_digit_subtraction,'',Is 86 minus 62 equal to 94?,No,-4.889534950256348,-4.3990654945373535,-5.066058899402618,-4.678052591323852,0.17652394914627045,0.2789870967864987,No,True,No,True
Arithmetic,1_digit_multiplication,'',Is 1 times 5 equal to 5?,Yes,-4.844894886016846,-5.099325656890869,-5.066058899402618,-4.678052591323852,0.2211640133857724,-0.42127306556701694,Yes,True,Yes,True
Arithmetic,2_digit_subtraction,'',Is 93 minus 42 equal to 84?,No,-4.787627696990967,-4.482431411743164,-5.066058899402618,-4.678052591323852,0.2784312024116513,0.19562117958068814,No,True,Yes,False
Arithmetic,2_digit_subtraction,'',Is 35 minus 56 equal to 147?,No,-4.993649005889893,-4.312706470489502,-5.066058899402618,-4.678052591323852,0.07240989351272553,0.36534612083435025,No,True,No,True
Arithmetic,1_digit_multiplication,'',Is 7 times 1 equal to 9?,No,-4.884312152862549,-4.8334126472473145,-5.066058899402618,-4.678052591323852,0.18174674654006928,-0.15536005592346225,No,True,Yes,False
Arithmetic,1_digit_subtraction,'',Is 3 minus 3 equal to 0?,Yes,-5.272506237030029,-4.718007564544678,-5.066058899402618,-4.678052591323852,-0.2064473376274112,-0.03995497322082553,No,False,No,False
Arithmetic,2_digit_addition,'',Is 44 plus 74 equal to 652?,No,-4.932583332061768,-4.56481409072876,-5.066058899402618,-4.678052591323852,0.13347556734085053,0.11323850059509244,No,True,Yes,False
Arithmetic,2_digit_subtraction,'',Is 51 minus 19 equal to 32?,Yes,-5.037627696990967,-4.545519828796387,-5.066058899402618,-4.678052591323852,0.028431202411651313,0.1325327625274655,No,False,No,False
Arithmetic,2_digit_subtraction,'',Is 50 minus 39 equal to 11?,Yes,-5.345335006713867,-4.665524005889893,-5.066058899402618,-4.678052591323852,-0.2792761073112491,0.012528585433959627,No,False,No,False
Arithmetic,1_digit_subtraction,'',Is 7 minus 7 equal to 0?,Yes,-5.280728340148926,-4.667621612548828,-5.066058899402618,-4.678052591323852,-0.21466944074630767,0.01043097877502408,No,False,No,False
Arithmetic,1_digit_multiplication,'',Is 5 times 8 equal to 67?,No,-5.084648609161377,-4.842315196990967,-5.066058899402618,-4.678052591323852,-0.018589709758758843,-0.1642626056671146,No,True,Yes,False
Arithmetic,1_digit_addition,'',Is 3 plus 7 equal to 18?,No,-4.967315196990967,-4.59761905670166,-5.066058899402618,-4.678052591323852,0.09874370241165131,0.08043353462219205,No,True,Yes,False
Arithmetic,2_digit_multiplication,'',Is 79 times 86 equal to 6794?,Yes,-5.1917033195495605,-4.967991352081299,-5.066058899402618,-4.678052591323852,-0.12564442014694244,-0.2899387607574466,No,False,Yes,True
Arithmetic,2_digit_subtraction,'',Is 80 minus 85 equal to 12?,No,-5.246195793151856,-4.756168365478516,-5.066058899402618,-4.678052591323852,-0.18013689374923825,-0.07811577415466342,No,True,No,True
Arithmetic,1_digit_multiplication,'',Is 4 times 0 equal to 0?,Yes,-5.032630920410156,-4.730570793151856,-5.066058899402618,-4.678052591323852,0.03342797899246186,-0.05251820182800415,No,False,Yes,True
Arithmetic,2_digit_subtraction,'',Is 85 minus 81 equal to 4?,Yes,-5.179298400878906,-4.8177876472473145,-5.066058899402618,-4.678052591323852,-0.11323950147628814,-0.13973505592346225,No,False,Yes,True
Arithmetic,2_digit_addition,'',Is 96 plus 49 equal to 330?,No,-4.8412251472473145,-4.346865653991699,-5.066058899402618,-4.678052591323852,0.22483375215530366,0.331186937332153,No,True,No,True
Arithmetic,1_digit_addition,'',Is 0 plus 3 equal to 3?,Yes,-5.360540390014648,-4.997604370117188,-5.066058899402618,-4.678052591323852,-0.2944814906120303,-0.3195517787933362,No,False,Yes,True
Arithmetic,1_digit_multiplication,'',Is 7 times 5 equal to 57?,No,-5.075832843780518,-4.77488899230957,-5.066058899402618,-4.678052591323852,-0.009773944377899468,-0.09683640098571811,No,True,Yes,False
Arithmetic,2_digit_addition,'',Is 26 plus 21 equal to 33?,No,-5.020202159881592,-4.649534702301025,-5.066058899402618,-4.678052591323852,0.04585673952102631,0.028517889022826814,No,True,Yes,False
Arithmetic,2_digit_addition,'',Is 29 plus 30 equal to 89?,No,-4.41477632522583,-4.230704784393311,-5.066058899402618,-4.678052591323852,0.651282574176788,0.44734780693054077,No,True,Yes,False
Arithmetic,1_digit_addition,'',Is 3 plus 2 equal to 7?,No,-5.057093143463135,-4.7506279945373535,-5.066058899402618,-4.678052591323852,0.008965755939483344,-0.07257540321350131,No,True,Yes,False
Arithmetic,2_digit_multiplication,'',Is 34 times 37 equal to 1258?,Yes,-5.157749652862549,-4.733965873718262,-5.066058899402618,-4.678052591323852,-0.09169075345993072,-0.055913282394409514,No,False,No,False
Arithmetic,1_digit_multiplication,'',Is 1 times 5 equal to 3?,No,-5.062016010284424,-5.194790840148926,-5.066058899402618,-4.678052591323852,0.004042889118194282,-0.5167382488250736,Yes,False,Yes,False
Arithmetic,2_digit_subtraction,'',Is 14 minus 16 equal to 33?,No,-5.205530643463135,-4.651508331298828,-5.066058899402618,-4.678052591323852,-0.13947174406051666,0.02654426002502408,No,True,No,True
Arithmetic,2_digit_subtraction,'',Is 35 minus 13 equal to 22?,Yes,-5.0468831062316895,-4.426474571228027,-5.066058899402618,-4.678052591323852,0.019175793170928657,0.25157802009582486,No,False,No,False
Arithmetic,2_digit_subtraction,'',Is 68 minus 85 equal to -17?,Yes,-5.969915390014648,-5.30015230178833,-5.066058899402618,-4.678052591323852,-0.9038564906120303,-0.6220997104644779,No,False,No,False
Arithmetic,1_digit_addition,'',Is 2 plus 3 equal to 3?,No,-4.9818501472473145,-4.862490653991699,-5.066058899402618,-4.678052591323852,0.08420875215530366,-0.184438062667847,No,True,Yes,False
Arithmetic,1_digit_subtraction,'',Is 1 minus 5 equal to -4?,Yes,-5.739448070526123,-5.129188060760498,-5.066058899402618,-4.678052591323852,-0.6733891711235049,-0.45113546943664584,No,False,No,False
Arithmetic,2_digit_addition,'',Is 85 plus 29 equal to 114?,Yes,-4.659809112548828,-4.352939605712891,-5.066058899402618,-4.678052591323852,0.40624978685379,0.3251129856109616,No,False,Yes,True
Arithmetic,1_digit_multiplication,'',Is 2 times 0 equal to 0?,Yes,-4.952366352081299,-4.835200309753418,-5.066058899402618,-4.678052591323852,0.11369254732131928,-0.15714771842956576,No,False,Yes,True
Arithmetic,1_digit_addition,'',Is 9 plus 7 equal to 79?,No,-4.817812919616699,-4.323904991149902,-5.066058899402618,-4.678052591323852,0.2482459797859189,0.35414760017394986,No,True,No,True
Arithmetic,1_digit_addition,'',Is 9 plus 7 equal to 16?,Yes,-4.882070064544678,-4.449912071228027,-5.066058899402618,-4.678052591323852,0.18398883485794038,0.22814052009582486,No,False,No,False
Arithmetic,1_digit_multiplication,'',Is 3 times 6 equal to 40?,No,-4.808875560760498,-4.631271839141846,-5.066058899402618,-4.678052591323852,0.25718333864212006,0.0467807521820065,No,True,Yes,False
Arithmetic,1_digit_multiplication,'',Is 3 times 5 equal to 15?,Yes,-4.9728779792785645,-4.917178153991699,-5.066058899402618,-4.678052591323852,0.09318092012405366,-0.239125562667847,No,False,Yes,True
Arithmetic,1_digit_subtraction,'',Is 9 minus 8 equal to 6?,No,-5.060110092163086,-4.566155433654785,-5.066058899402618,-4.678052591323852,0.005948807239532172,0.11189715766906705,No,True,No,True
Arithmetic,2_digit_subtraction,'',Is 21 minus 31 equal to 924?,No,-5.148629665374756,-4.59606409072876,-5.066058899402618,-4.678052591323852,-0.08257076597213775,0.08198850059509244,No,True,No,True
Arithmetic,1_digit_multiplication,'',Is 8 times 7 equal to 91?,No,-4.64390230178833,-4.4662251472473145,-5.066058899402618,-4.678052591323852,0.42215659761428803,0.21182744407653775,No,True,Yes,False
Arithmetic,2_digit_addition,'',Is 27 plus 74 equal to 579?,No,-5.204710006713867,-4.71325159072876,-5.066058899402618,-4.678052591323852,-0.13865110731124908,-0.03519899940490756,No,True,No,True
Arithmetic,1_digit_multiplication,'',Is 8 times 4 equal to 32?,Yes,-4.833074569702148,-4.656805038452148,-5.066058899402618,-4.678052591323852,0.23298432970046967,0.021247552871703768,No,False,Yes,True
Arithmetic,2_digit_multiplication,'',Is 98 times 32 equal to 3136?,Yes,-5.196333408355713,-4.775022506713867,-5.066058899402618,-4.678052591323852,-0.13027450895309478,-0.09696991539001498,No,False,No,False
Arithmetic,2_digit_addition,'',Is 37 plus 36 equal to 79?,No,-4.79051399230957,-4.423252105712891,-5.066058899402618,-4.678052591323852,0.2755449070930478,0.2548004856109616,No,True,Yes,False
Arithmetic,2_digit_addition,'',Is 94 plus 61 equal to 933?,No,-4.856512069702148,-4.492742538452148,-5.066058899402618,-4.678052591323852,0.20954682970046967,0.18531005287170377,No,True,Yes,False
Arithmetic,2_digit_multiplication,'',Is 62 times 59 equal to 3275?,No,-4.973646640777588,-4.802165985107422,-5.066058899402618,-4.678052591323852,0.09241225862503022,-0.12411339378356967,No,True,Yes,False
Arithmetic,2_digit_multiplication,'',Is 79 times 91 equal to 7189?,Yes,-5.089439868927002,-4.802165985107422,-5.066058899402618,-4.678052591323852,-0.023380969524383843,-0.12411339378356967,No,False,Yes,True
Arithmetic,2_digit_multiplication,'',Is 16 times 33 equal to 391?,No,-5.116798400878906,-4.7552876472473145,-5.066058899402618,-4.678052591323852,-0.05073950147628814,-0.07723505592346225,No,True,Yes,False
Arithmetic,2_digit_multiplication,'',Is 22 times 75 equal to 1257?,No,-5.177291870117188,-4.876585006713867,-5.066058899402618,-4.678052591323852,-0.11123297071457028,-0.19853241539001498,No,True,Yes,False
Arithmetic,1_digit_subtraction,'',Is 9 minus 6 equal to 9?,No,-4.968007564544678,-4.536279678344727,-5.066058899402618,-4.678052591323852,0.09805133485794038,0.14177291297912564,No,True,No,True
Arithmetic,1_digit_subtraction,'',Is 0 minus 5 equal to -5?,Yes,-5.61355447769165,-5.07359790802002,-5.066058899402618,-4.678052591323852,-0.5474955782890323,-0.3955453166961682,No,False,No,False
Arithmetic,1_digit_addition,'',Is 7 plus 1 equal to 4?,No,-5.039209842681885,-4.795230865478516,-5.066058899402618,-4.678052591323852,0.026849056720733344,-0.11717827415466342,No,True,Yes,False
Arithmetic,2_digit_subtraction,'',Is 60 minus 50 equal to 10?,Yes,-5.120083332061768,-4.626461505889893,-5.066058899402618,-4.678052591323852,-0.05402443265914947,0.05159108543395963,No,False,No,False
Arithmetic,1_digit_subtraction,'',Is 6 minus 5 equal to 1?,Yes,-5.30015230178833,-4.7474751472473145,-5.066058899402618,-4.678052591323852,-0.23409340238571197,-0.06942255592346225,No,False,No,False
Arithmetic,2_digit_addition,'',Is 13 plus 50 equal to 86?,No,-4.929278373718262,-4.434930801391602,-5.066058899402618,-4.678052591323852,0.1367805256843564,0.24312178993225064,No,True,No,True
Arithmetic,2_digit_multiplication,'',Is 11 times 81 equal to 652?,No,-4.99546480178833,-4.758367538452148,-5.066058899402618,-4.678052591323852,0.07059409761428803,-0.08031494712829623,No,True,Yes,False
Arithmetic,2_digit_addition,'',Is 54 plus 42 equal to 96?,Yes,-4.534365653991699,-4.164268970489502,-5.066058899402618,-4.678052591323852,0.5316932454109189,0.5137836208343503,No,False,Yes,True
Arithmetic,1_digit_subtraction,'',Is 7 minus 9 equal to 22?,No,-5.2153401374816895,-4.535333156585693,-5.066058899402618,-4.678052591323852,-0.14928123807907134,0.14271943473815885,No,True,No,True
Arithmetic,1_digit_addition,'',Is 7 plus 0 equal to 7?,Yes,-5.221645832061768,-4.85543155670166,-5.066058899402618,-4.678052591323852,-0.15558693265914947,-0.17737896537780795,No,False,Yes,True
Arithmetic,1_digit_addition,'',Is 5 plus 6 equal to 95?,No,-4.7882232666015625,-4.2915778160095215,-5.066058899402618,-4.678052591323852,0.2778356328010556,0.3864747753143307,No,True,No,True
Arithmetic,1_digit_multiplication,'',Is 6 times 1 equal to 6?,Yes,-4.763388156890869,-4.895144462585449,-5.066058899402618,-4.678052591323852,0.30267074251174897,-0.217091871261597,Yes,True,Yes,True
Arithmetic,1_digit_addition,'',Is 2 plus 1 equal to 6?,No,-5.047067165374756,-4.865752696990967,-5.066058899402618,-4.678052591323852,0.01899173402786225,-0.1877001056671146,No,True,Yes,False
Arithmetic,1_digit_subtraction,'',Is 8 minus 5 equal to 3?,Yes,-5.343360900878906,-4.7931904792785645,-5.066058899402618,-4.678052591323852,-0.27730200147628814,-0.11513788795471225,No,False,No,False
Arithmetic,2_digit_addition,'',Is 35 plus 41 equal to 76?,Yes,-4.663979530334473,-4.231539726257324,-5.066058899402618,-4.678052591323852,0.40207936906814545,0.446512865066528,No,False,No,False
Arithmetic,2_digit_multiplication,'',Is 52 times 13 equal to 678?,No,-5.181326866149902,-4.758109092712402,-5.066058899402618,-4.678052591323852,-0.11526796674728423,-0.08005650138855014,No,True,No,True
Arithmetic,2_digit_multiplication,'',Is 80 times 84 equal to 6720?,Yes,-5.099166870117188,-4.7385029792785645,-5.066058899402618,-4.678052591323852,-0.03310797071457028,-0.06045038795471225,No,False,Yes,True
Arithmetic,2_digit_addition,'',Is 17 plus 95 equal to 221?,No,-4.992484092712402,-4.436757564544678,-5.066058899402618,-4.678052591323852,0.07357480669021577,0.24129502677917447,No,True,No,True
Arithmetic,2_digit_multiplication,'',Is 17 times 77 equal to 5736?,No,-5.095130920410156,-4.797022342681885,-5.066058899402618,-4.678052591323852,-0.02907202100753814,-0.11896975135803256,No,True,Yes,False
Arithmetic,1_digit_subtraction,'',Is 6 minus 9 equal to -3?,Yes,-5.778957843780518,-4.981081962585449,-5.066058899402618,-4.678052591323852,-0.7128989443778995,-0.303029371261597,No,False,No,False
Arithmetic,1_digit_multiplication,'',Is 3 times 4 equal to 28?,No,-4.948208332061768,-4.829586505889893,-5.066058899402618,-4.678052591323852,0.11785056734085053,-0.15153391456604037,No,True,Yes,False
Arithmetic,2_digit_subtraction,'',Is 40 minus 80 equal to -40?,Yes,-5.469691753387451,-4.7934651374816895,-5.066058899402618,-4.678052591323852,-0.40363285398483306,-0.11541254615783725,No,False,No,False
Arithmetic,1_digit_subtraction,'',Is 6 minus 7 equal to 20?,No,-5.245746612548828,-4.56450080871582,-5.066058899402618,-4.678052591323852,-0.17968771314621002,0.11355178260803189,No,True,No,True
Arithmetic,1_digit_subtraction,'',Is 0 minus 6 equal to 69?,No,-5.299921035766602,-4.569923400878906,-5.066058899402618,-4.678052591323852,-0.23386213636398345,0.10812919044494596,No,True,No,True
Arithmetic,2_digit_subtraction,'',Is 41 minus 84 equal to -43?,Yes,-5.722625732421875,-4.993772506713867,-5.066058899402618,-4.678052591323852,-0.6565668330192569,-0.315719915390015,No,False,No,False
Arithmetic,2_digit_subtraction,'',Is 27 minus 44 equal to -17?,Yes,-5.835548400878906,-5.101153373718262,-5.066058899402618,-4.678052591323852,-0.7694895014762881,-0.4231007823944095,No,False,No,False
Arithmetic,1_digit_addition,'',Is 7 plus 6 equal to 21?,No,-5.091344356536865,-4.599918365478516,-5.066058899402618,-4.678052591323852,-0.025285457134247125,0.07813422584533658,No,True,No,True
Arithmetic,2_digit_subtraction,'',Is 44 minus 20 equal to 24?,Yes,-4.889190196990967,-4.396493911743164,-5.066058899402618,-4.678052591323852,0.1768687024116513,0.28155867958068814,No,False,No,False
Arithmetic,1_digit_addition,'',Is 1 plus 0 equal to 3?,No,-5.350825309753418,-5.168070793151856,-5.066058899402618,-4.678052591323852,-0.28476641035079986,-0.49001820182800415,No,True,Yes,False
Arithmetic,2_digit_subtraction,'',Is 56 minus 65 equal to 34?,No,-5.190212726593018,-4.639882564544678,-5.066058899402618,-4.678052591323852,-0.12415382719039947,0.03817002677917447,No,True,No,True
Arithmetic,1_digit_subtraction,'',Is 6 minus 9 equal to 93?,No,-5.000555038452148,-4.319510459899902,-5.066058899402618,-4.678052591323852,0.06550386095046967,0.35854213142394986,No,True,No,True
Arithmetic,2_digit_addition,'',Is 21 plus 19 equal to 16?,No,-4.964053153991699,-4.530967712402344,-5.066058899402618,-4.678052591323852,0.10200574541091889,0.14708487892150846,No,True,No,True
Arithmetic,1_digit_addition,'',Is 0 plus 4 equal to 2?,No,-5.31667947769165,-4.957000732421875,-5.066058899402618,-4.678052591323852,-0.2506205782890323,-0.2789481410980228,No,True,Yes,False
Arithmetic,1_digit_multiplication,'',Is 0 times 7 equal to 9?,No,-5.137250900268555,-5.028683185577393,-5.066058899402618,-4.678052591323852,-0.07119200086593658,-0.3506305942535404,No,True,Yes,False
Arithmetic,2_digit_addition,'',Is 54 plus 37 equal to 91?,Yes,-4.442922592163086,-4.135950088500977,-5.066058899402618,-4.678052591323852,0.6231363072395322,0.5421025028228756,No,False,Yes,True
Arithmetic,1_digit_addition,'',Is 6 plus 1 equal to 7?,Yes,-5.299280643463135,-4.8678154945373535,-5.066058899402618,-4.678052591323852,-0.23322174406051666,-0.1897629032135013,No,False,No,False
Arithmetic,1_digit_addition,'',Is 0 plus 3 equal to 7?,No,-5.355438232421875,-4.929298400878906,-5.066058899402618,-4.678052591323852,-0.2893793330192569,-0.25124580955505404,No,True,No,True
Arithmetic,2_digit_multiplication,'',Is 71 times 95 equal to 6541?,No,-5.092366695404053,-4.795586109161377,-5.066058899402618,-4.678052591323852,-0.026307796001434625,-0.11753351783752475,No,True,Yes,False
Arithmetic,1_digit_multiplication,'',Is 4 times 5 equal to 20?,Yes,-5.017210006713867,-4.651553153991699,-5.066058899402618,-4.678052591323852,0.04884889268875092,0.026499437332152986,No,False,Yes,True
Arithmetic,1_digit_multiplication,'',Is 7 times 9 equal to 92?,No,-4.821897506713867,-4.51793909072876,-5.066058899402618,-4.678052591323852,0.24416139268875092,0.16011350059509244,No,True,Yes,False
Arithmetic,2_digit_addition,'',Is 36 plus 18 equal to 54?,Yes,-4.684206962585449,-4.31321382522583,-5.066058899402618,-4.678052591323852,0.3818519368171689,0.3648387660980221,No,False,Yes,True
Arithmetic,1_digit_addition,'',Is 7 plus 6 equal to 13?,Yes,-5.315395832061768,-4.760928153991699,-5.066058899402618,-4.678052591323852,-0.24933693265914947,-0.08287556266784701,No,False,No,False
Arithmetic,1_digit_subtraction,'',Is 6 minus 3 equal to 5?,No,-5.257403373718262,-4.763681411743164,-5.066058899402618,-4.678052591323852,-0.1913444743156436,-0.08562882041931186,No,True,No,True
Arithmetic,1_digit_subtraction,'',Is 7 minus 0 equal to 5?,No,-5.330837726593018,-4.842209339141846,-5.066058899402618,-4.678052591323852,-0.26477882719039947,-0.1641567478179935,No,True,No,True
Arithmetic,1_digit_multiplication,'',Is 4 times 3 equal to 26?,No,-4.865898609161377,-4.624590873718262,-5.066058899402618,-4.678052591323852,0.20016029024124116,0.053461717605590486,No,True,Yes,False
Arithmetic,2_digit_multiplication,'',Is 22 times 47 equal to 1034?,Yes,-5.27672290802002,-4.854458332061768,-5.066058899402618,-4.678052591323852,-0.2106640086174023,-0.17640574073791537,No,False,No,False
Arithmetic,1_digit_multiplication,'',Is 2 times 5 equal to 10?,Yes,-5.015103340148926,-4.961234092712402,-5.066058899402618,-4.678052591323852,0.05095555925369233,-0.28318150138855014,No,False,Yes,True
Arithmetic,1_digit_addition,'',Is 6 plus 9 equal to 15?,Yes,-5.01949405670166,-4.586143970489502,-5.066058899402618,-4.678052591323852,0.046564842700957954,0.09190862083435025,No,False,No,False
Arithmetic,2_digit_addition,'',Is 50 plus 92 equal to 175?,No,-4.9653401374816895,-4.407546520233154,-5.066058899402618,-4.678052591323852,0.10071876192092866,0.2705060710906979,No,True,No,True
Arithmetic,2_digit_multiplication,'',Is 24 times 78 equal to 1872?,Yes,-4.890817165374756,-4.71325159072876,-5.066058899402618,-4.678052591323852,0.17524173402786225,-0.03519899940490756,No,False,Yes,True
Arithmetic,2_digit_addition,'',Is 54 plus 13 equal to 67?,Yes,-4.65856409072876,-4.351280212402344,-5.066058899402618,-4.678052591323852,0.40749480867385834,0.32677237892150846,No,False,Yes,True
Arithmetic,1_digit_multiplication,'',Is 4 times 1 equal to 4?,Yes,-4.721645832061768,-4.853024005889893,-5.066058899402618,-4.678052591323852,0.34441306734085053,-0.17497141456604037,Yes,True,Yes,True
Arithmetic,2_digit_addition,'',Is 51 plus 58 equal to 387?,No,-4.915647506713867,-4.487490653991699,-5.066058899402618,-4.678052591323852,0.15041139268875092,0.190561937332153,No,True,No,True
Arithmetic,2_digit_addition,'',Is 23 plus 47 equal to 70?,Yes,-4.712399005889893,-4.341180801391602,-5.066058899402618,-4.678052591323852,0.35365989351272553,0.33687178993225064,No,False,Yes,True
Arithmetic,2_digit_multiplication,'',Is 61 times 62 equal to 9267?,No,-4.96511697769165,-4.73766040802002,-5.066058899402618,-4.678052591323852,0.10094192171096772,-0.059607816696168214,No,True,Yes,False
Arithmetic,2_digit_subtraction,'',Is 47 minus 97 equal to 158?,No,-5.1213154792785645,-4.443957328796387,-5.066058899402618,-4.678052591323852,-0.05525657987594634,0.2340952625274655,No,True,No,True
Arithmetic,1_digit_addition,'',Is 5 plus 1 equal to 6?,Yes,-5.028860092163086,-4.78196382522583,-5.066058899402618,-4.678052591323852,0.03719880723953217,-0.10391123390197787,No,False,Yes,True
Arithmetic,1_digit_addition,'',Is 9 plus 5 equal to 14?,Yes,-5.068668365478516,-4.635883331298828,-5.066058899402618,-4.678052591323852,-0.0026094660758975152,0.04216926002502408,No,False,No,False
Arithmetic,1_digit_multiplication,'',Is 1 times 3 equal to 1?,No,-4.960548400878906,-5.153387069702148,-5.066058899402618,-4.678052591323852,0.10551049852371186,-0.47533447837829623,Yes,False,Yes,False
Arithmetic,2_digit_addition,'',Is 12 plus 66 equal to 78?,Yes,-4.915524005889893,-4.358572959899902,-5.066058899402618,-4.678052591323852,0.15053489351272553,0.31947963142394986,No,False,No,False
Arithmetic,2_digit_subtraction,'',Is 81 minus 38 equal to 43?,Yes,-4.985874652862549,-4.562090873718262,-5.066058899402618,-4.678052591323852,0.08018424654006928,0.11596171760559049,No,False,No,False
Arithmetic,1_digit_addition,'',Is 7 plus 3 equal to 33?,No,-5.06395149230957,-4.69602632522583,-5.066058899402618,-4.678052591323852,0.0021074070930477973,-0.017973733901977873,No,True,Yes,False
Arithmetic,2_digit_addition,'',Is 40 plus 28 equal to 47?,No,-4.9062581062316895,-4.347892284393311,-5.066058899402618,-4.678052591323852,0.15980079317092866,0.33016030693054077,No,True,No,True
Arithmetic,2_digit_addition,'',Is 90 plus 66 equal to 156?,Yes,-4.725021839141846,-4.292200088500977,-5.066058899402618,-4.678052591323852,0.3410370602607724,0.38585250282287564,No,False,No,False
Arithmetic,2_digit_subtraction,'',Is 66 minus 78 equal to -12?,Yes,-5.508833408355713,-4.7787251472473145,-5.066058899402618,-4.678052591323852,-0.4427745089530948,-0.10067255592346225,No,False,No,False
Arithmetic,2_digit_addition,'',Is 24 plus 95 equal to 454?,No,-5.138219356536865,-4.705530643463135,-5.066058899402618,-4.678052591323852,-0.07216045713424712,-0.02747805213928256,No,True,No,True
Arithmetic,2_digit_subtraction,'',Is 98 minus 48 equal to 50?,Yes,-4.964496612548828,-4.40825080871582,-5.066058899402618,-4.678052591323852,0.10156228685378998,0.2698017826080319,No,False,No,False
Arithmetic,2_digit_subtraction,'',Is 67 minus 88 equal to -21?,Yes,-5.804492473602295,-5.074320793151856,-5.066058899402618,-4.678052591323852,-0.7384335741996768,-0.39626820182800415,No,False,No,False
Arithmetic,1_digit_addition,'',Is 8 plus 3 equal to 11?,Yes,-4.9416279792785645,-4.510928153991699,-5.066058899402618,-4.678052591323852,0.12443092012405366,0.167124437332153,No,False,No,False
Arithmetic,2_digit_addition,'',Is 17 plus 32 equal to 91?,No,-4.501461505889893,-4.255868911743164,-5.066058899402618,-4.678052591323852,0.5645973935127255,0.42218367958068814,No,True,Yes,False
Arithmetic,1_digit_subtraction,'',Is 2 minus 2 equal to 0?,Yes,-5.341228485107422,-4.851709842681885,-5.066058899402618,-4.678052591323852,-0.27516958570480377,-0.17365725135803256,No,False,No,False
Arithmetic,1_digit_subtraction,'',Is 4 minus 1 equal to 6?,No,-5.265215873718262,-4.709582328796387,-5.066058899402618,-4.678052591323852,-0.1991569743156436,-0.031529737472534514,No,True,No,True
Arithmetic,2_digit_addition,'',Is 47 plus 41 equal to 19?,No,-5.108637809753418,-4.6215901374816895,-5.066058899402618,-4.678052591323852,-0.04257891035079986,0.05646245384216275,No,True,No,True
Arithmetic,1_digit_addition,'',Is 8 plus 6 equal to 33?,No,-5.009397506713867,-4.51793909072876,-5.066058899402618,-4.678052591323852,0.05666139268875092,0.16011350059509244,No,True,No,True
Arithmetic,1_digit_subtraction,'',Is 6 minus 7 equal to -1?,Yes,-5.556187152862549,-4.819903373718262,-5.066058899402618,-4.678052591323852,-0.4901282534599307,-0.1418507823944095,No,False,No,False
Arithmetic,2_digit_addition,'',Is 53 plus 76 equal to 129?,Yes,-4.748909950256348,-4.382729530334473,-5.066058899402618,-4.678052591323852,0.31714894914627045,0.29532306098937955,No,False,Yes,True
Arithmetic,1_digit_addition,'',Is 5 plus 6 equal to 11?,Yes,-5.055242538452148,-4.559930801391602,-5.066058899402618,-4.678052591323852,0.010816360950469672,0.11812178993225064,No,False,No,False
Arithmetic,1_digit_addition,'',Is 9 plus 0 equal to 9?,Yes,-4.807803153991699,-4.500206470489502,-5.066058899402618,-4.678052591323852,0.2582557454109189,0.17784612083435025,No,False,Yes,True
Arithmetic,1_digit_addition,'',Is 2 plus 4 equal to 4?,No,-4.909145832061768,-4.727117538452148,-5.066058899402618,-4.678052591323852,0.15691306734085053,-0.04906494712829623,No,True,Yes,False
Arithmetic,2_digit_addition,'',Is 85 plus 95 equal to 672?,No,-4.961129665374756,-4.594305038452148,-5.066058899402618,-4.678052591323852,0.10492923402786225,0.08374755287170377,No,True,Yes,False
Arithmetic,2_digit_subtraction,'',Is 36 minus 70 equal to -34?,Yes,-5.771041870117188,-5.0353779792785645,-5.066058899402618,-4.678052591323852,-0.7049829707145703,-0.35732538795471225,No,False,No,False
Arithmetic,1_digit_addition,'',Is 6 plus 8 equal to 64?,No,-4.810959339141846,-4.378655433654785,-5.066058899402618,-4.678052591323852,0.2550995602607724,0.29939715766906705,No,True,No,True
Arithmetic,1_digit_subtraction,'',Is 2 minus 6 equal to 96?,No,-5.045943737030029,-4.553146839141846,-5.066058899402618,-4.678052591323852,0.020115162372588813,0.1249057521820065,No,True,No,True
Arithmetic,2_digit_multiplication,'',Is 17 times 52 equal to 469?,No,-5.19078540802002,-4.889336109161377,-5.066058899402618,-4.678052591323852,-0.12472650861740231,-0.21128351783752475,No,True,Yes,False
Arithmetic,1_digit_multiplication,'',Is 8 times 3 equal to 62?,No,-4.897148609161377,-4.717315196990967,-5.066058899402618,-4.678052591323852,0.16891029024124116,-0.03926260566711459,No,True,Yes,False
Arithmetic,2_digit_subtraction,'',Is 44 minus 63 equal to -19?,Yes,-5.844770908355713,-5.049770832061768,-5.066058899402618,-4.678052591323852,-0.7787120089530948,-0.3717182407379154,No,False,No,False
Arithmetic,2_digit_addition,'',Is 72 plus 42 equal to 114?,Yes,-4.884312152862549,-4.4572529792785645,-5.066058899402618,-4.678052591323852,0.18174674654006928,0.22079961204528775,No,False,No,False
Arithmetic,2_digit_subtraction,'',Is 75 minus 91 equal to 994?,No,-5.052450656890869,-4.561757564544678,-5.066058899402618,-4.678052591323852,0.01360824251174897,0.11629502677917447,No,True,No,True
Arithmetic,2_digit_addition,'',Is 90 plus 39 equal to 169?,No,-4.955662727355957,-4.39915132522583,-5.066058899402618,-4.678052591323852,0.11039617204666108,0.2789012660980221,No,True,No,True
Arithmetic,1_digit_subtraction,'',Is 0 minus 2 equal to -2?,Yes,-5.945844650268555,-5.344770908355713,-5.066058899402618,-4.678052591323852,-0.8797857508659366,-0.6667183170318607,No,False,No,False
Arithmetic,1_digit_subtraction,'',Is 2 minus 8 equal to -6?,Yes,-5.662679195404053,-5.054879665374756,-5.066058899402618,-4.678052591323852,-0.5966202960014346,-0.37682707405090365,No,False,No,False
Arithmetic,2_digit_subtraction,'',Is 22 minus 77 equal to 540?,No,-5.045586109161377,-4.615752696990967,-5.066058899402618,-4.678052591323852,0.020472790241241157,0.06229989433288541,No,True,No,True
Arithmetic,1_digit_subtraction,'',Is 2 minus 0 equal to 2?,Yes,-5.544479370117188,-5.242379665374756,-5.066058899402618,-4.678052591323852,-0.4784204707145703,-0.5643270740509037,No,False,Yes,True
Arithmetic,1_digit_addition,'',Is 0 plus 7 equal to 7?,Yes,-5.333370685577393,-4.970389366149902,-5.066058899402618,-4.678052591323852,-0.26731178617477447,-0.29233677482605014,No,False,Yes,True
Arithmetic,1_digit_addition,'',Is 4 plus 8 equal to 12?,Yes,-4.961492538452148,-4.404894828796387,-5.066058899402618,-4.678052591323852,0.10456636095046967,0.2731577625274655,No,False,No,False
Arithmetic,2_digit_multiplication,'',Is 38 times 70 equal to 4210?,No,-5.087437152862549,-4.663653373718262,-5.066058899402618,-4.678052591323852,-0.02137825345993072,0.014399217605590486,No,True,No,True
Arithmetic,1_digit_multiplication,'',Is 9 times 9 equal to 81?,Yes,-4.727117538452148,-4.546072959899902,-5.066058899402618,-4.678052591323852,0.3389413609504697,0.13197963142394986,No,False,Yes,True
Arithmetic,2_digit_addition,'',Is 83 plus 61 equal to 682?,No,-4.845249652862549,-4.607940196990967,-5.066058899402618,-4.678052591323852,0.22080924654006928,0.07011239433288541,No,True,Yes,False
Arithmetic,2_digit_addition,'',Is 13 plus 86 equal to 70?,No,-4.878434658050537,-4.384737491607666,-5.066058899402618,-4.678052591323852,0.187624241352081,0.2933150997161862,No,True,No,True
Arithmetic,1_digit_addition,'',Is 1 plus 1 equal to 6?,No,-5.125192165374756,-4.944903373718262,-5.066058899402618,-4.678052591323852,-0.05913326597213775,-0.2668507823944095,No,True,Yes,False
Arithmetic,2_digit_addition,'',Is 49 plus 20 equal to 69?,Yes,-4.933246612548828,-4.4375081062316895,-5.066058899402618,-4.678052591323852,0.13281228685378998,0.24054448509216275,No,False,No,False
Arithmetic,2_digit_addition,'',Is 22 plus 62 equal to 84?,Yes,-4.698747158050537,-4.454421520233154,-5.066058899402618,-4.678052591323852,0.367311741352081,0.2236310710906979,No,False,Yes,True
Arithmetic,1_digit_subtraction,'',Is 5 minus 7 equal to -2?,Yes,-5.708074569702148,-4.969305038452148,-5.066058899402618,-4.678052591323852,-0.6420156702995303,-0.29125244712829623,No,False,No,False
Arithmetic,2_digit_multiplication,'',Is 57 times 82 equal to 4674?,Yes,-5.093555450439453,-4.927291870117188,-5.066058899402618,-4.678052591323852,-0.027496551036835015,-0.24923927879333618,No,False,Yes,True
Arithmetic,1_digit_addition,'',Is 2 plus 6 equal to 8?,Yes,-5.015817165374756,-4.772002696990967,-5.066058899402618,-4.678052591323852,0.05024173402786225,-0.09395010566711459,No,False,Yes,True
Arithmetic,1_digit_multiplication,'',Is 2 times 4 equal to 1?,No,-4.991703510284424,-4.999478340148926,-5.066058899402618,-4.678052591323852,0.07435538911819428,-0.3214257488250736,Yes,False,Yes,False
Arithmetic,2_digit_addition,'',Is 55 plus 38 equal to 95?,No,-4.6171956062316895,-4.184287071228027,-5.066058899402618,-4.678052591323852,0.44886329317092866,0.49376552009582486,No,True,No,True
Arithmetic,1_digit_subtraction,'',Is 7 minus 0 equal to 7?,Yes,-5.445504665374756,-4.893740653991699,-5.066058899402618,-4.678052591323852,-0.37944576597213775,-0.215688062667847,No,False,No,False
Arithmetic,2_digit_multiplication,'',Is 29 times 21 equal to 609?,Yes,-5.155491352081299,-4.856969356536865,-5.066058899402618,-4.678052591323852,-0.08943245267868072,-0.17891676521301303,No,False,Yes,True
Arithmetic,2_digit_subtraction,'',Is 73 minus 48 equal to 25?,Yes,-4.951836109161377,-4.399899005889893,-5.066058899402618,-4.678052591323852,0.11422279024124116,0.2781535854339596,No,False,No,False
Arithmetic,1_digit_subtraction,'',Is 1 minus 1 equal to 0?,Yes,-5.282749652862549,-4.7931904792785645,-5.066058899402618,-4.678052591323852,-0.21669075345993072,-0.11513788795471225,No,False,No,False
Arithmetic,1_digit_addition,'',Is 4 plus 5 equal to 4?,No,-4.935000419616699,-4.564424991607666,-5.066058899402618,-4.678052591323852,0.1310584797859189,0.11362759971618619,No,True,Yes,False
Arithmetic,2_digit_addition,'',Is 23 plus 72 equal to 34?,No,-4.885708332061768,-4.579586505889893,-5.066058899402618,-4.678052591323852,0.18035056734085053,0.09846608543395963,No,True,Yes,False
Arithmetic,1_digit_addition,'',Is 1 plus 2 equal to 6?,No,-5.108086109161377,-4.9271626472473145,-5.066058899402618,-4.678052591323852,-0.04202720975875884,-0.24911005592346225,No,True,Yes,False
Arithmetic,2_digit_subtraction,'',Is 59 minus 25 equal to 80?,No,-4.866778373718262,-4.435556411743164,-5.066058899402618,-4.678052591323852,0.1992805256843564,0.24249617958068814,No,True,No,True
Arithmetic,1_digit_multiplication,'',Is 2 times 2 equal to 4?,Yes,-4.915004253387451,-5.0481858253479,-5.066058899402618,-4.678052591323852,0.15105464601516694,-0.3701332340240482,Yes,True,Yes,True
Arithmetic,2_digit_subtraction,'',Is 72 minus 97 equal to 549?,No,-5.225825309753418,-4.611780643463135,-5.066058899402618,-4.678052591323852,-0.15976641035079986,0.06627194786071744,No,True,No,True
Arithmetic,2_digit_multiplication,'',Is 30 times 74 equal to 4045?,No,-4.978062152862549,-4.674770832061768,-5.066058899402618,-4.678052591323852,0.08799674654006928,0.003281759262084627,No,True,Yes,False
Arithmetic,1_digit_multiplication,'',Is 3 times 8 equal to 78?,No,-4.980750560760498,-4.739797592163086,-5.066058899402618,-4.678052591323852,0.08530833864212006,-0.06174500083923373,No,True,Yes,False
Arithmetic,2_digit_subtraction,'',Is 40 minus 81 equal to 105?,No,-5.102117538452148,-4.546072959899902,-5.066058899402618,-4.678052591323852,-0.03605863904953033,0.13197963142394986,No,True,No,True
Arithmetic,1_digit_multiplication,'',Is 7 times 3 equal to 21?,Yes,-5.085548400878906,-4.8478779792785645,-5.066058899402618,-4.678052591323852,-0.01948950147628814,-0.16982538795471225,No,False,Yes,True
Arithmetic,2_digit_addition,'',Is 85 plus 95 equal to 180?,Yes,-4.6919026374816895,-4.382729530334473,-5.066058899402618,-4.678052591323852,0.37415626192092866,0.29532306098937955,No,False,Yes,True
Arithmetic,2_digit_multiplication,'',Is 19 times 53 equal to 2646?,No,-5.170491695404053,-4.934637069702148,-5.066058899402618,-4.678052591323852,-0.10443279600143462,-0.25658447837829623,No,True,Yes,False
Arithmetic,2_digit_subtraction,'',Is 61 minus 61 equal to 5?,No,-5.313520908355713,-4.831020832061768,-5.066058899402618,-4.678052591323852,-0.24746200895309478,-0.15296824073791537,No,True,No,True
Arithmetic,1_digit_addition,'',Is 4 plus 3 equal to 3?,No,-5.032711505889893,-4.599618911743164,-5.066058899402618,-4.678052591323852,0.03334739351272553,0.07843367958068814,No,True,No,True
Arithmetic,1_digit_addition,'',Is 4 plus 4 equal to 8?,Yes,-4.935959339141846,-4.503655433654785,-5.066058899402618,-4.678052591323852,0.1300995602607724,0.17439715766906705,No,False,No,False
Arithmetic,1_digit_subtraction,'',Is 1 minus 2 equal to 20?,No,-5.424587726593018,-4.809206962585449,-5.066058899402618,-4.678052591323852,-0.35852882719039947,-0.131154371261597,No,True,No,True
Arithmetic,2_digit_subtraction,'',Is 46 minus 52 equal to 38?,No,-5.109671592712402,-4.49418830871582,-5.066058899402618,-4.678052591323852,-0.043612693309784234,0.1838642826080319,No,True,No,True
Arithmetic,2_digit_multiplication,'',Is 43 times 32 equal to 2920?,No,-4.919353485107422,-4.620622158050537,-5.066058899402618,-4.678052591323852,0.14670541429519623,0.057430433273315096,No,True,Yes,False
Arithmetic,2_digit_multiplication,'',Is 17 times 93 equal to 7453?,No,-5.113250732421875,-4.94077730178833,-5.066058899402618,-4.678052591323852,-0.04719183301925689,-0.2627247104644779,No,True,Yes,False
Arithmetic,2_digit_addition,'',Is 27 plus 48 equal to 75?,Yes,-4.8975982666015625,-4.464529991149902,-5.066058899402618,-4.678052591323852,0.1684606328010556,0.21352260017394986,No,False,No,False
Arithmetic,2_digit_multiplication,'',Is 72 times 26 equal to 1872?,Yes,-4.88608980178833,-4.647002696990967,-5.066058899402618,-4.678052591323852,0.17996909761428803,0.031049894332885408,No,False,Yes,True
Arithmetic,1_digit_multiplication,'',Is 7 times 6 equal to 67?,No,-5.126499652862549,-4.826690196990967,-5.066058899402618,-4.678052591323852,-0.06044075345993072,-0.1486376056671146,No,True,Yes,False
Arithmetic,1_digit_addition,'',Is 4 plus 1 equal to 5?,Yes,-4.989797592163086,-4.620325088500977,-5.066058899402618,-4.678052591323852,0.07626130723953217,0.05772750282287564,No,False,Yes,True
Arithmetic,2_digit_addition,'',Is 94 plus 75 equal to 370?,No,-4.775022506713867,-4.345211505889893,-5.066058899402618,-4.678052591323852,0.2910363926887509,0.3328410854339596,No,True,No,True
Arithmetic,2_digit_addition,'',Is 30 plus 53 equal to 39?,No,-4.6450276374816895,-4.3365654945373535,-5.066058899402618,-4.678052591323852,0.42103126192092866,0.3414870967864987,No,True,Yes,False
Arithmetic,2_digit_subtraction,'',Is 11 minus 89 equal to 658?,No,-5.243772506713867,-4.690615653991699,-5.066058899402618,-4.678052591323852,-0.17771360731124908,-0.012563062667847014,No,True,No,True
Arithmetic,1_digit_subtraction,'',Is 2 minus 1 equal to 8?,No,-5.320504665374756,-4.954586505889893,-5.066058899402618,-4.678052591323852,-0.25444576597213775,-0.2765339145660404,No,True,Yes,False
Arithmetic,2_digit_addition,'',Is 60 plus 57 equal to 913?,No,-4.883004665374756,-4.452715873718262,-5.066058899402618,-4.678052591323852,0.18305423402786225,0.2253367176055905,No,True,No,True
Arithmetic,2_digit_multiplication,'',Is 60 times 85 equal to 5100?,Yes,-4.997594356536865,-4.630312919616699,-5.066058899402618,-4.678052591323852,0.06846454286575288,0.047739671707152986,No,False,Yes,True
Arithmetic,2_digit_addition,'',Is 66 plus 47 equal to 951?,No,-4.981512069702148,-4.491778373718262,-5.066058899402618,-4.678052591323852,0.08454682970046967,0.1862742176055905,No,True,No,True
Arithmetic,2_digit_subtraction,'',Is 31 minus 54 equal to 904?,No,-5.139336109161377,-4.587399005889893,-5.066058899402618,-4.678052591323852,-0.07327720975875884,0.09065358543395963,No,True,No,True
Arithmetic,1_digit_multiplication,'',Is 6 times 8 equal to 48?,Yes,-4.833700656890869,-4.652956962585449,-5.066058899402618,-4.678052591323852,0.23235824251174897,0.025095628738402986,No,False,Yes,True
Arithmetic,2_digit_multiplication,'',Is 26 times 17 equal to 442?,Yes,-5.12828540802002,-4.828317165374756,-5.066058899402618,-4.678052591323852,-0.06222650861740231,-0.15026457405090365,No,False,Yes,True
Arithmetic,2_digit_addition,'',Is 43 plus 57 equal to 100?,Yes,-4.581240653991699,-4.211143970489502,-5.066058899402618,-4.678052591323852,0.4848182454109189,0.46690862083435025,No,False,Yes,True
Arithmetic,2_digit_addition,'',Is 22 plus 98 equal to 120?,Yes,-4.7465901374816895,-4.314424991607666,-5.066058899402618,-4.678052591323852,0.31946876192092866,0.3636275997161862,No,False,No,False
Arithmetic,1_digit_addition,'',Is 6 plus 0 equal to 1?,No,-5.070504665374756,-4.640215873718262,-5.066058899402618,-4.678052591323852,-0.00444576597213775,0.037836717605590486,No,True,No,True
Arithmetic,1_digit_addition,'',Is 7 plus 9 equal to 16?,Yes,-4.966360092163086,-4.534905433654785,-5.066058899402618,-4.678052591323852,0.09969880723953217,0.14314715766906705,No,False,No,False
Arithmetic,1_digit_subtraction,'',Is 6 minus 0 equal to 6?,Yes,-5.325719356536865,-4.834293365478516,-5.066058899402618,-4.678052591323852,-0.2596604571342471,-0.15624077415466342,No,False,No,False
Arithmetic,1_digit_subtraction,'',Is 9 minus 9 equal to 7?,No,-5.143740653991699,-4.587034702301025,-5.066058899402618,-4.678052591323852,-0.07768175458908111,0.09101788902282681,No,True,No,True
Arithmetic,2_digit_subtraction,'',Is 26 minus 10 equal to 16?,Yes,-5.206684112548828,-4.588524341583252,-5.066058899402618,-4.678052591323852,-0.14062521314621002,0.08952824974060025,No,False,No,False
Arithmetic,2_digit_multiplication,'',Is 71 times 85 equal to 6035?,Yes,-5.063520908355713,-4.829710006713867,-5.066058899402618,-4.678052591323852,0.002537991046905219,-0.15165741539001498,No,False,Yes,True
Arithmetic,1_digit_addition,'',Is 2 plus 7 equal to 9?,Yes,-4.96421480178833,-4.7240376472473145,-5.066058899402618,-4.678052591323852,0.10184409761428803,-0.04598505592346225,No,False,Yes,True
Arithmetic,1_digit_addition,'',Is 0 plus 9 equal to 9?,Yes,-5.090718746185303,-4.788325309753418,-5.066058899402618,-4.678052591323852,-0.024659846782684625,-0.11027271842956576,No,False,Yes,True
Arithmetic,2_digit_multiplication,'',Is 40 times 23 equal to 920?,Yes,-5.036199569702148,-4.6681904792785645,-5.066058899402618,-4.678052591323852,0.029859329700469672,0.009862112045287752,No,False,Yes,True
Arithmetic,2_digit_subtraction,'',Is 51 minus 67 equal to 309?,No,-5.044012069702148,-4.493649005889893,-5.066058899402618,-4.678052591323852,0.022046829700469672,0.18440358543395963,No,True,No,True
Arithmetic,2_digit_addition,'',Is 15 plus 65 equal to 10?,No,-4.83043909072876,-4.521493911743164,-5.066058899402618,-4.678052591323852,0.23561980867385834,0.15655867958068814,No,True,Yes,False
Arithmetic,1_digit_addition,'',Is 0 plus 2 equal to 2?,Yes,-5.349850177764893,-5.047895908355713,-5.066058899402618,-4.678052591323852,-0.28379127836227447,-0.3698433170318607,No,False,Yes,True
Arithmetic,1_digit_subtraction,'',Is 1 minus 2 equal to -1?,Yes,-5.704145908355713,-5.156442165374756,-5.066058899402618,-4.678052591323852,-0.6380870089530948,-0.47838957405090365,No,False,No,False
Arithmetic,1_digit_multiplication,'',Is 3 times 2 equal to 7?,No,-5.008754253387451,-5.0169358253479,-5.066058899402618,-4.678052591323852,0.05730464601516694,-0.3388832340240482,Yes,False,Yes,False
Arithmetic,1_digit_subtraction,'',Is 8 minus 2 equal to 6?,Yes,-5.236896991729736,-4.7465901374816895,-5.066058899402618,-4.678052591323852,-0.17083809232711822,-0.06853754615783725,No,False,No,False
Arithmetic,2_digit_multiplication,'',Is 95 times 81 equal to 3935?,No,-5.129781246185303,-4.771031856536865,-5.066058899402618,-4.678052591323852,-0.06372234678268462,-0.09297926521301303,No,True,Yes,False
Arithmetic,2_digit_subtraction,'',Is 36 minus 81 equal to -45?,Yes,-5.308326244354248,-4.697850227355957,-5.066058899402618,-4.678052591323852,-0.24226734495162994,-0.019797636032104826,No,False,No,False
Arithmetic,2_digit_addition,'',Is 97 plus 80 equal to 177?,Yes,-4.7931904792785645,-4.363952159881592,-5.066058899402618,-4.678052591323852,0.27286842012405366,0.3141004314422604,No,False,No,False
Arithmetic,2_digit_multiplication,'',Is 83 times 70 equal to 5810?,Yes,-4.981979370117188,-4.7463154792785645,-5.066058899402618,-4.678052591323852,0.08407952928542972,-0.06826288795471225,No,False,Yes,True
Arithmetic,1_digit_multiplication,'',Is 8 times 6 equal to 48?,Yes,-4.809637069702148,-4.631377696990967,-5.066058899402618,-4.678052591323852,0.2564218297004697,0.04667489433288541,No,False,Yes,True
Arithmetic,1_digit_subtraction,'',Is 1 minus 3 equal to -2?,Yes,-5.91734790802002,-5.307583332061768,-5.066058899402618,-4.678052591323852,-0.8512890086174023,-0.6295307407379154,No,False,No,False
Arithmetic,1_digit_addition,'',Is 3 plus 3 equal to 4?,No,-4.7968831062316895,-4.675530433654785,-5.066058899402618,-4.678052591323852,0.26917579317092866,0.002522157669067049,No,True,Yes,False
Arithmetic,1_digit_multiplication,'',Is 8 times 0 equal to 6?,No,-4.899818420410156,-4.785258293151856,-5.066058899402618,-4.678052591323852,0.16624047899246186,-0.10720570182800415,No,True,Yes,False
Arithmetic,1_digit_addition,'',Is 6 plus 5 equal to 11?,Yes,-5.077715873718262,-4.582702159881592,-5.066058899402618,-4.678052591323852,-0.011656974315643609,0.09535043144226041,No,False,No,False
Arithmetic,2_digit_multiplication,'',Is 14 times 67 equal to 890?,No,-4.920586109161377,-4.681149005889893,-5.066058899402618,-4.678052591323852,0.14547279024124116,-0.003096414566040373,No,True,Yes,False
Arithmetic,1_digit_addition,'',Is 1 plus 5 equal to 6?,Yes,-5.012000560760498,-4.89207649230957,-5.066058899402618,-4.678052591323852,0.05405833864212006,-0.2140239009857181,No,False,Yes,True
Arithmetic,1_digit_addition,'',Is 9 plus 6 equal to 57?,No,-4.83043909072876,-4.397635459899902,-5.066058899402618,-4.678052591323852,0.23561980867385834,0.28041713142394986,No,True,No,True
Arithmetic,1_digit_multiplication,'',Is 2 times 7 equal to 14?,Yes,-5.22203540802002,-5.109567165374756,-5.066058899402618,-4.678052591323852,-0.1559765086174023,-0.43151457405090365,No,False,Yes,True
Arithmetic,1_digit_addition,'',Is 0 plus 7 equal to 8?,No,-5.205802440643311,-4.905728340148926,-5.066058899402618,-4.678052591323852,-0.13974354124069333,-0.22767574882507358,No,True,Yes,False
Arithmetic,1_digit_addition,'',Is 2 plus 1 equal to 3?,Yes,-5.100472450256348,-4.9809651374816895,-5.066058899402618,-4.678052591323852,-0.034413550853729546,-0.30291254615783725,No,False,Yes,True
Arithmetic,1_digit_multiplication,'',Is 3 times 8 equal to 24?,Yes,-4.716344356536865,-4.662418365478516,-5.066058899402618,-4.678052591323852,0.3497145428657529,0.01563422584533658,No,False,Yes,True
Arithmetic,1_digit_multiplication,'',Is 2 times 9 equal to 18?,Yes,-4.934637069702148,-4.8802876472473145,-5.066058899402618,-4.678052591323852,0.13142182970046967,-0.20223505592346225,No,False,Yes,True
Arithmetic,2_digit_subtraction,'',Is 11 minus 72 equal to -61?,Yes,-5.583541870117188,-4.8490376472473145,-5.066058899402618,-4.678052591323852,-0.5174829707145703,-0.17098505592346225,No,False,No,False
Arithmetic,2_digit_subtraction,'',Is 51 minus 91 equal to -40?,Yes,-5.372604370117188,-4.764190196990967,-5.066058899402618,-4.678052591323852,-0.3065454707145703,-0.08613760566711459,No,False,No,False
Arithmetic,2_digit_subtraction,'',Is 48 minus 62 equal to 948?,No,-5.153387069702148,-4.539617538452148,-5.066058899402618,-4.678052591323852,-0.08732817029953033,0.13843505287170377,No,True,No,True
Arithmetic,2_digit_subtraction,'',Is 36 minus 58 equal to -22?,Yes,-5.407749652862549,-4.672430038452148,-5.066058899402618,-4.678052591323852,-0.3416907534599307,0.005622552871703768,No,False,No,False
Arithmetic,1_digit_multiplication,'',Is 6 times 4 equal to 33?,No,-5.071254253387451,-4.830530643463135,-5.066058899402618,-4.678052591323852,-0.005195353984833062,-0.15247805213928256,No,True,Yes,False
Arithmetic,2_digit_multiplication,'',Is 25 times 15 equal to 375?,Yes,-5.057583332061768,-4.688961505889893,-5.066058899402618,-4.678052591323852,0.008475567340850532,-0.010908914566040373,No,False,Yes,True
Arithmetic,1_digit_subtraction,'',Is 2 minus 9 equal to 59?,No,-5.101754665374756,-4.610836505889893,-5.066058899402618,-4.678052591323852,-0.03569576597213775,0.06721608543395963,No,True,No,True
Arithmetic,2_digit_multiplication,'',Is 98 times 32 equal to 5963?,No,-5.169479370117188,-4.8713154792785645,-5.066058899402618,-4.678052591323852,-0.10342047071457028,-0.19326288795471225,No,True,Yes,False
Arithmetic,2_digit_addition,'',Is 94 plus 65 equal to 159?,Yes,-4.639190196990967,-4.270868301391602,-5.066058899402618,-4.678052591323852,0.4268687024116513,0.40718428993225064,No,False,Yes,True
Arithmetic,2_digit_subtraction,'',Is 46 minus 22 equal to 24?,Yes,-5.095335006713867,-4.54293155670166,-5.066058899402618,-4.678052591323852,-0.029276107311249078,0.13512103462219205,No,False,No,False
Arithmetic,1_digit_subtraction,'',Is 8 minus 7 equal to 2?,No,-5.33922290802002,-4.851754665374756,-5.066058899402618,-4.678052591323852,-0.2731640086174023,-0.17370207405090365,No,True,No,True
Arithmetic,1_digit_addition,'',Is 0 plus 8 equal to 1?,No,-5.123287677764893,-4.821333408355713,-5.066058899402618,-4.678052591323852,-0.05722877836227447,-0.14328081703186069,No,True,Yes,False
Arithmetic,1_digit_subtraction,'',Is 6 minus 2 equal to 6?,No,-5.2787251472473145,-4.786493301391602,-5.066058899402618,-4.678052591323852,-0.21266624784469634,-0.10844071006774936,No,True,No,True
Arithmetic,2_digit_multiplication,'',Is 70 times 65 equal to 4550?,Yes,-5.034145832061768,-4.604678153991699,-5.066058899402618,-4.678052591323852,0.03191306734085053,0.07337443733215299,No,False,No,False
Arithmetic,1_digit_multiplication,'',Is 4 times 4 equal to 12?,No,-5.018520832061768,-4.776553153991699,-5.066058899402618,-4.678052591323852,0.04753806734085053,-0.09850056266784701,No,True,Yes,False
Arithmetic,2_digit_multiplication,'',Is 62 times 68 equal to 4216?,Yes,-4.989620685577393,-4.698025226593018,-5.066058899402618,-4.678052591323852,0.07643821382522553,-0.019972635269165373,No,False,Yes,True
Arithmetic,1_digit_subtraction,'',Is 6 minus 3 equal to 3?,Yes,-5.404013156890869,-4.850021839141846,-5.066058899402618,-4.678052591323852,-0.33795425748825103,-0.1719692478179935,No,False,No,False
Arithmetic,1_digit_subtraction,'',Is 8 minus 9 equal to 63?,No,-5.1135029792785645,-4.497430801391602,-5.066058899402618,-4.678052591323852,-0.04744407987594634,0.18062178993225064,No,True,No,True
Arithmetic,1_digit_addition,'',Is 1 plus 3 equal to 5?,No,-5.026333332061768,-4.905840873718262,-5.066058899402618,-4.678052591323852,0.03972556734085053,-0.2277882823944095,No,True,Yes,False
Arithmetic,2_digit_addition,'',Is 58 plus 83 equal to 467?,No,-5.046485900878906,-4.6213154792785645,-5.066058899402618,-4.678052591323852,0.01957299852371186,0.05673711204528775,No,True,No,True
Arithmetic,2_digit_addition,'',Is 46 plus 20 equal to 66?,Yes,-5.040647506713867,-4.549990653991699,-5.066058899402618,-4.678052591323852,0.025411392688750922,0.128061937332153,No,False,No,False
Arithmetic,2_digit_multiplication,'',Is 12 times 46 equal to 552?,Yes,-5.152625560760498,-4.786672592163086,-5.066058899402618,-4.678052591323852,-0.08656666135787994,-0.10862000083923373,No,False,Yes,True
Arithmetic,1_digit_subtraction,'',Is 3 minus 6 equal to -3?,Yes,-5.804165840148926,-5.129519462585449,-5.066058899402618,-4.678052591323852,-0.7381069407463077,-0.451466871261597,No,False,No,False
Arithmetic,1_digit_multiplication,'',Is 0 times 5 equal to 2?,No,-5.31704568862915,-5.324985504150391,-5.066058899402618,-4.678052591323852,-0.2509867892265323,-0.6469329128265384,Yes,False,Yes,False
Arithmetic,2_digit_subtraction,'',Is 96 minus 78 equal to 83?,No,-5.0403733253479,-4.548799991607666,-5.066058899402618,-4.678052591323852,0.02568557405471772,0.1292525997161862,No,True,No,True
Arithmetic,2_digit_multiplication,'',Is 76 times 56 equal to 4256?,Yes,-5.069648742675781,-4.780728340148926,-5.066058899402618,-4.678052591323852,-0.0035898432731631402,-0.10267574882507358,No,False,Yes,True
Arithmetic,2_digit_addition,'',Is 59 plus 82 equal to 133?,No,-4.712522506713867,-4.470211505889893,-5.066058899402618,-4.678052591323852,0.3535363926887509,0.20784108543395963,No,True,Yes,False
Arithmetic,1_digit_addition,'',Is 8 plus 0 equal to 7?,No,-5.162773609161377,-4.672430038452148,-5.066058899402618,-4.678052591323852,-0.09671470975875884,0.005622552871703768,No,True,No,True
Arithmetic,2_digit_multiplication,'',Is 97 times 64 equal to 6466?,No,-4.846462726593018,-4.545334339141846,-5.066058899402618,-4.678052591323852,0.21959617280960053,0.1327182521820065,No,True,Yes,False
Arithmetic,2_digit_multiplication,'',Is 92 times 52 equal to 4784?,Yes,-5.185787677764893,-4.890235900878906,-5.066058899402618,-4.678052591323852,-0.11972877836227447,-0.21218330955505404,No,False,Yes,True
Arithmetic,1_digit_addition,'',Is 8 plus 0 equal to 8?,Yes,-4.968897342681885,-4.6632232666015625,-5.066058899402618,-4.678052591323852,0.09716155672073334,0.014829324722289705,No,False,Yes,True
Arithmetic,2_digit_multiplication,'',Is 69 times 29 equal to 2001?,Yes,-4.636247158050537,-4.331195831298828,-5.066058899402618,-4.678052591323852,0.429811741352081,0.3468567600250241,No,False,Yes,True
Arithmetic,2_digit_multiplication,'',Is 50 times 80 equal to 4000?,Yes,-5.2228779792785645,-4.790524005889893,-5.066058899402618,-4.678052591323852,-0.15681907987594634,-0.11247141456604037,No,False,No,False
Arithmetic,2_digit_multiplication,'',Is 65 times 54 equal to 7962?,No,-5.149458408355713,-4.976754665374756,-5.066058899402618,-4.678052591323852,-0.08339950895309478,-0.29870207405090365,No,True,Yes,False
Arithmetic,1_digit_multiplication,'',Is 3 times 2 equal to 6?,Yes,-4.864324569702148,-4.9349751472473145,-5.066058899402618,-4.678052591323852,0.20173432970046967,-0.25692255592346225,Yes,True,Yes,True
Arithmetic,2_digit_subtraction,'',Is 40 minus 81 equal to -41?,Yes,-5.774818420410156,-4.9778733253479,-5.066058899402618,-4.678052591323852,-0.7087595210075381,-0.2998207340240482,No,False,No,False
Arithmetic,2_digit_subtraction,'',Is 90 minus 10 equal to 80?,Yes,-4.981139659881592,-4.360877513885498,-5.066058899402618,-4.678052591323852,0.08491923952102631,0.31717507743835416,No,False,No,False
Arithmetic,2_digit_multiplication,'',Is 66 times 17 equal to 1122?,Yes,-5.193929195404053,-4.836129665374756,-5.066058899402618,-4.678052591323852,-0.12787029600143462,-0.15807707405090365,No,False,Yes,True
Arithmetic,2_digit_multiplication,'',Is 83 times 47 equal to 5398?,No,-5.136688232421875,-4.842461109161377,-5.066058899402618,-4.678052591323852,-0.07062933301925689,-0.16440851783752475,No,True,Yes,False
Arithmetic,2_digit_subtraction,'',Is 46 minus 55 equal to 82?,No,-5.030159950256348,-4.477859020233154,-5.066058899402618,-4.678052591323852,0.035898949146270454,0.2001935710906979,No,True,No,True
Arithmetic,1_digit_multiplication,'',Is 2 times 4 equal to 8?,Yes,-5.046485900878906,-5.056272506713867,-5.066058899402618,-4.678052591323852,0.01957299852371186,-0.378219915390015,Yes,True,Yes,True
Arithmetic,1_digit_addition,'',Is 1 plus 1 equal to 2?,Yes,-5.276150226593018,-5.156546592712402,-5.066058899402618,-4.678052591323852,-0.21009132719039947,-0.47849400138855014,No,False,Yes,True
Arithmetic,2_digit_addition,'',Is 50 plus 33 equal to 20?,No,-5.016180038452148,-4.520202159881592,-5.066058899402618,-4.678052591323852,0.04987886095046967,0.1578504314422604,No,True,No,True
Arithmetic,2_digit_multiplication,'',Is 65 times 49 equal to 3185?,Yes,-5.111742973327637,-4.813441753387451,-5.066058899402618,-4.678052591323852,-0.04568407392501861,-0.13538916206359897,No,False,Yes,True
Arithmetic,1_digit_addition,'',Is 5 plus 9 equal to 14?,Yes,-5.148992538452148,-4.591806411743164,-5.066058899402618,-4.678052591323852,-0.08293363904953033,0.08624617958068814,No,False,No,False
Arithmetic,2_digit_subtraction,'',Is 36 minus 40 equal to 53?,No,-4.980121612548828,-4.424461841583252,-5.066058899402618,-4.678052591323852,0.08593728685378998,0.25359074974060025,No,True,No,True
Arithmetic,2_digit_addition,'',Is 51 plus 84 equal to 135?,Yes,-4.862270832061768,-4.495303153991699,-5.066058899402618,-4.678052591323852,0.20378806734085053,0.182749437332153,No,False,Yes,True
Arithmetic,2_digit_multiplication,'',Is 99 times 72 equal to 9372?,No,-5.086958408355713,-4.664254665374756,-5.066058899402618,-4.678052591323852,-0.02089950895309478,0.013797925949096346,No,True,No,True
Arithmetic,2_digit_subtraction,'',Is 20 minus 34 equal to 331?,No,-5.2513108253479,-4.571609020233154,-5.066058899402618,-4.678052591323852,-0.18525192594528228,0.10644357109069791,No,True,No,True
Arithmetic,2_digit_subtraction,'',Is 59 minus 76 equal to 510?,No,-4.937692165374756,-4.569903373718262,-5.066058899402618,-4.678052591323852,0.12836673402786225,0.10814921760559049,No,True,Yes,False
Arithmetic,2_digit_subtraction,'',Is 98 minus 77 equal to 21?,Yes,-5.055629253387451,-4.443668365478516,-5.066058899402618,-4.678052591323852,0.010429646015166938,0.23438422584533658,No,False,No,False
Arithmetic,2_digit_multiplication,'',Is 67 times 88 equal to 5896?,Yes,-5.065546035766602,-4.898048400878906,-5.066058899402618,-4.678052591323852,0.0005128636360165473,-0.21999580955505404,No,False,Yes,True
Arithmetic,1_digit_addition,'',Is 9 plus 1 equal to 10?,Yes,-4.880868911743164,-4.571815013885498,-5.066058899402618,-4.678052591323852,0.18518998765945405,0.10623757743835416,No,False,Yes,True
Arithmetic,2_digit_subtraction,'',Is 40 minus 30 equal to 10?,Yes,-5.175309658050537,-4.618484020233154,-5.066058899402618,-4.678052591323852,-0.109250758647919,0.05956857109069791,No,False,No,False
Arithmetic,2_digit_multiplication,'',Is 32 times 66 equal to 6468?,No,-4.924587726593018,-4.683246612548828,-5.066058899402618,-4.678052591323852,0.14147117280960053,-0.00519402122497592,No,True,Yes,False
Arithmetic,1_digit_multiplication,'',Is 5 times 4 equal to 20?,Yes,-5.010708332061768,-4.704586505889893,-5.066058899402618,-4.678052591323852,0.05535056734085053,-0.026533914566040373,No,False,Yes,True
Arithmetic,1_digit_addition,'',Is 5 plus 2 equal to 7?,Yes,-5.108965873718262,-4.73824405670166,-5.066058899402618,-4.678052591323852,-0.04290697431564361,-0.06019146537780795,No,False,Yes,True
Arithmetic,1_digit_subtraction,'',Is 0 minus 3 equal to 61?,No,-5.338983535766602,-4.673374652862549,-5.066058899402618,-4.678052591323852,-0.27292463636398345,0.004677938461303377,No,True,No,True
Arithmetic,2_digit_subtraction,'',Is 64 minus 49 equal to 15?,Yes,-5.0744404792785645,-4.51949405670166,-5.066058899402618,-4.678052591323852,-0.008381579875946343,0.15855853462219205,No,False,No,False
Arithmetic,2_digit_subtraction,'',Is 65 minus 90 equal to 842?,No,-5.155512809753418,-4.603968143463135,-5.066058899402618,-4.678052591323852,-0.08945391035079986,0.07408444786071744,No,True,No,True
Arithmetic,1_digit_addition,'',Is 0 plus 0 equal to 0?,Yes,-5.424921035766602,-4.998616695404053,-5.066058899402618,-4.678052591323852,-0.35886213636398345,-0.32056410408020053,No,False,No,False
Arithmetic,1_digit_multiplication,'',Is 7 times 3 equal to 95?,No,-4.840125560760498,-4.536672592163086,-5.066058899402618,-4.678052591323852,0.22593333864212006,0.14137999916076627,No,True,Yes,False
Arithmetic,1_digit_multiplication,'',Is 6 times 5 equal to 56?,No,-4.821897506713867,-4.641180038452148,-5.066058899402618,-4.678052591323852,0.24416139268875092,0.03687255287170377,No,True,Yes,False
Arithmetic,2_digit_addition,'',Is 50 plus 94 equal to 968?,No,-5.140817165374756,-4.523028373718262,-5.066058899402618,-4.678052591323852,-0.07475826597213775,0.1550242176055905,No,True,No,True
Arithmetic,1_digit_multiplication,'',Is 0 times 3 equal to 0?,Yes,-5.258188724517822,-5.08230447769165,-5.066058899402618,-4.678052591323852,-0.19212982511520416,-0.4042518863677982,No,False,Yes,True
Arithmetic,2_digit_multiplication,'',Is 66 times 39 equal to 6867?,No,-5.101173400878906,-4.7396626472473145,-5.066058899402618,-4.678052591323852,-0.03511450147628814,-0.06161005592346225,No,True,Yes,False
Arithmetic,2_digit_subtraction,'',Is 76 minus 37 equal to 39?,Yes,-4.979275226593018,-4.489797592163086,-5.066058899402618,-4.678052591323852,0.08678367280960053,0.18825499916076627,No,False,No,False
Arithmetic,2_digit_addition,'',Is 23 plus 10 equal to 75?,No,-4.706240653991699,-4.334582328796387,-5.066058899402618,-4.678052591323852,0.3598182454109189,0.3434702625274655,No,True,Yes,False
Arithmetic,1_digit_addition,'',Is 8 plus 1 equal to 9?,Yes,-4.8606858253479,-4.554604530334473,-5.066058899402618,-4.678052591323852,0.20537307405471772,0.12344806098937955,No,False,Yes,True
Arithmetic,1_digit_addition,'',Is 4 plus 1 equal to 7?,No,-5.147002696990967,-4.715514659881592,-5.066058899402618,-4.678052591323852,-0.08094379758834869,-0.03746206855773959,No,True,No,True
Arithmetic,1_digit_addition,'',Is 3 plus 8 equal to 11?,Yes,-4.894184112548828,-4.524814605712891,-5.066058899402618,-4.678052591323852,0.17187478685378998,0.15323798561096158,No,False,Yes,True
Arithmetic,1_digit_multiplication,'',Is 1 times 9 equal to 2?,No,-5.08922290802002,-5.22202730178833,-5.066058899402618,-4.678052591323852,-0.02316400861740231,-0.5439747104644779,Yes,False,Yes,False
Arithmetic,2_digit_multiplication,'',Is 43 times 43 equal to 1849?,Yes,-4.858086109161377,-4.55700159072876,-5.066058899402618,-4.678052591323852,0.20797279024124116,0.12105100059509244,No,False,Yes,True
Arithmetic,1_digit_subtraction,'',Is 1 minus 3 equal to 72?,No,-5.168250560760498,-4.676394462585449,-5.066058899402618,-4.678052591323852,-0.10219166135787994,0.0016581287384029864,No,True,No,True
Arithmetic,2_digit_multiplication,'',Is 96 times 26 equal to 2496?,Yes,-4.89390230178833,-4.592315196990967,-5.066058899402618,-4.678052591323852,0.17215659761428803,0.08573739433288541,No,False,Yes,True
Arithmetic,2_digit_addition,'',Is 76 plus 68 equal to 252?,No,-4.815037727355957,-4.321689605712891,-5.066058899402618,-4.678052591323852,0.2510211720466611,0.3563629856109616,No,True,No,True
Arithmetic,2_digit_multiplication,'',Is 49 times 43 equal to 9863?,No,-5.15953540802002,-4.860960006713867,-5.066058899402618,-4.678052591323852,-0.09347650861740231,-0.18290741539001498,No,True,Yes,False
Arithmetic,1_digit_subtraction,'',Is 9 minus 5 equal to 7?,No,-5.269059658050537,-4.7134528160095215,-5.066058899402618,-4.678052591323852,-0.203000758647919,-0.03540022468566928,No,True,No,True
Arithmetic,1_digit_addition,'',Is 3 plus 8 equal to 77?,No,-4.9193501472473145,-4.424990653991699,-5.066058899402618,-4.678052591323852,0.14670875215530366,0.253061937332153,No,True,No,True
Arithmetic,1_digit_addition,'',Is 8 plus 6 equal to 14?,Yes,-5.182209491729736,-4.690934658050537,-5.066058899402618,-4.678052591323852,-0.11615059232711822,-0.012882066726684904,No,False,No,False
Arithmetic,1_digit_addition,'',Is 5 plus 0 equal to 8?,No,-5.085528373718262,-4.715514659881592,-5.066058899402618,-4.678052591323852,-0.01946947431564361,-0.03746206855773959,No,True,Yes,False
Arithmetic,1_digit_multiplication,'',Is 8 times 5 equal to 65?,No,-4.875941753387451,-4.697718143463135,-5.066058899402618,-4.678052591323852,0.19011714601516694,-0.01966555213928256,No,True,Yes,False
Arithmetic,2_digit_addition,'',Is 70 plus 90 equal to 198?,No,-5.016180038452148,-4.458368301391602,-5.066058899402618,-4.678052591323852,0.04987886095046967,0.21968428993225064,No,True,No,True
Arithmetic,1_digit_subtraction,'',Is 6 minus 1 equal to 7?,No,-5.4896626472473145,-4.873056411743164,-5.066058899402618,-4.678052591323852,-0.42360374784469634,-0.19500382041931186,No,True,No,True
Arithmetic,1_digit_subtraction,'',Is 8 minus 6 equal to 2?,Yes,-5.336958408355713,-4.850273609161377,-5.066058899402618,-4.678052591323852,-0.2708995089530948,-0.17222101783752475,No,False,No,False
Arithmetic,2_digit_subtraction,'',Is 61 minus 33 equal to 85?,No,-4.909145832061768,-4.481139659881592,-5.066058899402618,-4.678052591323852,0.15691306734085053,0.1969129314422604,No,True,No,True
Arithmetic,2_digit_multiplication,'',Is 24 times 76 equal to 6365?,No,-5.013229370117188,-4.95640230178833,-5.066058899402618,-4.678052591323852,0.05282952928542972,-0.2783497104644779,No,True,Yes,False
Arithmetic,2_digit_subtraction,'',Is 85 minus 61 equal to 97?,No,-4.868649005889893,-4.375206470489502,-5.066058899402618,-4.678052591323852,0.19740989351272553,0.30284612083435025,No,True,No,True
Arithmetic,1_digit_multiplication,'',Is 8 times 0 equal to 0?,Yes,-4.952366352081299,-4.710200309753418,-5.066058899402618,-4.678052591323852,0.11369254732131928,-0.032147718429565764,No,False,Yes,True
Arithmetic,2_digit_addition,'',Is 22 plus 66 equal to 99?,No,-4.718340873718262,-4.285827159881592,-5.066058899402618,-4.678052591323852,0.3477180256843564,0.3922254314422604,No,True,No,True
Arithmetic,2_digit_multiplication,'',Is 13 times 77 equal to 1001?,Yes,-5.140817165374756,-4.714053153991699,-5.066058899402618,-4.678052591323852,-0.07475826597213775,-0.036000562667847014,No,False,No,False
Arithmetic,2_digit_multiplication,'',Is 46 times 29 equal to 6333?,No,-5.222625732421875,-4.864324569702148,-5.066058899402618,-4.678052591323852,-0.1565668330192569,-0.18627197837829623,No,True,Yes,False
Arithmetic,2_digit_multiplication,'',Is 87 times 22 equal to 1914?,Yes,-5.034145832061768,-4.545519828796387,-5.066058899402618,-4.678052591323852,0.03191306734085053,0.1325327625274655,No,False,No,False
Arithmetic,1_digit_subtraction,'',Is 9 minus 3 equal to 1?,No,-5.131881237030029,-4.639882564544678,-5.066058899402618,-4.678052591323852,-0.06582233762741119,0.03817002677917447,No,True,No,True
Arithmetic,2_digit_addition,'',Is 80 plus 30 equal to 438?,No,-5.108086109161377,-4.616778373718262,-5.066058899402618,-4.678052591323852,-0.04202720975875884,0.061274217605590486,No,True,No,True
Arithmetic,1_digit_subtraction,'',Is 7 minus 3 equal to 7?,No,-5.4103779792785645,-4.857431411743164,-5.066058899402618,-4.678052591323852,-0.34431907987594634,-0.17937882041931186,No,True,No,True
Arithmetic,2_digit_subtraction,'',Is 93 minus 67 equal to 26?,Yes,-4.90952730178833,-4.359930038452148,-5.066058899402618,-4.678052591323852,0.15653159761428803,0.31812255287170377,No,False,No,False
Arithmetic,1_digit_multiplication,'',Is 5 times 3 equal to 71?,No,-4.843942165374756,-4.662627696990967,-5.066058899402618,-4.678052591323852,0.22211673402786225,0.015424894332885408,No,True,Yes,False
Arithmetic,1_digit_addition,'',Is 9 plus 8 equal to 17?,Yes,-4.997610092163086,-4.565637588500977,-5.059936284542084,-4.670571398258209,0.062326192378997725,0.10493380975723277,No,False,No,False
Arithmetic,2_digit_subtraction,'',Is 62 minus 92 equal to -30?,Yes,-5.380416870117188,-4.772002696990967,-5.059936284542084,-4.670571398258209,-0.3204805855751047,-0.10143129873275747,No,False,No,False
Arithmetic,1_digit_multiplication,'',Is 1 times 7 equal to 3?,No,-5.154866695404053,-5.288673400878906,-5.059936284542084,-4.670571398258209,-0.09493041086196907,-0.6181020026206969,Yes,False,Yes,False
Arithmetic,2_digit_subtraction,'',Is 79 minus 69 equal to 10?,Yes,-5.061978340148926,-4.576584339141846,-5.059936284542084,-4.670571398258209,-0.002042055606842119,0.09398705911636362,No,False,No,False
Arithmetic,2_digit_subtraction,'',Is 35 minus 76 equal to -41?,Yes,-5.538673400878906,-4.803252696990967,-5.059936284542084,-4.670571398258209,-0.4787371163368226,-0.13268129873275747,No,False,No,False
Arithmetic,2_digit_addition,'',Is 38 plus 57 equal to 95?,Yes,-4.667621612548828,-4.23637580871582,-5.059936284542084,-4.670571398258209,0.39231467199325554,0.434195589542389,No,False,No,False
Arithmetic,2_digit_addition,'',Is 80 plus 54 equal to 452?,No,-4.9896626472473145,-4.559264659881592,-5.059936284542084,-4.670571398258209,0.07027363729476921,0.11130673837661753,No,True,No,True
Arithmetic,2_digit_multiplication,'',Is 91 times 84 equal to 7644?,Yes,-5.070844650268555,-4.97203540802002,-5.059936284542084,-4.670571398258209,-0.010908365726471025,-0.3014640097618111,No,False,Yes,True
Arithmetic,2_digit_multiplication,'',Is 14 times 55 equal to 770?,Yes,-5.039254665374756,-4.733965873718262,-5.059936284542084,-4.670571398258209,0.020681619167327803,-0.06339447546005239,No,False,Yes,True
Arithmetic,1_digit_multiplication,'',Is 8 times 3 equal to 24?,Yes,-4.692449569702148,-4.639190196990967,-5.059936284542084,-4.670571398258209,0.3674867148399352,0.03138120126724253,No,False,Yes,True
Arithmetic,2_digit_addition,'',Is 98 plus 36 equal to 520?,No,-4.84520149230957,-4.413320064544678,-5.059936284542084,-4.670571398258209,0.21473479223251335,0.2572513337135316,No,True,No,True
Arithmetic,2_digit_subtraction,'',Is 62 minus 19 equal to 43?,Yes,-5.05015230178833,-4.500555038452148,-5.059936284542084,-4.670571398258209,0.009783982753753584,0.1700163598060609,No,False,No,False
Arithmetic,2_digit_subtraction,'',Is 22 minus 66 equal to -44?,Yes,-5.624241352081299,-4.828272342681885,-5.059936284542084,-4.670571398258209,-0.5643050675392152,-0.15770094442367544,No,False,No,False
Arithmetic,1_digit_multiplication,'',Is 6 times 8 equal to 46?,No,-4.908771991729736,-4.667497158050537,-5.059936284542084,-4.670571398258209,0.15116429281234733,0.0030742402076722186,No,True,Yes,False
Arithmetic,2_digit_subtraction,'',Is 43 minus 19 equal to 90?,No,-4.688055038452148,-4.194510459899902,-5.059936284542084,-4.670571398258209,0.3718812460899352,0.476060938358307,No,True,No,True
Arithmetic,2_digit_addition,'',Is 24 plus 79 equal to 103?,Yes,-4.896047592163086,-4.463524341583252,-5.059936284542084,-4.670571398258209,0.16388869237899772,0.20704705667495737,No,False,No,False
Arithmetic,2_digit_multiplication,'',Is 43 times 90 equal to 1683?,No,-4.952735900878906,-4.654815196990967,-5.059936284542084,-4.670571398258209,0.10720038366317741,0.01575620126724253,No,True,Yes,False
Arithmetic,1_digit_addition,'',Is 4 plus 0 equal to 4?,Yes,-4.976153373718262,-4.607431411743164,-5.059936284542084,-4.670571398258209,0.08378291082382194,0.06313998651504527,No,False,Yes,True
Arithmetic,1_digit_addition,'',Is 1 plus 6 equal to 7?,Yes,-5.254949569702148,-5.010708332061768,-5.059936284542084,-4.670571398258209,-0.19501328516006478,-0.34013693380355825,No,False,Yes,True
Arithmetic,2_digit_multiplication,'',Is 49 times 21 equal to 1029?,Yes,-5.34702730178833,-4.920440196990967,-5.059936284542084,-4.670571398258209,-0.2870910172462464,-0.24986879873275747,No,False,No,False
Arithmetic,2_digit_subtraction,'',Is 73 minus 41 equal to 32?,Yes,-4.7931904792785645,-4.364618301391602,-5.059936284542084,-4.670571398258209,0.2667458052635192,0.30595309686660777,No,False,No,False
Arithmetic,1_digit_subtraction,'',Is 2 minus 9 equal to -7?,Yes,-5.671391010284424,-4.999068737030029,-5.059936284542084,-4.670571398258209,-0.6114547257423402,-0.32849733877181997,No,False,No,False
Arithmetic,1_digit_multiplication,'',Is 4 times 8 equal to 13?,No,-5.251144886016846,-4.887331962585449,-5.059936284542084,-4.670571398258209,-0.19120860147476204,-0.2167605643272399,No,True,Yes,False
Arithmetic,2_digit_subtraction,'',Is 87 minus 39 equal to 48?,Yes,-4.92332649230957,-4.43168830871582,-5.059936284542084,-4.670571398258209,0.13660979223251335,0.23888308954238902,No,False,No,False
Arithmetic,2_digit_subtraction,'',Is 16 minus 17 equal to -1?,Yes,-5.560104370117188,-4.826690196990967,-5.059936284542084,-4.670571398258209,-0.5001680855751047,-0.15611879873275747,No,False,No,False
Arithmetic,2_digit_multiplication,'',Is 76 times 29 equal to 2204?,Yes,-5.225179195404053,-4.867379665374756,-5.059936284542084,-4.670571398258209,-0.16524291086196907,-0.19680826711654653,No,False,Yes,True
Arithmetic,2_digit_addition,'',Is 77 plus 62 equal to 679?,No,-5.101173400878906,-4.6771626472473145,-5.059936284542084,-4.670571398258209,-0.04123711633682259,-0.006591248989105125,No,True,No,True
Arithmetic,1_digit_multiplication,'',Is 8 times 6 equal to 38?,No,-4.934637069702148,-4.631377696990967,-5.059936284542084,-4.670571398258209,0.12529921483993522,0.03919370126724253,No,True,Yes,False
Arithmetic,1_digit_addition,'',Is 7 plus 2 equal to 9?,Yes,-5.029013156890869,-4.6015706062316895,-5.059936284542084,-4.670571398258209,0.03092312765121452,0.06900079202651987,No,False,No,False
Arithmetic,2_digit_addition,'',Is 90 plus 37 equal to 370?,No,-4.8177876472473145,-4.385928153991699,-5.059936284542084,-4.670571398258209,0.2421486372947692,0.2846432442665101,No,True,No,True
Arithmetic,1_digit_addition,'',Is 4 plus 6 equal to 10?,Yes,-5.023992538452148,-4.467394828796387,-5.059936284542084,-4.670571398258209,0.035943746089935225,0.2031765694618226,No,False,No,False
Arithmetic,2_digit_addition,'',Is 73 plus 51 equal to 124?,Yes,-4.868772506713867,-4.440615653991699,-5.059936284542084,-4.670571398258209,0.19116377782821647,0.2299557442665101,No,False,No,False
Arithmetic,2_digit_subtraction,'',Is 94 minus 28 equal to 66?,Yes,-5.040647506713867,-4.48824405670166,-5.059936284542084,-4.670571398258209,0.019288777828216475,0.18232734155654917,No,False,No,False
Arithmetic,1_digit_addition,'',Is 0 plus 6 equal to 6?,Yes,-5.183563232421875,-4.880416870117188,-5.059936284542084,-4.670571398258209,-0.12362694787979134,-0.20984547185897906,No,False,Yes,True
Arithmetic,2_digit_subtraction,'',Is 10 minus 68 equal to 362?,No,-5.150975227355957,-4.53325080871582,-5.059936284542084,-4.670571398258209,-0.09103894281387337,0.13732058954238902,No,True,No,True
Arithmetic,1_digit_subtraction,'',Is 2 minus 2 equal to 5?,No,-5.2697529792785645,-4.964053153991699,-5.059936284542084,-4.670571398258209,-0.2098166947364808,-0.2934817557334899,No,True,Yes,False
Arithmetic,1_digit_subtraction,'',Is 1 minus 6 equal to 18?,No,-5.358637809753418,-4.807093143463135,-5.059936284542084,-4.670571398258209,-0.2987015252113343,-0.13652174520492544,No,True,No,True
Arithmetic,2_digit_multiplication,'',Is 58 times 75 equal to 8998?,No,-5.218883514404297,-4.858853340148926,-5.059936284542084,-4.670571398258209,-0.1589472298622132,-0.18828194189071645,No,True,Yes,False
Arithmetic,1_digit_multiplication,'',Is 1 times 1 equal to 7?,No,-5.122137069702148,-5.190395832061768,-5.059936284542084,-4.670571398258209,-0.062200785160064775,-0.5198244338035583,Yes,False,Yes,False
Arithmetic,1_digit_addition,'',Is 1 plus 3 equal to 4?,Yes,-5.028844356536865,-4.909684658050537,-5.059936284542084,-4.670571398258209,0.031091928005218428,-0.23911325979232778,No,False,Yes,True
Arithmetic,1_digit_subtraction,'',Is 2 minus 5 equal to 39?,No,-5.179165840148926,-4.627537727355957,-5.059936284542084,-4.670571398258209,-0.11922955560684212,0.0430336709022523,No,True,No,True
Arithmetic,2_digit_subtraction,'',Is 96 minus 74 equal to 20?,No,-5.086129665374756,-4.409365653991699,-5.059936284542084,-4.670571398258209,-0.026193380832672197,0.2612057442665101,No,True,No,True
Arithmetic,1_digit_subtraction,'',Is 4 minus 8 equal to 58?,No,-5.109930038452148,-4.428885459899902,-5.059936284542084,-4.670571398258209,-0.049993753910064775,0.24168593835830698,No,True,No,True
Arithmetic,2_digit_multiplication,'',Is 54 times 97 equal to 5238?,Yes,-5.083198070526123,-4.724325656890869,-5.059936284542084,-4.670571398258209,-0.023261785984039385,-0.05375425863265981,No,False,Yes,True
Arithmetic,1_digit_subtraction,'',Is 8 minus 7 equal to 1?,Yes,-5.255416870117188,-4.6447529792785645,-5.059936284542084,-4.670571398258209,-0.19548058557510473,0.025818418979644875,No,False,No,False
Arithmetic,2_digit_subtraction,'',Is 38 minus 43 equal to 49?,No,-4.932225227355957,-4.37700080871582,-5.059936284542084,-4.670571398258209,0.12771105718612663,0.293570589542389,No,True,No,True
Arithmetic,1_digit_subtraction,'',Is 4 minus 5 equal to 81?,No,-5.131377696990967,-4.389269828796387,-5.059936284542084,-4.670571398258209,-0.07144141244888313,0.2813015694618226,No,True,No,True
Arithmetic,2_digit_addition,'',Is 74 plus 54 equal to 154?,No,-4.8334126472473145,-4.466180801391602,-5.059936284542084,-4.670571398258209,0.2265236372947692,0.20439059686660777,No,True,Yes,False
Arithmetic,1_digit_addition,'',Is 1 plus 6 equal to 5?,No,-5.037773609161377,-4.8556904792785645,-5.059936284542084,-4.670571398258209,0.02216267538070671,-0.18511908102035513,No,True,Yes,False
Arithmetic,1_digit_addition,'',Is 5 plus 7 equal to 12?,Yes,-5.035769462585449,-4.602939605712891,-5.059936284542084,-4.670571398258209,0.024166821956634443,0.0676317925453187,No,False,No,False
Arithmetic,2_digit_addition,'',Is 82 plus 29 equal to 434?,No,-4.958074569702148,-4.654815196990967,-5.059936284542084,-4.670571398258209,0.10186171483993522,0.01575620126724253,No,True,Yes,False
Arithmetic,2_digit_subtraction,'',Is 70 minus 50 equal to 20?,Yes,-5.1447529792785645,-4.52730655670166,-5.059936284542084,-4.670571398258209,-0.08481669473648079,0.14326484155654917,No,False,No,False
Arithmetic,2_digit_multiplication,'',Is 76 times 40 equal to 8832?,No,-5.085453510284424,-4.788131237030029,-5.059936284542084,-4.670571398258209,-0.025517225742340166,-0.11755983877181997,No,True,Yes,False
Arithmetic,1_digit_multiplication,'',Is 8 times 1 equal to 2?,No,-5.103201866149902,-5.110519886016846,-5.059936284542084,-4.670571398258209,-0.04326558160781868,-0.4399484877586364,Yes,False,Yes,False
Arithmetic,2_digit_addition,'',Is 28 plus 83 equal to 747?,No,-4.832644462585449,-4.399814605712891,-5.059936284542084,-4.670571398258209,0.22729182195663444,0.2707567925453187,No,True,No,True
Arithmetic,2_digit_multiplication,'',Is 86 times 72 equal to 6192?,Yes,-5.060787677764893,-4.892124652862549,-5.059936284542084,-4.670571398258209,-0.000851393222808916,-0.2215532546043395,No,False,Yes,True
Arithmetic,1_digit_subtraction,'',Is 6 minus 1 equal to 5?,Yes,-5.241778373718262,-4.748644828796387,-5.059936284542084,-4.670571398258209,-0.18184208917617806,-0.07807343053817739,No,False,No,False
Arithmetic,2_digit_addition,'',Is 31 plus 85 equal to 694?,No,-4.940212726593018,-4.573871612548828,-5.059936284542084,-4.670571398258209,0.11972355794906608,0.0966997857093812,No,True,Yes,False
Arithmetic,2_digit_addition,'',Is 93 plus 35 equal to 128?,Yes,-4.595211505889893,-4.288780212402344,-5.059936284542084,-4.670571398258209,0.4647247786521911,0.3817911858558656,No,False,Yes,True
Arithmetic,2_digit_subtraction,'',Is 57 minus 98 equal to -41?,Yes,-5.740804195404053,-4.948208332061768,-5.059936284542084,-4.670571398258209,-0.6808679108619691,-0.27763693380355825,No,False,No,False
Arithmetic,2_digit_addition,'',Is 48 plus 28 equal to 94?,No,-4.8646626472473145,-4.30855655670166,-5.059936284542084,-4.670571398258209,0.1952736372947692,0.36201484155654917,No,True,No,True
Arithmetic,2_digit_addition,'',Is 38 plus 57 equal to 20?,No,-4.818877696990967,-4.388055801391602,-5.059936284542084,-4.670571398258209,0.24105858755111687,0.28251559686660777,No,True,No,True
Arithmetic,2_digit_multiplication,'',Is 55 times 89 equal to 4895?,Yes,-4.871195793151856,-4.568668365478516,-5.059936284542084,-4.670571398258209,0.1887404913902273,0.1019030327796937,No,False,Yes,True
Arithmetic,2_digit_multiplication,'',Is 32 times 95 equal to 3040?,Yes,-5.017124652862549,-4.713833332061768,-5.059936284542084,-4.670571398258209,0.042811631679534834,-0.04326193380355825,No,False,Yes,True
Arithmetic,2_digit_addition,'',Is 69 plus 17 equal to 86?,Yes,-4.565934658050537,-4.322237491607666,-5.059936284542084,-4.670571398258209,0.49400162649154655,0.3483339066505433,No,False,Yes,True
Arithmetic,2_digit_addition,'',Is 30 plus 45 equal to 21?,No,-4.900022506713867,-4.468340873718262,-5.059936284542084,-4.670571398258209,0.15991377782821647,0.2022305245399476,No,True,No,True
Arithmetic,2_digit_multiplication,'',Is 56 times 66 equal to 9668?,No,-5.107662677764893,-4.813999652862549,-5.059936284542084,-4.670571398258209,-0.047726393222808916,-0.1434282546043395,No,True,Yes,False
Arithmetic,1_digit_multiplication,'',Is 1 times 6 equal to 6?,Yes,-4.942790985107422,-5.135334491729736,-5.059936284542084,-4.670571398258209,0.11714529943466179,-0.464763093471527,Yes,True,Yes,True
Arithmetic,2_digit_addition,'',Is 93 plus 99 equal to 778?,No,-4.851859092712402,-4.360752105712891,-5.059936284542084,-4.670571398258209,0.20807719182968132,0.3098192925453187,No,True,No,True
Arithmetic,1_digit_multiplication,'',Is 5 times 1 equal to 5?,Yes,-4.795440196990967,-4.924990653991699,-5.059936284542084,-4.670571398258209,0.26449608755111687,-0.2544192557334899,Yes,True,Yes,True
Arithmetic,1_digit_multiplication,'',Is 5 times 8 equal to 40?,Yes,-4.924770832061768,-4.681149005889893,-5.059936284542084,-4.670571398258209,0.13516545248031608,-0.01057760763168325,No,False,Yes,True
Arithmetic,2_digit_multiplication,'',Is 72 times 94 equal to 1630?,No,-4.905860900878906,-4.6693501472473145,-5.059936284542084,-4.670571398258209,0.1540753836631774,0.0012212510108948749,No,True,Yes,False
Arithmetic,1_digit_multiplication,'',Is 9 times 3 equal to 27?,Yes,-4.850631237030029,-4.670334339141846,-5.059936284542084,-4.670571398258209,0.20930504751205437,0.00023705911636362487,No,False,Yes,True
Arithmetic,2_digit_addition,'',Is 76 plus 88 equal to 164?,Yes,-4.897148609161377,-4.470211505889893,-5.059936284542084,-4.670571398258209,0.1627876753807067,0.20035989236831675,No,False,No,False
Arithmetic,2_digit_multiplication,'',Is 63 times 23 equal to 1449?,Yes,-5.071477890014648,-4.717461109161377,-5.059936284542084,-4.670571398258209,-0.011541605472564775,-0.046889710903167625,No,False,Yes,True
Arithmetic,1_digit_multiplication,'',Is 2 times 8 equal to 96?,No,-4.79233980178833,-4.6146626472473145,-5.059936284542084,-4.670571398258209,0.2675964827537536,0.055908751010894875,No,True,Yes,False
Arithmetic,1_digit_addition,'',Is 2 plus 7 equal to 1?,No,-5.042701244354248,-4.801063060760498,-5.059936284542084,-4.670571398258209,0.017235040187835615,-0.13049166250228872,No,True,Yes,False
Arithmetic,2_digit_multiplication,'',Is 44 times 48 equal to 9687?,No,-5.098646640777588,-4.802165985107422,-5.059936284542084,-4.670571398258209,-0.03871035623550423,-0.13159458684921255,No,True,Yes,False
Arithmetic,1_digit_multiplication,'',Is 4 times 3 equal to 12?,Yes,-4.937692165374756,-4.759274005889893,-5.059936284542084,-4.670571398258209,0.1222441191673278,-0.08870260763168325,No,False,Yes,True
Arithmetic,2_digit_addition,'',Is 28 plus 84 equal to 112?,Yes,-4.856875419616699,-4.362445831298828,-5.059936284542084,-4.670571398258209,0.20306086492538444,0.3081255669593812,No,False,No,False
Arithmetic,2_digit_subtraction,'',Is 11 minus 96 equal to 594?,No,-5.2853779792785645,-4.668639659881592,-5.059936284542084,-4.670571398258209,-0.2254416947364808,0.0019317383766175311,No,True,No,True
Arithmetic,2_digit_subtraction,'',Is 92 minus 76 equal to 86?,No,-4.693877696990967,-4.388681411743164,-5.059936284542084,-4.670571398258209,0.36605858755111687,0.28188998651504527,No,True,Yes,False
Arithmetic,2_digit_multiplication,'',Is 61 times 13 equal to 350?,No,-4.929298400878906,-4.568877696990967,-5.059936284542084,-4.670571398258209,0.1306378836631774,0.10169370126724253,No,True,Yes,False
Arithmetic,1_digit_subtraction,'',Is 4 minus 9 equal to 85?,No,-5.079586505889893,-4.336143970489502,-5.059936284542084,-4.670571398258209,-0.019650221347808916,0.3344274277687074,No,True,No,True
Arithmetic,1_digit_subtraction,'',Is 8 minus 9 equal to -1?,Yes,-5.491798400878906,-4.757403373718262,-5.059936284542084,-4.670571398258209,-0.4318621163368226,-0.08683197546005239,No,False,No,False
Arithmetic,2_digit_addition,'',Is 44 plus 82 equal to 126?,Yes,-4.758367538452148,-4.326769828796387,-5.059936284542084,-4.670571398258209,0.3015687460899352,0.3438015694618226,No,False,No,False
Arithmetic,2_digit_subtraction,'',Is 61 minus 84 equal to 616?,No,-5.176948070526123,-4.693075656890869,-5.059936284542084,-4.670571398258209,-0.11701178598403938,-0.022504258632659813,No,True,No,True
Arithmetic,1_digit_subtraction,'',Is 7 minus 9 equal to -2?,Yes,-5.637762069702148,-4.90075159072876,-5.059936284542084,-4.670571398258209,-0.5778257851600648,-0.23018019247055044,No,False,No,False
Arithmetic,2_digit_addition,'',Is 83 plus 61 equal to 144?,Yes,-4.633109092712402,-4.4531331062316895,-5.059936284542084,-4.670571398258209,0.4268271918296813,0.21743829202651987,No,False,Yes,True
Arithmetic,2_digit_multiplication,'',Is 53 times 95 equal to 7408?,No,-5.169308185577393,-4.811978340148926,-5.059936284542084,-4.670571398258209,-0.10937190103530892,-0.14140694189071645,No,True,Yes,False
Arithmetic,2_digit_multiplication,'',Is 98 times 71 equal to 4004?,No,-5.063520908355713,-4.767210006713867,-5.059936284542084,-4.670571398258209,-0.0035846238136292286,-0.09663860845565786,No,True,Yes,False
Arithmetic,2_digit_addition,'',Is 81 plus 63 equal to 720?,No,-4.557583332061768,-4.43981409072876,-5.059936284542084,-4.670571398258209,0.5023529524803161,0.23075730752944956,No,True,Yes,False
Arithmetic,2_digit_addition,'',Is 55 plus 15 equal to 38?,No,-4.721865653991699,-4.350760459899902,-5.059936284542084,-4.670571398258209,0.33807063055038444,0.319810938358307,No,True,Yes,False
Arithmetic,2_digit_subtraction,'',Is 98 minus 42 equal to 56?,Yes,-4.936065196990967,-4.381457328796387,-5.059936284542084,-4.670571398258209,0.12387108755111687,0.2891140694618226,No,False,No,False
Arithmetic,2_digit_addition,'',Is 27 plus 99 equal to 126?,Yes,-5.007070064544678,-4.450342178344727,-5.059936284542084,-4.670571398258209,0.05286621999740593,0.22022921991348277,No,False,No,False
Arithmetic,2_digit_addition,'',Is 28 plus 19 equal to 17?,No,-5.133367538452148,-4.702322959899902,-5.059936284542084,-4.670571398258209,-0.07343125391006478,-0.031751561641693016,No,True,No,True
Arithmetic,1_digit_addition,'',Is 4 plus 4 equal to 5?,No,-4.968007564544678,-4.534905433654785,-5.059936284542084,-4.670571398258209,0.09192871999740593,0.13566596460342417,No,True,No,True
Arithmetic,2_digit_subtraction,'',Is 17 minus 34 equal to 270?,No,-4.9427876472473145,-4.449889659881592,-5.059936284542084,-4.670571398258209,0.11714863729476921,0.22068173837661753,No,True,No,True
Arithmetic,1_digit_multiplication,'',Is 8 times 8 equal to 24?,No,-4.755406856536865,-4.638980865478516,-5.059936284542084,-4.670571398258209,0.3045294280052184,0.0315905327796937,No,True,Yes,False
Arithmetic,1_digit_multiplication,'',Is 5 times 6 equal to 30?,Yes,-4.803252696990967,-4.68355655670166,-5.059936284542084,-4.670571398258209,0.25668358755111687,-0.012985158443450828,No,False,Yes,True
Arithmetic,2_digit_multiplication,'',Is 99 times 38 equal to 7080?,No,-5.0638108253479,-4.509109020233154,-5.059936284542084,-4.670571398258209,-0.0038745408058167286,0.16146237802505503,No,True,No,True
Arithmetic,2_digit_multiplication,'',Is 27 times 26 equal to 285?,No,-5.086129665374756,-4.721865653991699,-5.059936284542084,-4.670571398258209,-0.026193380832672197,-0.05129425573348989,No,True,Yes,False
Arithmetic,2_digit_subtraction,'',Is 57 minus 84 equal to -27?,Yes,-5.651114940643311,-4.984671592712402,-5.059936284542084,-4.670571398258209,-0.5911786561012278,-0.314100194454193,No,False,No,False
Arithmetic,2_digit_addition,'',Is 11 plus 53 equal to 64?,Yes,-4.684264659881592,-4.376502513885498,-5.059936284542084,-4.670571398258209,0.37567162466049187,0.2940688843727113,No,False,Yes,True
Arithmetic,1_digit_subtraction,'',Is 8 minus 3 equal to 3?,No,-5.366665840148926,-4.815037727355957,-5.059936284542084,-4.670571398258209,-0.3067295556068421,-0.1444663290977477,No,True,No,True
Arithmetic,1_digit_addition,'',Is 9 plus 4 equal to 13?,Yes,-5.118649005889893,-4.561697959899902,-5.059936284542084,-4.670571398258209,-0.058712721347808916,0.10887343835830698,No,False,No,False
Arithmetic,2_digit_multiplication,'',Is 13 times 45 equal to 550?,No,-5.209648609161377,-4.719305038452148,-5.059936284542084,-4.670571398258209,-0.1497123246192933,-0.04873364019393911,No,True,No,True
Arithmetic,1_digit_addition,'',Is 7 plus 2 equal to 8?,No,-5.025975227355957,-4.720127105712891,-5.059936284542084,-4.670571398258209,0.03396105718612663,-0.0495557074546813,No,True,Yes,False
Arithmetic,2_digit_multiplication,'',Is 10 times 46 equal to 389?,No,-5.073208332061768,-4.51949405670166,-5.059936284542084,-4.670571398258209,-0.013272047519683916,0.15107734155654917,No,True,No,True
Arithmetic,1_digit_subtraction,'',Is 7 minus 7 equal to 6?,No,-5.198208332061768,-4.770202159881592,-5.059936284542084,-4.670571398258209,-0.13827204751968392,-0.09963076162338247,No,True,No,True
Arithmetic,1_digit_subtraction,'',Is 3 minus 0 equal to 3?,Yes,-5.424770832061768,-5.05700159072876,-5.059936284542084,-4.670571398258209,-0.3648345475196839,-0.38643019247055044,No,False,Yes,True
Arithmetic,1_digit_subtraction,'',Is 5 minus 6 equal to 69?,No,-5.170440196990967,-4.426452159881592,-5.059936284542084,-4.670571398258209,-0.11050391244888313,0.24411923837661753,No,True,No,True
Arithmetic,1_digit_multiplication,'',Is 5 times 1 equal to 1?,No,-5.053398609161377,-4.995083332061768,-5.059936284542084,-4.670571398258209,0.006537675380706709,-0.32451193380355825,No,True,Yes,False
Arithmetic,1_digit_subtraction,'',Is 2 minus 5 equal to -3?,Yes,-5.951741695404053,-5.340887069702148,-5.059936284542084,-4.670571398258209,-0.8918054108619691,-0.6703156714439391,No,False,No,False
Arithmetic,1_digit_multiplication,'',Is 2 times 1 equal to 2?,Yes,-4.954269886016846,-5.210006237030029,-5.059936284542084,-4.670571398258209,0.10566639852523796,-0.53943483877182,Yes,True,Yes,True
Arithmetic,2_digit_multiplication,'',Is 10 times 83 equal to 472?,No,-5.017124652862549,-4.7162251472473145,-5.059936284542084,-4.670571398258209,0.042811631679534834,-0.045653748989105125,No,True,Yes,False
Arithmetic,2_digit_addition,'',Is 93 plus 31 equal to 721?,No,-4.826836109161377,-4.523028373718262,-5.059936284542084,-4.670571398258209,0.2331001753807067,0.1475430245399476,No,True,Yes,False
Arithmetic,1_digit_multiplication,'',Is 0 times 8 equal to 0?,Yes,-5.342985153198242,-5.047407150268555,-5.059936284542084,-4.670571398258209,-0.2830488686561585,-0.37683575201034536,No,False,Yes,True
Arithmetic,1_digit_addition,'',Is 4 plus 8 equal to 24?,No,-4.814905643463135,-4.321609020233154,-5.059936284542084,-4.670571398258209,0.2450306410789489,0.34896237802505503,No,True,No,True
Arithmetic,1_digit_addition,'',Is 1 plus 4 equal to 8?,No,-4.988563060760498,-4.807225227355957,-5.059936284542084,-4.670571398258209,0.07137322378158562,-0.1366538290977477,No,True,Yes,False
Arithmetic,2_digit_multiplication,'',Is 63 times 97 equal to 9084?,No,-5.124805450439453,-4.958541870117188,-5.059936284542084,-4.670571398258209,-0.06486916589736946,-0.28797047185897906,No,True,Yes,False
Arithmetic,1_digit_multiplication,'',Is 5 times 6 equal to 42?,No,-4.940395832061768,-4.758367538452148,-5.059936284542084,-4.670571398258209,0.11954045248031608,-0.08779614019393911,No,True,Yes,False
Arithmetic,1_digit_subtraction,'',Is 9 minus 5 equal to 4?,Yes,-5.008367538452148,-4.576181411743164,-5.059936284542084,-4.670571398258209,0.051568746089935225,0.09438998651504527,No,False,No,False
Arithmetic,1_digit_addition,'',Is 8 plus 5 equal to 13?,Yes,-5.185094356536865,-4.6919026374816895,-5.059936284542084,-4.670571398258209,-0.12515807199478157,-0.021331239223480125,No,False,No,False
Arithmetic,2_digit_addition,'',Is 47 plus 75 equal to 122?,Yes,-4.9885029792785645,-4.496764659881592,-5.059936284542084,-4.670571398258209,0.07143330526351921,0.17380673837661753,No,False,No,False
Arithmetic,1_digit_subtraction,'',Is 5 minus 4 equal to 9?,No,-5.0825276374816895,-4.5259528160095215,-5.059936284542084,-4.670571398258209,-0.02259135293960579,0.14461858224868784,No,True,No,True
Arithmetic,2_digit_addition,'',Is 15 plus 11 equal to 26?,Yes,-4.938961505889893,-4.443368911743164,-5.059936284542084,-4.670571398258209,0.12097477865219108,0.22720248651504527,No,False,No,False
Arithmetic,2_digit_multiplication,'',Is 39 times 48 equal to 8277?,No,-5.137709140777588,-4.782191753387451,-5.059936284542084,-4.670571398258209,-0.07777285623550423,-0.11162035512924184,No,True,Yes,False
Arithmetic,2_digit_subtraction,'',Is 22 minus 55 equal to 993?,No,-5.075262069702148,-4.523992538452148,-5.059936284542084,-4.670571398258209,-0.015325785160064775,0.1465788598060609,No,True,No,True
Arithmetic,1_digit_subtraction,'',Is 5 minus 0 equal to 5?,Yes,-5.241778373718262,-4.809930801391602,-5.059936284542084,-4.670571398258209,-0.18184208917617806,-0.13935940313339223,No,False,No,False
Arithmetic,2_digit_addition,'',Is 39 plus 55 equal to 94?,Yes,-4.59606409072876,-4.163260459899902,-5.059936284542084,-4.670571398258209,0.4638721938133239,0.507310938358307,No,False,No,False
Arithmetic,1_digit_subtraction,'',Is 1 minus 4 equal to 37?,No,-5.308082580566406,-4.695459842681885,-5.059936284542084,-4.670571398258209,-0.2481462960243226,-0.024888444423675438,No,True,No,True
Arithmetic,2_digit_multiplication,'',Is 54 times 51 equal to 3681?,No,-5.103201866149902,-4.68113899230957,-5.059936284542084,-4.670571398258209,-0.04326558160781868,-0.010567594051360985,No,True,No,True
Arithmetic,1_digit_multiplication,'',Is 0 times 0 equal to 2?,No,-5.465610504150391,-5.413398742675781,-5.059936284542084,-4.670571398258209,-0.40567421960830696,-0.7428273444175719,No,True,Yes,False
Arithmetic,2_digit_subtraction,'',Is 11 minus 27 equal to 867?,No,-5.2931904792785645,-4.676452159881592,-5.059936284542084,-4.670571398258209,-0.2332541947364808,-0.005880761623382469,No,True,No,True
Arithmetic,1_digit_subtraction,'',Is 3 minus 1 equal to 3?,No,-5.285769462585449,-4.979149341583252,-5.059936284542084,-4.670571398258209,-0.22583317804336556,-0.3085779433250426,No,True,Yes,False
Arithmetic,2_digit_subtraction,'',Is 56 minus 65 equal to -9?,Yes,-5.321333408355713,-4.654815196990967,-5.059936284542084,-4.670571398258209,-0.26139712381362923,0.01575620126724253,No,False,No,False
Arithmetic,1_digit_subtraction,'',Is 1 minus 5 equal to 26?,No,-5.259312152862549,-4.6459126472473145,-5.059936284542084,-4.670571398258209,-0.19937586832046517,0.024658751010894875,No,True,No,True
Arithmetic,1_digit_addition,'',Is 6 plus 8 equal to 14?,Yes,-5.2631001472473145,-4.707702159881592,-5.059936284542084,-4.670571398258209,-0.2031638627052308,-0.03713076162338247,No,False,No,False
Arithmetic,2_digit_addition,'',Is 55 plus 32 equal to 87?,Yes,-4.545334339141846,-4.238030433654785,-5.059936284542084,-4.670571398258209,0.514601945400238,0.43254096460342417,No,False,Yes,True
Arithmetic,1_digit_multiplication,'',Is 9 times 9 equal to 86?,No,-4.643740653991699,-4.461143970489502,-5.059936284542084,-4.670571398258209,0.41619563055038444,0.20942742776870737,No,True,Yes,False
Arithmetic,2_digit_addition,'',Is 11 plus 22 equal to 33?,Yes,-4.948428153991699,-4.578790664672852,-5.059936284542084,-4.670571398258209,0.11150813055038444,0.09178073358535777,No,False,Yes,True
Arithmetic,2_digit_multiplication,'',Is 84 times 31 equal to 2604?,Yes,-5.140429973602295,-4.846271991729736,-5.059936284542084,-4.670571398258209,-0.08049368906021126,-0.175700593471527,No,False,Yes,True
Arithmetic,1_digit_multiplication,'',Is 3 times 3 equal to 9?,Yes,-4.808695793151856,-4.818668365478516,-5.059936284542084,-4.670571398258209,0.2512404913902273,-0.1480969672203063,Yes,True,Yes,True
Arithmetic,2_digit_multiplication,'',Is 19 times 89 equal to 2333?,No,-5.251020908355713,-5.075262069702148,-5.059936284542084,-4.670571398258209,-0.19108462381362923,-0.4046906714439391,No,True,Yes,False
Arithmetic,2_digit_multiplication,'',Is 25 times 29 equal to 783?,No,-5.205837726593018,-4.840456962585449,-5.059936284542084,-4.670571398258209,-0.14590144205093392,-0.1698855643272399,No,True,Yes,False
Arithmetic,2_digit_multiplication,'',Is 14 times 81 equal to 1134?,Yes,-5.063999652862549,-4.826690196990967,-5.059936284542084,-4.670571398258209,-0.004063368320465166,-0.15611879873275747,No,False,Yes,True
Arithmetic,1_digit_subtraction,'',Is 7 minus 4 equal to 8?,No,-5.170440196990967,-4.740832328796387,-5.059936284542084,-4.670571398258209,-0.11050391244888313,-0.07026093053817739,No,True,No,True
Arithmetic,1_digit_addition,'',Is 6 plus 5 equal to 83?,No,-4.944903373718262,-4.512389659881592,-5.059936284542084,-4.670571398258209,0.11503291082382194,0.15818173837661753,No,True,No,True
Arithmetic,2_digit_addition,'',Is 56 plus 85 equal to 141?,Yes,-4.798460006713867,-4.37105655670166,-5.059936284542084,-4.670571398258209,0.2614762778282165,0.29951484155654917,No,False,No,False
Arithmetic,1_digit_multiplication,'',Is 7 times 1 equal to 7?,Yes,-4.946897506713867,-4.95543909072876,-5.059936284542084,-4.670571398258209,0.11303877782821647,-0.28486769247055044,Yes,True,Yes,True
Arithmetic,2_digit_multiplication,'',Is 73 times 42 equal to 3066?,Yes,-5.007328510284424,-4.708700656890869,-5.059936284542084,-4.670571398258209,0.052607774257659834,-0.03812925863265981,No,False,Yes,True
Arithmetic,1_digit_addition,'',Is 7 plus 8 equal to 17?,No,-5.178597450256348,-4.7491607666015625,-5.059936284542084,-4.670571398258209,-0.118661165714264,-0.07858936834335317,No,True,No,True
Arithmetic,2_digit_subtraction,'',Is 27 minus 40 equal to 802?,No,-4.954066753387451,-4.5247483253479,-5.059936284542084,-4.670571398258209,0.10586953115463249,0.14582307291030894,No,True,No,True
Arithmetic,1_digit_multiplication,'',Is 6 times 2 equal to 12?,Yes,-4.94858980178833,-4.893520832061768,-5.059936284542084,-4.670571398258209,0.11134648275375358,-0.22294943380355825,No,False,Yes,True
Arithmetic,2_digit_addition,'',Is 14 plus 89 equal to 103?,Yes,-4.880422592163086,-4.510950088500977,-5.059936284542084,-4.670571398258209,0.17951369237899772,0.15962130975723277,No,False,Yes,True
Arithmetic,1_digit_subtraction,'',Is 2 minus 7 equal to 74?,No,-5.232082843780518,-4.68113899230957,-5.059936284542084,-4.670571398258209,-0.17214655923843392,-0.010567594051360985,No,True,No,True
Arithmetic,1_digit_addition,'',Is 5 plus 4 equal to 7?,No,-5.124590873718262,-4.692077159881592,-5.059936284542084,-4.670571398258209,-0.06465458917617806,-0.02150576162338247,No,True,No,True
Arithmetic,1_digit_subtraction,'',Is 0 minus 7 equal to -7?,Yes,-5.808705806732178,-5.092991352081299,-5.059936284542084,-4.670571398258209,-0.7487695221900941,-0.4224199538230895,No,False,No,False
Arithmetic,2_digit_addition,'',Is 49 plus 98 equal to 401?,No,-4.655447959899902,-4.0956339836120605,-5.059936284542084,-4.670571398258209,0.4044883246421813,0.5749374146461488,No,True,No,True
Arithmetic,1_digit_subtraction,'',Is 3 minus 1 equal to 2?,Yes,-5.3244404792785645,-5.01949405670166,-5.059936284542084,-4.670571398258209,-0.2645041947364808,-0.34892265844345083,No,False,Yes,True
Arithmetic,1_digit_addition,'',Is 4 plus 7 equal to 11?,Yes,-5.05613899230957,-4.50071382522583,-5.059936284542084,-4.670571398258209,0.0037972922325133496,0.16985757303237925,No,False,No,False
Arithmetic,2_digit_subtraction,'',Is 94 minus 23 equal to 52?,No,-4.927297592163086,-4.370842933654785,-5.059936284542084,-4.670571398258209,0.13263869237899772,0.29972846460342417,No,True,No,True
Arithmetic,1_digit_addition,'',Is 7 plus 9 equal to 59?,No,-4.815934658050537,-4.384737491607666,-5.059936284542084,-4.670571398258209,0.24400162649154655,0.2858339066505433,No,True,No,True
Arithmetic,2_digit_addition,'',Is 66 plus 27 equal to 99?,No,-4.7541279792785645,-4.323428153991699,-5.059936284542084,-4.670571398258209,0.3058083052635192,0.3471432442665101,No,True,No,True
Arithmetic,2_digit_multiplication,'',Is 37 times 50 equal to 1850?,Yes,-4.883367538452148,-4.577322959899902,-5.059936284542084,-4.670571398258209,0.17656874608993522,0.09324843835830698,No,False,Yes,True
Arithmetic,2_digit_subtraction,'',Is 63 minus 70 equal to 74?,No,-5.030512809753418,-4.4809651374816895,-5.059936284542084,-4.670571398258209,0.029423474788665693,0.18960626077651987,No,True,No,True
Arithmetic,1_digit_multiplication,'',Is 5 times 5 equal to 25?,Yes,-4.912627696990967,-4.73043155670166,-5.059936284542084,-4.670571398258209,0.14730858755111687,-0.05986015844345083,No,False,Yes,True
Arithmetic,2_digit_multiplication,'',Is 30 times 99 equal to 2970?,Yes,-4.822850227355957,-4.45383882522583,-5.059936284542084,-4.670571398258209,0.23708605718612663,0.21673257303237925,No,False,Yes,True
Arithmetic,2_digit_addition,'',Is 11 plus 83 equal to 46?,No,-4.747610092163086,-4.315637588500977,-5.059936284542084,-4.670571398258209,0.3123261923789977,0.35493380975723277,No,True,No,True
Arithmetic,2_digit_subtraction,'',Is 39 minus 91 equal to -52?,Yes,-5.47983980178833,-4.743649005889893,-5.059936284542084,-4.670571398258209,-0.4199035172462464,-0.07307760763168325,No,False,No,False
Arithmetic,1_digit_addition,'',Is 3 plus 2 equal to 5?,Yes,-4.83043909072876,-4.646493911743164,-5.059936284542084,-4.670571398258209,0.2294971938133239,0.024077486515045265,No,False,Yes,True
Arithmetic,2_digit_subtraction,'',Is 49 minus 86 equal to -37?,Yes,-5.634451866149902,-4.838475227355957,-5.059936284542084,-4.670571398258209,-0.5745155816078187,-0.1679038290977477,No,False,No,False
Arithmetic,2_digit_addition,'',Is 15 plus 50 equal to 49?,No,-4.858965873718262,-4.424990653991699,-5.059936284542084,-4.670571398258209,0.20097041082382194,0.2455807442665101,No,True,No,True
Arithmetic,1_digit_multiplication,'',Is 9 times 2 equal to 18?,Yes,-4.7981858253479,-4.7413482666015625,-5.059936284542084,-4.670571398258209,0.26175045919418327,-0.07077686834335317,No,False,Yes,True
Arithmetic,2_digit_multiplication,'',Is 62 times 81 equal to 5273?,No,-5.096796035766602,-4.929298400878906,-5.059936284542084,-4.670571398258209,-0.0368597512245179,-0.2587270026206969,No,True,Yes,False
Arithmetic,1_digit_multiplication,'',Is 0 times 4 equal to 7?,No,-5.367719650268555,-5.133977890014648,-5.059936284542084,-4.670571398258209,-0.307783365726471,-0.4634064917564391,No,True,Yes,False
Arithmetic,2_digit_subtraction,'',Is 35 minus 43 equal to 47?,No,-4.85543155670166,-4.360472202301025,-5.059936284542084,-4.670571398258209,0.2045047278404235,0.31009919595718394,No,True,No,True
Arithmetic,2_digit_addition,'',Is 38 plus 37 equal to 75?,Yes,-4.779709339141846,-4.347405433654785,-5.059936284542084,-4.670571398258209,0.28022694540023796,0.32316596460342417,No,False,No,False
Arithmetic,1_digit_subtraction,'',Is 0 minus 9 equal to 71?,No,-5.107662677764893,-4.44077730178833,-5.059936284542084,-4.670571398258209,-0.047726393222808916,0.22979409646987925,No,True,No,True
Arithmetic,1_digit_addition,'',Is 9 plus 1 equal to 26?,No,-4.868649005889893,-4.374197959899902,-5.059936284542084,-4.670571398258209,0.19128727865219108,0.296373438358307,No,True,No,True
Arithmetic,1_digit_multiplication,'',Is 1 times 6 equal to 4?,No,-4.913578510284424,-5.107082843780518,-5.059936284542084,-4.670571398258209,0.14635777425765983,-0.43651144552230825,Yes,False,Yes,False
Arithmetic,1_digit_subtraction,'',Is 7 minus 6 equal to 7?,No,-5.3869404792785645,-4.833993911743164,-5.059936284542084,-4.670571398258209,-0.3270041947364808,-0.16342251348495473,No,True,No,True
Arithmetic,2_digit_subtraction,'',Is 33 minus 71 equal to -38?,Yes,-5.399937152862549,-4.789617538452148,-5.059936284542084,-4.670571398258209,-0.34000086832046517,-0.11904614019393911,No,False,No,False
Arithmetic,1_digit_subtraction,'',Is 6 minus 2 equal to 4?,Yes,-5.2697529792785645,-4.77730655670166,-5.059936284542084,-4.670571398258209,-0.2098166947364808,-0.10673515844345083,No,False,No,False
Arithmetic,2_digit_subtraction,'',Is 21 minus 35 equal to 797?,No,-5.222758293151856,-4.545230865478516,-5.059936284542084,-4.670571398258209,-0.1628220086097727,0.1253405327796937,No,True,No,True
Arithmetic,1_digit_subtraction,'',Is 6 minus 4 equal to 2?,Yes,-5.350825309753418,-4.7981858253479,-5.059936284542084,-4.670571398258209,-0.2908890252113343,-0.12761442708969106,No,False,No,False
Arithmetic,2_digit_addition,'',Is 23 plus 32 equal to 55?,Yes,-4.65856409072876,-4.350207328796387,-5.059936284542084,-4.670571398258209,0.4013721938133239,0.3203640694618226,No,False,Yes,True
Arithmetic,1_digit_addition,'',Is 3 plus 0 equal to 3?,Yes,-5.057225227355957,-4.8750081062316895,-5.059936284542084,-4.670571398258209,0.002711057186126631,-0.20443670797348013,No,False,Yes,True
Arithmetic,2_digit_subtraction,'',Is 10 minus 81 equal to 998?,No,-5.087399005889893,-4.468467712402344,-5.059936284542084,-4.670571398258209,-0.027462721347808916,0.20210368585586558,No,True,No,True
Arithmetic,2_digit_multiplication,'',Is 71 times 43 equal to 3053?,Yes,-5.091010570526123,-4.795943737030029,-5.059936284542084,-4.670571398258209,-0.031074285984039385,-0.12537233877181997,No,False,Yes,True
Arithmetic,1_digit_addition,'',Is 9 plus 2 equal to 50?,No,-4.661493301391602,-4.227228164672852,-5.059936284542084,-4.670571398258209,0.3984429831504821,0.44334323358535777,No,True,No,True
Arithmetic,1_digit_subtraction,'',Is 3 minus 5 equal to -2?,Yes,-5.666775226593018,-5.113894462585449,-5.059936284542084,-4.670571398258209,-0.6068389420509339,-0.4433230643272399,No,False,No,False
Arithmetic,1_digit_multiplication,'',Is 2 times 0 equal to 2?,No,-4.938999652862549,-5.133004665374756,-5.059936284542084,-4.670571398258209,0.12093663167953483,-0.46243326711654653,Yes,False,Yes,False
Arithmetic,1_digit_addition,'',Is 1 plus 4 equal to 5?,Yes,-5.009397506713867,-4.889190196990967,-5.059936284542084,-4.670571398258209,0.050538777828216475,-0.21861879873275747,No,False,Yes,True
Arithmetic,2_digit_multiplication,'',Is 94 times 26 equal to 5872?,No,-5.048374652862549,-4.7463154792785645,-5.059936284542084,-4.670571398258209,0.011561631679534834,-0.07574408102035513,No,True,Yes,False
Arithmetic,2_digit_multiplication,'',Is 10 times 66 equal to 491?,No,-4.944903373718262,-4.451181411743164,-5.059936284542084,-4.670571398258209,0.11503291082382194,0.21938998651504527,No,True,No,True
Arithmetic,2_digit_multiplication,'',Is 88 times 70 equal to 6160?,Yes,-5.146725177764893,-4.851173400878906,-5.059936284542084,-4.670571398258209,-0.08678889322280892,-0.18060200262069692,No,False,Yes,True
Arithmetic,2_digit_subtraction,'',Is 24 minus 46 equal to 850?,No,-5.0900654792785645,-4.53356409072876,-5.059936284542084,-4.670571398258209,-0.03012919473648079,0.13700730752944956,No,True,No,True
Arithmetic,2_digit_multiplication,'',Is 84 times 43 equal to 3612?,Yes,-5.010180473327637,-4.714945793151856,-5.059936284542084,-4.670571398258209,0.04975581121444694,-0.04437439489364703,No,False,Yes,True
