Question_Type,Dataset,Model_Family,Target_Model,Source_Model,Transfer_Type,Prompt,Batch_Size,median_acc,q25_acc,q75_acc,bias_median,acc_mean,best_acc,worst_acc
YN,ARITH,Falcon,Falcon3-3B-Base,Falcon3-3B-Base,Same,zeroshot,500,0.8225,0.8206090011129661,0.8256249999999999,0.08083333333333331,0.8220706758885785,0.8291666666666667,0.8081534772182254
YN,ARITH,Falcon,Falcon3-3B-Instruct,Falcon3-3B-Instruct,Same,zeroshot,500,0.8033333333333333,0.8008342050209205,0.805,0.004166666666666652,0.8019422125431024,0.81,0.7692307692307693
YN,ARITH,Falcon,Falcon3-10B-Base,Falcon3-10B-Base,Same,zeroshot,500,0.8525,0.8508333333333333,0.8539583333333334,0.05666666666666664,0.8527528016456366,0.866877971473851,0.8462206776715899
YN,ARITH,Falcon,Falcon3-10B-Instruct,Falcon3-10B-Instruct,Same,zeroshot,500,0.8658333333333333,0.865,0.8675,0.050833333333333314,0.8667632714145012,0.884310618066561,0.8608058608058609
YN,ARITH,Falcon,Falcon3-3B-Base,Falcon3-3B-Instruct,Cross,zeroshot,500,0.8333333333333334,0.8316666666666667,0.835,0.13916666666666666,0.8311749999999998,0.8366666666666667,0.7925
YN,ARITH,Falcon,Falcon3-3B-Base,Falcon3-10B-Base,Cross,zeroshot,500,0.7133333333333334,0.7,0.7208333333333333,0.165,0.7111083333333333,0.7733333333333333,0.6683333333333333
YN,ARITH,Falcon,Falcon3-3B-Base,Falcon3-10B-Instruct,Cross,zeroshot,500,0.5041666666666667,0.5025,0.506875,0.49583333333333335,0.5053333333333334,0.5316666666666666,0.5
YN,ARITH,Falcon,Falcon3-3B-Instruct,Falcon3-3B-Base,Cross,zeroshot,500,0.79,0.7883333333333333,0.7916666666666666,0.033333333333333326,0.7894333333333335,0.7966666666666666,0.7708333333333334
YN,ARITH,Falcon,Falcon3-3B-Instruct,Falcon3-10B-Base,Cross,zeroshot,500,0.73125,0.725,0.7333333333333333,0.14833333333333332,0.7283083333333333,0.7508333333333334,0.7
YN,ARITH,Falcon,Falcon3-3B-Instruct,Falcon3-10B-Instruct,Cross,zeroshot,500,0.615,0.6075,0.6212500000000001,0.33333333333333337,0.6160166666666668,0.645,0.585
YN,ARITH,Falcon,Falcon3-10B-Base,Falcon3-3B-Base,Cross,zeroshot,500,0.8433333333333334,0.8416666666666667,0.8433333333333334,0.10999999999999999,0.8431000000000002,0.8475,0.8391666666666666
YN,ARITH,Falcon,Falcon3-10B-Base,Falcon3-3B-Instruct,Cross,zeroshot,500,0.8333333333333334,0.83,0.8366666666666667,0.12666666666666668,0.8320333333333332,0.8433333333333334,0.7925
YN,ARITH,Falcon,Falcon3-10B-Base,Falcon3-10B-Instruct,Cross,zeroshot,500,0.765,0.7583333333333333,0.7741666666666667,0.125,0.7664083333333331,0.8008333333333333,0.7191666666666666
YN,ARITH,Falcon,Falcon3-10B-Instruct,Falcon3-3B-Base,Cross,zeroshot,500,0.825,0.8225,0.8266666666666667,0.15666666666666665,0.825125,0.8366666666666667,0.815
YN,ARITH,Falcon,Falcon3-10B-Instruct,Falcon3-3B-Instruct,Cross,zeroshot,500,0.8008333333333333,0.7925,0.8091666666666667,0.18416666666666667,0.7998249999999999,0.825,0.76
YN,ARITH,Falcon,Falcon3-10B-Instruct,Falcon3-10B-Base,Cross,zeroshot,500,0.8658333333333333,0.8625,0.8666666666666667,0.10166666666666668,0.8650833333333331,0.8716666666666667,0.8533333333333334
YN,ARITH,Gemma3,gemma-3-27b-pt,gemma-3-27b-pt,Same,zeroshot,500,0.9266666666666666,0.925,0.9283333333333333,0.02833333333333332,0.9260100725461834,0.9308333333333333,0.9084249084249084
YN,ARITH,Gemma3,gemma-3-27b-it,gemma-3-27b-it,Same,zeroshot,500,0.9883333333333333,0.9868468468468469,0.9883333333333333,0.008333333333333331,0.9876595528201648,0.9895038167938931,0.9829059829059829
YN,ARITH,Gemma3,gemma-3-12b-pt,gemma-3-12b-pt,Same,zeroshot,500,0.8475,0.8441666666666666,0.8497093776463301,0.03500000000000002,0.846868169928756,0.8575380359612724,0.8358662613981763
YN,ARITH,Gemma3,gemma-3-12b-it,gemma-3-12b-it,Same,zeroshot,500,0.8825,0.8808333333333334,0.8841666666666667,0.01416666666666666,0.8808338440039454,0.886744966442953,0.8534798534798534
YN,ARITH,Gemma3,gemma-3-27b-pt,gemma-3-27b-it,Cross,zeroshot,500,0.7833333333333333,0.6766666666666666,0.8666666666666667,0.215,0.7672333333333334,0.9233333333333333,0.5333333333333333
YN,ARITH,Gemma3,gemma-3-27b-pt,gemma-3-12b-pt,Cross,zeroshot,500,0.8666666666666667,0.8666666666666667,0.89,0.13,0.8777666666666666,0.89,0.8666666666666667
YN,ARITH,Gemma3,gemma-3-27b-pt,gemma-3-12b-it,Cross,zeroshot,500,0.5,0.5,0.5,0.5,0.5,0.5,0.5
YN,ARITH,Gemma3,gemma-3-27b-it,gemma-3-27b-pt,Cross,zeroshot,500,0.9908333333333333,0.99,0.9908333333333333,0.0024999999999999745,0.9905583333333331,0.9916666666666667,0.99
YN,ARITH,Gemma3,gemma-3-27b-it,gemma-3-12b-pt,Cross,zeroshot,500,0.9883333333333333,0.9883333333333333,0.9883333333333333,0.0050000000000000044,0.9883333333333332,0.9883333333333333,0.9883333333333333
YN,ARITH,Gemma3,gemma-3-27b-it,gemma-3-12b-it,Cross,zeroshot,500,0.9683333333333334,0.9675,0.9691666666666666,0.03166666666666665,0.967525,0.9716666666666667,0.9608333333333333
YN,ARITH,Gemma3,gemma-3-12b-pt,gemma-3-27b-pt,Cross,zeroshot,500,0.7025,0.7025,0.73,0.2958333333333333,0.7124583333333334,0.7658333333333334,0.6666666666666666
YN,ARITH,Gemma3,gemma-3-12b-pt,gemma-3-27b-it,Cross,zeroshot,500,0.7962499999999999,0.77,0.8383333333333334,0.17916666666666667,0.7943083333333334,0.8541666666666666,0.6091666666666666
YN,ARITH,Gemma3,gemma-3-12b-pt,gemma-3-12b-it,Cross,zeroshot,500,0.5,0.5,0.5,0.5,0.5,0.5,0.5
YN,ARITH,Gemma3,gemma-3-12b-it,gemma-3-27b-pt,Cross,zeroshot,500,0.7816666666666666,0.7816666666666666,0.7891666666666667,0.21166666666666667,0.7850916666666666,0.7991666666666667,0.7791666666666667
YN,ARITH,Gemma3,gemma-3-12b-it,gemma-3-27b-it,Cross,zeroshot,500,0.8358333333333333,0.8266666666666667,0.845,0.13916666666666666,0.8362999999999999,0.8641666666666666,0.7991666666666667
YN,ARITH,Gemma3,gemma-3-12b-it,gemma-3-12b-pt,Cross,zeroshot,500,0.8266666666666667,0.8266666666666667,0.8266666666666667,0.15333333333333332,0.826658333333333,0.8266666666666667,0.8258333333333333
YN,ARITH,Llama3,Llama-3.1-8B,Llama-3.1-8B,Same,zeroshot,500,0.7808333333333334,0.7780851196930519,0.7833333333333333,0.07250000000000001,0.7803519148971761,0.7875,0.7582417582417582
YN,ARITH,Llama3,Llama-3.1-8B-Instruct,Llama-3.1-8B-Instruct,Same,zeroshot,500,0.8283333333333334,0.8260416666666667,0.83,0.035,0.8263142639903439,0.835,0.7961630695443646
YN,ARITH,Llama3,Llama-3.1-70B,Llama-3.1-70B,Same,zeroshot,500,0.9347015142945441,0.9333333333333333,0.9358333333333333,0.030000000000000027,0.9339973044393046,0.9391666666666667,0.9157509157509157
YN,ARITH,Llama3,Llama-3.1-70B-Instruct,Llama-3.1-70B-Instruct,Same,zeroshot,500,0.9666666666666667,0.965,0.9681854838709678,0.0050000000000000044,0.9660765503207439,0.9708333333333333,0.9515669515669516
YN,ARITH,Llama3,Llama-3.1-8B,Llama-3.1-8B-Instruct,Cross,zeroshot,500,0.8025,0.8008333333333333,0.8025,0.14916666666666667,0.8017999999999997,0.8066666666666666,0.785
YN,ARITH,Llama3,Llama-3.1-8B,Llama-3.1-70B,Cross,zeroshot,500,0.7308333333333333,0.7308333333333333,0.7427083333333333,0.12916666666666665,0.7334916666666668,0.745,0.7191666666666666
YN,ARITH,Llama3,Llama-3.1-8B,Llama-3.1-70B-Instruct,Cross,zeroshot,500,0.7,0.6666666666666666,0.7158333333333333,0.29833333333333334,0.6921250000000002,0.7725,0.5966666666666667
YN,ARITH,Llama3,Llama-3.1-8B-Instruct,Llama-3.1-8B,Cross,zeroshot,500,0.8229166666666667,0.8108333333333333,0.8233333333333334,0.07250000000000001,0.8183166666666668,0.8283333333333334,0.8108333333333333
YN,ARITH,Llama3,Llama-3.1-8B-Instruct,Llama-3.1-70B,Cross,zeroshot,500,0.7425,0.7425,0.755,0.21916666666666665,0.7455416666666669,0.765,0.7266666666666667
YN,ARITH,Llama3,Llama-3.1-8B-Instruct,Llama-3.1-70B-Instruct,Cross,zeroshot,500,0.79,0.739375,0.81,0.18333333333333335,0.7759416666666666,0.8466666666666667,0.6325
YN,ARITH,Llama3,Llama-3.1-70B,Llama-3.1-8B,Cross,zeroshot,500,0.9008333333333334,0.895,0.9041666666666667,0.09583333333333333,0.89975,0.9041666666666667,0.8925
YN,ARITH,Llama3,Llama-3.1-70B,Llama-3.1-8B-Instruct,Cross,zeroshot,500,0.8508333333333333,0.8483333333333334,0.8733333333333333,0.14749999999999996,0.8598083333333332,0.895,0.8458333333333333
YN,ARITH,Llama3,Llama-3.1-70B,Llama-3.1-70B-Instruct,Cross,zeroshot,500,0.5975,0.5525,0.6377083333333333,0.40249999999999997,0.596975,0.77,0.5116666666666667
YN,ARITH,Llama3,Llama-3.1-70B-Instruct,Llama-3.1-8B,Cross,zeroshot,500,0.9275,0.9233333333333333,0.93,0.0625,0.927225,0.9391666666666667,0.9225
YN,ARITH,Llama3,Llama-3.1-70B-Instruct,Llama-3.1-8B-Instruct,Cross,zeroshot,500,0.9425,0.9408333333333333,0.9425,0.04249999999999998,0.9418333333333334,0.9458333333333333,0.93
YN,ARITH,Llama3,Llama-3.1-70B-Instruct,Llama-3.1-70B,Cross,zeroshot,500,0.8866666666666667,0.8858333333333334,0.8958333333333334,0.10833333333333331,0.8891250000000003,0.9,0.8791666666666667
YN,ARITH,Falcon,Falcon3-3B-Base,Falcon3-3B-Base,Same,instronly,500,0.8407004730105732,0.8383734309623432,0.8425,0.010000000000000009,0.839357459170877,0.8466666666666667,0.8148148148148148
YN,ARITH,Falcon,Falcon3-3B-Instruct,Falcon3-3B-Instruct,Same,instronly,500,0.8225,0.8198897058823529,0.82457255147468,0.018333333333333313,0.8206771724512386,0.8268581081081081,0.7838827838827839
YN,ARITH,Falcon,Falcon3-10B-Base,Falcon3-10B-Base,Same,instronly,500,0.8873774509803921,0.8850889121338912,0.8891666666666667,0.004583333333333328,0.8870567229236465,0.8932146829810901,0.8807017543859649
YN,ARITH,Falcon,Falcon3-10B-Instruct,Falcon3-10B-Instruct,Same,instronly,500,0.8995833333333334,0.8975,0.9014692982456141,0.015000000000000013,0.8994780417471595,0.9080824088748018,0.8872901678657075
YN,ARITH,Falcon,Falcon3-3B-Base,Falcon3-3B-Instruct,Cross,instronly,500,0.7554166666666666,0.6797916666666667,0.7929166666666666,0.24458333333333332,0.7269583333333333,0.8575,0.5
YN,ARITH,Falcon,Falcon3-3B-Base,Falcon3-10B-Base,Cross,instronly,500,0.6441666666666667,0.6039583333333334,0.7,0.35583333333333333,0.6496999999999999,0.7683333333333333,0.5166666666666667
YN,ARITH,Falcon,Falcon3-3B-Base,Falcon3-10B-Instruct,Cross,instronly,500,0.51,0.5,0.681875,0.49,0.5893833333333334,0.8575,0.5
YN,ARITH,Falcon,Falcon3-3B-Instruct,Falcon3-3B-Base,Cross,instronly,500,0.8008333333333333,0.8,0.8016666666666666,0.0675,0.8009333333333332,0.8025,0.8
YN,ARITH,Falcon,Falcon3-3B-Instruct,Falcon3-10B-Base,Cross,instronly,500,0.8258333333333333,0.823125,0.8266666666666667,0.009166666666666656,0.8246583333333334,0.8283333333333334,0.8208333333333333
YN,ARITH,Falcon,Falcon3-3B-Instruct,Falcon3-10B-Instruct,Cross,instronly,500,0.8275,0.8233333333333334,0.8325,0.020833333333333343,0.8276583333333334,0.8391666666666666,0.8
YN,ARITH,Falcon,Falcon3-10B-Base,Falcon3-3B-Base,Cross,instronly,500,0.8216666666666667,0.8166666666666667,0.8241666666666667,0.14833333333333332,0.8207833333333334,0.8316666666666667,0.8116666666666666
YN,ARITH,Falcon,Falcon3-10B-Base,Falcon3-3B-Instruct,Cross,instronly,500,0.8825,0.8777083333333333,0.8858333333333334,0.029166666666666674,0.8812416666666664,0.8991666666666667,0.8308333333333333
YN,ARITH,Falcon,Falcon3-10B-Base,Falcon3-10B-Instruct,Cross,instronly,500,0.8866666666666667,0.868125,0.8941666666666667,0.07499999999999998,0.8717916666666667,0.8975,0.5458333333333333
YN,ARITH,Falcon,Falcon3-10B-Instruct,Falcon3-3B-Base,Cross,instronly,500,0.895,0.895,0.895,0.015000000000000013,0.8949999999999996,0.895,0.895
YN,ARITH,Falcon,Falcon3-10B-Instruct,Falcon3-3B-Instruct,Cross,instronly,500,0.8975,0.8958333333333334,0.8983333333333333,0.004166666666666652,0.8974749999999999,0.9033333333333333,0.895
YN,ARITH,Falcon,Falcon3-10B-Instruct,Falcon3-10B-Base,Cross,instronly,500,0.8983333333333333,0.8983333333333333,0.8983333333333333,0.0050000000000000044,0.8981166666666666,0.8991666666666667,0.8966666666666666
YN,ARITH,Gemma3,gemma-3-27b-pt,gemma-3-27b-pt,Same,instronly,500,0.9254041589835089,0.9235745883101982,0.9266666666666666,0.003333333333333327,0.9241722430757796,0.9333333333333333,0.8974358974358975
YN,ARITH,Gemma3,gemma-3-27b-it,gemma-3-27b-it,Same,instronly,500,0.9640917015341701,0.9625,0.9658190734557596,0.002516891891891873,0.9637590294761982,0.9683333333333334,0.9557399723374828
YN,ARITH,Gemma3,gemma-3-12b-pt,gemma-3-12b-pt,Same,instronly,500,0.8969977740678909,0.8934234234234234,0.900625,0.0050000000000000044,0.895155035812173,0.9058333333333334,0.8561151079136691
YN,ARITH,Gemma3,gemma-3-12b-it,gemma-3-12b-it,Same,instronly,500,0.8533333333333334,0.8516666666666667,0.8551725941422594,0.005014633873750521,0.8532577191833958,0.8616666666666667,0.8376068376068376
YN,ARITH,Gemma3,gemma-3-27b-pt,gemma-3-27b-it,Cross,instronly,500,0.5,0.5,0.5,0.5,0.5018666666666667,0.6641666666666667,0.5
YN,ARITH,Gemma3,gemma-3-27b-pt,gemma-3-12b-pt,Cross,instronly,500,0.9291666666666667,0.9208333333333333,0.9291666666666667,0.008333333333333345,0.9247249999999997,0.9308333333333333,0.9016666666666666
YN,ARITH,Gemma3,gemma-3-27b-pt,gemma-3-12b-it,Cross,instronly,500,0.5183333333333333,0.5,0.7375,0.4816666666666667,0.6038583333333334,0.9208333333333333,0.5
YN,ARITH,Gemma3,gemma-3-27b-it,gemma-3-27b-pt,Cross,instronly,500,0.96,0.96,0.96,0.025000000000000022,0.9600083333333334,0.9608333333333333,0.96
YN,ARITH,Gemma3,gemma-3-27b-it,gemma-3-12b-pt,Cross,instronly,500,0.96,0.96,0.96,0.025000000000000022,0.9599916666666667,0.9608333333333333,0.9591666666666666
YN,ARITH,Gemma3,gemma-3-27b-it,gemma-3-12b-it,Cross,instronly,500,0.9633333333333334,0.9625,0.9633333333333334,0.015000000000000013,0.9629583333333335,0.9641666666666666,0.9608333333333333
YN,ARITH,Gemma3,gemma-3-12b-pt,gemma-3-27b-pt,Cross,instronly,500,0.9041666666666667,0.8941666666666667,0.9041666666666667,0.009166666666666656,0.9008250000000001,0.9133333333333333,0.885
YN,ARITH,Gemma3,gemma-3-12b-pt,gemma-3-27b-it,Cross,instronly,500,0.5,0.5,0.5,0.5,0.5004166666666666,0.5416666666666666,0.5
YN,ARITH,Gemma3,gemma-3-12b-pt,gemma-3-12b-it,Cross,instronly,500,0.5,0.5,0.5733333333333334,0.5,0.5640333333333334,0.9125,0.5
YN,ARITH,Gemma3,gemma-3-12b-it,gemma-3-27b-pt,Cross,instronly,500,0.8475,0.8466666666666667,0.8475,0.04916666666666669,0.8472083333333333,0.8491666666666666,0.8466666666666667
YN,ARITH,Gemma3,gemma-3-12b-it,gemma-3-27b-it,Cross,instronly,500,0.83,0.7185416666666666,0.8591666666666666,0.15333333333333332,0.7700916666666666,0.8658333333333333,0.5
YN,ARITH,Gemma3,gemma-3-12b-it,gemma-3-12b-pt,Cross,instronly,500,0.8475,0.8466666666666667,0.8475,0.04916666666666669,0.8470999999999997,0.8491666666666666,0.845
YN,ARITH,Llama3,Llama-3.1-8B,Llama-3.1-8B,Same,instronly,500,0.8014205816554809,0.7991478898426323,0.8033333333333333,0.0037499999999999895,0.8013754911139116,0.8131868131868132,0.7933130699088146
YN,ARITH,Llama3,Llama-3.1-8B-Instruct,Llama-3.1-8B-Instruct,Same,instronly,500,0.8075,0.8041666666666667,0.81,0.005416666666666681,0.8058859277482918,0.816722972972973,0.7765567765567766
YN,ARITH,Llama3,Llama-3.1-70B,Llama-3.1-70B,Same,instronly,500,0.9416666666666667,0.9391666666666667,0.9433333333333334,0.00392156862745098,0.9405605872592919,0.9468468468468468,0.9194139194139194
YN,ARITH,Llama3,Llama-3.1-70B-Instruct,Llama-3.1-70B-Instruct,Same,instronly,500,0.9799328859060403,0.9783333333333334,0.9808333333333333,0.0024999999999999745,0.9795564934788302,0.9866518353726362,0.9743589743589743
YN,ARITH,Llama3,Llama-3.1-8B,Llama-3.1-8B-Instruct,Cross,instronly,500,0.725,0.725,0.73,0.245,0.7274666666666664,0.7333333333333333,0.7175
YN,ARITH,Llama3,Llama-3.1-8B,Llama-3.1-70B,Cross,instronly,500,0.7483333333333333,0.7466666666666667,0.7575,0.1825,0.7518333333333334,0.8033333333333333,0.7258333333333333
YN,ARITH,Llama3,Llama-3.1-8B,Llama-3.1-70B-Instruct,Cross,instronly,500,0.7483333333333333,0.7333333333333333,0.7733333333333333,0.1433333333333333,0.7534083333333333,0.8041666666666667,0.675
YN,ARITH,Llama3,Llama-3.1-8B-Instruct,Llama-3.1-8B,Cross,instronly,500,0.7358333333333333,0.7358333333333333,0.7358333333333333,0.1775,0.7371416666666667,0.7483333333333333,0.725
YN,ARITH,Llama3,Llama-3.1-8B-Instruct,Llama-3.1-70B,Cross,instronly,500,0.6779166666666667,0.6758333333333333,0.6883333333333334,0.28208333333333335,0.6822083333333332,0.7141666666666666,0.6666666666666666
YN,ARITH,Llama3,Llama-3.1-8B-Instruct,Llama-3.1-70B-Instruct,Cross,instronly,500,0.775,0.7591666666666667,0.7933333333333333,0.10166666666666668,0.7746166666666667,0.8108333333333333,0.6883333333333334
YN,ARITH,Llama3,Llama-3.1-70B,Llama-3.1-8B,Cross,instronly,500,0.9316666666666666,0.9316666666666666,0.9316666666666666,0.05833333333333335,0.9312166666666668,0.94,0.9258333333333333
YN,ARITH,Llama3,Llama-3.1-70B,Llama-3.1-8B-Instruct,Cross,instronly,500,0.8775,0.8775,0.8841666666666667,0.12083333333333335,0.8810666666666667,0.8941666666666667,0.8725
YN,ARITH,Llama3,Llama-3.1-70B,Llama-3.1-70B-Instruct,Cross,instronly,500,0.9066666666666666,0.8941666666666667,0.9208333333333333,0.09,0.9058916666666668,0.9483333333333334,0.845
YN,ARITH,Llama3,Llama-3.1-70B-Instruct,Llama-3.1-8B,Cross,instronly,500,0.9816666666666667,0.9816666666666667,0.9816666666666667,0.008333333333333331,0.9814916666666669,0.9825,0.98
YN,ARITH,Llama3,Llama-3.1-70B-Instruct,Llama-3.1-8B-Instruct,Cross,instronly,500,0.9766666666666667,0.9766666666666667,0.98,0.006666666666666682,0.9779583333333335,0.98,0.9741666666666666
YN,ARITH,Llama3,Llama-3.1-70B-Instruct,Llama-3.1-70B,Cross,instronly,500,0.975,0.975,0.9775,0.020000000000000018,0.9760583333333333,0.9791666666666666,0.9716666666666667
YN,ARITH,Falcon,Falcon3-3B-Base,Falcon3-3B-Base,Same,fewshot,500,0.8549774774774774,0.8533333333333334,0.8558333333333333,0.0050000000000000044,0.8536521114517188,0.8620689655172413,0.8351648351648352
YN,ARITH,Falcon,Falcon3-3B-Instruct,Falcon3-3B-Instruct,Same,fewshot,500,0.8733333333333333,0.8708333333333333,0.8741666666666666,0.004166666666666652,0.8718753358052076,0.88,0.8498168498168498
YN,ARITH,Falcon,Falcon3-10B-Base,Falcon3-10B-Base,Same,fewshot,500,0.8991666666666667,0.8965350877192982,0.9008333333333334,0.003333333333333327,0.8979458462466239,0.9076751946607341,0.8717948717948718
YN,ARITH,Falcon,Falcon3-10B-Instruct,Falcon3-10B-Instruct,Same,fewshot,500,0.9271961938801806,0.9254720771394134,0.9291385135135135,0.003333333333333327,0.9266718756418152,0.9365962180200222,0.9116809116809117
YN,ARITH,Falcon,Falcon3-3B-Base,Falcon3-3B-Instruct,Cross,fewshot,500,0.5916666666666667,0.5864583333333333,0.596875,0.4083333333333333,0.5918000000000001,0.6333333333333333,0.55
YN,ARITH,Falcon,Falcon3-3B-Base,Falcon3-10B-Base,Cross,fewshot,500,0.8475,0.84,0.8575,0.14583333333333334,0.8464499999999999,0.8683333333333333,0.8066666666666666
YN,ARITH,Falcon,Falcon3-3B-Base,Falcon3-10B-Instruct,Cross,fewshot,500,0.6458333333333334,0.6341666666666667,0.65375,0.3458333333333333,0.6462083333333333,0.7008333333333333,0.6166666666666667
YN,ARITH,Falcon,Falcon3-3B-Instruct,Falcon3-3B-Base,Cross,fewshot,500,0.8733333333333333,0.8725,0.8741666666666666,0.08166666666666667,0.8730333333333334,0.875,0.8691666666666666
YN,ARITH,Falcon,Falcon3-3B-Instruct,Falcon3-10B-Base,Cross,fewshot,500,0.8758333333333334,0.8725,0.8758333333333334,0.09416666666666665,0.8744416666666666,0.8766666666666667,0.8708333333333333
YN,ARITH,Falcon,Falcon3-3B-Instruct,Falcon3-10B-Instruct,Cross,fewshot,500,0.8741666666666666,0.8725,0.8752083333333334,0.04083333333333336,0.8741083333333335,0.8766666666666667,0.8708333333333333
YN,ARITH,Falcon,Falcon3-10B-Base,Falcon3-3B-Base,Cross,fewshot,500,0.8583333333333333,0.8564583333333333,0.8591666666666666,0.10250000000000001,0.8572333333333336,0.8616666666666667,0.8475
YN,ARITH,Falcon,Falcon3-10B-Base,Falcon3-3B-Instruct,Cross,fewshot,500,0.6325,0.62,0.64,0.36750000000000005,0.6306833333333334,0.6991666666666667,0.555
YN,ARITH,Falcon,Falcon3-10B-Base,Falcon3-10B-Instruct,Cross,fewshot,500,0.72125,0.6991666666666667,0.7314583333333333,0.27375,0.7170583333333331,0.7558333333333334,0.675
YN,ARITH,Falcon,Falcon3-10B-Instruct,Falcon3-3B-Base,Cross,fewshot,500,0.9241666666666667,0.9241666666666667,0.9241666666666667,0.04916666666666669,0.9240916666666665,0.9266666666666666,0.9225
YN,ARITH,Falcon,Falcon3-10B-Instruct,Falcon3-3B-Instruct,Cross,fewshot,500,0.9041666666666667,0.895,0.9108333333333334,0.0625,0.9020583333333332,0.9266666666666666,0.8691666666666666
YN,ARITH,Falcon,Falcon3-10B-Instruct,Falcon3-10B-Base,Cross,fewshot,500,0.9141666666666667,0.9125,0.915,0.0625,0.9136416666666668,0.9183333333333333,0.9083333333333333
YN,ARITH,Gemma3,gemma-3-27b-pt,gemma-3-27b-pt,Same,fewshot,500,0.9975,0.9966666666666667,0.9983333333333333,0.0008333333333333526,0.997587914682189,0.9991666666666666,0.9943502824858758
YN,ARITH,Gemma3,gemma-3-27b-it,gemma-3-27b-it,Same,fewshot,500,0.9958333333333333,0.995,0.9963556777116099,0.0009249956548095933,0.9956127203996532,1.0,0.9933333333333333
YN,ARITH,Gemma3,gemma-3-12b-pt,gemma-3-12b-pt,Same,fewshot,500,0.9275,0.9252677161468614,0.9289583333333333,0.0033445190156599636,0.9255370853627115,0.9333333333333333,0.8937728937728938
YN,ARITH,Gemma3,gemma-3-12b-it,gemma-3-12b-it,Same,fewshot,500,0.9473903874879184,0.945,0.9491666666666667,0.003333333333333327,0.9464035445083254,0.9525,0.9267399267399268
YN,ARITH,Gemma3,gemma-3-27b-pt,gemma-3-27b-it,Cross,fewshot,500,0.8175,0.5666666666666667,0.98625,0.1825,0.7748916666666668,0.9991666666666666,0.5
YN,ARITH,Gemma3,gemma-3-27b-pt,gemma-3-12b-pt,Cross,fewshot,500,0.995,0.995,0.9958333333333333,0.0050000000000000044,0.9946583333333335,0.9958333333333333,0.9766666666666667
YN,ARITH,Gemma3,gemma-3-27b-pt,gemma-3-12b-it,Cross,fewshot,500,0.8525,0.805,0.8825000000000001,0.1475,0.8282916666666666,0.9958333333333333,0.5025
YN,ARITH,Gemma3,gemma-3-27b-it,gemma-3-27b-pt,Cross,fewshot,500,0.9966666666666667,0.9966666666666667,0.9966666666666667,0.0016666666666666774,0.9966666666666667,0.9966666666666667,0.9966666666666667
YN,ARITH,Gemma3,gemma-3-27b-it,gemma-3-12b-pt,Cross,fewshot,500,0.9966666666666667,0.9958333333333333,0.9966666666666667,0.0016666666666666774,0.9962916666666669,0.9966666666666667,0.9941666666666666
YN,ARITH,Gemma3,gemma-3-27b-it,gemma-3-12b-it,Cross,fewshot,500,0.99,0.99,0.9908333333333333,0.008333333333333331,0.9908749999999997,0.9966666666666667,0.99
YN,ARITH,Gemma3,gemma-3-12b-pt,gemma-3-27b-pt,Cross,fewshot,500,0.8941666666666667,0.8883333333333333,0.9041666666666667,0.08416666666666664,0.8931416666666666,0.9241666666666667,0.8325
YN,ARITH,Gemma3,gemma-3-12b-pt,gemma-3-27b-it,Cross,fewshot,500,0.6141666666666666,0.5116666666666667,0.8183333333333334,0.38583333333333336,0.6737500000000002,0.9358333333333333,0.5
YN,ARITH,Gemma3,gemma-3-12b-pt,gemma-3-12b-it,Cross,fewshot,500,0.8791666666666667,0.8433333333333334,0.9054166666666666,0.11750000000000002,0.8609916666666666,0.9308333333333333,0.6133333333333333
YN,ARITH,Gemma3,gemma-3-12b-it,gemma-3-27b-pt,Cross,fewshot,500,0.935,0.935,0.935,0.02833333333333332,0.934891666666667,0.9358333333333333,0.9325
YN,ARITH,Gemma3,gemma-3-12b-it,gemma-3-27b-it,Cross,fewshot,500,0.9208333333333333,0.9,0.9314583333333333,0.06083333333333332,0.9154750000000001,0.9466666666666667,0.8041666666666667
YN,ARITH,Gemma3,gemma-3-12b-it,gemma-3-12b-pt,Cross,fewshot,500,0.9358333333333333,0.9358333333333333,0.9383333333333334,0.019166666666666665,0.9367416666666667,0.9383333333333334,0.9358333333333333
YN,ARITH,Llama3,Llama-3.1-8B,Llama-3.1-8B,Same,fewshot,500,0.8683105369807498,0.865,0.87,0.003333333333333327,0.8674444696912325,0.8766666666666667,0.8433048433048433
YN,ARITH,Llama3,Llama-3.1-8B-Instruct,Llama-3.1-8B-Instruct,Same,fewshot,500,0.8475542269187987,0.845,0.8504802596714361,0.0041806487695749545,0.845686156754553,0.855,0.8033573141486811
YN,ARITH,Llama3,Llama-3.1-70B,Llama-3.1-70B,Same,fewshot,500,0.9804033633820868,0.9791666666666666,0.9816666666666667,0.0016666666666666774,0.9804653543756784,0.9841666666666666,0.975
YN,ARITH,Llama3,Llama-3.1-70B-Instruct,Llama-3.1-70B-Instruct,Same,fewshot,500,0.995,0.9941666666666666,0.9958333333333333,0.0016666666666666774,0.9947932906321394,0.9968304278922345,0.9916666666666667
YN,ARITH,Llama3,Llama-3.1-8B,Llama-3.1-8B-Instruct,Cross,fewshot,500,0.8733333333333333,0.8691666666666666,0.8733333333333333,0.07166666666666666,0.8717916666666667,0.8758333333333334,0.8558333333333333
YN,ARITH,Llama3,Llama-3.1-8B,Llama-3.1-70B,Cross,fewshot,500,0.7745833333333334,0.7533333333333333,0.7925,0.14875,0.7735416666666667,0.8741666666666666,0.6475
YN,ARITH,Llama3,Llama-3.1-8B,Llama-3.1-70B-Instruct,Cross,fewshot,500,0.8308333333333333,0.735625,0.8604166666666666,0.1416666666666667,0.8003583333333333,0.88,0.5391666666666667
YN,ARITH,Llama3,Llama-3.1-8B-Instruct,Llama-3.1-8B,Cross,fewshot,500,0.83,0.83,0.8383333333333334,0.07166666666666666,0.8329666666666666,0.8491666666666666,0.8283333333333334
YN,ARITH,Llama3,Llama-3.1-8B-Instruct,Llama-3.1-70B,Cross,fewshot,500,0.8075,0.795,0.8083333333333333,0.1275,0.7994499999999999,0.8383333333333334,0.6858333333333333
YN,ARITH,Llama3,Llama-3.1-8B-Instruct,Llama-3.1-70B-Instruct,Cross,fewshot,500,0.83,0.78375,0.8383333333333334,0.08166666666666667,0.8078416666666668,0.85,0.5825
YN,ARITH,Llama3,Llama-3.1-70B,Llama-3.1-8B,Cross,fewshot,500,0.9758333333333333,0.9708333333333333,0.9758333333333333,0.01416666666666666,0.9741249999999999,0.98,0.9683333333333334
YN,ARITH,Llama3,Llama-3.1-70B,Llama-3.1-8B-Instruct,Cross,fewshot,500,0.965,0.9575,0.9658333333333333,0.03166666666666665,0.96065,0.97,0.9366666666666666
YN,ARITH,Llama3,Llama-3.1-70B,Llama-3.1-70B-Instruct,Cross,fewshot,500,0.975,0.9597916666666666,0.98,0.015833333333333352,0.9621000000000001,0.9816666666666667,0.8891666666666667
YN,ARITH,Llama3,Llama-3.1-70B-Instruct,Llama-3.1-8B,Cross,fewshot,500,0.9966666666666667,0.9966666666666667,0.9966666666666667,0.0,0.9966583333333334,0.9966666666666667,0.9958333333333333
YN,ARITH,Llama3,Llama-3.1-70B-Instruct,Llama-3.1-8B-Instruct,Cross,fewshot,500,0.9966666666666667,0.995,0.9966666666666667,0.0,0.9960166666666668,0.9966666666666667,0.995
YN,ARITH,Llama3,Llama-3.1-70B-Instruct,Llama-3.1-70B,Cross,fewshot,500,0.9966666666666667,0.9958333333333333,0.9966666666666667,0.0016666666666666774,0.9963166666666669,0.9966666666666667,0.9941666666666666
YN,BABI,Falcon,Falcon3-3B-Base,Falcon3-3B-Base,Same,zeroshot,500,0.8366666666666667,0.8341666666666666,0.8387616237482117,0.04208333333333332,0.8365865046307236,0.8416666666666667,0.83
YN,BABI,Falcon,Falcon3-3B-Instruct,Falcon3-3B-Instruct,Same,zeroshot,500,0.8333333333333334,0.8325,0.8358333333333333,0.027499999999999997,0.833981822883997,0.8425,0.8306306306306306
YN,BABI,Falcon,Falcon3-10B-Base,Falcon3-10B-Base,Same,zeroshot,500,0.9106531531531532,0.9091666666666667,0.9116666666666666,0.03208333333333331,0.9103856031149368,0.9141666666666667,0.9046025104602511
YN,BABI,Falcon,Falcon3-10B-Instruct,Falcon3-10B-Instruct,Same,zeroshot,500,0.9058333333333334,0.9041666666666667,0.9066666666666666,0.025833333333333347,0.9053833679899136,0.9087749782797567,0.9008333333333334
YN,BABI,Falcon,Falcon3-3B-Base,Falcon3-3B-Instruct,Cross,zeroshot,500,0.5058333333333334,0.5041666666666667,0.51,0.49416666666666664,0.5067250000000001,0.5158333333333334,0.5016666666666667
YN,BABI,Falcon,Falcon3-3B-Base,Falcon3-10B-Base,Cross,zeroshot,500,0.8316666666666667,0.8308333333333333,0.8333333333333334,0.020000000000000004,0.8311333333333333,0.8375,0.82
YN,BABI,Falcon,Falcon3-3B-Base,Falcon3-10B-Instruct,Cross,zeroshot,500,0.8333333333333334,0.830625,0.8366666666666667,0.039583333333333345,0.8299666666666665,0.8408333333333333,0.7408333333333333
YN,BABI,Falcon,Falcon3-3B-Instruct,Falcon3-3B-Base,Cross,zeroshot,500,0.7333333333333333,0.725,0.7433333333333333,0.2633333333333333,0.7333,0.7558333333333334,0.7066666666666667
YN,BABI,Falcon,Falcon3-3B-Instruct,Falcon3-10B-Base,Cross,zeroshot,500,0.6983333333333334,0.6864583333333333,0.7039583333333334,0.30000000000000004,0.6973583333333333,0.7408333333333333,0.6775
YN,BABI,Falcon,Falcon3-3B-Instruct,Falcon3-10B-Instruct,Cross,zeroshot,500,0.7258333333333333,0.7058333333333333,0.7485416666666667,0.27083333333333337,0.7292916666666666,0.7958333333333333,0.6633333333333333
YN,BABI,Falcon,Falcon3-10B-Base,Falcon3-3B-Base,Cross,zeroshot,500,0.9091666666666667,0.9075,0.9116666666666666,0.007499999999999979,0.9091499999999998,0.9125,0.9025
YN,BABI,Falcon,Falcon3-10B-Base,Falcon3-3B-Instruct,Cross,zeroshot,500,0.595,0.5858333333333333,0.60625,0.4,0.5956166666666667,0.6325,0.5608333333333333
YN,BABI,Falcon,Falcon3-10B-Base,Falcon3-10B-Instruct,Cross,zeroshot,500,0.91,0.9033333333333333,0.9116666666666666,0.018333333333333313,0.9066249999999999,0.9133333333333333,0.8525
YN,BABI,Falcon,Falcon3-10B-Instruct,Falcon3-3B-Base,Cross,zeroshot,500,0.9066666666666666,0.9066666666666666,0.9066666666666666,0.026666666666666644,0.9065749999999997,0.9075,0.905
YN,BABI,Falcon,Falcon3-10B-Instruct,Falcon3-3B-Instruct,Cross,zeroshot,500,0.8616666666666667,0.8583333333333333,0.865,0.10833333333333331,0.8608916666666667,0.8708333333333333,0.845
YN,BABI,Falcon,Falcon3-10B-Instruct,Falcon3-10B-Base,Cross,zeroshot,500,0.9066666666666666,0.9058333333333334,0.9066666666666666,0.02166666666666664,0.9063916666666665,0.91,0.9058333333333334
YN,BABI,Gemma3,gemma-3-27b-pt,gemma-3-27b-pt,Same,zeroshot,500,0.8633333333333333,0.8607752504173622,0.865,0.006666666666666682,0.8629252459825022,0.8677824267782427,0.8566666666666667
YN,BABI,Gemma3,gemma-3-27b-it,gemma-3-27b-it,Same,zeroshot,500,0.9241666666666667,0.9227830774523467,0.925,0.028749999999999998,0.9237861466798697,0.9283333333333333,0.9158333333333334
YN,BABI,Gemma3,gemma-3-12b-pt,gemma-3-12b-pt,Same,zeroshot,500,0.7925,0.7891666666666667,0.795,0.12208333333333335,0.7925354050109399,0.8091666666666667,0.7816666666666666
YN,BABI,Gemma3,gemma-3-12b-it,gemma-3-12b-it,Same,zeroshot,500,0.9233783783783784,0.9225,0.925,0.017499999999999988,0.9234949093434787,0.9275,0.9163851351351351
YN,BABI,Gemma3,gemma-3-27b-pt,gemma-3-27b-it,Cross,zeroshot,500,0.8491666666666666,0.8239583333333333,0.8625,0.060000000000000026,0.8335583333333332,0.8658333333333333,0.7641666666666667
YN,BABI,Gemma3,gemma-3-27b-pt,gemma-3-12b-pt,Cross,zeroshot,500,0.775,0.7675,0.8041666666666667,0.17166666666666666,0.7834666666666666,0.8325,0.7416666666666667
YN,BABI,Gemma3,gemma-3-27b-pt,gemma-3-12b-it,Cross,zeroshot,500,0.5283333333333333,0.515,0.5458333333333333,0.46499999999999997,0.5345666666666667,0.6966666666666667,0.49916666666666665
YN,BABI,Gemma3,gemma-3-27b-it,gemma-3-27b-pt,Cross,zeroshot,500,0.9225,0.9225,0.9241666666666667,0.020833333333333343,0.9229833333333332,0.9241666666666667,0.92
YN,BABI,Gemma3,gemma-3-27b-it,gemma-3-12b-pt,Cross,zeroshot,500,0.9091666666666667,0.9091666666666667,0.9141666666666667,0.004166666666666652,0.9113583333333335,0.9166666666666666,0.9091666666666667
YN,BABI,Gemma3,gemma-3-27b-it,gemma-3-12b-it,Cross,zeroshot,500,0.8883333333333333,0.8833333333333333,0.8908333333333334,0.033333333333333326,0.8872250000000002,0.9058333333333334,0.8725
YN,BABI,Gemma3,gemma-3-12b-pt,gemma-3-27b-pt,Cross,zeroshot,500,0.8358333333333333,0.8116666666666666,0.8358333333333333,0.08250000000000002,0.8283166666666664,0.8525,0.8116666666666666
YN,BABI,Gemma3,gemma-3-12b-pt,gemma-3-27b-it,Cross,zeroshot,500,0.7708333333333334,0.7133333333333334,0.8116666666666666,0.1991666666666667,0.7539083333333331,0.8525,0.5858333333333333
YN,BABI,Gemma3,gemma-3-12b-pt,gemma-3-12b-it,Cross,zeroshot,500,0.5958333333333333,0.5758333333333333,0.6233333333333333,0.39583333333333337,0.5929249999999999,0.7075,0.5091666666666667
YN,BABI,Gemma3,gemma-3-12b-it,gemma-3-27b-pt,Cross,zeroshot,500,0.915,0.9125,0.915,0.07166666666666666,0.91415,0.915,0.9125
YN,BABI,Gemma3,gemma-3-12b-it,gemma-3-27b-it,Cross,zeroshot,500,0.9066666666666666,0.9041666666666667,0.9125,0.08499999999999999,0.9075166666666666,0.92,0.895
YN,BABI,Gemma3,gemma-3-12b-it,gemma-3-12b-pt,Cross,zeroshot,500,0.9191666666666667,0.9183333333333333,0.92,0.05249999999999999,0.9192916666666667,0.9241666666666667,0.9166666666666666
YN,BABI,Llama3,Llama-3.1-8B,Llama-3.1-8B,Same,zeroshot,500,0.7983333333333333,0.7963267543859649,0.8008333333333333,0.011666666666666686,0.7986404065703309,0.8075,0.7907949790794979
YN,BABI,Llama3,Llama-3.1-8B-Instruct,Llama-3.1-8B-Instruct,Same,zeroshot,500,0.8541666666666666,0.8525,0.8566666666666667,0.007499999999999979,0.8544099931155279,0.86,0.8466666666666667
YN,BABI,Llama3,Llama-3.1-70B,Llama-3.1-70B,Same,zeroshot,500,0.8283333333333334,0.8258333333333333,0.8308333333333333,0.006250000000000019,0.8281177458731563,0.8366666666666667,0.8208333333333333
YN,BABI,Llama3,Llama-3.1-70B-Instruct,Llama-3.1-70B-Instruct,Same,zeroshot,500,0.9241666666666667,0.9220484658298466,0.925,0.0050000000000000044,0.9236521212541355,0.9283333333333333,0.9171171171171171
YN,BABI,Llama3,Llama-3.1-8B,Llama-3.1-8B-Instruct,Cross,zeroshot,500,0.6895833333333333,0.6766666666666666,0.7035416666666666,0.29208333333333336,0.6869416666666668,0.7225,0.62
YN,BABI,Llama3,Llama-3.1-8B,Llama-3.1-70B,Cross,zeroshot,500,0.7741666666666667,0.7741666666666667,0.7875,0.16749999999999998,0.7792333333333333,0.7983333333333333,0.7375
YN,BABI,Llama3,Llama-3.1-8B,Llama-3.1-70B-Instruct,Cross,zeroshot,500,0.5075,0.5033333333333333,0.5125,0.49250000000000005,0.5110499999999998,0.5466666666666666,0.5
YN,BABI,Llama3,Llama-3.1-8B-Instruct,Llama-3.1-8B,Cross,zeroshot,500,0.82,0.8183333333333334,0.8302083333333333,0.13583333333333333,0.822425,0.8333333333333334,0.8108333333333333
YN,BABI,Llama3,Llama-3.1-8B-Instruct,Llama-3.1-70B,Cross,zeroshot,500,0.855,0.8508333333333333,0.855,0.07166666666666666,0.8542500000000001,0.865,0.8391666666666666
YN,BABI,Llama3,Llama-3.1-8B-Instruct,Llama-3.1-70B-Instruct,Cross,zeroshot,500,0.77,0.7491666666666666,0.785,0.17833333333333334,0.7697499999999999,0.8183333333333334,0.7191666666666666
YN,BABI,Llama3,Llama-3.1-70B,Llama-3.1-8B,Cross,zeroshot,500,0.8075,0.7975,0.8085416666666667,0.09916666666666665,0.8031,0.82,0.7616666666666667
YN,BABI,Llama3,Llama-3.1-70B,Llama-3.1-8B-Instruct,Cross,zeroshot,500,0.80625,0.7975,0.8243750000000001,0.10875000000000001,0.8079916666666666,0.8366666666666667,0.765
YN,BABI,Llama3,Llama-3.1-70B,Llama-3.1-70B-Instruct,Cross,zeroshot,500,0.6212500000000001,0.5941666666666666,0.656875,0.37374999999999997,0.6301,0.7191666666666666,0.5616666666666666
YN,BABI,Llama3,Llama-3.1-70B-Instruct,Llama-3.1-8B,Cross,zeroshot,500,0.9116666666666666,0.9116666666666666,0.915,0.07833333333333334,0.9128833333333333,0.9191666666666667,0.9075
YN,BABI,Llama3,Llama-3.1-70B-Instruct,Llama-3.1-8B-Instruct,Cross,zeroshot,500,0.9341666666666667,0.9341666666666667,0.9358333333333333,0.03916666666666667,0.9347583333333336,0.9383333333333334,0.9275
YN,BABI,Llama3,Llama-3.1-70B-Instruct,Llama-3.1-70B,Cross,zeroshot,500,0.9241666666666667,0.9241666666666667,0.925,0.05833333333333335,0.9240666666666667,0.9275,0.92
YN,BABI,Falcon,Falcon3-3B-Base,Falcon3-3B-Base,Same,instronly,500,0.8625,0.8607565789473685,0.8641666666666666,0.029166666666666674,0.8621887165753273,0.8683333333333333,0.855
YN,BABI,Falcon,Falcon3-3B-Instruct,Falcon3-3B-Instruct,Same,instronly,500,0.8315261547022816,0.8291666666666667,0.8341666666666666,0.10666666666666669,0.8315637733336987,0.8391666666666666,0.8233333333333334
YN,BABI,Falcon,Falcon3-10B-Base,Falcon3-10B-Base,Same,instronly,500,0.8941666666666667,0.8914967811158798,0.8960416666666666,0.003333333333333327,0.8938065105489602,0.9016666666666666,0.8866666666666667
YN,BABI,Falcon,Falcon3-10B-Instruct,Falcon3-10B-Instruct,Same,instronly,500,0.924780701754386,0.9233333333333333,0.9258333333333333,0.007499999999999979,0.9245358059711382,0.9291666666666667,0.92
YN,BABI,Falcon,Falcon3-3B-Base,Falcon3-3B-Instruct,Cross,instronly,500,0.5275,0.5045833333333334,0.5722916666666666,0.47250000000000003,0.5488583333333333,0.7908333333333334,0.5
YN,BABI,Falcon,Falcon3-3B-Base,Falcon3-10B-Base,Cross,instronly,500,0.5583333333333333,0.5447916666666667,0.576875,0.44166666666666665,0.5621250000000001,0.6108333333333333,0.53
YN,BABI,Falcon,Falcon3-3B-Base,Falcon3-10B-Instruct,Cross,instronly,500,0.8045833333333333,0.7414583333333333,0.845,0.18541666666666667,0.7804583333333335,0.865,0.5625
YN,BABI,Falcon,Falcon3-3B-Instruct,Falcon3-3B-Base,Cross,instronly,500,0.8108333333333333,0.8108333333333333,0.8116666666666666,0.14416666666666667,0.81105,0.8116666666666666,0.8083333333333333
YN,BABI,Falcon,Falcon3-3B-Instruct,Falcon3-10B-Base,Cross,instronly,500,0.8283333333333334,0.8258333333333333,0.83,0.11416666666666667,0.8279666666666666,0.8325,0.8241666666666667
YN,BABI,Falcon,Falcon3-3B-Instruct,Falcon3-10B-Instruct,Cross,instronly,500,0.8066666666666666,0.805,0.8075,0.15416666666666667,0.8055083333333335,0.815,0.7933333333333333
YN,BABI,Falcon,Falcon3-10B-Base,Falcon3-3B-Base,Cross,instronly,500,0.8708333333333333,0.8708333333333333,0.8725,0.12083333333333335,0.8713333333333335,0.8733333333333333,0.8675
YN,BABI,Falcon,Falcon3-10B-Base,Falcon3-3B-Instruct,Cross,instronly,500,0.87625,0.825625,0.8966666666666666,0.06125000000000001,0.8605416666666666,0.9083333333333333,0.7591666666666667
YN,BABI,Falcon,Falcon3-10B-Base,Falcon3-10B-Instruct,Cross,instronly,500,0.8029166666666667,0.7706249999999999,0.8541666666666666,0.19375000000000003,0.8044416666666667,0.8833333333333333,0.6466666666666666
YN,BABI,Falcon,Falcon3-10B-Instruct,Falcon3-3B-Base,Cross,instronly,500,0.9233333333333333,0.9233333333333333,0.9233333333333333,0.018333333333333313,0.9237416666666667,0.9258333333333333,0.9233333333333333
YN,BABI,Falcon,Falcon3-10B-Instruct,Falcon3-3B-Instruct,Cross,instronly,500,0.9108333333333334,0.9066666666666666,0.9133333333333333,0.04249999999999998,0.9101666666666667,0.9225,0.8908333333333334
YN,BABI,Falcon,Falcon3-10B-Instruct,Falcon3-10B-Base,Cross,instronly,500,0.9116666666666666,0.9116666666666666,0.915,0.03833333333333333,0.9132916666666665,0.9183333333333333,0.9108333333333334
YN,BABI,Gemma3,gemma-3-27b-pt,gemma-3-27b-pt,Same,instronly,500,0.9008333333333334,0.899155701754386,0.9025461409395973,0.0024999999999999745,0.9007830460367006,0.905,0.8958333333333334
YN,BABI,Gemma3,gemma-3-27b-it,gemma-3-27b-it,Same,instronly,500,0.91,0.9075,0.9125,0.003333333333333327,0.9100540580292139,0.9158798283261803,0.9016666666666666
YN,BABI,Gemma3,gemma-3-12b-pt,gemma-3-12b-pt,Same,instronly,500,0.8900503355704699,0.8883333333333333,0.8925,0.003333333333333327,0.8907133645906715,0.8983333333333333,0.8858333333333334
YN,BABI,Gemma3,gemma-3-12b-it,gemma-3-12b-it,Same,instronly,500,0.9225,0.9203765690376569,0.9241666666666667,0.004166666666666652,0.9221488245104231,0.9266666666666666,0.9166666666666666
YN,BABI,Gemma3,gemma-3-27b-pt,gemma-3-27b-it,Cross,instronly,500,0.5,0.5,0.5,0.5,0.5001833333333333,0.5133333333333333,0.5
YN,BABI,Gemma3,gemma-3-27b-pt,gemma-3-12b-pt,Cross,instronly,500,0.9025,0.9016666666666666,0.9033333333333333,0.04166666666666666,0.9012250000000002,0.9041666666666667,0.8933333333333333
YN,BABI,Gemma3,gemma-3-27b-pt,gemma-3-12b-it,Cross,instronly,500,0.5,0.5,0.5366666666666666,0.5,0.5337250000000001,0.875,0.5
YN,BABI,Gemma3,gemma-3-27b-it,gemma-3-27b-pt,Cross,instronly,500,0.9291666666666667,0.9291666666666667,0.9291666666666667,0.05583333333333332,0.9291166666666666,0.9291666666666667,0.9283333333333333
YN,BABI,Gemma3,gemma-3-27b-it,gemma-3-12b-pt,Cross,instronly,500,0.9283333333333333,0.9283333333333333,0.9283333333333333,0.05500000000000002,0.9285249999999996,0.9291666666666667,0.9283333333333333
YN,BABI,Gemma3,gemma-3-27b-it,gemma-3-12b-it,Cross,instronly,500,0.9216666666666666,0.9208333333333333,0.9266666666666666,0.025000000000000022,0.9230083333333334,0.9325,0.9141666666666667
YN,BABI,Gemma3,gemma-3-12b-pt,gemma-3-27b-pt,Cross,instronly,500,0.8766666666666667,0.8733333333333333,0.8841666666666667,0.06166666666666665,0.8780083333333334,0.8858333333333334,0.8525
YN,BABI,Gemma3,gemma-3-12b-pt,gemma-3-27b-it,Cross,instronly,500,0.5,0.5,0.5,0.5,0.50035,0.5191666666666667,0.5
YN,BABI,Gemma3,gemma-3-12b-pt,gemma-3-12b-it,Cross,instronly,500,0.5041666666666667,0.5,0.5391666666666667,0.49583333333333335,0.5387666666666667,0.8916666666666667,0.5
YN,BABI,Gemma3,gemma-3-12b-it,gemma-3-27b-pt,Cross,instronly,500,0.915,0.915,0.9166666666666666,0.04000000000000001,0.9157000000000002,0.9166666666666666,0.9125
YN,BABI,Gemma3,gemma-3-12b-it,gemma-3-27b-it,Cross,instronly,500,0.9166666666666666,0.9095833333333334,0.92,0.03541666666666665,0.9072166666666668,0.9258333333333333,0.6916666666666667
YN,BABI,Gemma3,gemma-3-12b-it,gemma-3-12b-pt,Cross,instronly,500,0.9175,0.9166666666666666,0.9175,0.03749999999999998,0.9172333333333336,0.9175,0.9158333333333334
YN,BABI,Llama3,Llama-3.1-8B,Llama-3.1-8B,Same,instronly,500,0.8558333333333333,0.8547916666666666,0.8575,0.005833333333333357,0.8560920263816005,0.8621621621621621,0.85
YN,BABI,Llama3,Llama-3.1-8B-Instruct,Llama-3.1-8B-Instruct,Same,instronly,500,0.8725,0.8708333333333333,0.8741666666666666,0.005852908277404922,0.8725508817867926,0.8783333333333333,0.8657718120805369
YN,BABI,Llama3,Llama-3.1-70B,Llama-3.1-70B,Same,instronly,500,0.9153734576762882,0.9133333333333333,0.9166666666666666,0.007499999999999979,0.9153980141607045,0.9208333333333333,0.9108333333333334
YN,BABI,Llama3,Llama-3.1-70B-Instruct,Llama-3.1-70B-Instruct,Same,instronly,500,0.9191666666666667,0.9175,0.9208333333333333,0.0024999999999999745,0.9190824822284788,0.9241666666666667,0.9116666666666666
YN,BABI,Llama3,Llama-3.1-8B,Llama-3.1-8B-Instruct,Cross,instronly,500,0.6433333333333333,0.6316666666666667,0.6516666666666666,0.3566666666666667,0.6450583333333333,0.6841666666666667,0.6133333333333333
YN,BABI,Llama3,Llama-3.1-8B,Llama-3.1-70B,Cross,instronly,500,0.83,0.8025,0.8433333333333334,0.125,0.8189000000000002,0.8591666666666666,0.7283333333333334
YN,BABI,Llama3,Llama-3.1-8B,Llama-3.1-70B-Instruct,Cross,instronly,500,0.5791666666666667,0.5541666666666667,0.6114583333333333,0.4208333333333333,0.5892333333333333,0.7675,0.5133333333333333
YN,BABI,Llama3,Llama-3.1-8B-Instruct,Llama-3.1-8B,Cross,instronly,500,0.8416666666666667,0.8416666666666667,0.8416666666666667,0.15000000000000002,0.8409916666666668,0.8425,0.8316666666666667
YN,BABI,Llama3,Llama-3.1-8B-Instruct,Llama-3.1-70B,Cross,instronly,500,0.8208333333333333,0.8125,0.8208333333333333,0.1741666666666667,0.8181,0.8475,0.79
YN,BABI,Llama3,Llama-3.1-8B-Instruct,Llama-3.1-70B-Instruct,Cross,instronly,500,0.8625,0.8441666666666666,0.8733333333333333,0.08916666666666664,0.8574833333333334,0.8783333333333333,0.7941666666666667
YN,BABI,Llama3,Llama-3.1-70B,Llama-3.1-8B,Cross,instronly,500,0.9091666666666667,0.9091666666666667,0.9091666666666667,0.020833333333333343,0.9094166666666667,0.9133333333333333,0.9091666666666667
YN,BABI,Llama3,Llama-3.1-70B,Llama-3.1-8B-Instruct,Cross,instronly,500,0.8591666666666666,0.8566666666666667,0.8591666666666666,0.09583333333333333,0.8586916666666667,0.8641666666666666,0.8533333333333334
YN,BABI,Llama3,Llama-3.1-70B,Llama-3.1-70B-Instruct,Cross,instronly,500,0.8416666666666667,0.8391666666666666,0.8533333333333334,0.12833333333333333,0.8449166666666668,0.8791666666666667,0.8166666666666667
YN,BABI,Llama3,Llama-3.1-70B-Instruct,Llama-3.1-8B,Cross,instronly,500,0.9275,0.9275,0.9275,0.04749999999999999,0.9273916666666665,0.9283333333333333,0.9258333333333333
YN,BABI,Llama3,Llama-3.1-70B-Instruct,Llama-3.1-8B-Instruct,Cross,instronly,500,0.9266666666666666,0.9233333333333333,0.9266666666666666,0.018333333333333313,0.9253249999999998,0.9275,0.9233333333333333
YN,BABI,Llama3,Llama-3.1-70B-Instruct,Llama-3.1-70B,Cross,instronly,500,0.9241666666666667,0.9241666666666667,0.9241666666666667,0.05583333333333332,0.9243583333333331,0.9275,0.92
YN,BABI,Falcon,Falcon3-3B-Base,Falcon3-3B-Base,Same,fewshot,500,0.8812695749440715,0.88,0.8833333333333333,0.0024999999999999745,0.881435153894694,0.89,0.8766666666666667
YN,BABI,Falcon,Falcon3-3B-Instruct,Falcon3-3B-Instruct,Same,fewshot,500,0.835,0.8333333333333334,0.8375,0.003333333333333327,0.8348333527941847,0.8408333333333333,0.8258333333333333
YN,BABI,Falcon,Falcon3-10B-Base,Falcon3-10B-Base,Same,fewshot,500,0.9031311018131102,0.9009633668903803,0.9058333333333334,0.002508389261744959,0.9032703535802058,0.9116666666666666,0.8966666666666666
YN,BABI,Falcon,Falcon3-10B-Instruct,Falcon3-10B-Instruct,Same,fewshot,500,0.9220833333333334,0.9207005033557046,0.9233333333333333,0.010000000000000009,0.9217633909517526,0.9275,0.9158333333333334
YN,BABI,Falcon,Falcon3-3B-Base,Falcon3-3B-Instruct,Cross,fewshot,500,0.5,0.5,0.5,0.5,0.5062916666666666,0.6716666666666666,0.5
YN,BABI,Falcon,Falcon3-3B-Base,Falcon3-10B-Base,Cross,fewshot,500,0.5683333333333334,0.5466666666666666,0.591875,0.43166666666666664,0.5759166666666666,0.6791666666666667,0.5341666666666667
YN,BABI,Falcon,Falcon3-3B-Base,Falcon3-10B-Instruct,Cross,fewshot,500,0.8129166666666667,0.720625,0.8589583333333333,0.1741666666666667,0.7765916666666667,0.885,0.55
YN,BABI,Falcon,Falcon3-3B-Instruct,Falcon3-3B-Base,Cross,fewshot,500,0.8416666666666667,0.8408333333333333,0.8416666666666667,0.05833333333333335,0.8412833333333335,0.8425,0.84
YN,BABI,Falcon,Falcon3-3B-Instruct,Falcon3-10B-Base,Cross,fewshot,500,0.8433333333333334,0.8416666666666667,0.845,0.033333333333333326,0.8430250000000001,0.845,0.8391666666666666
YN,BABI,Falcon,Falcon3-3B-Instruct,Falcon3-10B-Instruct,Cross,fewshot,500,0.8408333333333333,0.84,0.8416666666666667,0.05000000000000002,0.8410500000000002,0.8458333333333333,0.8383333333333334
YN,BABI,Falcon,Falcon3-10B-Base,Falcon3-3B-Base,Cross,fewshot,500,0.8975,0.8916666666666667,0.8991666666666667,0.09083333333333332,0.8957833333333332,0.9008333333333334,0.8841666666666667
YN,BABI,Falcon,Falcon3-10B-Base,Falcon3-3B-Instruct,Cross,fewshot,500,0.8095833333333333,0.7775,0.8316666666666667,0.15041666666666664,0.8028250000000002,0.9308333333333333,0.625
YN,BABI,Falcon,Falcon3-10B-Base,Falcon3-10B-Instruct,Cross,fewshot,500,0.9091666666666667,0.8839583333333333,0.9175,0.07083333333333333,0.8956833333333334,0.9308333333333333,0.6966666666666667
YN,BABI,Falcon,Falcon3-10B-Instruct,Falcon3-3B-Base,Cross,fewshot,500,0.9225,0.9216666666666666,0.9225,0.015000000000000013,0.922375,0.925,0.9216666666666666
YN,BABI,Falcon,Falcon3-10B-Instruct,Falcon3-3B-Instruct,Cross,fewshot,500,0.8966666666666667,0.8841666666666667,0.9066666666666666,0.061666666666666675,0.8949666666666668,0.9183333333333333,0.8616666666666667
YN,BABI,Falcon,Falcon3-10B-Instruct,Falcon3-10B-Base,Cross,fewshot,500,0.9183333333333333,0.9183333333333333,0.9191666666666667,0.017499999999999988,0.9183000000000001,0.9191666666666667,0.915
YN,BABI,Gemma3,gemma-3-27b-pt,gemma-3-27b-pt,Same,fewshot,500,0.9115350877192983,0.9091666666666667,0.9133333333333333,0.004349567688493844,0.9113777650021668,0.9191666666666667,0.905
YN,BABI,Gemma3,gemma-3-27b-it,gemma-3-27b-it,Same,fewshot,500,0.915,0.9141657725321889,0.9166666666666666,0.0024999999999999745,0.9151443513800448,0.9191666666666667,0.9108333333333334
YN,BABI,Gemma3,gemma-3-12b-pt,gemma-3-12b-pt,Same,fewshot,500,0.9191666666666667,0.9175,0.9216666666666666,0.002150900900900879,0.9195934225320829,0.9261511728931364,0.9125
YN,BABI,Gemma3,gemma-3-12b-it,gemma-3-12b-it,Same,fewshot,500,0.9183333333333333,0.9166666666666666,0.9211091412872473,0.003333333333333327,0.9187234592934393,0.9258333333333333,0.9125
YN,BABI,Gemma3,gemma-3-27b-pt,gemma-3-27b-it,Cross,fewshot,500,0.5,0.5,0.5,0.5,0.5,0.5,0.5
YN,BABI,Gemma3,gemma-3-27b-pt,gemma-3-12b-pt,Cross,fewshot,500,0.92,0.9141666666666667,0.92,0.025000000000000022,0.918675,0.9241666666666667,0.9091666666666667
YN,BABI,Gemma3,gemma-3-27b-pt,gemma-3-12b-it,Cross,fewshot,500,0.5,0.5,0.5,0.5,0.5,0.5,0.5
YN,BABI,Gemma3,gemma-3-27b-it,gemma-3-27b-pt,Cross,fewshot,500,0.9275,0.9266666666666666,0.9275,0.0625,0.9271999999999997,0.9283333333333333,0.9258333333333333
YN,BABI,Gemma3,gemma-3-27b-it,gemma-3-12b-pt,Cross,fewshot,500,0.9275,0.9266666666666666,0.9275,0.06416666666666668,0.9269416666666663,0.9275,0.9258333333333333
YN,BABI,Gemma3,gemma-3-27b-it,gemma-3-12b-it,Cross,fewshot,500,0.9183333333333333,0.9175,0.9191666666666667,0.013333333333333308,0.9183166666666668,0.92,0.9158333333333334
YN,BABI,Gemma3,gemma-3-12b-pt,gemma-3-27b-pt,Cross,fewshot,500,0.915,0.915,0.9158333333333334,0.027499999999999997,0.9156333333333336,0.9283333333333333,0.905
YN,BABI,Gemma3,gemma-3-12b-pt,gemma-3-27b-it,Cross,fewshot,500,0.5,0.5,0.5,0.5,0.5000166666666667,0.5016666666666667,0.5
YN,BABI,Gemma3,gemma-3-12b-pt,gemma-3-12b-it,Cross,fewshot,500,0.5,0.5,0.5,0.5,0.5,0.5,0.5
YN,BABI,Gemma3,gemma-3-12b-it,gemma-3-27b-pt,Cross,fewshot,500,0.9091666666666667,0.9083333333333333,0.9091666666666667,0.08083333333333331,0.908775,0.91,0.9075
YN,BABI,Gemma3,gemma-3-12b-it,gemma-3-27b-it,Cross,fewshot,500,0.8991666666666667,0.8912500000000001,0.90625,0.034166666666666665,0.8984000000000001,0.9291666666666667,0.8466666666666667
YN,BABI,Gemma3,gemma-3-12b-it,gemma-3-12b-pt,Cross,fewshot,500,0.9083333333333333,0.9083333333333333,0.9083333333333333,0.08166666666666667,0.9081916666666666,0.9091666666666667,0.9075
YN,BABI,Llama3,Llama-3.1-8B,Llama-3.1-8B,Same,fewshot,500,0.8816666666666667,0.88,0.8841666666666667,0.0029335585585585494,0.8818040642680219,0.8883333333333333,0.8741666666666666
YN,BABI,Llama3,Llama-3.1-8B-Instruct,Llama-3.1-8B-Instruct,Same,fewshot,500,0.8897698744769875,0.8875,0.8916666666666667,0.003333333333333327,0.8895698653775136,0.8958333333333334,0.8833333333333333
YN,BABI,Llama3,Llama-3.1-70B,Llama-3.1-70B,Same,fewshot,500,0.9198149787934846,0.9166666666666666,0.9208333333333333,0.0024999999999999745,0.9192202613801292,0.9241666666666667,0.9131190269331017
YN,BABI,Llama3,Llama-3.1-70B-Instruct,Llama-3.1-70B-Instruct,Same,fewshot,500,0.9225,0.9208333333333333,0.9237455293276109,0.0017029636933070386,0.9223332668189534,0.9283333333333333,0.9166666666666666
YN,BABI,Llama3,Llama-3.1-8B,Llama-3.1-8B-Instruct,Cross,fewshot,500,0.8583333333333333,0.83,0.871875,0.10999999999999999,0.8520416666666665,0.8825,0.7966666666666666
YN,BABI,Llama3,Llama-3.1-8B,Llama-3.1-70B,Cross,fewshot,500,0.8491666666666666,0.8275,0.8741666666666666,0.08083333333333331,0.8370166666666666,0.8841666666666667,0.65
YN,BABI,Llama3,Llama-3.1-8B,Llama-3.1-70B-Instruct,Cross,fewshot,500,0.8641666666666666,0.7966666666666666,0.8768750000000001,0.08749999999999998,0.8387000000000002,0.8858333333333334,0.6233333333333333
YN,BABI,Llama3,Llama-3.1-8B-Instruct,Llama-3.1-8B,Cross,fewshot,500,0.8933333333333333,0.8925,0.8966666666666666,0.04166666666666666,0.8944916666666666,0.8983333333333333,0.8916666666666667
YN,BABI,Llama3,Llama-3.1-8B-Instruct,Llama-3.1-70B,Cross,fewshot,500,0.8975,0.8925,0.8975,0.06083333333333332,0.8954666666666665,0.8983333333333333,0.89
YN,BABI,Llama3,Llama-3.1-8B-Instruct,Llama-3.1-70B-Instruct,Cross,fewshot,500,0.8908333333333334,0.8852083333333334,0.8925,0.027499999999999997,0.8859583333333334,0.8991666666666667,0.7925
YN,BABI,Llama3,Llama-3.1-70B,Llama-3.1-8B,Cross,fewshot,500,0.9125,0.9125,0.9133333333333333,0.012499999999999983,0.9129749999999995,0.915,0.9125
YN,BABI,Llama3,Llama-3.1-70B,Llama-3.1-8B-Instruct,Cross,fewshot,500,0.9083333333333333,0.9041666666666667,0.9102083333333334,0.030000000000000027,0.9074416666666667,0.9133333333333333,0.9008333333333334
YN,BABI,Llama3,Llama-3.1-70B,Llama-3.1-70B-Instruct,Cross,fewshot,500,0.9116666666666666,0.9016666666666666,0.9133333333333333,0.02166666666666664,0.9068166666666667,0.9275,0.8541666666666666
YN,BABI,Llama3,Llama-3.1-70B-Instruct,Llama-3.1-8B,Cross,fewshot,500,0.9275,0.9264583333333333,0.9275,0.010000000000000009,0.9268416666666666,0.9275,0.925
YN,BABI,Llama3,Llama-3.1-70B-Instruct,Llama-3.1-8B-Instruct,Cross,fewshot,500,0.9216666666666666,0.9208333333333333,0.9241666666666667,0.003333333333333327,0.92205,0.9258333333333333,0.9175
YN,BABI,Llama3,Llama-3.1-70B-Instruct,Llama-3.1-70B,Cross,fewshot,500,0.9275,0.9258333333333333,0.9283333333333333,0.015833333333333338,0.9276416666666666,0.9333333333333333,0.9241666666666667
YN,COMPS,Falcon,Falcon3-3B-Base,Falcon3-3B-Base,Same,zeroshot,500,0.6761904761904762,0.6747619047619048,0.6776190476190476,0.005238095238095208,0.6763105771735961,0.6881188118811881,0.6706443914081146
YN,COMPS,Falcon,Falcon3-3B-Instruct,Falcon3-3B-Instruct,Same,zeroshot,500,0.700952380952381,0.6995238095238095,0.7028248480243161,0.021428571428571436,0.7015380403332497,0.7129251700680272,0.6957142857142857
YN,COMPS,Falcon,Falcon3-10B-Base,Falcon3-10B-Base,Same,zeroshot,500,0.7763509898341359,0.7747619047619048,0.7780952380952381,0.006190476190476191,0.7766956968881005,0.7877551020408163,0.7719047619047619
YN,COMPS,Falcon,Falcon3-10B-Instruct,Falcon3-10B-Instruct,Same,zeroshot,500,0.7828571428571428,0.780952380952381,0.7842857142857143,0.004761904761904745,0.7833958035770439,0.806282722513089,0.7771428571428571
YN,COMPS,Falcon,Falcon3-3B-Base,Falcon3-3B-Instruct,Cross,zeroshot,500,0.6633333333333333,0.6604761904761904,0.6666666666666666,0.22404761904761905,0.6624190476190475,0.6795238095238095,0.6352380952380953
YN,COMPS,Falcon,Falcon3-3B-Base,Falcon3-10B-Base,Cross,zeroshot,500,0.68,0.679047619047619,0.680952380952381,0.08380952380952383,0.6801,0.6838095238095238,0.6776190476190476
YN,COMPS,Falcon,Falcon3-3B-Base,Falcon3-10B-Instruct,Cross,zeroshot,500,0.6330952380952382,0.6304761904761905,0.6480952380952381,0.15857142857142856,0.6381380952380953,0.6771428571428572,0.6109523809523809
YN,COMPS,Falcon,Falcon3-3B-Instruct,Falcon3-3B-Base,Cross,zeroshot,500,0.6919047619047619,0.690952380952381,0.6938095238095238,0.10047619047619044,0.6927142857142857,0.7038095238095238,0.6880952380952381
YN,COMPS,Falcon,Falcon3-3B-Instruct,Falcon3-10B-Base,Cross,zeroshot,500,0.7076190476190476,0.7051190476190476,0.709047619047619,0.050952380952380916,0.7065238095238096,0.71,0.6961904761904761
YN,COMPS,Falcon,Falcon3-3B-Instruct,Falcon3-10B-Instruct,Cross,zeroshot,500,0.6747619047619048,0.6704761904761904,0.680952380952381,0.16285714285714284,0.6749380952380953,0.6914285714285714,0.6561904761904762
YN,COMPS,Falcon,Falcon3-10B-Base,Falcon3-3B-Base,Cross,zeroshot,500,0.7657142857142857,0.7647619047619048,0.7695238095238095,0.0680952380952381,0.7671285714285713,0.7757142857142857,0.7609523809523809
YN,COMPS,Falcon,Falcon3-10B-Base,Falcon3-3B-Instruct,Cross,zeroshot,500,0.7642857142857142,0.7608333333333334,0.7652380952380953,0.08333333333333334,0.7637809523809522,0.7766666666666666,0.7523809523809524
YN,COMPS,Falcon,Falcon3-10B-Base,Falcon3-10B-Instruct,Cross,zeroshot,500,0.7519047619047619,0.7409523809523809,0.7577380952380952,0.149047619047619,0.7471809523809525,0.7657142857142857,0.7028571428571428
YN,COMPS,Falcon,Falcon3-10B-Instruct,Falcon3-3B-Base,Cross,zeroshot,500,0.7814285714285715,0.7814285714285715,0.7819047619047619,0.04404761904761907,0.7814999999999998,0.7833333333333333,0.7795238095238095
YN,COMPS,Falcon,Falcon3-10B-Instruct,Falcon3-3B-Instruct,Cross,zeroshot,500,0.7647619047619048,0.7595238095238095,0.7690476190476191,0.12285714285714286,0.764657142857143,0.7757142857142857,0.7485714285714286
YN,COMPS,Falcon,Falcon3-10B-Instruct,Falcon3-10B-Base,Cross,zeroshot,500,0.7766666666666666,0.7755952380952381,0.7795238095238095,0.07476190476190478,0.7771619047619049,0.7814285714285715,0.7723809523809524
YN,COMPS,Gemma3,gemma-3-27b-pt,gemma-3-27b-pt,Same,zeroshot,500,0.680952380952381,0.679047619047619,0.6823809523809524,0.01715919923736889,0.6804864464234051,0.6871428571428572,0.6584158415841584
YN,COMPS,Gemma3,gemma-3-27b-it,gemma-3-27b-it,Same,zeroshot,500,0.7919047619047619,0.7904761904761904,0.7933333333333333,0.017142857142857182,0.7919346038219203,0.8010471204188482,0.7842857142857143
YN,COMPS,Gemma3,gemma-3-12b-pt,gemma-3-12b-pt,Same,zeroshot,500,0.6514285714285715,0.6495238095238095,0.6538095238095238,0.023832221163012368,0.6516646745047121,0.6580952380952381,0.6438095238095238
YN,COMPS,Gemma3,gemma-3-12b-it,gemma-3-12b-it,Same,zeroshot,500,0.735111958075274,0.7333333333333333,0.7361904761904762,0.018095238095238136,0.7347945908363805,0.7486910994764397,0.7267221801665406
YN,COMPS,Gemma3,gemma-3-27b-pt,gemma-3-27b-it,Cross,zeroshot,500,0.6195238095238095,0.6033333333333334,0.6276190476190476,0.24428571428571424,0.616804761904762,0.6519047619047619,0.5804761904761905
YN,COMPS,Gemma3,gemma-3-27b-pt,gemma-3-12b-pt,Cross,zeroshot,500,0.6814285714285714,0.68,0.6814285714285714,0.03666666666666671,0.6810619047619048,0.6857142857142857,0.679047619047619
YN,COMPS,Gemma3,gemma-3-27b-pt,gemma-3-12b-it,Cross,zeroshot,500,0.5838095238095238,0.5742857142857143,0.5933333333333334,0.33999999999999997,0.5821714285714286,0.6195238095238095,0.5414285714285715
YN,COMPS,Gemma3,gemma-3-27b-it,gemma-3-27b-pt,Cross,zeroshot,500,0.7766666666666666,0.7733333333333333,0.7776190476190477,0.09857142857142862,0.7754999999999999,0.78,0.7723809523809524
YN,COMPS,Gemma3,gemma-3-27b-it,gemma-3-12b-pt,Cross,zeroshot,500,0.7728571428571429,0.7723809523809524,0.7733333333333333,0.10714285714285718,0.7721857142857144,0.7776190476190477,0.7676190476190476
YN,COMPS,Gemma3,gemma-3-27b-it,gemma-3-12b-it,Cross,zeroshot,500,0.7861904761904762,0.7852380952380953,0.7886904761904762,0.016666666666666635,0.7868142857142857,0.7942857142857143,0.7771428571428571
YN,COMPS,Gemma3,gemma-3-12b-pt,gemma-3-27b-pt,Cross,zeroshot,500,0.6435714285714286,0.6404761904761904,0.6490476190476191,0.020952380952380972,0.6443380952380953,0.6519047619047619,0.6261904761904762
YN,COMPS,Gemma3,gemma-3-12b-pt,gemma-3-27b-it,Cross,zeroshot,500,0.5738095238095238,0.5723809523809524,0.5857142857142857,0.3071428571428571,0.5773761904761905,0.6038095238095238,0.5485714285714286
YN,COMPS,Gemma3,gemma-3-12b-pt,gemma-3-12b-it,Cross,zeroshot,500,0.550952380952381,0.5414285714285715,0.5666666666666667,0.3976190476190476,0.5514619047619047,0.5723809523809524,0.5252380952380953
YN,COMPS,Gemma3,gemma-3-12b-it,gemma-3-27b-pt,Cross,zeroshot,500,0.7157142857142857,0.7119047619047619,0.7161904761904762,0.15952380952380957,0.7142285714285715,0.719047619047619,0.7114285714285714
YN,COMPS,Gemma3,gemma-3-12b-it,gemma-3-27b-it,Cross,zeroshot,500,0.7323809523809524,0.731904761904762,0.7342857142857143,0.0623809523809524,0.7329952380952379,0.7366666666666667,0.7285714285714285
YN,COMPS,Gemma3,gemma-3-12b-it,gemma-3-12b-pt,Cross,zeroshot,500,0.7119047619047619,0.7114285714285714,0.7119047619047619,0.17333333333333334,0.7115190476190476,0.7161904761904762,0.7085714285714285
YN,COMPS,Llama3,Llama-3.1-8B,Llama-3.1-8B,Same,zeroshot,500,0.6204761904761905,0.6185714285714285,0.621919191919192,0.006190476190476191,0.6202053116927042,0.6285714285714286,0.6089108910891089
YN,COMPS,Llama3,Llama-3.1-8B-Instruct,Llama-3.1-8B-Instruct,Same,zeroshot,500,0.6971428571428572,0.6952380952380952,0.6980952380952381,0.0104761904761905,0.6965295998371568,0.7120418848167539,0.6782178217821783
YN,COMPS,Llama3,Llama-3.1-70B,Llama-3.1-70B,Same,zeroshot,500,0.6623809523809524,0.6596048366990775,0.6634485815602837,0.004761904761904745,0.6617493935031914,0.669047619047619,0.6460396039603961
YN,COMPS,Llama3,Llama-3.1-70B-Instruct,Llama-3.1-70B-Instruct,Same,zeroshot,500,0.7566666666666667,0.7545894124126611,0.7584563529892414,0.0057142857142856995,0.7556815250526191,0.7623809523809524,0.7326732673267327
YN,COMPS,Llama3,Llama-3.1-8B,Llama-3.1-8B-Instruct,Cross,zeroshot,500,0.65,0.6471428571428571,0.6511904761904762,0.11380952380952386,0.6485190476190477,0.6566666666666666,0.6290476190476191
YN,COMPS,Llama3,Llama-3.1-8B,Llama-3.1-70B,Cross,zeroshot,500,0.6171428571428571,0.6114285714285714,0.6180952380952381,0.015238095238095245,0.6164190476190476,0.6290476190476191,0.6057142857142858
YN,COMPS,Llama3,Llama-3.1-8B,Llama-3.1-70B-Instruct,Cross,zeroshot,500,0.65,0.6471428571428571,0.6523809523809524,0.11380952380952386,0.6481666666666668,0.6566666666666666,0.628095238095238
YN,COMPS,Llama3,Llama-3.1-8B-Instruct,Llama-3.1-8B,Cross,zeroshot,500,0.6871428571428572,0.6866666666666666,0.689047619047619,0.07857142857142854,0.6878999999999997,0.6923809523809524,0.6847619047619048
YN,COMPS,Llama3,Llama-3.1-8B-Instruct,Llama-3.1-70B,Cross,zeroshot,500,0.6866666666666666,0.6861904761904762,0.6866666666666666,0.07999999999999999,0.6868190476190474,0.6923809523809524,0.6838095238095238
YN,COMPS,Llama3,Llama-3.1-8B-Instruct,Llama-3.1-70B-Instruct,Cross,zeroshot,500,0.6961904761904761,0.6952380952380952,0.6985714285714286,0.02761904761904757,0.6969047619047619,0.7047619047619048,0.69
YN,COMPS,Llama3,Llama-3.1-70B,Llama-3.1-8B,Cross,zeroshot,500,0.6657142857142857,0.6628571428571428,0.6676190476190477,0.014523809523809508,0.6654142857142857,0.6733333333333333,0.6542857142857142
YN,COMPS,Llama3,Llama-3.1-70B,Llama-3.1-8B-Instruct,Cross,zeroshot,500,0.67,0.668452380952381,0.670952380952381,0.11523809523809525,0.6703,0.6776190476190476,0.6652380952380952
YN,COMPS,Llama3,Llama-3.1-70B,Llama-3.1-70B-Instruct,Cross,zeroshot,500,0.6695238095238095,0.6680952380952381,0.6710714285714285,0.11809523809523811,0.6699857142857142,0.6780952380952381,0.660952380952381
YN,COMPS,Llama3,Llama-3.1-70B-Instruct,Llama-3.1-8B,Cross,zeroshot,500,0.7428571428571429,0.7409523809523809,0.7453571428571428,0.07428571428571429,0.7431619047619046,0.75,0.7333333333333333
YN,COMPS,Llama3,Llama-3.1-70B-Instruct,Llama-3.1-8B-Instruct,Cross,zeroshot,500,0.758095238095238,0.7571428571428571,0.7591666666666667,0.0126190476190476,0.7576809523809522,0.7609523809523809,0.7476190476190476
YN,COMPS,Llama3,Llama-3.1-70B-Instruct,Llama-3.1-70B,Cross,zeroshot,500,0.7409523809523809,0.7398809523809524,0.7423809523809524,0.08190476190476187,0.7409190476190476,0.7485714285714286,0.73
YN,COMPS,Falcon,Falcon3-3B-Base,Falcon3-3B-Base,Same,instronly,500,0.8104761904761905,0.8089400106928198,0.8119047619047619,0.0033333333333333826,0.8101070668802643,0.8161904761904762,0.7846534653465347
YN,COMPS,Falcon,Falcon3-3B-Instruct,Falcon3-3B-Instruct,Same,instronly,500,0.8180085755121487,0.8166666666666667,0.819047619047619,0.024077046548956677,0.8177875929991725,0.8304314912944739,0.7970297029702971
YN,COMPS,Falcon,Falcon3-10B-Base,Falcon3-10B-Base,Same,instronly,500,0.8652380952380953,0.8638095238095238,0.8666666666666667,0.005238095238095236,0.8650909003114433,0.8709523809523809,0.8366336633663366
YN,COMPS,Falcon,Falcon3-10B-Instruct,Falcon3-10B-Instruct,Same,instronly,500,0.8428571428571429,0.8419047619047619,0.8443385612001364,0.023333333333333317,0.8428221592763632,0.8501135503406511,0.8267326732673267
YN,COMPS,Falcon,Falcon3-3B-Base,Falcon3-3B-Instruct,Cross,instronly,500,0.7097619047619048,0.6514285714285715,0.7672619047619048,0.2783333333333333,0.7041095238095236,0.8204761904761905,0.5233333333333333
YN,COMPS,Falcon,Falcon3-3B-Base,Falcon3-10B-Base,Cross,instronly,500,0.7528571428571429,0.7423809523809524,0.7747619047619048,0.1661904761904762,0.755390476190476,0.81,0.6933333333333334
YN,COMPS,Falcon,Falcon3-3B-Base,Falcon3-10B-Instruct,Cross,instronly,500,0.5042857142857143,0.5042857142857143,0.5042857142857143,0.49571428571428566,0.5042857142857143,0.5042857142857143,0.5042857142857143
YN,COMPS,Falcon,Falcon3-3B-Instruct,Falcon3-3B-Base,Cross,instronly,500,0.8128571428571428,0.8123809523809524,0.8128571428571428,0.009523809523809573,0.8126666666666665,0.8133333333333334,0.8119047619047619
YN,COMPS,Falcon,Falcon3-3B-Instruct,Falcon3-10B-Base,Cross,instronly,500,0.810952380952381,0.8104761904761905,0.8114285714285714,0.02238095238095239,0.8110238095238097,0.8123809523809524,0.81
YN,COMPS,Falcon,Falcon3-3B-Instruct,Falcon3-10B-Instruct,Cross,instronly,500,0.7933333333333333,0.7804761904761904,0.7986904761904762,0.13714285714285712,0.7890142857142857,0.8142857142857143,0.7338095238095238
YN,COMPS,Falcon,Falcon3-10B-Base,Falcon3-3B-Base,Cross,instronly,500,0.8683333333333334,0.8661904761904762,0.8695238095238095,0.03261904761904759,0.867604761904762,0.8704761904761905,0.8628571428571429
YN,COMPS,Falcon,Falcon3-10B-Base,Falcon3-3B-Instruct,Cross,instronly,500,0.8366666666666667,0.8140476190476191,0.8529761904761906,0.11666666666666665,0.8304619047619047,0.8714285714285714,0.7257142857142858
YN,COMPS,Falcon,Falcon3-10B-Base,Falcon3-10B-Instruct,Cross,instronly,500,0.5192857142857144,0.5094047619047619,0.5380952380952382,0.48071428571428565,0.5294095238095238,0.6395238095238095,0.5042857142857143
YN,COMPS,Falcon,Falcon3-10B-Instruct,Falcon3-3B-Base,Cross,instronly,500,0.840952380952381,0.840952380952381,0.8419047619047619,0.05714285714285716,0.8411904761904764,0.8428571428571429,0.84
YN,COMPS,Falcon,Falcon3-10B-Instruct,Falcon3-3B-Instruct,Cross,instronly,500,0.8447619047619047,0.8433333333333334,0.8452380952380952,0.037619047619047635,0.8445095238095238,0.8480952380952381,0.84
YN,COMPS,Falcon,Falcon3-10B-Instruct,Falcon3-10B-Base,Cross,instronly,500,0.8361904761904762,0.8357142857142857,0.8385714285714285,0.06666666666666671,0.8370190476190477,0.840952380952381,0.8347619047619048
YN,COMPS,Gemma3,gemma-3-27b-pt,gemma-3-27b-pt,Same,instronly,500,0.8757142857142857,0.8741289409722623,0.8771428571428571,0.002857142857142808,0.8755478980892326,0.8857142857142857,0.8638613861386139
YN,COMPS,Gemma3,gemma-3-27b-it,gemma-3-27b-it,Same,instronly,500,0.8752380952380953,0.8742857142857143,0.8773809523809524,0.0038131553860819845,0.8745257676314894,0.8809523809523809,0.8267326732673267
YN,COMPS,Gemma3,gemma-3-12b-pt,gemma-3-12b-pt,Same,instronly,500,0.8747619047619047,0.8735313001605136,0.8766666666666667,0.0047619047619048005,0.8747516627367945,0.8819047619047619,0.8613861386138614
YN,COMPS,Gemma3,gemma-3-12b-it,gemma-3-12b-it,Same,instronly,500,0.8733333333333333,0.8718437060238776,0.875,0.0033333333333333826,0.8724506848243121,0.878095238095238,0.8366336633663366
YN,COMPS,Gemma3,gemma-3-27b-pt,gemma-3-27b-it,Cross,instronly,500,0.5042857142857143,0.5042857142857143,0.5042857142857143,0.49571428571428566,0.5042857142857143,0.5042857142857143,0.5042857142857143
YN,COMPS,Gemma3,gemma-3-27b-pt,gemma-3-12b-pt,Cross,instronly,500,0.8590476190476191,0.8590476190476191,0.8747619047619047,0.03904761904761908,0.8637619047619046,0.8747619047619047,0.8528571428571429
YN,COMPS,Gemma3,gemma-3-27b-pt,gemma-3-12b-it,Cross,instronly,500,0.5371428571428571,0.5142857142857142,0.5866666666666667,0.46285714285714286,0.5746809523809524,0.8804761904761905,0.5042857142857143
YN,COMPS,Gemma3,gemma-3-27b-it,gemma-3-27b-pt,Cross,instronly,500,0.8709523809523809,0.8709523809523809,0.8709523809523809,0.06714285714285714,0.870985714285714,0.8714285714285714,0.8704761904761905
YN,COMPS,Gemma3,gemma-3-27b-it,gemma-3-12b-pt,Cross,instronly,500,0.8704761904761905,0.8704761904761905,0.8709523809523809,0.06761904761904766,0.870619047619048,0.8709523809523809,0.87
YN,COMPS,Gemma3,gemma-3-27b-it,gemma-3-12b-it,Cross,instronly,500,0.8733333333333333,0.8728571428571429,0.8733333333333333,0.043809523809523826,0.8732904761904762,0.878095238095238,0.871904761904762
YN,COMPS,Gemma3,gemma-3-12b-pt,gemma-3-27b-pt,Cross,instronly,500,0.8790476190476191,0.8790476190476191,0.8790476190476191,0.052380952380952334,0.8777952380952384,0.88,0.8647619047619047
YN,COMPS,Gemma3,gemma-3-12b-pt,gemma-3-27b-it,Cross,instronly,500,0.5042857142857143,0.5042857142857143,0.5042857142857143,0.49571428571428566,0.5042857142857143,0.5042857142857143,0.5042857142857143
YN,COMPS,Gemma3,gemma-3-12b-pt,gemma-3-12b-it,Cross,instronly,500,0.5061904761904762,0.5042857142857143,0.518095238095238,0.4938095238095238,0.538947619047619,0.8642857142857143,0.5042857142857143
YN,COMPS,Gemma3,gemma-3-12b-it,gemma-3-27b-pt,Cross,instronly,500,0.8685714285714285,0.8680952380952381,0.8685714285714285,0.03333333333333338,0.8684571428571427,0.8695238095238095,0.8680952380952381
YN,COMPS,Gemma3,gemma-3-12b-it,gemma-3-27b-it,Cross,instronly,500,0.8535714285714286,0.8461904761904762,0.8601190476190477,0.07476190476190474,0.852595238095238,0.8733333333333333,0.8104761904761905
YN,COMPS,Gemma3,gemma-3-12b-it,gemma-3-12b-pt,Cross,instronly,500,0.8685714285714285,0.8680952380952381,0.8685714285714285,0.03523809523809526,0.8683142857142856,0.8685714285714285,0.8661904761904762
YN,COMPS,Llama3,Llama-3.1-8B,Llama-3.1-8B,Same,instronly,500,0.8413530252501191,0.839047619047619,0.8425468975468975,0.00481000481000482,0.8402663830398956,0.8466666666666667,0.8094059405940595
YN,COMPS,Llama3,Llama-3.1-8B-Instruct,Llama-3.1-8B-Instruct,Same,instronly,500,0.8528571428571429,0.8511904761904762,0.8538737356517786,0.003809523809523818,0.851745409845335,0.8590476190476191,0.8242574257425742
YN,COMPS,Llama3,Llama-3.1-70B,Llama-3.1-70B,Same,instronly,500,0.8928571428571429,0.8913612313612314,0.8942857142857142,0.00302663438256659,0.8919178735047122,0.8978046934140802,0.8514851485148515
YN,COMPS,Llama3,Llama-3.1-70B-Instruct,Llama-3.1-70B-Instruct,Same,instronly,500,0.8814285714285715,0.88,0.882691420180407,0.0028571428571428636,0.8807826614714016,0.8856598380181039,0.849009900990099
YN,COMPS,Llama3,Llama-3.1-8B,Llama-3.1-8B-Instruct,Cross,instronly,500,0.8319047619047619,0.81,0.8395238095238096,0.03285714285714289,0.8266666666666667,0.8461904761904762,0.7742857142857142
YN,COMPS,Llama3,Llama-3.1-8B,Llama-3.1-70B,Cross,instronly,500,0.8004761904761905,0.7947619047619048,0.8166666666666667,0.14809523809523809,0.8042285714285711,0.8414285714285714,0.7566666666666667
YN,COMPS,Llama3,Llama-3.1-8B,Llama-3.1-70B-Instruct,Cross,instronly,500,0.82,0.7947619047619048,0.840952380952381,0.08523809523809528,0.8147380952380953,0.8461904761904762,0.7038095238095238
YN,COMPS,Llama3,Llama-3.1-8B-Instruct,Llama-3.1-8B,Cross,instronly,500,0.8566666666666667,0.8528571428571429,0.8566666666666667,0.02357142857142855,0.8549476190476193,0.8580952380952381,0.8528571428571429
YN,COMPS,Llama3,Llama-3.1-8B-Instruct,Llama-3.1-70B,Cross,instronly,500,0.8445238095238095,0.8395238095238096,0.8504761904761905,0.07119047619047617,0.844642857142857,0.8547619047619047,0.8333333333333334
YN,COMPS,Llama3,Llama-3.1-8B-Instruct,Llama-3.1-70B-Instruct,Cross,instronly,500,0.8528571428571429,0.8395238095238096,0.8547619047619047,0.0414285714285714,0.8479714285714286,0.8566666666666667,0.809047619047619
YN,COMPS,Llama3,Llama-3.1-70B,Llama-3.1-8B,Cross,instronly,500,0.8685714285714285,0.85,0.8704761904761905,0.07047619047619053,0.8610904761904762,0.8842857142857142,0.8476190476190476
YN,COMPS,Llama3,Llama-3.1-70B,Llama-3.1-8B-Instruct,Cross,instronly,500,0.8471428571428572,0.8295238095238096,0.85,0.09761904761904766,0.845442857142857,0.8942857142857142,0.8071428571428572
YN,COMPS,Llama3,Llama-3.1-70B,Llama-3.1-70B-Instruct,Cross,instronly,500,0.8859523809523809,0.8715476190476191,0.8923809523809524,0.03880952380952382,0.8763809523809521,0.8957142857142857,0.7790476190476191
YN,COMPS,Llama3,Llama-3.1-70B-Instruct,Llama-3.1-8B,Cross,instronly,500,0.8823809523809524,0.8809523809523809,0.8823809523809524,0.007619047619047636,0.8815952380952381,0.8833333333333333,0.8795238095238095
YN,COMPS,Llama3,Llama-3.1-70B-Instruct,Llama-3.1-8B-Instruct,Cross,instronly,500,0.8809523809523809,0.8795238095238095,0.8809523809523809,0.015238095238095245,0.8806523809523807,0.8823809523809524,0.8790476190476191
YN,COMPS,Llama3,Llama-3.1-70B-Instruct,Llama-3.1-70B,Cross,instronly,500,0.8802380952380953,0.88,0.8804761904761905,0.007857142857142826,0.8804380952380951,0.8852380952380953,0.8795238095238095
YN,COMPS,Falcon,Falcon3-3B-Base,Falcon3-3B-Base,Same,fewshot,500,0.84,0.8385388665650547,0.8414285714285714,0.0038095238095237627,0.8387418197715933,0.8447619047619047,0.7920792079207921
YN,COMPS,Falcon,Falcon3-3B-Instruct,Falcon3-3B-Instruct,Same,fewshot,500,0.8085714285714286,0.8076190476190476,0.8104761904761905,0.004761904761904745,0.808499752736501,0.8180952380952381,0.7871287128712872
YN,COMPS,Falcon,Falcon3-10B-Base,Falcon3-10B-Base,Same,fewshot,500,0.8842857142857142,0.8833333333333333,0.8852380952380953,0.0025614754098360615,0.8836925695685308,0.888095238095238,0.8613861386138614
YN,COMPS,Falcon,Falcon3-10B-Instruct,Falcon3-10B-Instruct,Same,fewshot,500,0.8566666666666667,0.8557142857142858,0.8580952380952381,0.003333333333333327,0.8568962163306568,0.8623445825932504,0.8415841584158416
YN,COMPS,Falcon,Falcon3-3B-Base,Falcon3-3B-Instruct,Cross,fewshot,500,0.7935714285714286,0.7423809523809524,0.830952380952381,0.15499999999999997,0.7778333333333332,0.8423809523809523,0.5947619047619047
YN,COMPS,Falcon,Falcon3-3B-Base,Falcon3-10B-Base,Cross,fewshot,500,0.8223809523809524,0.8122619047619049,0.8329761904761905,0.07190476190476193,0.8197047619047619,0.8423809523809523,0.7533333333333333
YN,COMPS,Falcon,Falcon3-3B-Base,Falcon3-10B-Instruct,Cross,fewshot,500,0.7714285714285714,0.7263095238095237,0.8072619047619047,0.1871428571428571,0.7538095238095238,0.8414285714285714,0.5438095238095239
YN,COMPS,Falcon,Falcon3-3B-Instruct,Falcon3-3B-Base,Cross,fewshot,500,0.8066666666666666,0.8061904761904762,0.8071428571428572,0.018095238095238136,0.8065476190476191,0.8080952380952381,0.8052380952380952
YN,COMPS,Falcon,Falcon3-3B-Instruct,Falcon3-10B-Base,Cross,fewshot,500,0.8066666666666666,0.8061904761904762,0.8071428571428572,0.030714285714285736,0.8064428571428571,0.8080952380952381,0.8014285714285714
YN,COMPS,Falcon,Falcon3-3B-Instruct,Falcon3-10B-Instruct,Cross,fewshot,500,0.8095238095238095,0.8075,0.811547619047619,0.01190476190476189,0.8095095238095239,0.8138095238095238,0.8014285714285714
YN,COMPS,Falcon,Falcon3-10B-Base,Falcon3-3B-Base,Cross,fewshot,500,0.8847619047619047,0.8842857142857142,0.8847619047619047,0.020952380952380945,0.8844666666666667,0.8861904761904762,0.8828571428571429
YN,COMPS,Falcon,Falcon3-10B-Base,Falcon3-3B-Instruct,Cross,fewshot,500,0.8704761904761905,0.8438095238095238,0.8819047619047619,0.06809523809523807,0.8589380952380953,0.8857142857142857,0.7571428571428571
YN,COMPS,Falcon,Falcon3-10B-Base,Falcon3-10B-Instruct,Cross,fewshot,500,0.855952380952381,0.8365476190476191,0.8788095238095238,0.09119047619047617,0.8462476190476189,0.8857142857142857,0.680952380952381
YN,COMPS,Falcon,Falcon3-10B-Instruct,Falcon3-3B-Base,Cross,fewshot,500,0.8542857142857143,0.8538095238095238,0.8542857142857143,0.02238095238095239,0.8541142857142856,0.8547619047619047,0.8538095238095238
YN,COMPS,Falcon,Falcon3-10B-Instruct,Falcon3-3B-Instruct,Cross,fewshot,500,0.8566666666666667,0.8547619047619047,0.8572619047619048,0.012380952380952381,0.8567857142857142,0.8623809523809524,0.8528571428571429
YN,COMPS,Falcon,Falcon3-10B-Instruct,Falcon3-10B-Base,Cross,fewshot,500,0.8542857142857143,0.8538095238095238,0.8542857142857143,0.027619047619047626,0.8540714285714285,0.8552380952380952,0.8504761904761905
YN,COMPS,Gemma3,gemma-3-27b-pt,gemma-3-27b-pt,Same,fewshot,500,0.9039487726787621,0.9028571428571428,0.9057142857142857,0.003809523809523818,0.9039706126097077,0.9142857142857143,0.8861386138613861
YN,COMPS,Gemma3,gemma-3-27b-it,gemma-3-27b-it,Same,fewshot,500,0.89,0.8890476190476191,0.8914285714285715,0.002857142857142808,0.8890344741093487,0.8938095238095238,0.8465346534653465
YN,COMPS,Gemma3,gemma-3-12b-pt,gemma-3-12b-pt,Same,fewshot,500,0.89,0.8882024782002315,0.8914285714285715,0.0038095238095237627,0.8890266354733164,0.8957142857142857,0.849009900990099
YN,COMPS,Gemma3,gemma-3-12b-it,gemma-3-12b-it,Same,fewshot,500,0.8861904761904762,0.8846227536535907,0.8871428571428571,0.002857142857142808,0.8853466587573121,0.8916464891041163,0.8514851485148515
YN,COMPS,Gemma3,gemma-3-27b-pt,gemma-3-27b-it,Cross,fewshot,500,0.5371428571428571,0.5066666666666667,0.6447619047619048,0.46285714285714286,0.5783571428571429,0.8504761904761905,0.5042857142857143
YN,COMPS,Gemma3,gemma-3-27b-pt,gemma-3-12b-pt,Cross,fewshot,500,0.8971428571428571,0.8885714285714286,0.8971428571428571,0.029523809523809563,0.8933333333333331,0.8995238095238095,0.8819047619047619
YN,COMPS,Gemma3,gemma-3-27b-pt,gemma-3-12b-it,Cross,fewshot,500,0.7014285714285714,0.5880952380952381,0.7785714285714286,0.29666666666666663,0.6870999999999998,0.9085714285714286,0.5066666666666667
YN,COMPS,Gemma3,gemma-3-27b-it,gemma-3-27b-pt,Cross,fewshot,500,0.8833333333333333,0.8828571428571429,0.8838095238095238,0.05857142857142858,0.883104761904762,0.8857142857142857,0.8804761904761905
YN,COMPS,Gemma3,gemma-3-27b-it,gemma-3-12b-pt,Cross,fewshot,500,0.8804761904761905,0.8804761904761905,0.8809523809523809,0.06476190476190477,0.8805238095238096,0.8814285714285715,0.8785714285714286
YN,COMPS,Gemma3,gemma-3-27b-it,gemma-3-12b-it,Cross,fewshot,500,0.8914285714285715,0.89,0.8919047619047619,0.01476190476190481,0.8907380952380953,0.8933333333333333,0.8838095238095238
YN,COMPS,Gemma3,gemma-3-12b-pt,gemma-3-27b-pt,Cross,fewshot,500,0.8823809523809524,0.8790476190476191,0.8871428571428571,0.055714285714285716,0.8840809523809524,0.8947619047619048,0.8647619047619047
YN,COMPS,Gemma3,gemma-3-12b-pt,gemma-3-27b-it,Cross,fewshot,500,0.5076190476190476,0.5042857142857143,0.5252380952380953,0.49238095238095236,0.5203714285714287,0.7304761904761905,0.5042857142857143
YN,COMPS,Gemma3,gemma-3-12b-pt,gemma-3-12b-it,Cross,fewshot,500,0.5461904761904761,0.5119047619047619,0.5889285714285715,0.4538095238095238,0.5745428571428571,0.8809523809523809,0.5042857142857143
YN,COMPS,Gemma3,gemma-3-12b-it,gemma-3-27b-pt,Cross,fewshot,500,0.8828571428571429,0.8819047619047619,0.8828571428571429,0.030476190476190518,0.8826523809523811,0.8833333333333333,0.8819047619047619
YN,COMPS,Gemma3,gemma-3-12b-it,gemma-3-27b-it,Cross,fewshot,500,0.8857142857142857,0.884047619047619,0.8877380952380952,0.01452380952380948,0.8853047619047618,0.89,0.8761904761904762
YN,COMPS,Gemma3,gemma-3-12b-it,gemma-3-12b-pt,Cross,fewshot,500,0.8828571428571429,0.8828571428571429,0.8828571428571429,0.03333333333333338,0.8828571428571428,0.8833333333333333,0.8819047619047619
YN,COMPS,Llama3,Llama-3.1-8B,Llama-3.1-8B,Same,fewshot,500,0.8727965697951405,0.8713672885741522,0.8738095238095238,0.005238095238095236,0.8720514752868083,0.8778258778258778,0.8514851485148515
YN,COMPS,Llama3,Llama-3.1-8B-Instruct,Llama-3.1-8B-Instruct,Same,fewshot,500,0.8628571428571429,0.8604761904761905,0.8640476190476191,0.0033349213911386677,0.8616111742726221,0.8680952380952381,0.8242574257425742
YN,COMPS,Llama3,Llama-3.1-70B,Llama-3.1-70B,Same,fewshot,500,0.9093113482056256,0.9078352503459697,0.9104761904761904,0.0023809523809523725,0.908739613109835,0.9142857142857143,0.8886138613861386
YN,COMPS,Llama3,Llama-3.1-70B-Instruct,Llama-3.1-70B-Instruct,Same,fewshot,500,0.8790476190476191,0.878095238095238,0.8805940355940356,0.0032017075773745907,0.8784513944919997,0.8861904761904762,0.844059405940594
YN,COMPS,Llama3,Llama-3.1-8B,Llama-3.1-8B-Instruct,Cross,fewshot,500,0.8471428571428572,0.8330952380952381,0.8604761904761905,0.10523809523809524,0.843147619047619,0.8695238095238095,0.7904761904761904
YN,COMPS,Llama3,Llama-3.1-8B,Llama-3.1-70B,Cross,fewshot,500,0.7561904761904762,0.7366666666666667,0.7795238095238095,0.2228571428571428,0.7520809523809525,0.8061904761904762,0.6752380952380952
YN,COMPS,Llama3,Llama-3.1-8B,Llama-3.1-70B-Instruct,Cross,fewshot,500,0.7904761904761904,0.7561904761904762,0.8161904761904762,0.1847619047619047,0.7858285714285715,0.8552380952380952,0.6623809523809524
YN,COMPS,Llama3,Llama-3.1-8B-Instruct,Llama-3.1-8B,Cross,fewshot,500,0.8580952380952381,0.8557142857142858,0.8580952380952381,0.054285714285714326,0.858052380952381,0.8652380952380953,0.8547619047619047
YN,COMPS,Llama3,Llama-3.1-8B-Instruct,Llama-3.1-70B,Cross,fewshot,500,0.8628571428571429,0.8627380952380952,0.8638095238095238,0.05142857142857141,0.861895238095238,0.8647619047619047,0.8352380952380952
YN,COMPS,Llama3,Llama-3.1-8B-Instruct,Llama-3.1-70B-Instruct,Cross,fewshot,500,0.8628571428571429,0.861904761904762,0.8638095238095238,0.03619047619047616,0.8621714285714286,0.8647619047619047,0.8252380952380952
YN,COMPS,Llama3,Llama-3.1-70B,Llama-3.1-8B,Cross,fewshot,500,0.8609523809523809,0.8533333333333334,0.8609523809523809,0.10380952380952385,0.8582000000000001,0.8704761904761905,0.8452380952380952
YN,COMPS,Llama3,Llama-3.1-70B,Llama-3.1-8B-Instruct,Cross,fewshot,500,0.8904761904761904,0.8852380952380953,0.8928571428571429,0.049523809523809526,0.8893523809523809,0.9071428571428571,0.8685714285714285
YN,COMPS,Llama3,Llama-3.1-70B,Llama-3.1-70B-Instruct,Cross,fewshot,500,0.9071428571428571,0.8971428571428571,0.91,0.01666666666666669,0.9043523809523808,0.910952380952381,0.8876190476190476
YN,COMPS,Llama3,Llama-3.1-70B-Instruct,Llama-3.1-8B,Cross,fewshot,500,0.8738095238095238,0.8738095238095238,0.8742857142857143,0.0623809523809524,0.8741809523809525,0.8761904761904762,0.8728571428571429
YN,COMPS,Llama3,Llama-3.1-70B-Instruct,Llama-3.1-8B-Instruct,Cross,fewshot,500,0.8776190476190476,0.8760714285714286,0.8797619047619047,0.025238095238095254,0.8777952380952382,0.8814285714285715,0.8742857142857143
YN,COMPS,Llama3,Llama-3.1-70B-Instruct,Llama-3.1-70B,Cross,fewshot,500,0.878095238095238,0.878095238095238,0.88,0.011428571428571399,0.8786333333333333,0.8814285714285715,0.8733333333333333
YN,EWOK,Falcon,Falcon3-3B-Base,Falcon3-3B-Base,Same,zeroshot,500,0.5894194756554307,0.586376404494382,0.5912921348314607,0.011001872659176057,0.5888968560850028,0.596441947565543,0.5805243445692884
YN,EWOK,Falcon,Falcon3-3B-Instruct,Falcon3-3B-Instruct,Same,zeroshot,500,0.6179775280898876,0.6161048689138576,0.6198501872659176,0.004447565543071144,0.6179219356521721,0.6235955056179775,0.6128277153558053
YN,EWOK,Falcon,Falcon3-10B-Base,Falcon3-10B-Base,Same,zeroshot,500,0.6680711610486891,0.6659195817092677,0.6690074906367042,0.01217228464419473,0.6676968813670042,0.6737623762376238,0.6591760299625468
YN,EWOK,Falcon,Falcon3-10B-Instruct,Falcon3-10B-Instruct,Same,zeroshot,500,0.7146535580524345,0.7121956928838952,0.7175795880149812,0.012989950680461312,0.714477046222906,0.7209737827715356,0.7059925093632958
YN,EWOK,Falcon,Falcon3-3B-Base,Falcon3-3B-Instruct,Cross,zeroshot,500,0.5161516853932584,0.5135767790262172,0.5179073033707865,0.4620786516853933,0.5160440074906366,0.523876404494382,0.5070224719101124
YN,EWOK,Falcon,Falcon3-3B-Base,Falcon3-10B-Base,Cross,zeroshot,500,0.5842696629213483,0.5828651685393258,0.5852059925093633,0.06273408239700376,0.5843820224719102,0.5931647940074907,0.5767790262172284
YN,EWOK,Falcon,Falcon3-3B-Base,Falcon3-10B-Instruct,Cross,zeroshot,500,0.5632022471910112,0.5585205992509363,0.5708099250936329,0.35252808988764045,0.5629213483146067,0.5823970037453183,0.5388576779026217
YN,EWOK,Falcon,Falcon3-3B-Instruct,Falcon3-3B-Base,Cross,zeroshot,500,0.5959737827715356,0.5945692883895131,0.5978464419475655,0.2816011235955056,0.5960533707865168,0.599250936329588,0.5917602996254682
YN,EWOK,Falcon,Falcon3-3B-Instruct,Falcon3-10B-Base,Cross,zeroshot,500,0.5931647940074907,0.5916432584269663,0.5936329588014981,0.301498127340824,0.5929166666666668,0.5987827715355806,0.5898876404494382
YN,EWOK,Falcon,Falcon3-3B-Instruct,Falcon3-10B-Instruct,Cross,zeroshot,500,0.5711610486891385,0.5697565543071161,0.574438202247191,0.3782771535580524,0.5709316479400749,0.5838014981273408,0.5557116104868914
YN,EWOK,Falcon,Falcon3-10B-Base,Falcon3-3B-Base,Cross,zeroshot,500,0.6676029962546817,0.6671348314606742,0.6685393258426966,0.04002808988764045,0.6672425093632959,0.6704119850187266,0.6624531835205992
YN,EWOK,Falcon,Falcon3-10B-Base,Falcon3-3B-Instruct,Cross,zeroshot,500,0.5847378277153558,0.577247191011236,0.5908239700374532,0.34035580524344566,0.5834503745318353,0.6015917602996255,0.5589887640449438
YN,EWOK,Falcon,Falcon3-10B-Base,Falcon3-10B-Instruct,Cross,zeroshot,500,0.6385767790262172,0.6254681647940075,0.647003745318352,0.17088014981273408,0.6351029962546817,0.6596441947565543,0.6015917602996255
YN,EWOK,Falcon,Falcon3-10B-Instruct,Falcon3-3B-Base,Cross,zeroshot,500,0.7059925093632958,0.7055243445692884,0.7064606741573034,0.11352996254681648,0.7058754681647939,0.7083333333333334,0.7045880149812734
YN,EWOK,Falcon,Falcon3-10B-Instruct,Falcon3-3B-Instruct,Cross,zeroshot,500,0.6605805243445693,0.6573033707865169,0.6615168539325843,0.24953183520599254,0.6597846441947566,0.6685393258426966,0.6484082397003745
YN,EWOK,Falcon,Falcon3-10B-Instruct,Falcon3-10B-Base,Cross,zeroshot,500,0.7069288389513109,0.7059925093632958,0.7078651685393258,0.10346441947565543,0.7072378277153558,0.7148876404494382,0.7045880149812734
YN,EWOK,Gemma3,gemma-3-27b-pt,gemma-3-27b-pt,Same,zeroshot,500,0.5973782771535581,0.5941011235955056,0.6000702247191011,0.009618700634108357,0.5972900983250412,0.6062734082397003,0.5903558052434457
YN,EWOK,Gemma3,gemma-3-27b-it,gemma-3-27b-it,Same,zeroshot,500,0.7347705904673567,0.7331460674157303,0.7364232209737828,0.027384918561100965,0.7345213167386785,0.7401685393258427,0.7275280898876404
YN,EWOK,Gemma3,gemma-3-12b-pt,gemma-3-12b-pt,Same,zeroshot,500,0.586783504315258,0.5847378277153558,0.5884831460674157,0.007022471910112363,0.5865573190804786,0.5912921348314607,0.5814606741573034
YN,EWOK,Gemma3,gemma-3-12b-it,gemma-3-12b-it,Same,zeroshot,500,0.6879124098185396,0.6855102996254682,0.6891385767790262,0.011235955056179803,0.6873385085829264,0.6938202247191011,0.6807116104868914
YN,EWOK,Gemma3,gemma-3-27b-pt,gemma-3-27b-it,Cross,zeroshot,500,0.5898876404494382,0.575374531835206,0.5939840823970037,0.04681647940074907,0.5872940074906369,0.6072097378277154,0.5585205992509363
YN,EWOK,Gemma3,gemma-3-27b-pt,gemma-3-12b-pt,Cross,zeroshot,500,0.6036985018726592,0.6034644194756554,0.6039325842696629,0.02481273408239701,0.6030992509363298,0.6086142322097379,0.5898876404494382
YN,EWOK,Gemma3,gemma-3-27b-pt,gemma-3-12b-it,Cross,zeroshot,500,0.5194288389513109,0.5173220973782772,0.526685393258427,0.3806179775280899,0.5214466292134831,0.5313670411985019,0.5140449438202247
YN,EWOK,Gemma3,gemma-3-27b-it,gemma-3-27b-pt,Cross,zeroshot,500,0.7326779026217228,0.7326779026217228,0.7350187265917603,0.04728464419475653,0.7336189138576777,0.7368913857677902,0.7326779026217228
YN,EWOK,Gemma3,gemma-3-27b-it,gemma-3-12b-pt,Cross,zeroshot,500,0.7326779026217228,0.7326779026217228,0.7326779026217228,0.04728464419475653,0.7326544943820223,0.7373595505617978,0.7294007490636704
YN,EWOK,Gemma3,gemma-3-27b-it,gemma-3-12b-it,Cross,zeroshot,500,0.7181647940074907,0.7158239700374532,0.7247191011235955,0.08146067415730338,0.7183426966292135,0.7275280898876404,0.7078651685393258
YN,EWOK,Gemma3,gemma-3-12b-pt,gemma-3-27b-pt,Cross,zeroshot,500,0.5856741573033708,0.5856741573033708,0.5861423220973783,0.008895131086142344,0.5859129213483149,0.5875468164794008,0.5842696629213483
YN,EWOK,Gemma3,gemma-3-12b-pt,gemma-3-27b-it,Cross,zeroshot,500,0.5856741573033708,0.5774812734082397,0.5856741573033708,0.07256554307116103,0.5815168539325843,0.5917602996254682,0.5589887640449438
YN,EWOK,Gemma3,gemma-3-12b-pt,gemma-3-12b-it,Cross,zeroshot,500,0.5280898876404494,0.5234082397003745,0.5332397003745318,0.40543071161048694,0.528192883895131,0.5430711610486891,0.5163857677902621
YN,EWOK,Gemma3,gemma-3-12b-it,gemma-3-27b-pt,Cross,zeroshot,500,0.6896067415730337,0.6891385767790262,0.6928838951310862,0.1704119850187266,0.6907350187265918,0.6938202247191011,0.6886704119850188
YN,EWOK,Gemma3,gemma-3-12b-it,gemma-3-27b-it,Cross,zeroshot,500,0.6914794007490637,0.6905430711610487,0.6928838951310862,0.149812734082397,0.691142322097378,0.6933520599250936,0.6830524344569289
YN,EWOK,Gemma3,gemma-3-12b-it,gemma-3-12b-pt,Cross,zeroshot,500,0.6886704119850188,0.6886704119850188,0.6891385767790262,0.17181647940074907,0.6888529962546815,0.6933520599250936,0.6830524344569289
YN,EWOK,Llama3,Llama-3.1-8B,Llama-3.1-8B,Same,zeroshot,500,0.5557116104868914,0.5534878277153558,0.5575842696629213,0.028818924749316632,0.5556183675241383,0.5617977528089888,0.5491573033707865
YN,EWOK,Llama3,Llama-3.1-8B-Instruct,Llama-3.1-8B-Instruct,Same,zeroshot,500,0.6385767790262172,0.6367041198501873,0.6404494382022472,0.006788389513108617,0.638107381710386,0.6427902621722846,0.6320224719101124
YN,EWOK,Llama3,Llama-3.1-70B,Llama-3.1-70B,Same,zeroshot,500,0.611711288347033,0.6100187265917603,0.6137640449438202,0.0077247191011236005,0.6118074500095724,0.6198501872659176,0.6067415730337079
YN,EWOK,Llama3,Llama-3.1-70B-Instruct,Llama-3.1-70B-Instruct,Same,zeroshot,500,0.7064606741573034,0.7045880149812734,0.708684456928839,0.00514981273408241,0.7067221431384807,0.7173267326732673,0.701310861423221
YN,EWOK,Llama3,Llama-3.1-8B,Llama-3.1-8B-Instruct,Cross,zeroshot,500,0.5547752808988764,0.5543071161048689,0.5552434456928839,0.05149812734082397,0.5547612359550562,0.5589887640449438,0.5500936329588015
YN,EWOK,Llama3,Llama-3.1-8B,Llama-3.1-70B,Cross,zeroshot,500,0.5580524344569289,0.5557116104868914,0.5585205992509363,0.01591760299625468,0.5573174157303371,0.5603932584269663,0.5543071161048689
YN,EWOK,Llama3,Llama-3.1-8B,Llama-3.1-70B-Instruct,Cross,zeroshot,500,0.5430711610486891,0.5397940074906367,0.545060861423221,0.3033707865168539,0.5423361423220973,0.5519662921348315,0.5332397003745318
YN,EWOK,Llama3,Llama-3.1-8B-Instruct,Llama-3.1-8B,Cross,zeroshot,500,0.6362359550561798,0.6310861423220974,0.6404494382022472,0.018258426966292138,0.6360393258426966,0.6413857677902621,0.6301498127340824
YN,EWOK,Llama3,Llama-3.1-8B-Instruct,Llama-3.1-70B,Cross,zeroshot,500,0.6362359550561798,0.6352996254681648,0.6362359550561798,0.046348314606741575,0.6353558052434458,0.6399812734082397,0.6282771535580525
YN,EWOK,Llama3,Llama-3.1-8B-Instruct,Llama-3.1-70B-Instruct,Cross,zeroshot,500,0.6179775280898876,0.6151685393258427,0.6212546816479401,0.22097378277153557,0.6186610486891386,0.6352996254681648,0.6081460674157303
YN,EWOK,Llama3,Llama-3.1-70B,Llama-3.1-8B,Cross,zeroshot,500,0.6137640449438202,0.6137640449438202,0.6151685393258427,0.03464419475655431,0.6142368913857676,0.6170411985018727,0.6109550561797753
YN,EWOK,Llama3,Llama-3.1-70B,Llama-3.1-8B-Instruct,Cross,zeroshot,500,0.6137640449438202,0.6131788389513109,0.6165730337078652,0.06718164794007492,0.6141104868913858,0.6221910112359551,0.6025280898876404
YN,EWOK,Llama3,Llama-3.1-70B,Llama-3.1-70B-Instruct,Cross,zeroshot,500,0.5575842696629213,0.552434456928839,0.5603932584269663,0.3609550561797753,0.5559831460674157,0.575374531835206,0.5374531835205992
YN,EWOK,Llama3,Llama-3.1-70B-Instruct,Llama-3.1-8B,Cross,zeroshot,500,0.6970973782771536,0.6956928838951311,0.6989700374531835,0.17275280898876402,0.6967883895131085,0.701310861423221,0.6867977528089888
YN,EWOK,Llama3,Llama-3.1-70B-Instruct,Llama-3.1-8B-Instruct,Cross,zeroshot,500,0.6989700374531835,0.6970973782771536,0.6999063670411985,0.1591760299625468,0.6986563670411985,0.7027153558052435,0.6910112359550562
YN,EWOK,Llama3,Llama-3.1-70B-Instruct,Llama-3.1-70B,Cross,zeroshot,500,0.6905430711610487,0.6882022471910112,0.6914794007490637,0.1905430711610487,0.6900514981273408,0.700374531835206,0.6764981273408239
YN,EWOK,Falcon,Falcon3-3B-Base,Falcon3-3B-Base,Same,instronly,500,0.6259363295880149,0.6240636704119851,0.6278089887640449,0.016385767790262157,0.6259279292047031,0.6337209302325582,0.6207865168539326
YN,EWOK,Falcon,Falcon3-3B-Instruct,Falcon3-3B-Instruct,Same,instronly,500,0.6907771535580525,0.6891385767790262,0.6926650012865597,0.050140625109794765,0.6908474863121546,0.6986434108527132,0.6844569288389513
YN,EWOK,Falcon,Falcon3-10B-Base,Falcon3-10B-Base,Same,instronly,500,0.7394566301972441,0.7379447565543071,0.7411048689138576,0.0037453183520599342,0.739525533780859,0.7457865168539326,0.7345360824742269
YN,EWOK,Falcon,Falcon3-10B-Instruct,Falcon3-10B-Instruct,Same,instronly,500,0.7382958801498127,0.7365402621722846,0.7401685393258427,0.011704119850187267,0.7384078525603357,0.7437977099236641,0.7335051546391752
YN,EWOK,Falcon,Falcon3-3B-Base,Falcon3-3B-Instruct,Cross,instronly,500,0.5004681647940075,0.5,0.50187265917603,0.49953183520599254,0.5022705992509363,0.5318352059925093,0.5
YN,EWOK,Falcon,Falcon3-3B-Base,Falcon3-10B-Base,Cross,instronly,500,0.5491573033707865,0.5468164794007491,0.5525514981273408,0.44054307116104874,0.549316479400749,0.5664794007490637,0.5355805243445693
YN,EWOK,Falcon,Falcon3-3B-Base,Falcon3-10B-Instruct,Cross,instronly,500,0.6212546816479401,0.5950374531835206,0.6274578651685393,0.28698501872659177,0.6072237827715355,0.6352996254681648,0.5182584269662921
YN,EWOK,Falcon,Falcon3-3B-Instruct,Falcon3-3B-Base,Cross,instronly,500,0.6741573033707865,0.6741573033707865,0.674625468164794,0.16853932584269662,0.6742088014981275,0.6750936329588015,0.6732209737827716
YN,EWOK,Falcon,Falcon3-3B-Instruct,Falcon3-10B-Base,Cross,instronly,500,0.6793071161048689,0.6783707865168539,0.6802434456928839,0.11470037453183521,0.6794007490636704,0.6821161048689138,0.6769662921348315
YN,EWOK,Falcon,Falcon3-3B-Instruct,Falcon3-10B-Instruct,Cross,instronly,500,0.6743913857677902,0.6720505617977528,0.6788389513108615,0.16970973782771537,0.674616104868914,0.6821161048689138,0.6554307116104869
YN,EWOK,Falcon,Falcon3-10B-Base,Falcon3-3B-Base,Cross,instronly,500,0.6956928838951311,0.6928838951310862,0.7008426966292135,0.22097378277153557,0.6965589887640449,0.7045880149812734,0.6891385767790262
YN,EWOK,Falcon,Falcon3-10B-Base,Falcon3-3B-Instruct,Cross,instronly,500,0.6561329588014981,0.6242977528089888,0.6707631086142322,0.29096441947565543,0.6515449438202248,0.7317415730337079,0.5833333333333334
YN,EWOK,Falcon,Falcon3-10B-Base,Falcon3-10B-Instruct,Cross,instronly,500,0.6896067415730338,0.6715823970037453,0.7258895131086143,0.2289325842696629,0.6937078651685392,0.7425093632958801,0.5969101123595506
YN,EWOK,Falcon,Falcon3-10B-Instruct,Falcon3-3B-Base,Cross,instronly,500,0.7411048689138576,0.7411048689138576,0.7415730337078652,0.018258426966292124,0.7412125468164794,0.7425093632958801,0.7401685393258427
YN,EWOK,Falcon,Falcon3-10B-Instruct,Falcon3-3B-Instruct,Cross,instronly,500,0.7324438202247191,0.7317415730337079,0.7331460674157303,0.07373595505617976,0.7324157303370784,0.7350187265917603,0.7298689138576779
YN,EWOK,Falcon,Falcon3-10B-Instruct,Falcon3-10B-Base,Cross,instronly,500,0.7364232209737828,0.7354868913857678,0.7368913857677902,0.04166666666666666,0.7361704119850184,0.7392322097378277,0.7340823970037453
YN,EWOK,Gemma3,gemma-3-27b-pt,gemma-3-27b-pt,Same,instronly,500,0.735252808988764,0.7331460674157303,0.7370578979883393,0.005852059925093633,0.7351489594060706,0.7397003745318352,0.7284644194756554
YN,EWOK,Gemma3,gemma-3-27b-it,gemma-3-27b-it,Same,instronly,500,0.7729400749063671,0.772003745318352,0.7752808988764045,0.005617977528089901,0.7734266700233927,0.7790262172284644,0.7668539325842697
YN,EWOK,Gemma3,gemma-3-12b-pt,gemma-3-12b-pt,Same,instronly,500,0.7359550561797753,0.7345505617977528,0.7368913857677902,0.00912921348314609,0.7359867112286745,0.7420411985018727,0.7308052434456929
YN,EWOK,Gemma3,gemma-3-12b-it,gemma-3-12b-it,Same,instronly,500,0.7560861423220974,0.7537453183520599,0.7588951310861424,0.005617977528089901,0.7559438732563499,0.7640449438202247,0.7462546816479401
YN,EWOK,Gemma3,gemma-3-27b-pt,gemma-3-27b-it,Cross,instronly,500,0.6058052434456929,0.5655430711610487,0.6961610486891385,0.38951310861423216,0.6241853932584269,0.7382958801498127,0.5201310861423221
YN,EWOK,Gemma3,gemma-3-27b-pt,gemma-3-12b-pt,Cross,instronly,500,0.7134831460674157,0.7134831460674157,0.7308052434456929,0.2350187265917603,0.7193726591760301,0.7308052434456929,0.7134831460674157
YN,EWOK,Gemma3,gemma-3-27b-pt,gemma-3-12b-it,Cross,instronly,500,0.5,0.5,0.5,0.5,0.5000234082397004,0.5014044943820225,0.5
YN,EWOK,Gemma3,gemma-3-27b-it,gemma-3-27b-pt,Cross,instronly,500,0.772003745318352,0.7701310861423221,0.772003745318352,0.03230337078651688,0.7711610486891388,0.772003745318352,0.7701310861423221
YN,EWOK,Gemma3,gemma-3-27b-it,gemma-3-12b-pt,Cross,instronly,500,0.7743445692883895,0.7743445692883895,0.775749063670412,0.01498127340823971,0.7748220973782771,0.775749063670412,0.7743445692883895
YN,EWOK,Gemma3,gemma-3-27b-it,gemma-3-12b-it,Cross,instronly,500,0.7696629213483146,0.7648642322097379,0.7705992509363296,0.1137640449438202,0.7675514981273409,0.7715355805243446,0.7565543071161048
YN,EWOK,Gemma3,gemma-3-12b-pt,gemma-3-27b-pt,Cross,instronly,500,0.7036516853932584,0.6905430711610487,0.7036516853932584,0.21161048689138579,0.6978089887640447,0.7036516853932584,0.6896067415730337
YN,EWOK,Gemma3,gemma-3-12b-pt,gemma-3-27b-it,Cross,instronly,500,0.6062734082397003,0.5552434456928839,0.7092696629213483,0.3469101123595506,0.6260720973782771,0.7359550561797753,0.5107677902621723
YN,EWOK,Gemma3,gemma-3-12b-pt,gemma-3-12b-it,Cross,instronly,500,0.5,0.5,0.5,0.5,0.5000046816479401,0.5004681647940075,0.5
YN,EWOK,Gemma3,gemma-3-12b-it,gemma-3-27b-pt,Cross,instronly,500,0.74812734082397,0.7471910112359551,0.74812734082397,0.15730337078651688,0.7476966292134831,0.74812734082397,0.7471910112359551
YN,EWOK,Gemma3,gemma-3-12b-it,gemma-3-27b-it,Cross,instronly,500,0.7631086142322098,0.7551498127340824,0.7659176029962547,0.11797752808988762,0.7608426966292136,0.7663857677902621,0.7471910112359551
YN,EWOK,Gemma3,gemma-3-12b-it,gemma-3-12b-pt,Cross,instronly,500,0.7546816479400749,0.75187265917603,0.7546816479400749,0.1404494382022472,0.7537265917602995,0.7546816479400749,0.75187265917603
YN,EWOK,Llama3,Llama-3.1-8B,Llama-3.1-8B,Same,instronly,500,0.6601123595505618,0.6587078651685393,0.6615168539325843,0.013108614232209742,0.6599298432303652,0.6668241965973535,0.6549625468164794
YN,EWOK,Llama3,Llama-3.1-8B-Instruct,Llama-3.1-8B-Instruct,Same,instronly,500,0.726123595505618,0.7247191011235955,0.7284644194756554,0.007611297733503233,0.7263586913592167,0.7331460674157303,0.7195692883895131
YN,EWOK,Llama3,Llama-3.1-70B,Llama-3.1-70B,Same,instronly,500,0.8111468355953924,0.8094569288389513,0.8121778622172566,0.006788389513108617,0.8108928058610465,0.8187022900763359,0.8057116104868914
YN,EWOK,Llama3,Llama-3.1-70B-Instruct,Llama-3.1-70B-Instruct,Same,instronly,500,0.8466760299625469,0.8445692883895131,0.8478464419475655,0.0032771535580524425,0.8462451101942207,0.8536821705426356,0.8408239700374532
YN,EWOK,Llama3,Llama-3.1-8B,Llama-3.1-8B-Instruct,Cross,instronly,500,0.5730337078651685,0.5730337078651685,0.5875468164794008,0.39419475655430714,0.5800936329588017,0.6062734082397003,0.5683520599250936
YN,EWOK,Llama3,Llama-3.1-8B,Llama-3.1-70B,Cross,instronly,500,0.6610486891385767,0.653558052434457,0.6619850187265918,0.0758426966292135,0.6575,0.6619850187265918,0.6437265917602997
YN,EWOK,Llama3,Llama-3.1-8B,Llama-3.1-70B-Instruct,Cross,instronly,500,0.5683520599250936,0.5632022471910112,0.5766619850187266,0.40262172284644193,0.5693258426966292,0.6123595505617978,0.5271535580524345
YN,EWOK,Llama3,Llama-3.1-8B-Instruct,Llama-3.1-8B,Cross,instronly,500,0.6779026217228464,0.6629213483146067,0.6779026217228464,0.23338014981273408,0.6712406367041198,0.6783707865168539,0.6624531835205992
YN,EWOK,Llama3,Llama-3.1-8B-Instruct,Llama-3.1-70B,Cross,instronly,500,0.6779026217228464,0.6779026217228464,0.6938202247191011,0.23314606741573032,0.6859784644194756,0.7111423220973783,0.6629213483146067
YN,EWOK,Llama3,Llama-3.1-8B-Instruct,Llama-3.1-70B-Instruct,Cross,instronly,500,0.7247191011235955,0.724250936329588,0.7284644194756554,0.02434456928838949,0.7240215355805243,0.7289325842696629,0.6947565543071161
YN,EWOK,Llama3,Llama-3.1-70B,Llama-3.1-8B,Cross,instronly,500,0.8108614232209738,0.8085205992509363,0.8108614232209738,0.015449438202247201,0.8100280898876404,0.8117977528089888,0.8085205992509363
YN,EWOK,Llama3,Llama-3.1-70B,Llama-3.1-8B-Instruct,Cross,instronly,500,0.7705992509363296,0.7701310861423221,0.7808988764044944,0.16947565543071164,0.7751404494382024,0.7865168539325843,0.7691947565543071
YN,EWOK,Llama3,Llama-3.1-70B,Llama-3.1-70B-Instruct,Cross,instronly,500,0.7701310861423221,0.754564606741573,0.7735252808988764,0.17088014981273406,0.7635955056179776,0.7865168539325843,0.7130149812734082
YN,EWOK,Llama3,Llama-3.1-70B-Instruct,Llama-3.1-8B,Cross,instronly,500,0.8342696629213483,0.8319288389513109,0.8342696629213483,0.0702247191011236,0.833380149812734,0.8342696629213483,0.8319288389513109
YN,EWOK,Llama3,Llama-3.1-70B-Instruct,Llama-3.1-8B-Instruct,Cross,instronly,500,0.8473782771535581,0.8450374531835206,0.8478464419475655,0.0037453183520599342,0.8465496254681648,0.848314606741573,0.8426966292134831
YN,EWOK,Llama3,Llama-3.1-70B-Instruct,Llama-3.1-70B,Cross,instronly,500,0.8352059925093633,0.8342696629213483,0.8352059925093633,0.06882022471910111,0.8348080524344568,0.8370786516853933,0.8319288389513109
YN,EWOK,Falcon,Falcon3-3B-Base,Falcon3-3B-Base,Same,fewshot,500,0.6900749063670412,0.6878511235955056,0.6917651990244752,0.00514981273408241,0.6900309007132771,0.6999063670411985,0.6839887640449438
YN,EWOK,Falcon,Falcon3-3B-Instruct,Falcon3-3B-Instruct,Same,fewshot,500,0.7031835205992509,0.7018497335804471,0.7043715467052323,0.006788389513108617,0.703146438695446,0.7097378277153558,0.697565543071161
YN,EWOK,Falcon,Falcon3-10B-Base,Falcon3-10B-Base,Same,fewshot,500,0.7836065099038573,0.781528219884619,0.7851123595505618,0.005617977528089901,0.7835137130457033,0.7905940594059406,0.775749063670412
YN,EWOK,Falcon,Falcon3-10B-Instruct,Falcon3-10B-Instruct,Same,fewshot,500,0.7925324141578751,0.7911985018726592,0.7935393258426966,0.005617977528089901,0.7924179065337343,0.8003875968992248,0.7851123595505618
YN,EWOK,Falcon,Falcon3-3B-Base,Falcon3-3B-Instruct,Cross,fewshot,500,0.5545411985018727,0.5359316479400749,0.577247191011236,0.4400749063670412,0.5587734082397003,0.6451310861423221,0.5060861423220974
YN,EWOK,Falcon,Falcon3-3B-Base,Falcon3-10B-Base,Cross,fewshot,500,0.5931647940074907,0.5864934456928839,0.5997191011235955,0.3890449438202247,0.5943492509363296,0.6301498127340824,0.5716292134831461
YN,EWOK,Falcon,Falcon3-3B-Base,Falcon3-10B-Instruct,Cross,fewshot,500,0.6172752808988764,0.580875468164794,0.6632724719101123,0.35557116104868913,0.6188529962546816,0.6905430711610487,0.5102996254681648
YN,EWOK,Falcon,Falcon3-3B-Instruct,Falcon3-3B-Base,Cross,fewshot,500,0.6952247191011236,0.6952247191011236,0.6952247191011236,0.0603932584269663,0.6953511235955054,0.6970973782771536,0.6947565543071161
YN,EWOK,Falcon,Falcon3-3B-Instruct,Falcon3-10B-Base,Cross,fewshot,500,0.7031835205992509,0.7027153558052435,0.7036516853932584,0.021067415730337102,0.7031413857677902,0.7064606741573034,0.6989700374531835
YN,EWOK,Falcon,Falcon3-3B-Instruct,Falcon3-10B-Instruct,Cross,fewshot,500,0.6999063670411985,0.6970973782771536,0.7037687265917603,0.029728464419475645,0.7006928838951311,0.7064606741573034,0.6947565543071161
YN,EWOK,Falcon,Falcon3-10B-Base,Falcon3-3B-Base,Cross,fewshot,500,0.7734082397003745,0.7728230337078652,0.7739934456928839,0.13389513108614234,0.7734784644194758,0.776685393258427,0.7691947565543071
YN,EWOK,Falcon,Falcon3-10B-Base,Falcon3-3B-Instruct,Cross,fewshot,500,0.7769194756554307,0.7670880149812734,0.7799625468164794,0.0681179775280899,0.7739466292134832,0.7860486891385767,0.7528089887640449
YN,EWOK,Falcon,Falcon3-10B-Base,Falcon3-10B-Instruct,Cross,fewshot,500,0.7804307116104869,0.7789091760299626,0.7841760299625468,0.05173220973782772,0.7800936329588016,0.7869850187265918,0.7542134831460674
YN,EWOK,Falcon,Falcon3-10B-Instruct,Falcon3-3B-Base,Cross,fewshot,500,0.7930711610486891,0.7930711610486891,0.7949438202247191,0.027153558052434468,0.7934363295880148,0.7949438202247191,0.7916666666666666
YN,EWOK,Falcon,Falcon3-10B-Instruct,Falcon3-3B-Instruct,Cross,fewshot,500,0.7926029962546817,0.7916666666666666,0.7930711610486891,0.0294943820224719,0.7923923220973782,0.7940074906367042,0.7888576779026217
YN,EWOK,Falcon,Falcon3-10B-Instruct,Falcon3-10B-Base,Cross,fewshot,500,0.7926029962546817,0.7921348314606742,0.7930711610486891,0.01217228464419473,0.7925561797752809,0.7940074906367042,0.7907303370786517
YN,EWOK,Gemma3,gemma-3-27b-pt,gemma-3-27b-pt,Same,fewshot,500,0.8026685393258427,0.8011470037453183,0.8041900749063671,0.004213483146067398,0.8026601250292743,0.8103932584269663,0.7963483146067416
YN,EWOK,Gemma3,gemma-3-27b-it,gemma-3-27b-it,Same,fewshot,500,0.8099250936329588,0.8088193559596896,0.8117977528089888,0.004213483146067398,0.8101757802894444,0.8155430711610487,0.8057116104868914
YN,EWOK,Gemma3,gemma-3-12b-pt,gemma-3-12b-pt,Same,fewshot,500,0.7806647940074907,0.7790262172284644,0.7823033707865169,0.007022471910112377,0.7810084830883685,0.7881443298969072,0.7743445692883895
YN,EWOK,Gemma3,gemma-3-12b-it,gemma-3-12b-it,Same,fewshot,500,0.7797284644194756,0.7780898876404494,0.7813670411985019,0.006086142322097365,0.779782058345766,0.7851123595505618,0.773876404494382
YN,EWOK,Gemma3,gemma-3-27b-pt,gemma-3-27b-it,Cross,fewshot,500,0.6942883895131086,0.6554307116104869,0.7326779026217228,0.2963483146067416,0.6959831460674156,0.8043071161048689,0.5440074906367042
YN,EWOK,Gemma3,gemma-3-27b-pt,gemma-3-12b-pt,Cross,fewshot,500,0.8033707865168539,0.8017322097378278,0.8033707865168539,0.01217228464419473,0.8025046816479402,0.8038389513108615,0.8010299625468165
YN,EWOK,Gemma3,gemma-3-27b-pt,gemma-3-12b-it,Cross,fewshot,500,0.6989700374531835,0.6638576779026217,0.7326779026217228,0.29119850187265917,0.6986797752808989,0.7888576779026217,0.5997191011235955
YN,EWOK,Gemma3,gemma-3-27b-it,gemma-3-27b-pt,Cross,fewshot,500,0.8089887640449438,0.8071161048689138,0.8089887640449438,0.041198501872659166,0.8084035580524345,0.8108614232209738,0.8066479400749064
YN,EWOK,Gemma3,gemma-3-27b-it,gemma-3-12b-pt,Cross,fewshot,500,0.8071161048689138,0.8066479400749064,0.8071161048689138,0.044007490636704144,0.8073314606741573,0.8089887640449438,0.8057116104868914
YN,EWOK,Gemma3,gemma-3-27b-it,gemma-3-12b-it,Cross,fewshot,500,0.8108614232209738,0.8096910112359551,0.8113295880149812,0.011235955056179803,0.8103651685393258,0.8127340823970037,0.8052434456928839
YN,EWOK,Gemma3,gemma-3-12b-pt,gemma-3-27b-pt,Cross,fewshot,500,0.7743445692883895,0.7724719101123596,0.7813670411985019,0.026217228464419456,0.7757443820224722,0.7869850187265918,0.7668539325842697
YN,EWOK,Gemma3,gemma-3-12b-pt,gemma-3-27b-it,Cross,fewshot,500,0.6161048689138576,0.5908239700374532,0.6563670411985019,0.37172284644194753,0.6261423220973782,0.7743445692883895,0.5191947565543071
YN,EWOK,Gemma3,gemma-3-12b-pt,gemma-3-12b-it,Cross,fewshot,500,0.6196161048689138,0.601123595505618,0.6563670411985019,0.3672752808988764,0.6281928838951312,0.7448501872659176,0.547752808988764
YN,EWOK,Gemma3,gemma-3-12b-it,gemma-3-27b-pt,Cross,fewshot,500,0.7734082397003745,0.7724719101123596,0.773876404494382,0.0589887640449438,0.7731882022471913,0.7743445692883895,0.772003745318352
YN,EWOK,Gemma3,gemma-3-12b-it,gemma-3-27b-it,Cross,fewshot,500,0.7808988764044944,0.7794943820224719,0.7818352059925093,0.014044943820224698,0.7805337078651688,0.7846441947565543,0.7729400749063671
YN,EWOK,Gemma3,gemma-3-12b-it,gemma-3-12b-pt,Cross,fewshot,500,0.7724719101123596,0.772003745318352,0.7734082397003745,0.060861423220973765,0.7726123595505621,0.773876404494382,0.772003745318352
YN,EWOK,Llama3,Llama-3.1-8B,Llama-3.1-8B,Same,fewshot,500,0.726123595505618,0.7247191011235955,0.7289325842696629,0.00514981273408241,0.7264629847263174,0.7340116279069767,0.7209193245778611
YN,EWOK,Llama3,Llama-3.1-8B-Instruct,Llama-3.1-8B-Instruct,Same,fewshot,500,0.7574906367041199,0.7552668539325843,0.7588951310861424,0.004286974131173238,0.7571024135605359,0.7624045801526718,0.75187265917603
YN,EWOK,Llama3,Llama-3.1-70B,Llama-3.1-70B,Same,fewshot,500,0.8484031607128586,0.8469101123595506,0.850187265917603,0.00468164794007489,0.8485830250726472,0.8534644194756554,0.8426966292134831
YN,EWOK,Llama3,Llama-3.1-70B-Instruct,Llama-3.1-70B-Instruct,Same,fewshot,500,0.8735955056179775,0.8721910112359551,0.8748829588014981,0.00468164794007489,0.8734324509757417,0.8773408239700374,0.8686200378071833
YN,EWOK,Llama3,Llama-3.1-8B,Llama-3.1-8B-Instruct,Cross,fewshot,500,0.7289325842696629,0.7284644194756554,0.7304541198501873,0.0449438202247191,0.7289559925093633,0.7368913857677902,0.7130149812734082
YN,EWOK,Llama3,Llama-3.1-8B,Llama-3.1-70B,Cross,fewshot,500,0.7284644194756554,0.725187265917603,0.7289325842696629,0.09925093632958804,0.7248267790262173,0.7368913857677902,0.6919475655430711
YN,EWOK,Llama3,Llama-3.1-8B,Llama-3.1-70B-Instruct,Cross,fewshot,500,0.7195692883895131,0.6985018726591761,0.725187265917603,0.08192883895131087,0.7103370786516853,0.7308052434456929,0.6395131086142322
YN,EWOK,Llama3,Llama-3.1-8B-Instruct,Llama-3.1-8B,Cross,fewshot,500,0.7565543071161048,0.7560861423220974,0.7579588014981273,0.03019662921348315,0.7569850187265917,0.7579588014981273,0.7556179775280899
YN,EWOK,Llama3,Llama-3.1-8B-Instruct,Llama-3.1-70B,Cross,fewshot,500,0.7570224719101124,0.7560861423220974,0.7579588014981273,0.022003745318352058,0.7567228464419476,0.7612359550561798,0.7532771535580525
YN,EWOK,Llama3,Llama-3.1-8B-Instruct,Llama-3.1-70B-Instruct,Cross,fewshot,500,0.7542134831460674,0.7448501872659177,0.7560861423220974,0.058520599250936334,0.7499859550561797,0.7579588014981273,0.726123595505618
YN,EWOK,Llama3,Llama-3.1-70B,Llama-3.1-8B,Cross,fewshot,500,0.8525280898876404,0.8520599250936329,0.8525280898876404,0.019194756554307135,0.8525795880149809,0.8544007490636704,0.851123595505618
YN,EWOK,Llama3,Llama-3.1-70B,Llama-3.1-8B-Instruct,Cross,fewshot,500,0.8518258426966292,0.848314606741573,0.8525280898876404,0.0098314606741573,0.850524344569288,0.8558052434456929,0.8445692883895131
YN,EWOK,Llama3,Llama-3.1-70B,Llama-3.1-70B-Instruct,Cross,fewshot,500,0.8520599250936329,0.851123595505618,0.852996254681648,0.0449438202247191,0.851086142322097,0.8558052434456929,0.8333333333333334
YN,EWOK,Llama3,Llama-3.1-70B-Instruct,Llama-3.1-8B,Cross,fewshot,500,0.875,0.8735955056179775,0.8759363295880149,0.011704119850187267,0.874686329588015,0.8759363295880149,0.8726591760299626
YN,EWOK,Llama3,Llama-3.1-70B-Instruct,Llama-3.1-8B-Instruct,Cross,fewshot,500,0.8764044943820225,0.8754681647940075,0.8773408239700374,0.015449438202247201,0.8763670411985021,0.8778089887640449,0.8735955056179775
YN,EWOK,Llama3,Llama-3.1-70B-Instruct,Llama-3.1-70B,Cross,fewshot,500,0.87687265917603,0.8759363295880149,0.87687265917603,0.02294007490636704,0.8763670411985018,0.8778089887640449,0.8735955056179775
NLI,MNLI,Falcon,Falcon3-3B-Base,Falcon3-3B-Base,Same,instronly,500,0.4399799933311104,0.43566666666666665,0.44216666666666665,0.060166666666666674,0.4388398989695998,0.4475,0.423
NLI,MNLI,Falcon,Falcon3-3B-Instruct,Falcon3-3B-Instruct,Same,instronly,500,0.5753333333333334,0.5738333333333333,0.5768333333333333,0.11420377867746288,0.5754129471795493,0.5826993519301211,0.5676666666666667
NLI,MNLI,Falcon,Falcon3-10B-Base,Falcon3-10B-Base,Same,instronly,500,0.7913333333333333,0.7898333333333334,0.7926666666666666,0.05949999999999997,0.7911943150176751,0.7963333333333333,0.7861666666666667
NLI,MNLI,Falcon,Falcon3-10B-Instruct,Falcon3-10B-Instruct,Same,instronly,500,0.8441666666666666,0.8431666666666666,0.8446666666666667,0.007000000000000006,0.8439030383721692,0.8466347922030159,0.8403333333333334
NLI,MNLI,Falcon,Falcon3-3B-Base,Falcon3-3B-Instruct,Cross,instronly,500,0.3333333333333333,0.3333333333333333,0.3333333333333333,0.6666666666666667,0.3333333333333334,0.3333333333333333,0.3333333333333333
NLI,MNLI,Falcon,Falcon3-3B-Base,Falcon3-10B-Base,Cross,instronly,500,0.33616666666666667,0.33516666666666667,0.3368333333333333,0.6638333333333333,0.33618666666666663,0.3433333333333333,0.33366666666666667
NLI,MNLI,Falcon,Falcon3-3B-Base,Falcon3-10B-Instruct,Cross,instronly,500,0.3333333333333333,0.3333333333333333,0.3333333333333333,0.6666666666666667,0.3333733333333334,0.3335,0.3333333333333333
NLI,MNLI,Falcon,Falcon3-3B-Instruct,Falcon3-3B-Base,Cross,instronly,500,0.5525,0.5502916666666666,0.5525,0.09683333333333333,0.5516983333333333,0.553,0.5493333333333333
NLI,MNLI,Falcon,Falcon3-3B-Instruct,Falcon3-10B-Base,Cross,instronly,500,0.5460833333333334,0.5442916666666666,0.5477083333333332,0.2523333333333333,0.5457166666666667,0.5508333333333333,0.5345
NLI,MNLI,Falcon,Falcon3-3B-Instruct,Falcon3-10B-Instruct,Cross,instronly,500,0.58,0.5792916666666668,0.5808333333333333,0.06841666666666668,0.58003,0.5831666666666667,0.577
NLI,MNLI,Falcon,Falcon3-10B-Base,Falcon3-3B-Base,Cross,instronly,500,0.7493333333333333,0.749,0.7495416666666668,0.17675000000000002,0.7493366666666667,0.7501666666666666,0.7481666666666666
NLI,MNLI,Falcon,Falcon3-10B-Base,Falcon3-3B-Instruct,Cross,instronly,500,0.44583333333333336,0.4191666666666667,0.4727083333333333,0.5488333333333333,0.44622500000000004,0.5481666666666667,0.34933333333333333
NLI,MNLI,Falcon,Falcon3-10B-Base,Falcon3-10B-Instruct,Cross,instronly,500,0.56375,0.5484166666666667,0.5733333333333334,0.40674999999999994,0.56059,0.5996666666666667,0.5158333333333334
NLI,MNLI,Falcon,Falcon3-10B-Instruct,Falcon3-3B-Base,Cross,instronly,500,0.8458333333333333,0.8458333333333333,0.846,0.033499999999999974,0.8458816666666666,0.8461666666666666,0.8456666666666667
NLI,MNLI,Falcon,Falcon3-10B-Instruct,Falcon3-3B-Instruct,Cross,instronly,500,0.8275,0.8226666666666667,0.8341666666666666,0.04283333333333331,0.8272016666666667,0.8453333333333334,0.7913333333333333
NLI,MNLI,Falcon,Falcon3-10B-Instruct,Falcon3-10B-Base,Cross,instronly,500,0.8275,0.8262916666666666,0.8288333333333333,0.08533333333333333,0.8272583333333333,0.8315,0.8213333333333334
NLI,MNLI,Gemma3,gemma-3-27b-pt,gemma-3-27b-pt,Same,instronly,500,0.7675,0.7668333333333334,0.7688333333333334,0.014928158238477318,0.7677574993883028,0.7723427730783377,0.7646666666666667
NLI,MNLI,Gemma3,gemma-3-27b-it,gemma-3-27b-it,Same,instronly,500,0.8256666666666667,0.8246666666666667,0.8265,0.07266666666666666,0.8258597817493484,0.8356013240161824,0.8231666666666667
NLI,MNLI,Gemma3,gemma-3-12b-pt,gemma-3-12b-pt,Same,instronly,500,0.6591666666666667,0.6576666666666666,0.6601666666666667,0.10600000000000001,0.6591477755358409,0.6697315189407871,0.6543333333333333
NLI,MNLI,Gemma3,gemma-3-12b-it,gemma-3-12b-it,Same,instronly,500,0.7819184491978609,0.7815,0.7825,0.091,0.7822276992094694,0.7910996689959544,0.7798333333333334
NLI,MNLI,Gemma3,gemma-3-27b-pt,gemma-3-27b-it,Cross,instronly,500,0.5443333333333333,0.5157916666666666,0.5735,0.32666666666666666,0.5435866666666667,0.6641666666666667,0.4005
NLI,MNLI,Gemma3,gemma-3-27b-pt,gemma-3-12b-pt,Cross,instronly,500,0.7476666666666667,0.7465,0.7508333333333334,0.14733333333333334,0.7481583333333331,0.7525,0.7366666666666667
NLI,MNLI,Gemma3,gemma-3-27b-pt,gemma-3-12b-it,Cross,instronly,500,0.6725,0.6476666666666666,0.6890416666666667,0.2506666666666667,0.668265,0.7195,0.606
NLI,MNLI,Gemma3,gemma-3-27b-it,gemma-3-27b-pt,Cross,instronly,500,0.8166666666666667,0.8163333333333334,0.8168333333333333,0.09216666666666665,0.8166283333333331,0.818,0.8155
NLI,MNLI,Gemma3,gemma-3-27b-it,gemma-3-12b-pt,Cross,instronly,500,0.8146666666666667,0.8145,0.8148333333333333,0.09649999999999999,0.8144533333333334,0.815,0.8133333333333334
NLI,MNLI,Gemma3,gemma-3-27b-it,gemma-3-12b-it,Cross,instronly,500,0.8145,0.8128333333333333,0.8155,0.0963333333333333,0.8142366666666667,0.8191666666666667,0.812
NLI,MNLI,Gemma3,gemma-3-12b-pt,gemma-3-27b-pt,Cross,instronly,500,0.6306666666666667,0.6258333333333334,0.6365,0.18008333333333335,0.6302683333333332,0.6435,0.6105
NLI,MNLI,Gemma3,gemma-3-12b-pt,gemma-3-27b-it,Cross,instronly,500,0.502,0.48954166666666665,0.5106666666666667,0.3333333333333333,0.4949450000000001,0.5356666666666666,0.3915
NLI,MNLI,Gemma3,gemma-3-12b-pt,gemma-3-12b-it,Cross,instronly,500,0.6081666666666666,0.5888333333333333,0.6193333333333333,0.27849999999999997,0.6035216666666666,0.6383333333333333,0.5556666666666666
NLI,MNLI,Gemma3,gemma-3-12b-it,gemma-3-27b-pt,Cross,instronly,500,0.7808333333333334,0.7803333333333333,0.7813333333333333,0.08683333333333332,0.7809383333333332,0.783,0.7801666666666667
NLI,MNLI,Gemma3,gemma-3-12b-it,gemma-3-27b-it,Cross,instronly,500,0.7906666666666666,0.7893333333333333,0.7931666666666667,0.05799999999999998,0.7905949999999998,0.7951666666666667,0.7781666666666667
NLI,MNLI,Gemma3,gemma-3-12b-it,gemma-3-12b-pt,Cross,instronly,500,0.783,0.783,0.783,0.09183333333333332,0.7829866666666667,0.7831666666666667,0.7826666666666666
NLI,MNLI,Llama3,Llama-3.1-8B,Llama-3.1-8B,Same,instronly,500,0.533,0.531921986997833,0.5336666666666666,0.09150000000000001,0.5327652160382679,0.5412792335869259,0.5286666666666666
NLI,MNLI,Llama3,Llama-3.1-8B-Instruct,Llama-3.1-8B-Instruct,Same,instronly,500,0.6871666666666667,0.686,0.6886666666666666,0.018666666666666665,0.6876748473040655,0.7020963589554984,0.6831666666666667
NLI,MNLI,Llama3,Llama-3.1-70B,Llama-3.1-70B,Same,instronly,500,0.731,0.7296666666666667,0.7323333333333333,0.0325,0.7310790851876371,0.7403457153365208,0.7258333333333333
NLI,MNLI,Llama3,Llama-3.1-70B-Instruct,Llama-3.1-70B-Instruct,Same,instronly,500,0.793,0.7921666666666667,0.794,0.026999999999999996,0.7929887165269832,0.7963333333333333,0.788
NLI,MNLI,Llama3,Llama-3.1-8B,Llama-3.1-8B-Instruct,Cross,instronly,500,0.47833333333333333,0.4718333333333333,0.4871666666666667,0.26933333333333337,0.4796066666666667,0.512,0.42933333333333334
NLI,MNLI,Llama3,Llama-3.1-8B,Llama-3.1-70B,Cross,instronly,500,0.3621666666666667,0.3574166666666667,0.3631666666666667,0.4561666666666666,0.36307,0.3945,0.3475
NLI,MNLI,Llama3,Llama-3.1-8B,Llama-3.1-70B-Instruct,Cross,instronly,500,0.44283333333333336,0.43166666666666664,0.4495416666666667,0.4433333333333333,0.4406216666666666,0.4528333333333333,0.39316666666666666
NLI,MNLI,Llama3,Llama-3.1-8B-Instruct,Llama-3.1-8B,Cross,instronly,500,0.6736666666666666,0.6728333333333333,0.6743333333333333,0.08325000000000002,0.6735749999999999,0.677,0.6695
NLI,MNLI,Llama3,Llama-3.1-8B-Instruct,Llama-3.1-70B,Cross,instronly,500,0.6617500000000001,0.6585,0.6666666666666666,0.12158333333333332,0.662235,0.6753333333333333,0.651
NLI,MNLI,Llama3,Llama-3.1-8B-Instruct,Llama-3.1-70B-Instruct,Cross,instronly,500,0.68425,0.68025,0.6855,0.12158333333333331,0.6823316666666667,0.6905,0.6516666666666666
NLI,MNLI,Llama3,Llama-3.1-70B,Llama-3.1-8B,Cross,instronly,500,0.5679166666666666,0.567,0.568875,0.3501666666666666,0.5677483333333333,0.5801666666666667,0.5548333333333333
NLI,MNLI,Llama3,Llama-3.1-70B,Llama-3.1-8B-Instruct,Cross,instronly,500,0.6378333333333333,0.6250833333333333,0.6483333333333333,0.21824999999999997,0.6358716666666667,0.6781666666666667,0.5911666666666666
NLI,MNLI,Llama3,Llama-3.1-70B,Llama-3.1-70B-Instruct,Cross,instronly,500,0.7017500000000001,0.6965,0.7092499999999999,0.12191666666666667,0.7022816666666667,0.7215,0.6731666666666667
NLI,MNLI,Llama3,Llama-3.1-70B-Instruct,Llama-3.1-8B,Cross,instronly,500,0.7715,0.771,0.7716666666666666,0.10516666666666667,0.7712766666666667,0.7771666666666667,0.7611666666666667
NLI,MNLI,Llama3,Llama-3.1-70B-Instruct,Llama-3.1-8B-Instruct,Cross,instronly,500,0.7898333333333334,0.786125,0.7913333333333333,0.05416666666666667,0.7888083333333333,0.7938333333333333,0.7793333333333333
NLI,MNLI,Llama3,Llama-3.1-70B-Instruct,Llama-3.1-70B,Cross,instronly,500,0.7866666666666666,0.786,0.7875,0.06616666666666668,0.7866066666666667,0.7913333333333333,0.7836666666666666
NLI,MNLI,Falcon,Falcon3-3B-Base,Falcon3-3B-Base,Same,fewshot,500,0.659,0.658,0.6605,0.14750000000000002,0.6594684443477746,0.6656666666666666,0.656
NLI,MNLI,Falcon,Falcon3-3B-Instruct,Falcon3-3B-Instruct,Same,fewshot,500,0.7158333333333333,0.7136666666666667,0.7181666666666666,0.0983333333333333,0.7158630949766269,0.7249929557621866,0.7081666666666667
NLI,MNLI,Falcon,Falcon3-10B-Base,Falcon3-10B-Base,Same,fewshot,500,0.778,0.7756666666666666,0.7795,0.10800000000000001,0.7774539375691089,0.7834527386179801,0.7633333333333333
NLI,MNLI,Falcon,Falcon3-10B-Instruct,Falcon3-10B-Instruct,Same,fewshot,500,0.8446666666666667,0.8438333333333333,0.8453333333333334,0.04383333333333336,0.8445943925537666,0.8478333333333333,0.8411666666666666
NLI,MNLI,Falcon,Falcon3-3B-Base,Falcon3-3B-Instruct,Cross,fewshot,500,0.39741666666666664,0.36466666666666664,0.44029166666666664,0.5326666666666666,0.41201166666666666,0.5741666666666667,0.3398333333333333
NLI,MNLI,Falcon,Falcon3-3B-Base,Falcon3-10B-Base,Cross,fewshot,500,0.5941666666666666,0.580625,0.59775,0.31166666666666665,0.5889866666666665,0.6146666666666667,0.5566666666666666
NLI,MNLI,Falcon,Falcon3-3B-Base,Falcon3-10B-Instruct,Cross,fewshot,500,0.5373333333333333,0.5162916666666666,0.5523333333333333,0.4028333333333333,0.5343783333333333,0.583,0.4718333333333333
NLI,MNLI,Falcon,Falcon3-3B-Instruct,Falcon3-3B-Base,Cross,fewshot,500,0.7208333333333333,0.7205,0.721,0.10416666666666667,0.7208333333333334,0.7218333333333333,0.7205
NLI,MNLI,Falcon,Falcon3-3B-Instruct,Falcon3-10B-Base,Cross,fewshot,500,0.70775,0.7033333333333334,0.7102499999999999,0.15208333333333335,0.7069566666666666,0.7158333333333333,0.6928333333333333
NLI,MNLI,Falcon,Falcon3-3B-Instruct,Falcon3-10B-Instruct,Cross,fewshot,500,0.6716666666666666,0.6678333333333333,0.6753333333333333,0.24016666666666667,0.6713683333333332,0.6846666666666666,0.6613333333333333
NLI,MNLI,Falcon,Falcon3-10B-Base,Falcon3-3B-Base,Cross,fewshot,500,0.7986666666666666,0.798125,0.7991666666666667,0.05958333333333332,0.7986749999999999,0.8015,0.7966666666666666
NLI,MNLI,Falcon,Falcon3-10B-Base,Falcon3-3B-Instruct,Cross,fewshot,500,0.736,0.6585416666666667,0.7718333333333333,0.14016666666666666,0.7122700000000001,0.8036666666666666,0.5021666666666667
NLI,MNLI,Falcon,Falcon3-10B-Base,Falcon3-10B-Instruct,Cross,fewshot,500,0.6341666666666667,0.6319583333333334,0.635875,0.33175,0.6340583333333334,0.6501666666666667,0.6266666666666667
NLI,MNLI,Falcon,Falcon3-10B-Instruct,Falcon3-3B-Base,Cross,fewshot,500,0.8444166666666667,0.844,0.845,0.039666666666666656,0.8444566666666666,0.8461666666666666,0.8435
NLI,MNLI,Falcon,Falcon3-10B-Instruct,Falcon3-3B-Instruct,Cross,fewshot,500,0.848,0.8469583333333333,0.8491666666666666,0.03716666666666665,0.8477133333333333,0.8505,0.8408333333333333
NLI,MNLI,Falcon,Falcon3-10B-Instruct,Falcon3-10B-Base,Cross,fewshot,500,0.8459166666666667,0.8455,0.8463333333333334,0.03316666666666665,0.8458983333333333,0.8473333333333334,0.844
NLI,MNLI,Gemma3,gemma-3-27b-pt,gemma-3-27b-pt,Same,fewshot,500,0.7356666666666667,0.7346666666666667,0.7366666666666667,0.11100000000000002,0.7356567739815684,0.7395,0.7256344244207429
NLI,MNLI,Gemma3,gemma-3-27b-it,gemma-3-27b-it,Same,fewshot,500,0.7808333333333334,0.779,0.7826666666666666,0.15816666666666668,0.7807497926859306,0.7873119154127695,0.7725
NLI,MNLI,Gemma3,gemma-3-12b-pt,gemma-3-12b-pt,Same,fewshot,500,0.6978333333333333,0.6965,0.6996666666666667,0.09983333333333334,0.6981176594598895,0.7066779374471682,0.6923333333333334
NLI,MNLI,Gemma3,gemma-3-12b-it,gemma-3-12b-it,Same,fewshot,500,0.8065,0.806,0.8073333333333333,0.04250000000000001,0.8067952036956646,0.8120632585509379,0.8036042049057234
NLI,MNLI,Gemma3,gemma-3-27b-pt,gemma-3-27b-it,Cross,fewshot,500,0.6426666666666667,0.6387916666666666,0.6428333333333334,0.33333333333333337,0.6403233333333332,0.643,0.6251666666666666
NLI,MNLI,Gemma3,gemma-3-27b-pt,gemma-3-12b-pt,Cross,fewshot,500,0.5068333333333334,0.5026666666666667,0.5111666666666667,0.48166666666666663,0.5078683333333335,0.5221666666666667,0.4935
NLI,MNLI,Gemma3,gemma-3-27b-pt,gemma-3-12b-it,Cross,fewshot,500,0.6875833333333333,0.6803333333333333,0.6942083333333333,0.18583333333333335,0.6874600000000001,0.7185,0.6491666666666667
NLI,MNLI,Gemma3,gemma-3-27b-it,gemma-3-27b-pt,Cross,fewshot,500,0.79,0.7896666666666666,0.7905,0.15483333333333335,0.7901733333333332,0.7935,0.7871666666666667
NLI,MNLI,Gemma3,gemma-3-27b-it,gemma-3-12b-pt,Cross,fewshot,500,0.7531666666666667,0.753,0.7531666666666667,0.212,0.7531216666666668,0.7545,0.7523333333333333
NLI,MNLI,Gemma3,gemma-3-27b-it,gemma-3-12b-it,Cross,fewshot,500,0.7745,0.7712916666666667,0.7771666666666667,0.1775,0.7749849999999999,0.7893333333333333,0.7651666666666667
NLI,MNLI,Gemma3,gemma-3-12b-pt,gemma-3-27b-pt,Cross,fewshot,500,0.6291666666666667,0.6276666666666667,0.6296666666666667,0.33333333333333337,0.6282866666666668,0.6303333333333333,0.6233333333333333
NLI,MNLI,Gemma3,gemma-3-12b-pt,gemma-3-27b-it,Cross,fewshot,500,0.6295,0.6291666666666667,0.6295,0.33333333333333337,0.628695,0.6305,0.6148333333333333
NLI,MNLI,Gemma3,gemma-3-12b-pt,gemma-3-12b-it,Cross,fewshot,500,0.6135,0.6018333333333333,0.6195,0.3330000000000001,0.6116333333333333,0.6321666666666667,0.5746666666666667
NLI,MNLI,Gemma3,gemma-3-12b-it,gemma-3-27b-pt,Cross,fewshot,500,0.8061666666666667,0.8058333333333333,0.8066666666666666,0.018166666666666637,0.8061200000000001,0.8081666666666667,0.8048333333333333
NLI,MNLI,Gemma3,gemma-3-12b-it,gemma-3-27b-it,Cross,fewshot,500,0.6458333333333334,0.645,0.6463333333333333,0.3248333333333333,0.6459316666666666,0.6513333333333333,0.6436666666666667
NLI,MNLI,Gemma3,gemma-3-12b-it,gemma-3-12b-pt,Cross,fewshot,500,0.79975,0.7995,0.7998333333333333,0.07266666666666666,0.7997583333333332,0.8005,0.7991666666666667
NLI,MNLI,Llama3,Llama-3.1-8B,Llama-3.1-8B,Same,fewshot,500,0.5923333333333334,0.5906666666666667,0.5936666666666667,0.10850000000000001,0.5921905897662626,0.5983360295816963,0.5845
NLI,MNLI,Llama3,Llama-3.1-8B-Instruct,Llama-3.1-8B-Instruct,Same,fewshot,500,0.6448333333333334,0.6441666666666667,0.6453333333333333,0.11383333333333331,0.644833411619063,0.6505662121562283,0.6416666666666667
NLI,MNLI,Llama3,Llama-3.1-70B,Llama-3.1-70B,Same,fewshot,500,0.7530364372469636,0.751,0.7545,0.10016666666666664,0.7525759825346093,0.7586417242781619,0.7445
NLI,MNLI,Llama3,Llama-3.1-70B-Instruct,Llama-3.1-70B-Instruct,Same,fewshot,500,0.822,0.8211666666666667,0.8233333333333334,0.030166666666666703,0.8222269715080314,0.8265,0.818
NLI,MNLI,Llama3,Llama-3.1-8B,Llama-3.1-8B-Instruct,Cross,fewshot,500,0.5900833333333333,0.5813333333333334,0.5965,0.33299999999999996,0.5860500000000001,0.5986666666666667,0.551
NLI,MNLI,Llama3,Llama-3.1-8B,Llama-3.1-70B,Cross,fewshot,500,0.5196666666666667,0.5098333333333334,0.5278333333333334,0.2616666666666666,0.5189766666666668,0.5503333333333333,0.483
NLI,MNLI,Llama3,Llama-3.1-8B,Llama-3.1-70B-Instruct,Cross,fewshot,500,0.42883333333333334,0.4051666666666667,0.4548333333333333,0.5441666666666667,0.42963833333333334,0.5116666666666667,0.3595
NLI,MNLI,Llama3,Llama-3.1-8B-Instruct,Llama-3.1-8B,Cross,fewshot,500,0.6413333333333333,0.6403333333333333,0.6413333333333333,0.14525,0.6409516666666667,0.6421666666666667,0.638
NLI,MNLI,Llama3,Llama-3.1-8B-Instruct,Llama-3.1-70B,Cross,fewshot,500,0.6316666666666667,0.631,0.6326666666666667,0.16741666666666669,0.6317483333333334,0.6353333333333333,0.6263333333333333
NLI,MNLI,Llama3,Llama-3.1-8B-Instruct,Llama-3.1-70B-Instruct,Cross,fewshot,500,0.6053333333333333,0.601,0.609375,0.22666666666666668,0.6048933333333334,0.616,0.5861666666666666
NLI,MNLI,Llama3,Llama-3.1-70B,Llama-3.1-8B,Cross,fewshot,500,0.7348333333333333,0.7336666666666667,0.7396666666666667,0.11600000000000002,0.7361583333333332,0.7441666666666666,0.7283333333333334
NLI,MNLI,Llama3,Llama-3.1-70B,Llama-3.1-8B-Instruct,Cross,fewshot,500,0.6546666666666666,0.6491666666666667,0.6582083333333333,0.30516666666666664,0.6529033333333334,0.6696666666666666,0.6176666666666667
NLI,MNLI,Llama3,Llama-3.1-70B,Llama-3.1-70B-Instruct,Cross,fewshot,500,0.7041666666666667,0.6865833333333333,0.7163333333333334,0.22699999999999998,0.7024766666666666,0.7591666666666667,0.6201666666666666
NLI,MNLI,Llama3,Llama-3.1-70B-Instruct,Llama-3.1-8B,Cross,fewshot,500,0.7745,0.7745,0.7775,0.14933333333333335,0.7751600000000001,0.779,0.7701666666666667
NLI,MNLI,Llama3,Llama-3.1-70B-Instruct,Llama-3.1-8B-Instruct,Cross,fewshot,500,0.7155833333333333,0.7138333333333333,0.7188333333333333,0.24333333333333332,0.71662,0.7325,0.706
NLI,MNLI,Llama3,Llama-3.1-70B-Instruct,Llama-3.1-70B,Cross,fewshot,500,0.7768333333333334,0.7738333333333334,0.7788333333333334,0.15116666666666667,0.7764200000000001,0.7838333333333334,0.7681666666666667
NLI,SNLI,Falcon,Falcon3-3B-Base,Falcon3-3B-Base,Same,instronly,500,0.44083333333333335,0.4367916666666667,0.44309138199810216,0.09691666666666668,0.4399601250959278,0.45454545454545453,0.42533333333333334
NLI,SNLI,Falcon,Falcon3-3B-Instruct,Falcon3-3B-Instruct,Same,instronly,500,0.5782553322756918,0.5766666666666667,0.5795465501485035,0.11258333333333334,0.5787291986769402,0.6145454545454545,0.573
NLI,SNLI,Falcon,Falcon3-10B-Base,Falcon3-10B-Base,Same,instronly,500,0.7563320196768963,0.7544583333333332,0.7578198380566802,0.09540519568151146,0.7564554031008947,0.7818181818181819,0.749
NLI,SNLI,Falcon,Falcon3-10B-Instruct,Falcon3-10B-Instruct,Same,instronly,500,0.8893333333333333,0.8884583333333333,0.8903260802727933,0.033416666666666664,0.8892739670785673,0.8923333333333333,0.8806390977443609
NLI,SNLI,Falcon,Falcon3-3B-Base,Falcon3-3B-Instruct,Cross,instronly,500,0.3333333333333333,0.3333333333333333,0.3333333333333333,0.6666666666666667,0.3333333333333334,0.3333333333333333,0.3333333333333333
NLI,SNLI,Falcon,Falcon3-3B-Base,Falcon3-10B-Base,Cross,instronly,500,0.344,0.3373333333333333,0.35283333333333333,0.6553333333333333,0.34795333333333334,0.426,0.3338333333333333
NLI,SNLI,Falcon,Falcon3-3B-Base,Falcon3-10B-Instruct,Cross,instronly,500,0.3338333333333333,0.3335,0.3338333333333333,0.6661666666666667,0.3336933333333334,0.33466666666666667,0.3333333333333333
NLI,SNLI,Falcon,Falcon3-3B-Instruct,Falcon3-3B-Base,Cross,instronly,500,0.5273333333333333,0.5273333333333333,0.5273333333333333,0.193,0.5272199999999998,0.5275,0.5263333333333333
NLI,SNLI,Falcon,Falcon3-3B-Instruct,Falcon3-10B-Base,Cross,instronly,500,0.5079166666666667,0.5038333333333334,0.5105,0.3108333333333333,0.5068016666666666,0.5163333333333333,0.49283333333333335
NLI,SNLI,Falcon,Falcon3-3B-Instruct,Falcon3-10B-Instruct,Cross,instronly,500,0.5735,0.57125,0.5747083333333334,0.13016666666666665,0.573055,0.58,0.5663333333333334
NLI,SNLI,Falcon,Falcon3-10B-Base,Falcon3-3B-Base,Cross,instronly,500,0.7278333333333333,0.7276666666666667,0.728,0.14116666666666666,0.7278966666666667,0.7286666666666667,0.7268333333333333
NLI,SNLI,Falcon,Falcon3-10B-Base,Falcon3-3B-Instruct,Cross,instronly,500,0.4478333333333333,0.41729166666666667,0.475375,0.5495,0.4482033333333333,0.5421666666666667,0.36533333333333334
NLI,SNLI,Falcon,Falcon3-10B-Base,Falcon3-10B-Instruct,Cross,instronly,500,0.6461666666666667,0.6452916666666666,0.6465,0.33316666666666667,0.6457633333333334,0.6478333333333334,0.6425
NLI,SNLI,Falcon,Falcon3-10B-Instruct,Falcon3-3B-Base,Cross,instronly,500,0.8758333333333334,0.8758333333333334,0.8758333333333334,0.07099999999999998,0.8758533333333332,0.876,0.8756666666666667
NLI,SNLI,Falcon,Falcon3-10B-Instruct,Falcon3-3B-Instruct,Cross,instronly,500,0.8563333333333334,0.84375,0.8663333333333333,0.06533333333333331,0.8529466666666667,0.877,0.8038333333333333
NLI,SNLI,Falcon,Falcon3-10B-Instruct,Falcon3-10B-Base,Cross,instronly,500,0.869,0.8675,0.8695416666666667,0.086,0.8685633333333332,0.8715,0.8648333333333333
NLI,SNLI,Gemma3,gemma-3-27b-pt,gemma-3-27b-pt,Same,instronly,500,0.8016666666666666,0.8006666666666666,0.803,0.030416666666666647,0.8019603607230824,0.8163636363636364,0.798
NLI,SNLI,Gemma3,gemma-3-27b-it,gemma-3-27b-it,Same,instronly,500,0.8181666666666667,0.8175,0.8189166666666666,0.08016666666666666,0.8181797259018753,0.8272727272727273,0.8124310408238323
NLI,SNLI,Gemma3,gemma-3-12b-pt,gemma-3-12b-pt,Same,instronly,500,0.719,0.7166666666666667,0.720995134844392,0.17183333333333334,0.7187092688952367,0.7290909090909091,0.7106666666666667
NLI,SNLI,Gemma3,gemma-3-12b-it,gemma-3-12b-it,Same,instronly,500,0.72375,0.7214200346581698,0.7253750000000001,0.13716666666666666,0.7238320750444635,0.7545454545454545,0.7155
NLI,SNLI,Gemma3,gemma-3-27b-pt,gemma-3-27b-it,Cross,instronly,500,0.3335,0.3333333333333333,0.3345,0.6665000000000001,0.3360600000000001,0.378,0.3333333333333333
NLI,SNLI,Gemma3,gemma-3-27b-pt,gemma-3-12b-pt,Cross,instronly,500,0.7893333333333333,0.7838333333333334,0.7906666666666666,0.07733333333333335,0.7870033333333335,0.7978333333333333,0.7695
NLI,SNLI,Gemma3,gemma-3-27b-pt,gemma-3-12b-it,Cross,instronly,500,0.6354166666666666,0.631625,0.6395833333333334,0.33333333333333337,0.6321,0.6463333333333333,0.4975
NLI,SNLI,Gemma3,gemma-3-27b-it,gemma-3-27b-pt,Cross,instronly,500,0.7996666666666666,0.7991666666666667,0.7998333333333333,0.08233333333333334,0.7996050000000001,0.8003333333333333,0.7988333333333333
NLI,SNLI,Gemma3,gemma-3-27b-it,gemma-3-12b-pt,Cross,instronly,500,0.8013333333333333,0.8011666666666667,0.8016666666666666,0.08249999999999999,0.8014583333333334,0.8026666666666666,0.8003333333333333
NLI,SNLI,Gemma3,gemma-3-27b-it,gemma-3-12b-it,Cross,instronly,500,0.8053333333333333,0.8043333333333333,0.8065416666666667,0.0963333333333333,0.8054333333333336,0.8115,0.7991666666666667
NLI,SNLI,Gemma3,gemma-3-12b-pt,gemma-3-27b-pt,Cross,instronly,500,0.7423333333333333,0.7346666666666667,0.7423333333333333,0.07716666666666669,0.7396183333333333,0.7486666666666667,0.726
NLI,SNLI,Gemma3,gemma-3-12b-pt,gemma-3-27b-it,Cross,instronly,500,0.3333333333333333,0.3333333333333333,0.335,0.6666666666666667,0.33795333333333344,0.4116666666666667,0.3333333333333333
NLI,SNLI,Gemma3,gemma-3-12b-pt,gemma-3-12b-it,Cross,instronly,500,0.6435,0.6403749999999999,0.6460416666666666,0.33333333333333337,0.6417033333333333,0.6498333333333334,0.5601666666666667
NLI,SNLI,Gemma3,gemma-3-12b-it,gemma-3-27b-pt,Cross,instronly,500,0.7008333333333333,0.7005,0.7008333333333333,0.18733333333333335,0.7006983333333335,0.7011666666666667,0.7001666666666667
NLI,SNLI,Gemma3,gemma-3-12b-it,gemma-3-27b-it,Cross,instronly,500,0.7336666666666667,0.7321249999999999,0.7380833333333333,0.13483333333333336,0.7345633333333332,0.747,0.7238333333333333
NLI,SNLI,Gemma3,gemma-3-12b-it,gemma-3-12b-pt,Cross,instronly,500,0.7016666666666667,0.7013333333333334,0.7026666666666667,0.18533333333333335,0.7018383333333332,0.703,0.701
NLI,SNLI,Llama3,Llama-3.1-8B,Llama-3.1-8B,Same,instronly,500,0.483,0.482125,0.484375,0.12774999999999997,0.48413867851959,0.5145454545454545,0.4801666666666667
NLI,SNLI,Llama3,Llama-3.1-8B-Instruct,Llama-3.1-8B-Instruct,Same,instronly,500,0.6695833333333333,0.6680416666666666,0.6716666666666666,0.07899999999999999,0.6695542033055556,0.6781818181818182,0.6583302684810592
NLI,SNLI,Llama3,Llama-3.1-70B,Llama-3.1-70B,Same,instronly,500,0.7895833333333333,0.7878596355951565,0.7913749999999999,0.062166666666666676,0.7895576804360948,0.7963636363636364,0.7782272894446488
NLI,SNLI,Llama3,Llama-3.1-70B-Instruct,Llama-3.1-70B-Instruct,Same,instronly,500,0.79225,0.78925,0.794579616021168,0.049666666666666665,0.7919019835879947,0.8054545454545454,0.7825
NLI,SNLI,Llama3,Llama-3.1-8B,Llama-3.1-8B-Instruct,Cross,instronly,500,0.5405,0.5348333333333334,0.5586666666666666,0.26025,0.5400183333333333,0.578,0.4676666666666667
NLI,SNLI,Llama3,Llama-3.1-8B,Llama-3.1-70B,Cross,instronly,500,0.44233333333333336,0.4325,0.44266666666666665,0.4056666666666666,0.4369516666666665,0.44683333333333336,0.396
NLI,SNLI,Llama3,Llama-3.1-8B,Llama-3.1-70B-Instruct,Cross,instronly,500,0.523,0.491625,0.5446666666666666,0.23708333333333334,0.5195633333333334,0.5928333333333333,0.43933333333333335
NLI,SNLI,Llama3,Llama-3.1-8B-Instruct,Llama-3.1-8B,Cross,instronly,500,0.6820833333333334,0.681,0.682875,0.046833333333333366,0.6819283333333334,0.6861666666666667,0.6796666666666666
NLI,SNLI,Llama3,Llama-3.1-8B-Instruct,Llama-3.1-70B,Cross,instronly,500,0.6386666666666667,0.6343333333333333,0.6453333333333333,0.247,0.6394733333333332,0.6546666666666666,0.6151666666666666
NLI,SNLI,Llama3,Llama-3.1-8B-Instruct,Llama-3.1-70B-Instruct,Cross,instronly,500,0.6748333333333333,0.6657916666666667,0.6791666666666667,0.062249999999999986,0.672215,0.6863333333333334,0.6435
NLI,SNLI,Llama3,Llama-3.1-70B,Llama-3.1-8B,Cross,instronly,500,0.6883333333333334,0.6875,0.6888333333333333,0.2530833333333333,0.6881916666666666,0.6896666666666667,0.6863333333333334
NLI,SNLI,Llama3,Llama-3.1-70B,Llama-3.1-8B-Instruct,Cross,instronly,500,0.6641666666666667,0.6591666666666667,0.6660416666666666,0.2931666666666667,0.663855,0.685,0.6503333333333333
NLI,SNLI,Llama3,Llama-3.1-70B,Llama-3.1-70B-Instruct,Cross,instronly,500,0.6657500000000001,0.659125,0.6778333333333333,0.2866666666666667,0.6696133333333334,0.7083333333333334,0.6455
NLI,SNLI,Llama3,Llama-3.1-70B-Instruct,Llama-3.1-8B,Cross,instronly,500,0.7981666666666667,0.798,0.7990416666666667,0.05233333333333334,0.7985800000000001,0.8005,0.798
NLI,SNLI,Llama3,Llama-3.1-70B-Instruct,Llama-3.1-8B-Instruct,Cross,instronly,500,0.7885833333333334,0.7861666666666667,0.790375,0.05708333333333332,0.7883866666666667,0.7958333333333333,0.7808333333333334
NLI,SNLI,Llama3,Llama-3.1-70B-Instruct,Llama-3.1-70B,Cross,instronly,500,0.7803333333333333,0.7771666666666667,0.784,0.11383333333333336,0.7802900000000002,0.7916666666666666,0.7696666666666667
NLI,SNLI,Falcon,Falcon3-3B-Base,Falcon3-3B-Base,Same,fewshot,500,0.6735,0.6708333333333333,0.6755,0.1828638157163499,0.6730254254669846,0.6775,0.6654545454545454
NLI,SNLI,Falcon,Falcon3-3B-Instruct,Falcon3-3B-Instruct,Same,fewshot,500,0.7721666666666667,0.7703098885529307,0.774,0.168,0.7721268731704728,0.7797599199733244,0.7631666666666667
NLI,SNLI,Falcon,Falcon3-10B-Base,Falcon3-10B-Base,Same,fewshot,500,0.7598333333333334,0.758625,0.7613333333333333,0.11116666666666669,0.7600749561636908,0.770764119601329,0.7551666666666667
NLI,SNLI,Falcon,Falcon3-10B-Instruct,Falcon3-10B-Instruct,Same,fewshot,500,0.8918333333333334,0.8911666666666667,0.8925416666666667,0.01783333333333334,0.8918531080064964,0.895,0.8854545454545455
NLI,SNLI,Falcon,Falcon3-3B-Base,Falcon3-3B-Instruct,Cross,fewshot,500,0.5051666666666667,0.4503333333333333,0.582,0.46541666666666665,0.5126033333333333,0.6365,0.3596666666666667
NLI,SNLI,Falcon,Falcon3-3B-Base,Falcon3-10B-Base,Cross,fewshot,500,0.56975,0.5591666666666667,0.5788333333333333,0.39225,0.5667216666666667,0.6003333333333334,0.5123333333333333
NLI,SNLI,Falcon,Falcon3-3B-Base,Falcon3-10B-Instruct,Cross,fewshot,500,0.6323333333333333,0.6290833333333333,0.6345,0.33333333333333337,0.6307566666666665,0.6365,0.6038333333333333
NLI,SNLI,Falcon,Falcon3-3B-Instruct,Falcon3-3B-Base,Cross,fewshot,500,0.8076666666666666,0.8072916666666667,0.8076666666666666,0.05300000000000002,0.8074616666666665,0.8081666666666667,0.8061666666666667
NLI,SNLI,Falcon,Falcon3-3B-Instruct,Falcon3-10B-Base,Cross,fewshot,500,0.7811666666666667,0.7791666666666667,0.7816666666666666,0.15566666666666668,0.7806083333333333,0.7841666666666667,0.7766666666666666
NLI,SNLI,Falcon,Falcon3-3B-Instruct,Falcon3-10B-Instruct,Cross,fewshot,500,0.7709166666666667,0.7661666666666667,0.7743333333333333,0.17808333333333332,0.7704583333333334,0.7811666666666667,0.757
NLI,SNLI,Falcon,Falcon3-10B-Base,Falcon3-3B-Base,Cross,fewshot,500,0.7811666666666667,0.7801666666666667,0.7819166666666667,0.10900000000000001,0.7810983333333332,0.7881666666666667,0.7761666666666667
NLI,SNLI,Falcon,Falcon3-10B-Base,Falcon3-3B-Instruct,Cross,fewshot,500,0.6306666666666667,0.6203333333333333,0.6387083333333334,0.33333333333333337,0.6315616666666667,0.7415,0.5805
NLI,SNLI,Falcon,Falcon3-10B-Base,Falcon3-10B-Instruct,Cross,fewshot,500,0.6481666666666667,0.645,0.6584166666666667,0.32833333333333337,0.6538416666666668,0.7053333333333334,0.6426666666666667
NLI,SNLI,Falcon,Falcon3-10B-Instruct,Falcon3-3B-Base,Cross,fewshot,500,0.8811666666666667,0.881,0.8815,0.06416666666666668,0.8812633333333335,0.8825,0.8805
NLI,SNLI,Falcon,Falcon3-10B-Instruct,Falcon3-3B-Instruct,Cross,fewshot,500,0.8923333333333333,0.891625,0.8933333333333333,0.0155,0.8919066666666666,0.8945,0.8833333333333333
NLI,SNLI,Falcon,Falcon3-10B-Instruct,Falcon3-10B-Base,Cross,fewshot,500,0.8893333333333333,0.8888333333333334,0.8896666666666667,0.035666666666666666,0.8892133333333334,0.8905,0.8871666666666667
NLI,SNLI,Gemma3,gemma-3-27b-pt,gemma-3-27b-pt,Same,fewshot,500,0.684,0.6829583333333333,0.685875,0.09483333333333331,0.6843202920915946,0.691,0.678992373468916
NLI,SNLI,Gemma3,gemma-3-27b-it,gemma-3-27b-it,Same,fewshot,500,0.8439166666666666,0.8426666666666667,0.8450416666666667,0.06666546914623837,0.8440975100477001,0.8563636363636363,0.84
NLI,SNLI,Gemma3,gemma-3-12b-pt,gemma-3-12b-pt,Same,fewshot,500,0.7365,0.73375,0.7378333333333333,0.1179166666666667,0.7357212972223134,0.7448333333333333,0.72
NLI,SNLI,Gemma3,gemma-3-12b-it,gemma-3-12b-it,Same,fewshot,500,0.759,0.7543333333333333,0.7636983518420589,0.10000000000000002,0.7593162698305108,0.7826666666666666,0.7368421052631579
NLI,SNLI,Gemma3,gemma-3-27b-pt,gemma-3-27b-it,Cross,fewshot,500,0.5395,0.5214166666666666,0.5592916666666667,0.42974999999999997,0.540445,0.6008333333333333,0.4835
NLI,SNLI,Gemma3,gemma-3-27b-pt,gemma-3-12b-pt,Cross,fewshot,500,0.43333333333333335,0.427,0.4335,0.5589999999999999,0.43218833333333334,0.44383333333333336,0.4201666666666667
NLI,SNLI,Gemma3,gemma-3-27b-pt,gemma-3-12b-it,Cross,fewshot,500,0.6503333333333333,0.6451666666666667,0.6515416666666667,0.33333333333333337,0.64928,0.6943333333333334,0.5586666666666666
NLI,SNLI,Gemma3,gemma-3-27b-it,gemma-3-27b-pt,Cross,fewshot,500,0.8315,0.8313333333333334,0.8315,0.08416666666666665,0.8313766666666669,0.8321666666666667,0.8291666666666667
NLI,SNLI,Gemma3,gemma-3-27b-it,gemma-3-12b-pt,Cross,fewshot,500,0.8156666666666667,0.8151666666666667,0.8158333333333333,0.11166666666666666,0.8155583333333334,0.8171666666666667,0.8141666666666667
NLI,SNLI,Gemma3,gemma-3-27b-it,gemma-3-12b-it,Cross,fewshot,500,0.8026666666666666,0.7900833333333334,0.8122916666666666,0.12149999999999998,0.8032833333333335,0.8348333333333333,0.7711666666666667
NLI,SNLI,Gemma3,gemma-3-12b-pt,gemma-3-27b-pt,Cross,fewshot,500,0.6481666666666667,0.6478333333333334,0.6488333333333334,0.33333333333333337,0.6480866666666667,0.649,0.6468333333333334
NLI,SNLI,Gemma3,gemma-3-12b-pt,gemma-3-27b-it,Cross,fewshot,500,0.5826666666666667,0.5705833333333333,0.5903333333333334,0.373,0.5792233333333333,0.608,0.5368333333333334
NLI,SNLI,Gemma3,gemma-3-12b-pt,gemma-3-12b-it,Cross,fewshot,500,0.6481666666666667,0.6473333333333333,0.6486666666666666,0.33333333333333337,0.6477366666666667,0.649,0.64
NLI,SNLI,Gemma3,gemma-3-12b-it,gemma-3-27b-pt,Cross,fewshot,500,0.7888333333333334,0.7887916666666667,0.789,0.11183333333333333,0.7889783333333332,0.7898333333333334,0.7878333333333334
NLI,SNLI,Gemma3,gemma-3-12b-it,gemma-3-27b-it,Cross,fewshot,500,0.7941666666666667,0.7921666666666667,0.7955,0.06133333333333334,0.792055,0.797,0.7378333333333333
NLI,SNLI,Gemma3,gemma-3-12b-it,gemma-3-12b-pt,Cross,fewshot,500,0.7613333333333333,0.7605,0.7616666666666667,0.16316666666666668,0.761185,0.7616666666666667,0.7601666666666667
NLI,SNLI,Llama3,Llama-3.1-8B,Llama-3.1-8B,Same,fewshot,500,0.545,0.5431666666666667,0.5463333333333333,0.11231639928698753,0.5440697900719615,0.549,0.49818181818181817
NLI,SNLI,Llama3,Llama-3.1-8B-Instruct,Llama-3.1-8B-Instruct,Same,fewshot,500,0.57,0.5677916666666667,0.5728333333333333,0.10010000555740801,0.5699008221989493,0.5786666666666667,0.5509090909090909
NLI,SNLI,Llama3,Llama-3.1-70B,Llama-3.1-70B,Same,fewshot,500,0.7385057950386336,0.7367916666666667,0.7395174070156884,0.104328320802005,0.7384178571136314,0.7448333333333333,0.7328333333333333
NLI,SNLI,Llama3,Llama-3.1-70B-Instruct,Llama-3.1-70B-Instruct,Same,fewshot,500,0.8129166666666666,0.8114583333333334,0.8150416666666667,0.06366666666666666,0.8133803662926651,0.8254545454545454,0.8031666666666667
NLI,SNLI,Llama3,Llama-3.1-8B,Llama-3.1-8B-Instruct,Cross,fewshot,500,0.43516666666666665,0.3775,0.5275,0.5495833333333333,0.457635,0.6318333333333334,0.3338333333333333
NLI,SNLI,Llama3,Llama-3.1-8B,Llama-3.1-70B,Cross,fewshot,500,0.5429166666666667,0.5361666666666667,0.5475,0.20141666666666666,0.5418816666666666,0.5553333333333333,0.5235
NLI,SNLI,Llama3,Llama-3.1-8B,Llama-3.1-70B-Instruct,Cross,fewshot,500,0.49083333333333334,0.4549583333333333,0.5360416666666667,0.19566666666666668,0.4877566666666667,0.5835,0.3365
NLI,SNLI,Llama3,Llama-3.1-8B-Instruct,Llama-3.1-8B,Cross,fewshot,500,0.5535,0.5533333333333333,0.5535,0.26966666666666667,0.553515,0.555,0.5528333333333333
NLI,SNLI,Llama3,Llama-3.1-8B-Instruct,Llama-3.1-70B,Cross,fewshot,500,0.5503333333333333,0.5491666666666667,0.5508333333333333,0.273,0.55015,0.5538333333333333,0.5463333333333333
NLI,SNLI,Llama3,Llama-3.1-8B-Instruct,Llama-3.1-70B-Instruct,Cross,fewshot,500,0.558,0.5571666666666667,0.5586666666666666,0.2500833333333333,0.557795,0.5601666666666667,0.5531666666666667
NLI,SNLI,Llama3,Llama-3.1-70B,Llama-3.1-8B,Cross,fewshot,500,0.7543333333333333,0.754,0.756375,0.06416666666666665,0.7545749999999998,0.7581666666666667,0.7461666666666666
NLI,SNLI,Llama3,Llama-3.1-70B,Llama-3.1-8B-Instruct,Cross,fewshot,500,0.5846666666666667,0.551375,0.6210833333333333,0.3797499999999999,0.5814383333333333,0.6458333333333334,0.4116666666666667
NLI,SNLI,Llama3,Llama-3.1-70B,Llama-3.1-70B-Instruct,Cross,fewshot,500,0.73925,0.729625,0.7492083333333333,0.05199999999999999,0.7364483333333334,0.7605,0.6718333333333333
NLI,SNLI,Llama3,Llama-3.1-70B-Instruct,Llama-3.1-8B,Cross,fewshot,500,0.8085,0.8085,0.8101666666666667,0.08366666666666667,0.808665,0.8126666666666666,0.8036666666666666
NLI,SNLI,Llama3,Llama-3.1-70B-Instruct,Llama-3.1-8B-Instruct,Cross,fewshot,500,0.7243333333333334,0.7216666666666667,0.7275416666666668,0.22783333333333336,0.7245116666666667,0.7345,0.7146666666666667
NLI,SNLI,Llama3,Llama-3.1-70B-Instruct,Llama-3.1-70B,Cross,fewshot,500,0.7969166666666667,0.7941666666666667,0.8,0.10766666666666666,0.7973,0.8106666666666666,0.786
MCQ,MMLU-STEM,Falcon,Falcon3-3B-Base,Falcon3-3B-Base,Same,zeroshot,500,0.44416666666666665,0.4425,0.44625,0.046725073007926596,0.44429604404277984,0.44958333333333333,0.43833333333333335
MCQ,MMLU-STEM,Falcon,Falcon3-3B-Instruct,Falcon3-3B-Instruct,Same,zeroshot,500,0.50875,0.5066666666666667,0.5104166666666666,0.06624999999999999,0.5085276225176453,0.51625,0.502851711026616
MCQ,MMLU-STEM,Falcon,Falcon3-10B-Base,Falcon3-10B-Base,Same,zeroshot,500,0.527719883284702,0.5258333333333334,0.5291666666666667,0.021250000000000005,0.5275823260338093,0.5345833333333333,0.5183333333333333
MCQ,MMLU-STEM,Falcon,Falcon3-10B-Instruct,Falcon3-10B-Instruct,Same,zeroshot,500,0.40041666666666664,0.39915966386554624,0.4025,0.026666666666666672,0.40054267695473483,0.40958333333333335,0.3929166666666667
MCQ,MMLU-STEM,Falcon,Falcon3-3B-Base,Falcon3-3B-Instruct,Cross,zeroshot,500,0.415625,0.4091666666666667,0.42,0.285625,0.4138583333333332,0.4320833333333333,0.38916666666666666
MCQ,MMLU-STEM,Falcon,Falcon3-3B-Base,Falcon3-10B-Base,Cross,zeroshot,500,0.44125000000000003,0.43697916666666664,0.4447916666666667,0.25979166666666664,0.4404833333333332,0.4525,0.4245833333333333
MCQ,MMLU-STEM,Falcon,Falcon3-3B-Base,Falcon3-10B-Instruct,Cross,zeroshot,500,0.3625,0.35875,0.36875,0.4670833333333333,0.3631958333333334,0.3879166666666667,0.34208333333333335
MCQ,MMLU-STEM,Falcon,Falcon3-3B-Instruct,Falcon3-3B-Base,Cross,zeroshot,500,0.5079166666666667,0.5075,0.5079166666666667,0.05625000000000001,0.50775,0.5091666666666667,0.5066666666666667
MCQ,MMLU-STEM,Falcon,Falcon3-3B-Instruct,Falcon3-10B-Base,Cross,zeroshot,500,0.5079166666666667,0.5075,0.50875,0.065,0.5079666666666666,0.51,0.5058333333333334
MCQ,MMLU-STEM,Falcon,Falcon3-3B-Instruct,Falcon3-10B-Instruct,Cross,zeroshot,500,0.45208333333333334,0.44958333333333333,0.45458333333333334,0.21375,0.4519916666666667,0.46125,0.44458333333333333
MCQ,MMLU-STEM,Falcon,Falcon3-10B-Base,Falcon3-3B-Base,Cross,zeroshot,500,0.5225,0.5216666666666666,0.5234375,0.11541666666666667,0.5223666666666666,0.5279166666666667,0.5158333333333334
MCQ,MMLU-STEM,Falcon,Falcon3-10B-Base,Falcon3-3B-Instruct,Cross,zeroshot,500,0.48625,0.47875,0.49291666666666667,0.26937500000000003,0.4854666666666667,0.5158333333333334,0.4583333333333333
MCQ,MMLU-STEM,Falcon,Falcon3-10B-Base,Falcon3-10B-Instruct,Cross,zeroshot,500,0.46208333333333335,0.46,0.46375,0.25333333333333335,0.4613416666666666,0.46791666666666665,0.44708333333333333
MCQ,MMLU-STEM,Falcon,Falcon3-10B-Instruct,Falcon3-3B-Base,Cross,zeroshot,500,0.2975,0.29583333333333334,0.29791666666666666,0.6141666666666667,0.2968708333333333,0.2991666666666667,0.2925
MCQ,MMLU-STEM,Falcon,Falcon3-10B-Instruct,Falcon3-3B-Instruct,Cross,zeroshot,500,0.28583333333333333,0.28291666666666665,0.28833333333333333,0.6514583333333333,0.28558333333333336,0.295,0.2758333333333333
MCQ,MMLU-STEM,Falcon,Falcon3-10B-Instruct,Falcon3-10B-Base,Cross,zeroshot,500,0.30666666666666664,0.30583333333333335,0.30791666666666667,0.5802083333333333,0.30700000000000005,0.31333333333333335,0.30375
MCQ,MMLU-STEM,Gemma3,gemma-3-27b-pt,gemma-3-27b-pt,Same,zeroshot,500,0.6916666666666667,0.6895833333333333,0.6929166666666666,0.042499999999999996,0.6913178623518291,0.69625,0.6858333333333333
MCQ,MMLU-STEM,Gemma3,gemma-3-27b-it,gemma-3-27b-it,Same,zeroshot,500,0.6845833333333333,0.6833333333333333,0.68625,0.08416666666666664,0.6850906162926378,0.6953422053231939,0.6795833333333333
MCQ,MMLU-STEM,Gemma3,gemma-3-12b-pt,gemma-3-12b-pt,Same,zeroshot,500,0.6270967741935484,0.6258333333333334,0.6283333333333333,0.05958333333333332,0.6271442506781282,0.6364068441064639,0.6224361657597322
MCQ,MMLU-STEM,Gemma3,gemma-3-12b-it,gemma-3-12b-it,Same,zeroshot,500,0.65375,0.6525,0.6554166666666666,0.07125,0.6539290600599741,0.6615180935569285,0.6491666666666667
MCQ,MMLU-STEM,Gemma3,gemma-3-27b-pt,gemma-3-27b-it,Cross,zeroshot,500,0.63625,0.63125,0.6404166666666666,0.20583333333333334,0.6358416666666667,0.6491666666666667,0.6191666666666666
MCQ,MMLU-STEM,Gemma3,gemma-3-27b-pt,gemma-3-12b-pt,Cross,zeroshot,500,0.6883333333333334,0.6870833333333334,0.6895833333333333,0.06916666666666665,0.6885291666666666,0.6966666666666667,0.6841666666666667
MCQ,MMLU-STEM,Gemma3,gemma-3-27b-pt,gemma-3-12b-it,Cross,zeroshot,500,0.621875,0.6158333333333333,0.6308333333333334,0.2629166666666667,0.6230458333333333,0.65125,0.5983333333333334
MCQ,MMLU-STEM,Gemma3,gemma-3-27b-it,gemma-3-27b-pt,Cross,zeroshot,500,0.67625,0.6754166666666667,0.6775,0.07958333333333333,0.6766333333333333,0.6820833333333334,0.6729166666666667
MCQ,MMLU-STEM,Gemma3,gemma-3-27b-it,gemma-3-12b-pt,Cross,zeroshot,500,0.6779166666666666,0.6766666666666666,0.6791666666666667,0.07645833333333332,0.6778833333333333,0.68375,0.67375
MCQ,MMLU-STEM,Gemma3,gemma-3-27b-it,gemma-3-12b-it,Cross,zeroshot,500,0.6804166666666667,0.67875,0.6825,0.06145833333333333,0.6804958333333334,0.6870833333333334,0.6745833333333333
MCQ,MMLU-STEM,Gemma3,gemma-3-12b-pt,gemma-3-27b-pt,Cross,zeroshot,500,0.6275,0.6261458333333333,0.6288541666666667,0.134375,0.6274791666666668,0.6345833333333334,0.6216666666666667
MCQ,MMLU-STEM,Gemma3,gemma-3-12b-pt,gemma-3-27b-it,Cross,zeroshot,500,0.5560416666666667,0.5455208333333332,0.565625,0.29666666666666663,0.5550666666666666,0.5791666666666667,0.5241666666666667
MCQ,MMLU-STEM,Gemma3,gemma-3-12b-pt,gemma-3-12b-it,Cross,zeroshot,500,0.5825,0.5754166666666667,0.5877083333333334,0.21416666666666667,0.5822875000000001,0.60375,0.5620833333333334
MCQ,MMLU-STEM,Gemma3,gemma-3-12b-it,gemma-3-27b-pt,Cross,zeroshot,500,0.6483333333333333,0.6479166666666667,0.6491666666666667,0.06958333333333333,0.6482750000000002,0.6504166666666666,0.64625
MCQ,MMLU-STEM,Gemma3,gemma-3-12b-it,gemma-3-27b-it,Cross,zeroshot,500,0.64,0.63875,0.6409375,0.14666666666666667,0.6399416666666667,0.6445833333333333,0.6345833333333334
MCQ,MMLU-STEM,Gemma3,gemma-3-12b-it,gemma-3-12b-pt,Cross,zeroshot,500,0.65,0.6495833333333333,0.6504166666666666,0.057499999999999996,0.6499250000000001,0.6516666666666666,0.6466666666666666
MCQ,MMLU-STEM,Llama3,Llama-3.1-8B,Llama-3.1-8B,Same,zeroshot,500,0.4220833333333333,0.42041666666666666,0.42375,0.10416666666666664,0.42202832716429806,0.4275,0.41541666666666666
MCQ,MMLU-STEM,Llama3,Llama-3.1-8B-Instruct,Llama-3.1-8B-Instruct,Same,zeroshot,500,0.5139758030871924,0.5120833333333333,0.5158333333333334,0.04541666666666666,0.5139076235652413,0.5195833333333333,0.5075
MCQ,MMLU-STEM,Llama3,Llama-3.1-70B,Llama-3.1-70B,Same,zeroshot,500,0.5929166666666666,0.5908333333333333,0.5941666666666666,0.01916666666666668,0.5925894154274943,0.5978494623655914,0.5870833333333333
MCQ,MMLU-STEM,Llama3,Llama-3.1-70B-Instruct,Llama-3.1-70B-Instruct,Same,zeroshot,500,0.6929166666666666,0.6916666666666667,0.6944560233430596,0.04458333333333332,0.6930338326201358,0.7010456273764258,0.6875
MCQ,MMLU-STEM,Llama3,Llama-3.1-8B,Llama-3.1-8B-Instruct,Cross,zeroshot,500,0.41541666666666666,0.41333333333333333,0.41791666666666666,0.2675,0.41539166666666666,0.4241666666666667,0.4066666666666667
MCQ,MMLU-STEM,Llama3,Llama-3.1-8B,Llama-3.1-70B,Cross,zeroshot,500,0.41812499999999997,0.4166666666666667,0.4191666666666667,0.16874999999999998,0.4180125,0.4225,0.41375
MCQ,MMLU-STEM,Llama3,Llama-3.1-8B,Llama-3.1-70B-Instruct,Cross,zeroshot,500,0.4075,0.40458333333333335,0.40958333333333335,0.23729166666666668,0.40712083333333327,0.4195833333333333,0.39666666666666667
MCQ,MMLU-STEM,Llama3,Llama-3.1-8B-Instruct,Llama-3.1-8B,Cross,zeroshot,500,0.5095833333333334,0.50875,0.51125,0.12458333333333332,0.5097708333333333,0.5145833333333333,0.5058333333333334
MCQ,MMLU-STEM,Llama3,Llama-3.1-8B-Instruct,Llama-3.1-70B,Cross,zeroshot,500,0.5102083333333334,0.5082291666666666,0.5125,0.14625,0.5109166666666667,0.5204166666666666,0.5008333333333334
MCQ,MMLU-STEM,Llama3,Llama-3.1-8B-Instruct,Llama-3.1-70B-Instruct,Cross,zeroshot,500,0.49979166666666663,0.49572916666666667,0.5045833333333334,0.17,0.49997499999999995,0.5179166666666667,0.4841666666666667
MCQ,MMLU-STEM,Llama3,Llama-3.1-70B,Llama-3.1-8B,Cross,zeroshot,500,0.5608333333333333,0.5558333333333333,0.5633333333333334,0.21270833333333333,0.5597041666666667,0.5695833333333333,0.545
MCQ,MMLU-STEM,Llama3,Llama-3.1-70B,Llama-3.1-8B-Instruct,Cross,zeroshot,500,0.5739583333333333,0.5704166666666667,0.5758333333333333,0.15416666666666667,0.5729375,0.5816666666666667,0.5533333333333333
MCQ,MMLU-STEM,Llama3,Llama-3.1-70B,Llama-3.1-70B-Instruct,Cross,zeroshot,500,0.58875,0.5858333333333333,0.5916666666666667,0.11208333333333334,0.5884333333333335,0.5979166666666667,0.5770833333333333
MCQ,MMLU-STEM,Llama3,Llama-3.1-70B-Instruct,Llama-3.1-8B,Cross,zeroshot,500,0.6745833333333333,0.67375,0.6758333333333333,0.13645833333333335,0.6744125,0.6775,0.6695833333333333
MCQ,MMLU-STEM,Llama3,Llama-3.1-70B-Instruct,Llama-3.1-8B-Instruct,Cross,zeroshot,500,0.6885416666666666,0.6870833333333334,0.69,0.09291666666666665,0.6883875,0.6929166666666666,0.6833333333333333
MCQ,MMLU-STEM,Llama3,Llama-3.1-70B-Instruct,Llama-3.1-70B,Cross,zeroshot,500,0.68625,0.6854166666666667,0.6875,0.07625,0.6863666666666668,0.69,0.6825
MCQ,MMLU-STEM,Falcon,Falcon3-3B-Base,Falcon3-3B-Base,Same,instronly,500,0.45708333333333334,0.4554166666666667,0.4583333333333333,0.017939090529828963,0.45687036908666934,0.46291666666666664,0.4504166666666667
MCQ,MMLU-STEM,Falcon,Falcon3-3B-Instruct,Falcon3-3B-Instruct,Same,instronly,500,0.5133333333333333,0.5116666666666667,0.515,0.04875,0.5133302222004555,0.5179166666666667,0.5072463768115942
MCQ,MMLU-STEM,Falcon,Falcon3-10B-Base,Falcon3-10B-Base,Same,instronly,500,0.6366666666666667,0.6341666666666667,0.6383333333333333,0.030344202898550734,0.6364913191977768,0.6471920289855072,0.6295833333333334
MCQ,MMLU-STEM,Falcon,Falcon3-10B-Instruct,Falcon3-10B-Instruct,Same,instronly,500,0.6058333333333333,0.6045833333333334,0.6075,0.04416666666666666,0.6061608552579645,0.6140684410646388,0.5995833333333334
MCQ,MMLU-STEM,Falcon,Falcon3-3B-Base,Falcon3-3B-Instruct,Cross,instronly,500,0.4039583333333333,0.3958333333333333,0.4136458333333333,0.41729166666666667,0.4042166666666667,0.44083333333333335,0.36291666666666667
MCQ,MMLU-STEM,Falcon,Falcon3-3B-Base,Falcon3-10B-Base,Cross,instronly,500,0.436875,0.43166666666666664,0.44125,0.2816666666666666,0.43567500000000003,0.4483333333333333,0.40375
MCQ,MMLU-STEM,Falcon,Falcon3-3B-Base,Falcon3-10B-Instruct,Cross,instronly,500,0.38875,0.37916666666666665,0.3958333333333333,0.4933333333333333,0.38664166666666666,0.41875,0.34291666666666665
MCQ,MMLU-STEM,Falcon,Falcon3-3B-Instruct,Falcon3-3B-Base,Cross,instronly,500,0.5129166666666667,0.5120833333333333,0.51375,0.09333333333333332,0.5130166666666667,0.5154166666666666,0.51125
MCQ,MMLU-STEM,Falcon,Falcon3-3B-Instruct,Falcon3-10B-Base,Cross,instronly,500,0.5041666666666667,0.5029166666666667,0.5058333333333334,0.14229166666666668,0.5041916666666666,0.51375,0.4975
MCQ,MMLU-STEM,Falcon,Falcon3-3B-Instruct,Falcon3-10B-Instruct,Cross,instronly,500,0.51375,0.5125,0.515,0.08208333333333333,0.5138958333333333,0.5179166666666667,0.5095833333333334
MCQ,MMLU-STEM,Falcon,Falcon3-10B-Base,Falcon3-3B-Base,Cross,instronly,500,0.6354166666666666,0.6345833333333334,0.6366666666666667,0.12979166666666667,0.6354874999999999,0.63875,0.63125
MCQ,MMLU-STEM,Falcon,Falcon3-10B-Base,Falcon3-3B-Instruct,Cross,instronly,500,0.5922916666666667,0.5869791666666666,0.5984375000000001,0.2577083333333333,0.5926500000000001,0.61,0.5758333333333333
MCQ,MMLU-STEM,Falcon,Falcon3-10B-Base,Falcon3-10B-Instruct,Cross,instronly,500,0.576875,0.5698958333333333,0.58125,0.25916666666666666,0.575475,0.5941666666666666,0.54625
MCQ,MMLU-STEM,Falcon,Falcon3-10B-Instruct,Falcon3-3B-Base,Cross,instronly,500,0.6025,0.6020833333333333,0.6029166666666667,0.09979166666666667,0.6023791666666666,0.60375,0.5995833333333334
MCQ,MMLU-STEM,Falcon,Falcon3-10B-Instruct,Falcon3-3B-Instruct,Cross,instronly,500,0.6045833333333334,0.60375,0.60625,0.09083333333333334,0.6046625,0.6083333333333333,0.59875
MCQ,MMLU-STEM,Falcon,Falcon3-10B-Instruct,Falcon3-10B-Base,Cross,instronly,500,0.5816666666666667,0.5795833333333333,0.5833333333333334,0.16312500000000002,0.5816041666666667,0.5904166666666667,0.57125
MCQ,MMLU-STEM,Gemma3,gemma-3-27b-pt,gemma-3-27b-pt,Same,instronly,500,0.6908333333333333,0.6891666666666667,0.6929166666666666,0.019166666666666665,0.691012311516901,0.6979166666666666,0.68625
MCQ,MMLU-STEM,Gemma3,gemma-3-27b-it,gemma-3-27b-it,Same,instronly,500,0.69625,0.6952897040433514,0.6970833333333334,0.03215031315240084,0.6961853651126024,0.7016666666666667,0.6920833333333334
MCQ,MMLU-STEM,Gemma3,gemma-3-12b-pt,gemma-3-12b-pt,Same,instronly,500,0.62,0.61875,0.6216666666666667,0.07958333333333334,0.620274699793452,0.6326045627376425,0.6133333333333333
MCQ,MMLU-STEM,Gemma3,gemma-3-12b-it,gemma-3-12b-it,Same,instronly,500,0.6333333333333333,0.6320833333333333,0.6341666666666667,0.07557411273486431,0.6331117310124004,0.6372462488967343,0.6283924843423799
MCQ,MMLU-STEM,Gemma3,gemma-3-27b-pt,gemma-3-27b-it,Cross,instronly,500,0.54,0.5271874999999999,0.555,0.42062499999999997,0.54255,0.6016666666666667,0.495
MCQ,MMLU-STEM,Gemma3,gemma-3-27b-pt,gemma-3-12b-pt,Cross,instronly,500,0.6570833333333334,0.6533333333333333,0.66,0.15625,0.6562416666666667,0.66375,0.6475
MCQ,MMLU-STEM,Gemma3,gemma-3-27b-pt,gemma-3-12b-it,Cross,instronly,500,0.6247916666666666,0.6178125,0.6305208333333333,0.21208333333333335,0.6243583333333333,0.64375,0.6004166666666667
MCQ,MMLU-STEM,Gemma3,gemma-3-27b-it,gemma-3-27b-pt,Cross,instronly,500,0.6958333333333333,0.6958333333333333,0.69625,0.05625000000000001,0.6959958333333333,0.6975,0.6945833333333333
MCQ,MMLU-STEM,Gemma3,gemma-3-27b-it,gemma-3-12b-pt,Cross,instronly,500,0.6970833333333334,0.6970833333333334,0.6975,0.04874999999999999,0.6972166666666669,0.6983333333333334,0.6958333333333333
MCQ,MMLU-STEM,Gemma3,gemma-3-27b-it,gemma-3-12b-it,Cross,instronly,500,0.6922916666666667,0.69125,0.6933333333333334,0.033124999999999995,0.6922874999999996,0.69625,0.6895833333333333
MCQ,MMLU-STEM,Gemma3,gemma-3-12b-pt,gemma-3-27b-pt,Cross,instronly,500,0.6016666666666667,0.5971875,0.60375,0.17791666666666667,0.6003916666666667,0.6116666666666667,0.5820833333333333
MCQ,MMLU-STEM,Gemma3,gemma-3-12b-pt,gemma-3-27b-it,Cross,instronly,500,0.5183333333333333,0.49916666666666665,0.5330208333333333,0.4066666666666667,0.5172625000000002,0.5770833333333333,0.45458333333333334
MCQ,MMLU-STEM,Gemma3,gemma-3-12b-pt,gemma-3-12b-it,Cross,instronly,500,0.546875,0.5345833333333334,0.56125,0.2979166666666666,0.5470333333333333,0.595,0.48875
MCQ,MMLU-STEM,Gemma3,gemma-3-12b-it,gemma-3-27b-pt,Cross,instronly,500,0.6291666666666667,0.6283333333333333,0.6295833333333334,0.13541666666666669,0.6290416666666666,0.6308333333333334,0.6270833333333333
MCQ,MMLU-STEM,Gemma3,gemma-3-12b-it,gemma-3-27b-it,Cross,instronly,500,0.6295833333333334,0.6291666666666667,0.63125,0.08166666666666668,0.6301166666666667,0.6345833333333334,0.6258333333333334
MCQ,MMLU-STEM,Gemma3,gemma-3-12b-it,gemma-3-12b-pt,Cross,instronly,500,0.635,0.6341666666666667,0.6354166666666666,0.12958333333333333,0.6347791666666666,0.6370833333333333,0.6333333333333333
MCQ,MMLU-STEM,Llama3,Llama-3.1-8B,Llama-3.1-8B,Same,instronly,500,0.4841666666666667,0.48291666666666666,0.48541666666666666,0.023333333333333317,0.4842736622080071,0.49125,0.47708333333333336
MCQ,MMLU-STEM,Llama3,Llama-3.1-8B-Instruct,Llama-3.1-8B-Instruct,Same,instronly,500,0.5383333333333333,0.5370833333333334,0.5404166666666667,0.05666666666666666,0.5388269347958292,0.5454166666666667,0.5329166666666667
MCQ,MMLU-STEM,Llama3,Llama-3.1-70B,Llama-3.1-70B,Same,instronly,500,0.6383333333333333,0.6370833333333333,0.64,0.026666666666666658,0.6385825492401765,0.645,0.6333333333333333
MCQ,MMLU-STEM,Llama3,Llama-3.1-70B-Instruct,Llama-3.1-70B-Instruct,Same,instronly,500,0.7054166666666667,0.7041666666666667,0.7070833333333333,0.04467640918580375,0.7054728524203282,0.7100760456273765,0.6975
MCQ,MMLU-STEM,Llama3,Llama-3.1-8B,Llama-3.1-8B-Instruct,Cross,instronly,500,0.464375,0.45958333333333334,0.4666666666666667,0.24833333333333335,0.4639,0.47583333333333333,0.45375
MCQ,MMLU-STEM,Llama3,Llama-3.1-8B,Llama-3.1-70B,Cross,instronly,500,0.468125,0.4658333333333333,0.47125,0.30125,0.4684999999999999,0.4820833333333333,0.45416666666666666
MCQ,MMLU-STEM,Llama3,Llama-3.1-8B,Llama-3.1-70B-Instruct,Cross,instronly,500,0.47375,0.46958333333333335,0.4775,0.2375,0.47349583333333334,0.4845833333333333,0.455
MCQ,MMLU-STEM,Llama3,Llama-3.1-8B-Instruct,Llama-3.1-8B,Cross,instronly,500,0.5370833333333334,0.5358333333333334,0.5383333333333333,0.14666666666666667,0.536875,0.54125,0.5316666666666666
MCQ,MMLU-STEM,Llama3,Llama-3.1-8B-Instruct,Llama-3.1-70B,Cross,instronly,500,0.5425,0.5408333333333334,0.54375,0.08270833333333333,0.5422625,0.5466666666666666,0.5370833333333334
MCQ,MMLU-STEM,Llama3,Llama-3.1-8B-Instruct,Llama-3.1-70B-Instruct,Cross,instronly,500,0.5364583333333333,0.535,0.5383333333333333,0.17083333333333334,0.5364333333333333,0.5420833333333334,0.52625
MCQ,MMLU-STEM,Llama3,Llama-3.1-70B,Llama-3.1-8B,Cross,instronly,500,0.6195833333333334,0.6183333333333333,0.6201041666666667,0.16499999999999998,0.6192666666666665,0.62375,0.6141666666666666
MCQ,MMLU-STEM,Llama3,Llama-3.1-70B,Llama-3.1-8B-Instruct,Cross,instronly,500,0.6225,0.62,0.6259375,0.108125,0.6228708333333334,0.6325,0.60625
MCQ,MMLU-STEM,Llama3,Llama-3.1-70B,Llama-3.1-70B-Instruct,Cross,instronly,500,0.615,0.6119791666666666,0.6179166666666667,0.173125,0.614575,0.6266666666666667,0.59375
MCQ,MMLU-STEM,Llama3,Llama-3.1-70B-Instruct,Llama-3.1-8B,Cross,instronly,500,0.70875,0.7078125,0.7105208333333334,0.059583333333333335,0.7090999999999998,0.71375,0.7058333333333333
MCQ,MMLU-STEM,Llama3,Llama-3.1-70B-Instruct,Llama-3.1-8B-Instruct,Cross,instronly,500,0.7045833333333333,0.7029166666666666,0.70625,0.0716666666666667,0.7046083333333334,0.71,0.6975
MCQ,MMLU-STEM,Llama3,Llama-3.1-70B-Instruct,Llama-3.1-70B,Cross,instronly,500,0.7079166666666666,0.7070833333333333,0.7091666666666666,0.04479166666666665,0.7078833333333333,0.7133333333333334,0.7016666666666667
MCQ,MMLU-STEM,Falcon,Falcon3-3B-Base,Falcon3-3B-Base,Same,fewshot,500,0.4970833333333333,0.4945833333333333,0.49833333333333335,0.03375,0.4967556431004348,0.50375,0.4920833333333333
MCQ,MMLU-STEM,Falcon,Falcon3-3B-Instruct,Falcon3-3B-Instruct,Same,fewshot,500,0.5216666666666666,0.5191666666666667,0.5229202037351444,0.01708333333333334,0.5215231354101857,0.5270833333333333,0.5152688172043011
MCQ,MMLU-STEM,Falcon,Falcon3-10B-Base,Falcon3-10B-Base,Same,fewshot,500,0.6579166666666667,0.6566666666666666,0.66,0.040416666666666656,0.6583449040074427,0.66375,0.6533333333333333
MCQ,MMLU-STEM,Falcon,Falcon3-10B-Instruct,Falcon3-10B-Instruct,Same,fewshot,500,0.6704166666666667,0.6691666666666667,0.6716666666666666,0.02333333333333333,0.670339124625062,0.6783333333333333,0.6648550724637681
MCQ,MMLU-STEM,Falcon,Falcon3-3B-Base,Falcon3-3B-Instruct,Cross,fewshot,500,0.48875,0.48416666666666663,0.4951041666666667,0.19937500000000002,0.48885416666666665,0.5058333333333334,0.46625
MCQ,MMLU-STEM,Falcon,Falcon3-3B-Base,Falcon3-10B-Base,Cross,fewshot,500,0.49166666666666664,0.48822916666666666,0.49541666666666667,0.211875,0.4913291666666668,0.5008333333333334,0.47875
MCQ,MMLU-STEM,Falcon,Falcon3-3B-Base,Falcon3-10B-Instruct,Cross,fewshot,500,0.49145833333333333,0.4875,0.49583333333333335,0.18145833333333333,0.4911375,0.5066666666666667,0.4708333333333333
MCQ,MMLU-STEM,Falcon,Falcon3-3B-Instruct,Falcon3-3B-Base,Cross,fewshot,500,0.52,0.5195833333333333,0.5204166666666666,0.026249999999999996,0.5201083333333334,0.5225,0.5179166666666667
MCQ,MMLU-STEM,Falcon,Falcon3-3B-Instruct,Falcon3-10B-Base,Cross,fewshot,500,0.5216666666666666,0.5211458333333333,0.5225,0.05125000000000002,0.5216208333333334,0.5233333333333333,0.5191666666666667
MCQ,MMLU-STEM,Falcon,Falcon3-3B-Instruct,Falcon3-10B-Instruct,Cross,fewshot,500,0.52125,0.5204166666666666,0.5225,0.03229166666666666,0.5214291666666668,0.5266666666666666,0.5170833333333333
MCQ,MMLU-STEM,Falcon,Falcon3-10B-Base,Falcon3-3B-Base,Cross,fewshot,500,0.6508333333333334,0.6504166666666666,0.6520833333333333,0.09458333333333335,0.6511250000000001,0.6545833333333333,0.6454166666666666
MCQ,MMLU-STEM,Falcon,Falcon3-10B-Base,Falcon3-3B-Instruct,Cross,fewshot,500,0.6425,0.6339583333333333,0.64875,0.13625000000000004,0.6405458333333333,0.65875,0.60875
MCQ,MMLU-STEM,Falcon,Falcon3-10B-Base,Falcon3-10B-Instruct,Cross,fewshot,500,0.6502083333333333,0.6465624999999999,0.65375,0.09250000000000001,0.6494291666666667,0.6583333333333333,0.62875
MCQ,MMLU-STEM,Falcon,Falcon3-10B-Instruct,Falcon3-3B-Base,Cross,fewshot,500,0.6716666666666666,0.67125,0.6720833333333334,0.030416666666666647,0.6715208333333333,0.6729166666666667,0.6695833333333333
MCQ,MMLU-STEM,Falcon,Falcon3-10B-Instruct,Falcon3-3B-Instruct,Cross,fewshot,500,0.6704166666666667,0.66875,0.6716666666666666,0.03187500000000001,0.6701916666666666,0.6754166666666667,0.6654166666666667
MCQ,MMLU-STEM,Falcon,Falcon3-10B-Instruct,Falcon3-10B-Base,Cross,fewshot,500,0.6708333333333333,0.6704166666666667,0.6717708333333333,0.013750000000000005,0.6711041666666668,0.675,0.6691666666666667
MCQ,MMLU-STEM,Gemma3,gemma-3-27b-pt,gemma-3-27b-pt,Same,fewshot,500,0.7333333333333333,0.7316666666666667,0.7354166666666667,0.020000000000000004,0.7334241075745994,0.7391666666666666,0.7279166666666667
MCQ,MMLU-STEM,Gemma3,gemma-3-27b-it,gemma-3-27b-it,Same,fewshot,500,0.71625,0.715,0.7170833333333333,0.02500000000000001,0.7161706234711097,0.7195479280033487,0.7134030418250951
MCQ,MMLU-STEM,Gemma3,gemma-3-12b-pt,gemma-3-12b-pt,Same,fewshot,500,0.6479166666666667,0.64625,0.6494565217391305,0.012499999999999997,0.6477668404952475,0.65375,0.6407563025210085
MCQ,MMLU-STEM,Gemma3,gemma-3-12b-it,gemma-3-12b-it,Same,fewshot,500,0.6433333333333333,0.6420833333333333,0.6441666666666667,0.04958333333333331,0.6430803621898876,0.6458333333333334,0.6395981582251988
MCQ,MMLU-STEM,Gemma3,gemma-3-27b-pt,gemma-3-27b-it,Cross,fewshot,500,0.673125,0.658125,0.685,0.22729166666666667,0.6719458333333331,0.725,0.62625
MCQ,MMLU-STEM,Gemma3,gemma-3-27b-pt,gemma-3-12b-pt,Cross,fewshot,500,0.735,0.7340625,0.7370833333333333,0.04249999999999998,0.73525,0.7391666666666666,0.7295833333333334
MCQ,MMLU-STEM,Gemma3,gemma-3-27b-pt,gemma-3-12b-it,Cross,fewshot,500,0.6822916666666667,0.6754166666666667,0.69,0.20645833333333333,0.6816916666666666,0.7045833333333333,0.6416666666666667
MCQ,MMLU-STEM,Gemma3,gemma-3-27b-it,gemma-3-27b-pt,Cross,fewshot,500,0.71375,0.7125,0.7145833333333333,0.04333333333333331,0.7136083333333335,0.7166666666666667,0.7104166666666667
MCQ,MMLU-STEM,Gemma3,gemma-3-27b-it,gemma-3-12b-pt,Cross,fewshot,500,0.7154166666666667,0.715,0.71625,0.03749999999999999,0.7154916666666667,0.7179166666666666,0.7120833333333333
MCQ,MMLU-STEM,Gemma3,gemma-3-27b-it,gemma-3-12b-it,Cross,fewshot,500,0.71625,0.7154166666666667,0.7170833333333333,0.025416666666666657,0.7162291666666667,0.71875,0.7141666666666666
MCQ,MMLU-STEM,Gemma3,gemma-3-12b-pt,gemma-3-27b-pt,Cross,fewshot,500,0.6529166666666667,0.6516666666666666,0.6558333333333334,0.07833333333333335,0.6536333333333334,0.6616666666666666,0.6470833333333333
MCQ,MMLU-STEM,Gemma3,gemma-3-12b-pt,gemma-3-27b-it,Cross,fewshot,500,0.58125,0.5678124999999999,0.5938541666666667,0.299375,0.5807625000000001,0.6454166666666666,0.5325
MCQ,MMLU-STEM,Gemma3,gemma-3-12b-pt,gemma-3-12b-it,Cross,fewshot,500,0.59125,0.5810416666666667,0.6,0.26979166666666665,0.5897458333333333,0.6166666666666667,0.5491666666666667
MCQ,MMLU-STEM,Gemma3,gemma-3-12b-it,gemma-3-27b-pt,Cross,fewshot,500,0.645,0.6445833333333333,0.6458333333333334,0.07208333333333333,0.6451083333333334,0.6466666666666666,0.6433333333333333
MCQ,MMLU-STEM,Gemma3,gemma-3-12b-it,gemma-3-27b-it,Cross,fewshot,500,0.64375,0.6429166666666667,0.6442708333333333,0.05125,0.6435333333333333,0.64625,0.6408333333333334
MCQ,MMLU-STEM,Gemma3,gemma-3-12b-it,gemma-3-12b-pt,Cross,fewshot,500,0.6458333333333334,0.6454166666666666,0.64625,0.06875000000000002,0.6458833333333334,0.6475,0.6445833333333333
MCQ,MMLU-STEM,Llama3,Llama-3.1-8B,Llama-3.1-8B,Same,fewshot,500,0.5233333333333333,0.5216666666666666,0.5258333333333334,0.01974789915966385,0.5233643966112733,0.5291666666666667,0.5156989247311828
MCQ,MMLU-STEM,Llama3,Llama-3.1-8B-Instruct,Llama-3.1-8B-Instruct,Same,fewshot,500,0.5608333333333333,0.5591666666666667,0.5633333333333334,0.041666666666666685,0.5610349583556715,0.5691666666666667,0.5554166666666667
MCQ,MMLU-STEM,Llama3,Llama-3.1-70B,Llama-3.1-70B,Same,fewshot,500,0.6383333333333333,0.6366666666666667,0.6408333333333334,0.028333333333333363,0.6385372263058344,0.6475,0.6269011406844106
MCQ,MMLU-STEM,Llama3,Llama-3.1-70B-Instruct,Llama-3.1-70B-Instruct,Same,fewshot,500,0.72625,0.7241666666666666,0.7275,0.027511463109629042,0.7257456095791952,0.7316666666666667,0.71625
MCQ,MMLU-STEM,Llama3,Llama-3.1-8B,Llama-3.1-8B-Instruct,Cross,fewshot,500,0.505625,0.49875,0.51375,0.23041666666666666,0.5050124999999999,0.5304166666666666,0.47458333333333336
MCQ,MMLU-STEM,Llama3,Llama-3.1-8B,Llama-3.1-70B,Cross,fewshot,500,0.5179166666666667,0.5141666666666667,0.5204166666666666,0.16708333333333333,0.5168916666666667,0.5258333333333334,0.50125
MCQ,MMLU-STEM,Llama3,Llama-3.1-8B,Llama-3.1-70B-Instruct,Cross,fewshot,500,0.5118750000000001,0.5066666666666667,0.5175,0.16020833333333337,0.5114125,0.5233333333333333,0.4725
MCQ,MMLU-STEM,Llama3,Llama-3.1-8B-Instruct,Llama-3.1-8B,Cross,fewshot,500,0.56875,0.5683333333333334,0.5704166666666667,0.05562499999999999,0.5689541666666666,0.5716666666666667,0.565
MCQ,MMLU-STEM,Llama3,Llama-3.1-8B-Instruct,Llama-3.1-70B,Cross,fewshot,500,0.56375,0.56125,0.5654166666666667,0.07125,0.5633208333333334,0.5708333333333333,0.55375
MCQ,MMLU-STEM,Llama3,Llama-3.1-8B-Instruct,Llama-3.1-70B-Instruct,Cross,fewshot,500,0.5633333333333334,0.5604166666666667,0.565,0.08395833333333333,0.5627375,0.5704166666666667,0.5495833333333333
MCQ,MMLU-STEM,Llama3,Llama-3.1-70B,Llama-3.1-8B,Cross,fewshot,500,0.6354166666666666,0.6345833333333334,0.6375,0.07208333333333333,0.6356375,0.6391666666666667,0.6320833333333333
MCQ,MMLU-STEM,Llama3,Llama-3.1-70B,Llama-3.1-8B-Instruct,Cross,fewshot,500,0.6216666666666666,0.6157291666666667,0.62625,0.17145833333333335,0.6209375,0.6358333333333334,0.6025
MCQ,MMLU-STEM,Llama3,Llama-3.1-70B,Llama-3.1-70B-Instruct,Cross,fewshot,500,0.635,0.6320833333333333,0.6379166666666667,0.09833333333333336,0.6346291666666667,0.6425,0.6204166666666666
MCQ,MMLU-STEM,Llama3,Llama-3.1-70B-Instruct,Llama-3.1-8B,Cross,fewshot,500,0.7266666666666667,0.72625,0.7270833333333333,0.02124999999999999,0.7267291666666665,0.7283333333333334,0.7254166666666667
MCQ,MMLU-STEM,Llama3,Llama-3.1-70B-Instruct,Llama-3.1-8B-Instruct,Cross,fewshot,500,0.7225,0.72,0.72375,0.05916666666666667,0.7216999999999999,0.72625,0.7116666666666667
MCQ,MMLU-STEM,Llama3,Llama-3.1-70B-Instruct,Llama-3.1-70B,Cross,fewshot,500,0.7266666666666667,0.7261458333333333,0.7279166666666667,0.048750000000000016,0.7268875,0.7304166666666667,0.72125
MCQ,MMLU-HUMANITIES,Falcon,Falcon3-3B-Base,Falcon3-3B-Base,Same,zeroshot,500,0.4259153064533564,0.42477272727272725,0.42721590909090906,0.041477272727272724,0.425628721471214,0.43203722166832836,0.4076923076923077
MCQ,MMLU-HUMANITIES,Falcon,Falcon3-3B-Instruct,Falcon3-3B-Instruct,Same,zeroshot,500,0.4484090909090909,0.4475,0.4497185229084284,0.10136363636363635,0.44904992912218816,0.4673076923076923,0.44477272727272726
MCQ,MMLU-HUMANITIES,Falcon,Falcon3-10B-Base,Falcon3-10B-Base,Same,zeroshot,500,0.46693181818181817,0.4658180319907417,0.46795454545454546,0.0515909090909091,0.4668659696025651,0.47348394768133173,0.4526782118405155
MCQ,MMLU-HUMANITIES,Falcon,Falcon3-10B-Instruct,Falcon3-10B-Instruct,Same,zeroshot,500,0.42613636363636365,0.424731353389199,0.4275,0.08318181818181819,0.4262868849608068,0.4447653429602888,0.4176399516713653
MCQ,MMLU-HUMANITIES,Falcon,Falcon3-3B-Base,Falcon3-3B-Instruct,Cross,zeroshot,500,0.40954545454545455,0.4017613636363636,0.4152272727272727,0.2985227272727273,0.40747272727272715,0.42318181818181816,0.37886363636363635
MCQ,MMLU-HUMANITIES,Falcon,Falcon3-3B-Base,Falcon3-10B-Base,Cross,zeroshot,500,0.4072727272727273,0.4043181818181818,0.40892045454545456,0.24500000000000002,0.4071068181818181,0.4188636363636364,0.3952272727272727
MCQ,MMLU-HUMANITIES,Falcon,Falcon3-3B-Base,Falcon3-10B-Instruct,Cross,zeroshot,500,0.36,0.3572159090909091,0.3640909090909091,0.40863636363636363,0.3602068181818182,0.36977272727272725,0.34954545454545455
MCQ,MMLU-HUMANITIES,Falcon,Falcon3-3B-Instruct,Falcon3-3B-Base,Cross,zeroshot,500,0.4459090909090909,0.4456818181818182,0.4461363636363636,0.04931818181818182,0.4458704545454545,0.4465909090909091,0.44477272727272726
MCQ,MMLU-HUMANITIES,Falcon,Falcon3-3B-Instruct,Falcon3-10B-Base,Cross,zeroshot,500,0.4440909090909091,0.4434090909090909,0.44477272727272726,0.08681818181818182,0.4441522727272728,0.4470454545454545,0.44136363636363635
MCQ,MMLU-HUMANITIES,Falcon,Falcon3-3B-Instruct,Falcon3-10B-Instruct,Cross,zeroshot,500,0.3975,0.3963068181818182,0.3990909090909091,0.23545454545454544,0.3977022727272727,0.4040909090909091,0.39295454545454545
MCQ,MMLU-HUMANITIES,Falcon,Falcon3-10B-Base,Falcon3-3B-Base,Cross,zeroshot,500,0.4727272727272727,0.4722727272727273,0.47363636363636363,0.17954545454545454,0.4728863636363637,0.4759090909090909,0.46863636363636363
MCQ,MMLU-HUMANITIES,Falcon,Falcon3-10B-Base,Falcon3-3B-Instruct,Cross,zeroshot,500,0.4489772727272727,0.4394886363636364,0.4567045454545455,0.3039772727272727,0.44692727272727273,0.475,0.4043181818181818
MCQ,MMLU-HUMANITIES,Falcon,Falcon3-10B-Base,Falcon3-10B-Instruct,Cross,zeroshot,500,0.41056818181818183,0.4067613636363636,0.41397727272727275,0.37124999999999997,0.41045909090909094,0.4222727272727273,0.39590909090909093
MCQ,MMLU-HUMANITIES,Falcon,Falcon3-10B-Instruct,Falcon3-3B-Base,Cross,zeroshot,500,0.2913636363636364,0.29045454545454547,0.2918181818181818,0.6647727272727273,0.2912363636363636,0.29363636363636364,0.2881818181818182
MCQ,MMLU-HUMANITIES,Falcon,Falcon3-10B-Instruct,Falcon3-3B-Instruct,Cross,zeroshot,500,0.2727272727272727,0.2706818181818182,0.2752840909090909,0.6979545454545455,0.27315909090909096,0.2865909090909091,0.2656818181818182
MCQ,MMLU-HUMANITIES,Falcon,Falcon3-10B-Instruct,Falcon3-10B-Base,Cross,zeroshot,500,0.3140909090909091,0.3131818181818182,0.31613636363636366,0.5956818181818182,0.3146977272727273,0.3231818181818182,0.3079545454545455
MCQ,MMLU-HUMANITIES,Gemma3,gemma-3-27b-pt,gemma-3-27b-pt,Same,zeroshot,500,0.6277272727272727,0.6247087535390274,0.6303977272727272,0.05590909090909091,0.6275537301504891,0.6480769230769231,0.617148554336989
MCQ,MMLU-HUMANITIES,Gemma3,gemma-3-27b-it,gemma-3-27b-it,Same,zeroshot,500,0.6661363636363636,0.6652272727272728,0.6672727272727272,0.10227272727272727,0.6668483543154041,0.6884615384615385,0.6629545454545455
MCQ,MMLU-HUMANITIES,Gemma3,gemma-3-12b-pt,gemma-3-12b-pt,Same,zeroshot,500,0.5754545454545454,0.5739204545454546,0.5774431818181818,0.11469381688466113,0.5766506586569724,0.6096153846153847,0.5684090909090909
MCQ,MMLU-HUMANITIES,Gemma3,gemma-3-12b-it,gemma-3-12b-it,Same,zeroshot,500,0.5972727272727273,0.5963636363636363,0.5979545454545454,0.1336363636363636,0.5973977289623997,0.6115384615384616,0.5875956504228755
MCQ,MMLU-HUMANITIES,Gemma3,gemma-3-27b-pt,gemma-3-27b-it,Cross,zeroshot,500,0.5196590909090909,0.5076136363636363,0.5269886363636364,0.38909090909090904,0.5178204545454546,0.553409090909091,0.47954545454545455
MCQ,MMLU-HUMANITIES,Gemma3,gemma-3-27b-pt,gemma-3-12b-pt,Cross,zeroshot,500,0.6204545454545455,0.6188636363636364,0.6250568181818181,0.10409090909090908,0.62235,0.6372727272727273,0.6118181818181818
MCQ,MMLU-HUMANITIES,Gemma3,gemma-3-27b-pt,gemma-3-12b-it,Cross,zeroshot,500,0.6192045454545454,0.6142045454545454,0.6240909090909091,0.21079545454545456,0.6198431818181818,0.64,0.6038636363636364
MCQ,MMLU-HUMANITIES,Gemma3,gemma-3-27b-it,gemma-3-27b-pt,Cross,zeroshot,500,0.6545454545454545,0.6538636363636363,0.6561363636363636,0.07874999999999999,0.6548909090909092,0.6579545454545455,0.6518181818181819
MCQ,MMLU-HUMANITIES,Gemma3,gemma-3-27b-it,gemma-3-12b-pt,Cross,zeroshot,500,0.6572727272727272,0.6567613636363636,0.6581818181818182,0.07363636363636362,0.6574454545454544,0.6602272727272728,0.6552272727272728
MCQ,MMLU-HUMANITIES,Gemma3,gemma-3-27b-it,gemma-3-12b-it,Cross,zeroshot,500,0.6680681818181818,0.6668181818181819,0.6693181818181818,0.058409090909090904,0.6680454545454546,0.6715909090909091,0.6622727272727272
MCQ,MMLU-HUMANITIES,Gemma3,gemma-3-12b-pt,gemma-3-27b-pt,Cross,zeroshot,500,0.5740909090909091,0.5720454545454545,0.5797727272727272,0.14511363636363636,0.5757318181818182,0.5813636363636364,0.57
MCQ,MMLU-HUMANITIES,Gemma3,gemma-3-12b-pt,gemma-3-27b-it,Cross,zeroshot,500,0.48102272727272727,0.4725,0.4873863636363636,0.4042045454545454,0.47985,0.49568181818181817,0.45227272727272727
MCQ,MMLU-HUMANITIES,Gemma3,gemma-3-12b-pt,gemma-3-12b-it,Cross,zeroshot,500,0.55375,0.5515340909090909,0.555965909090909,0.2273863636363636,0.5536886363636363,0.5634090909090909,0.5440909090909091
MCQ,MMLU-HUMANITIES,Gemma3,gemma-3-12b-it,gemma-3-27b-pt,Cross,zeroshot,500,0.5986363636363636,0.5984090909090909,0.5990909090909091,0.13840909090909093,0.5987704545454546,0.5997727272727272,0.5977272727272728
MCQ,MMLU-HUMANITIES,Gemma3,gemma-3-12b-it,gemma-3-27b-it,Cross,zeroshot,500,0.5843181818181818,0.5834090909090909,0.585,0.1335227272727273,0.5840250000000001,0.5861363636363637,0.5786363636363636
MCQ,MMLU-HUMANITIES,Gemma3,gemma-3-12b-it,gemma-3-12b-pt,Cross,zeroshot,500,0.5973863636363637,0.5970454545454545,0.5979545454545454,0.1415909090909091,0.5974999999999999,0.5988636363636364,0.5963636363636363
MCQ,MMLU-HUMANITIES,Llama3,Llama-3.1-8B,Llama-3.1-8B,Same,zeroshot,500,0.44852272727272724,0.44727272727272727,0.45045454545454544,0.07227272727272728,0.4496835615465844,0.47115384615384615,0.44295454545454543
MCQ,MMLU-HUMANITIES,Llama3,Llama-3.1-8B-Instruct,Llama-3.1-8B-Instruct,Same,zeroshot,500,0.5390909090909091,0.5372727272727272,0.5406818181818182,0.09906882120437109,0.5390267530019235,0.5509025270758122,0.5324204591220298
MCQ,MMLU-HUMANITIES,Llama3,Llama-3.1-70B,Llama-3.1-70B,Same,zeroshot,500,0.5531818181818182,0.5511363636363636,0.5559090909090909,0.08272727272727273,0.5543301149402836,0.5856980703745743,0.5445454545454546
MCQ,MMLU-HUMANITIES,Llama3,Llama-3.1-70B-Instruct,Llama-3.1-70B-Instruct,Same,zeroshot,500,0.7459090909090909,0.7445454545454545,0.746815146235878,0.08131442385680876,0.7456638708669002,0.75,0.7366787377133989
MCQ,MMLU-HUMANITIES,Llama3,Llama-3.1-8B,Llama-3.1-8B-Instruct,Cross,zeroshot,500,0.41545454545454547,0.4113068181818182,0.419375,0.3714772727272727,0.4148795454545454,0.4284090909090909,0.39545454545454545
MCQ,MMLU-HUMANITIES,Llama3,Llama-3.1-8B,Llama-3.1-70B,Cross,zeroshot,500,0.43829545454545454,0.4348863636363636,0.44227272727272726,0.2722727272727272,0.4380727272727272,0.44636363636363635,0.4243181818181818
MCQ,MMLU-HUMANITIES,Llama3,Llama-3.1-8B,Llama-3.1-70B-Instruct,Cross,zeroshot,500,0.43625,0.4288068181818182,0.44227272727272726,0.3328409090909091,0.4344022727272728,0.4506818181818182,0.3927272727272727
MCQ,MMLU-HUMANITIES,Llama3,Llama-3.1-8B-Instruct,Llama-3.1-8B,Cross,zeroshot,500,0.5432954545454546,0.5422727272727272,0.5452272727272728,0.18977272727272726,0.5435590909090909,0.5475,0.5375
MCQ,MMLU-HUMANITIES,Llama3,Llama-3.1-8B-Instruct,Llama-3.1-70B,Cross,zeroshot,500,0.5219318181818182,0.5144318181818182,0.525,0.2994318181818182,0.5202022727272727,0.5327272727272727,0.5029545454545454
MCQ,MMLU-HUMANITIES,Llama3,Llama-3.1-8B-Instruct,Llama-3.1-70B-Instruct,Cross,zeroshot,500,0.5098863636363636,0.503125,0.5161931818181817,0.33636363636363636,0.5099636363636363,0.5295454545454545,0.48522727272727273
MCQ,MMLU-HUMANITIES,Llama3,Llama-3.1-70B,Llama-3.1-8B,Cross,zeroshot,500,0.550340909090909,0.5477272727272727,0.5518749999999999,0.24795454545454543,0.5501818181818181,0.5620454545454545,0.5438636363636363
MCQ,MMLU-HUMANITIES,Llama3,Llama-3.1-70B,Llama-3.1-8B-Instruct,Cross,zeroshot,500,0.4996590909090909,0.4934090909090909,0.5030113636363636,0.37329545454545454,0.4980977272727273,0.5265909090909091,0.4738636363636364
MCQ,MMLU-HUMANITIES,Llama3,Llama-3.1-70B,Llama-3.1-70B-Instruct,Cross,zeroshot,500,0.535,0.5278977272727272,0.5432954545454546,0.23443181818181819,0.5353818181818181,0.5593181818181818,0.49977272727272726
MCQ,MMLU-HUMANITIES,Llama3,Llama-3.1-70B-Instruct,Llama-3.1-8B,Cross,zeroshot,500,0.7472727272727273,0.7468181818181818,0.7477272727272727,0.06840909090909092,0.7473272727272728,0.7486363636363637,0.7452272727272727
MCQ,MMLU-HUMANITIES,Llama3,Llama-3.1-70B-Instruct,Llama-3.1-8B-Instruct,Cross,zeroshot,500,0.7384090909090909,0.7377272727272727,0.7388636363636364,0.11181818181818182,0.7382136363636362,0.7418181818181818,0.7331818181818182
MCQ,MMLU-HUMANITIES,Llama3,Llama-3.1-70B-Instruct,Llama-3.1-70B,Cross,zeroshot,500,0.7481818181818182,0.7472727272727273,0.7486363636363637,0.07068181818181818,0.7481340909090909,0.7513636363636363,0.7461363636363636
MCQ,MMLU-HUMANITIES,Falcon,Falcon3-3B-Base,Falcon3-3B-Base,Same,instronly,500,0.4301799000232504,0.4288636363636364,0.43130681818181815,0.11136363636363639,0.4303034557899798,0.4449489216799092,0.4218931475029036
MCQ,MMLU-HUMANITIES,Falcon,Falcon3-3B-Instruct,Falcon3-3B-Instruct,Same,instronly,500,0.4552272727272727,0.45431818181818184,0.45636363636363636,0.07681818181818184,0.45565249036604616,0.4729241877256318,0.450664518727346
MCQ,MMLU-HUMANITIES,Falcon,Falcon3-10B-Base,Falcon3-10B-Base,Same,instronly,500,0.5597934484214973,0.5588653314631167,0.560872067884553,0.09556818181818183,0.5596732779286134,0.5675368898978433,0.5469190495368506
MCQ,MMLU-HUMANITIES,Falcon,Falcon3-10B-Instruct,Falcon3-10B-Instruct,Same,instronly,500,0.5752272727272727,0.5745454545454546,0.5763636363636364,0.0631010161063669,0.575510592524782,0.584247258225324,0.5692307692307692
MCQ,MMLU-HUMANITIES,Falcon,Falcon3-3B-Base,Falcon3-3B-Instruct,Cross,instronly,500,0.37136363636363634,0.3629545454545455,0.3765909090909091,0.4921590909090909,0.3701,0.39,0.34295454545454546
MCQ,MMLU-HUMANITIES,Falcon,Falcon3-3B-Base,Falcon3-10B-Base,Cross,instronly,500,0.41852272727272727,0.4159090909090909,0.42113636363636364,0.2484090909090909,0.41847954545454535,0.42818181818181816,0.4090909090909091
MCQ,MMLU-HUMANITIES,Falcon,Falcon3-3B-Base,Falcon3-10B-Instruct,Cross,instronly,500,0.39749999999999996,0.39255681818181815,0.40079545454545457,0.3667045454545455,0.3969500000000001,0.4134090909090909,0.37318181818181817
MCQ,MMLU-HUMANITIES,Falcon,Falcon3-3B-Instruct,Falcon3-3B-Base,Cross,instronly,500,0.45193181818181816,0.4515909090909091,0.45227272727272727,0.1340909090909091,0.45183636363636365,0.45295454545454544,0.45
MCQ,MMLU-HUMANITIES,Falcon,Falcon3-3B-Instruct,Falcon3-10B-Base,Cross,instronly,500,0.44875,0.44767045454545457,0.45,0.17147727272727276,0.44865681818181813,0.45204545454545453,0.44477272727272726
MCQ,MMLU-HUMANITIES,Falcon,Falcon3-3B-Instruct,Falcon3-10B-Instruct,Cross,instronly,500,0.45454545454545453,0.45386363636363636,0.45545454545454545,0.07386363636363635,0.4546818181818182,0.45795454545454545,0.45181818181818184
MCQ,MMLU-HUMANITIES,Falcon,Falcon3-10B-Base,Falcon3-3B-Base,Cross,instronly,500,0.5579545454545455,0.5575,0.5584090909090909,0.13,0.5579363636363636,0.56,0.5559090909090909
MCQ,MMLU-HUMANITIES,Falcon,Falcon3-10B-Base,Falcon3-3B-Instruct,Cross,instronly,500,0.5336363636363637,0.5293181818181818,0.5379545454545455,0.27,0.5330363636363636,0.5461363636363636,0.5031818181818182
MCQ,MMLU-HUMANITIES,Falcon,Falcon3-10B-Base,Falcon3-10B-Instruct,Cross,instronly,500,0.5427272727272727,0.5396590909090909,0.5454545454545454,0.1646590909090909,0.5425568181818181,0.5518181818181818,0.5288636363636363
MCQ,MMLU-HUMANITIES,Falcon,Falcon3-10B-Instruct,Falcon3-3B-Base,Cross,instronly,500,0.5638636363636363,0.5634090909090909,0.5643181818181818,0.07295454545454545,0.5639068181818181,0.5663636363636364,0.5622727272727273
MCQ,MMLU-HUMANITIES,Falcon,Falcon3-10B-Instruct,Falcon3-3B-Instruct,Cross,instronly,500,0.5772727272727273,0.5763636363636364,0.5781818181818181,0.12056818181818182,0.577075,0.5804545454545454,0.5725
MCQ,MMLU-HUMANITIES,Falcon,Falcon3-10B-Instruct,Falcon3-10B-Base,Cross,instronly,500,0.5501136363636363,0.5472727272727272,0.5529545454545455,0.10704545454545455,0.5500431818181819,0.5570454545454545,0.5431818181818182
MCQ,MMLU-HUMANITIES,Gemma3,gemma-3-27b-pt,gemma-3-27b-pt,Same,instronly,500,0.61,0.608465909090909,0.6111268917857217,0.12136363636363637,0.6093248753629149,0.6143181818181818,0.5846153846153846
MCQ,MMLU-HUMANITIES,Gemma3,gemma-3-27b-it,gemma-3-27b-it,Same,instronly,500,0.6670454545454545,0.6663614460344611,0.6679545454545455,0.07727272727272727,0.6669108445711888,0.6786307743436357,0.6503972758229285
MCQ,MMLU-HUMANITIES,Gemma3,gemma-3-12b-pt,gemma-3-12b-pt,Same,instronly,500,0.5793181818181818,0.5772727272727273,0.5811363636363637,0.1005681818181818,0.5798420193900511,0.5970488081725313,0.5725
MCQ,MMLU-HUMANITIES,Gemma3,gemma-3-12b-it,gemma-3-12b-it,Same,instronly,500,0.5859090909090909,0.5850332461923164,0.5869985065525652,0.13136363636363635,0.5860819245406765,0.5913734392735528,0.5803463552154652
MCQ,MMLU-HUMANITIES,Gemma3,gemma-3-27b-pt,gemma-3-27b-it,Cross,instronly,500,0.3919318181818182,0.3740909090909091,0.40857954545454545,0.6019318181818182,0.3918477272727273,0.465,0.3322727272727273
MCQ,MMLU-HUMANITIES,Gemma3,gemma-3-27b-pt,gemma-3-12b-pt,Cross,instronly,500,0.5976136363636364,0.5961363636363637,0.5995454545454545,0.17352272727272727,0.5977681818181818,0.6043181818181819,0.5913636363636363
MCQ,MMLU-HUMANITIES,Gemma3,gemma-3-27b-pt,gemma-3-12b-it,Cross,instronly,500,0.5236363636363637,0.5124431818181818,0.5352840909090909,0.3325,0.5213409090909091,0.5609090909090909,0.46454545454545454
MCQ,MMLU-HUMANITIES,Gemma3,gemma-3-27b-it,gemma-3-27b-pt,Cross,instronly,500,0.6586363636363637,0.6579545454545455,0.6588636363636363,0.10977272727272729,0.6585159090909091,0.6602272727272728,0.6563636363636364
MCQ,MMLU-HUMANITIES,Gemma3,gemma-3-27b-it,gemma-3-12b-pt,Cross,instronly,500,0.6584090909090909,0.6581818181818182,0.6586363636363637,0.10522727272727272,0.6583636363636365,0.6590909090909091,0.6575
MCQ,MMLU-HUMANITIES,Gemma3,gemma-3-27b-it,gemma-3-12b-it,Cross,instronly,500,0.6654545454545454,0.6647727272727273,0.6665909090909091,0.07227272727272727,0.6655568181818182,0.6697727272727273,0.6613636363636364
MCQ,MMLU-HUMANITIES,Gemma3,gemma-3-12b-pt,gemma-3-27b-pt,Cross,instronly,500,0.5713636363636364,0.5706818181818182,0.5720454545454545,0.1693181818181818,0.5718795454545454,0.5786363636363636,0.5677272727272727
MCQ,MMLU-HUMANITIES,Gemma3,gemma-3-12b-pt,gemma-3-27b-it,Cross,instronly,500,0.3831818181818182,0.3635227272727273,0.4026136363636364,0.6013636363636363,0.3825795454545455,0.4625,0.31227272727272726
MCQ,MMLU-HUMANITIES,Gemma3,gemma-3-12b-pt,gemma-3-12b-it,Cross,instronly,500,0.44125000000000003,0.43221590909090907,0.45028409090909094,0.4028409090909091,0.4428113636363636,0.5038636363636364,0.4059090909090909
MCQ,MMLU-HUMANITIES,Gemma3,gemma-3-12b-it,gemma-3-27b-pt,Cross,instronly,500,0.5852272727272727,0.585,0.5854545454545454,0.16999999999999998,0.5851522727272728,0.5856818181818182,0.5840909090909091
MCQ,MMLU-HUMANITIES,Gemma3,gemma-3-12b-it,gemma-3-27b-it,Cross,instronly,500,0.5797727272727272,0.5788636363636364,0.5806818181818182,0.12977272727272726,0.5796681818181818,0.5831818181818181,0.5770454545454545
MCQ,MMLU-HUMANITIES,Gemma3,gemma-3-12b-it,gemma-3-12b-pt,Cross,instronly,500,0.5843181818181818,0.5840909090909091,0.5847727272727272,0.17272727272727273,0.5843590909090909,0.5852272727272727,0.5836363636363636
MCQ,MMLU-HUMANITIES,Llama3,Llama-3.1-8B,Llama-3.1-8B,Same,instronly,500,0.49289691355473353,0.4914204545454546,0.4943181818181818,0.03318181818181819,0.493461402351228,0.5085130533484676,0.4879545454545455
MCQ,MMLU-HUMANITIES,Llama3,Llama-3.1-8B-Instruct,Llama-3.1-8B-Instruct,Same,instronly,500,0.5402272727272728,0.5390909090909091,0.5417613636363636,0.09943181818181818,0.5398141559437689,0.5454545454545454,0.5096153846153846
MCQ,MMLU-HUMANITIES,Llama3,Llama-3.1-70B,Llama-3.1-70B,Same,instronly,500,0.5852272727272727,0.5840909090909091,0.5868181818181818,0.05217684578328198,0.5864797780599112,0.6129398410896708,0.5809090909090909
MCQ,MMLU-HUMANITIES,Llama3,Llama-3.1-70B-Instruct,Llama-3.1-70B-Instruct,Same,instronly,500,0.7468181818181818,0.7459090909090909,0.747939263679841,0.060454545454545455,0.7468774337254477,0.7530741110003324,0.7400681044267877
MCQ,MMLU-HUMANITIES,Llama3,Llama-3.1-8B,Llama-3.1-8B-Instruct,Cross,instronly,500,0.47238636363636366,0.4709659090909091,0.4731818181818182,0.27340909090909093,0.47203863636363635,0.4768181818181818,0.46386363636363637
MCQ,MMLU-HUMANITIES,Llama3,Llama-3.1-8B,Llama-3.1-70B,Cross,instronly,500,0.4777272727272727,0.47295454545454546,0.48102272727272727,0.23886363636363633,0.4765772727272726,0.48818181818181816,0.4611363636363636
MCQ,MMLU-HUMANITIES,Llama3,Llama-3.1-8B,Llama-3.1-70B-Instruct,Cross,instronly,500,0.45875,0.44977272727272727,0.4650568181818182,0.3593181818181818,0.45620227272727276,0.4781818181818182,0.4234090909090909
MCQ,MMLU-HUMANITIES,Llama3,Llama-3.1-8B-Instruct,Llama-3.1-8B,Cross,instronly,500,0.5288636363636363,0.5279545454545455,0.5297727272727273,0.14647727272727273,0.5288454545454546,0.5340909090909091,0.5247727272727273
MCQ,MMLU-HUMANITIES,Llama3,Llama-3.1-8B-Instruct,Llama-3.1-70B,Cross,instronly,500,0.5218181818181818,0.5197727272727273,0.5236363636363637,0.17409090909090907,0.5217613636363637,0.5288636363636363,0.514090909090909
MCQ,MMLU-HUMANITIES,Llama3,Llama-3.1-8B-Instruct,Llama-3.1-70B-Instruct,Cross,instronly,500,0.5180681818181818,0.5146590909090909,0.52125,0.25125,0.5173477272727272,0.5327272727272727,0.5022727272727273
MCQ,MMLU-HUMANITIES,Llama3,Llama-3.1-70B,Llama-3.1-8B,Cross,instronly,500,0.5769318181818182,0.5763636363636364,0.5777272727272728,0.18875000000000003,0.5771704545454547,0.5845454545454546,0.5743181818181818
MCQ,MMLU-HUMANITIES,Llama3,Llama-3.1-70B,Llama-3.1-8B-Instruct,Cross,instronly,500,0.58375,0.5818181818181818,0.5859659090909091,0.15000000000000002,0.5840613636363637,0.5902272727272727,0.5772727272727273
MCQ,MMLU-HUMANITIES,Llama3,Llama-3.1-70B,Llama-3.1-70B-Instruct,Cross,instronly,500,0.5380681818181818,0.5290909090909091,0.5446022727272728,0.3254545454545455,0.5368772727272727,0.5768181818181818,0.5077272727272727
MCQ,MMLU-HUMANITIES,Llama3,Llama-3.1-70B-Instruct,Llama-3.1-8B,Cross,instronly,500,0.7518181818181818,0.7513636363636363,0.7520454545454546,0.04829545454545454,0.7517090909090908,0.7529545454545454,0.7502272727272727
MCQ,MMLU-HUMANITIES,Llama3,Llama-3.1-70B-Instruct,Llama-3.1-8B-Instruct,Cross,instronly,500,0.7452272727272727,0.7443181818181818,0.7466477272727272,0.09102272727272728,0.7452659090909093,0.7495454545454545,0.74
MCQ,MMLU-HUMANITIES,Llama3,Llama-3.1-70B-Instruct,Llama-3.1-70B,Cross,instronly,500,0.7459090909090909,0.7447727272727273,0.7472727272727273,0.06715909090909089,0.7460454545454547,0.7495454545454545,0.7429545454545454
MCQ,MMLU-HUMANITIES,Falcon,Falcon3-3B-Base,Falcon3-3B-Base,Same,fewshot,500,0.45204545454545453,0.45073863636363637,0.4531818181818182,0.09738636363636363,0.45145200958645954,0.4556818181818182,0.4326923076923077
MCQ,MMLU-HUMANITIES,Falcon,Falcon3-3B-Instruct,Falcon3-3B-Instruct,Same,fewshot,500,0.45,0.4491477272727273,0.4511363636363636,0.050454545454545446,0.4500538593524261,0.4584837545126354,0.4405960531614982
MCQ,MMLU-HUMANITIES,Falcon,Falcon3-10B-Base,Falcon3-10B-Base,Same,fewshot,500,0.6013636363636363,0.6,0.6027272727272728,0.03526337446429681,0.6012147251000721,0.6061363636363636,0.5916230366492147
MCQ,MMLU-HUMANITIES,Falcon,Falcon3-10B-Instruct,Falcon3-10B-Instruct,Same,fewshot,500,0.6161363636363636,0.6152272727272727,0.6172727272727273,0.04284090909090909,0.6173554008198403,0.6424517593643587,0.6129545454545454
MCQ,MMLU-HUMANITIES,Falcon,Falcon3-3B-Base,Falcon3-3B-Instruct,Cross,fewshot,500,0.43875,0.43017045454545455,0.44482954545454545,0.28261363636363634,0.43732954545454544,0.4565909090909091,0.4131818181818182
MCQ,MMLU-HUMANITIES,Falcon,Falcon3-3B-Base,Falcon3-10B-Base,Cross,fewshot,500,0.45181818181818184,0.45,0.45323863636363637,0.18840909090909091,0.4516795454545455,0.45636363636363636,0.4440909090909091
MCQ,MMLU-HUMANITIES,Falcon,Falcon3-3B-Base,Falcon3-10B-Instruct,Cross,fewshot,500,0.43568181818181817,0.4250568181818182,0.4416477272727273,0.35988636363636367,0.43257954545454547,0.4531818181818182,0.38977272727272727
MCQ,MMLU-HUMANITIES,Falcon,Falcon3-3B-Instruct,Falcon3-3B-Base,Cross,fewshot,500,0.45,0.44977272727272727,0.45022727272727275,0.07999999999999999,0.4500818181818183,0.4509090909090909,0.44931818181818184
MCQ,MMLU-HUMANITIES,Falcon,Falcon3-3B-Instruct,Falcon3-10B-Base,Cross,fewshot,500,0.4495454545454545,0.44931818181818184,0.45,0.08454545454545455,0.44965227272727276,0.4515909090909091,0.4475
MCQ,MMLU-HUMANITIES,Falcon,Falcon3-3B-Instruct,Falcon3-10B-Instruct,Cross,fewshot,500,0.45022727272727275,0.44886363636363635,0.4511363636363636,0.06795454545454546,0.4501113636363636,0.455,0.44681818181818184
MCQ,MMLU-HUMANITIES,Falcon,Falcon3-10B-Base,Falcon3-3B-Base,Cross,fewshot,500,0.6,0.5993181818181819,0.6006818181818182,0.06568181818181817,0.6000909090909091,0.6027272727272728,0.5975
MCQ,MMLU-HUMANITIES,Falcon,Falcon3-10B-Base,Falcon3-3B-Instruct,Cross,fewshot,500,0.5754545454545454,0.5619886363636364,0.5886363636363636,0.19965909090909092,0.5735659090909091,0.6,0.5270454545454546
MCQ,MMLU-HUMANITIES,Falcon,Falcon3-10B-Base,Falcon3-10B-Instruct,Cross,fewshot,500,0.5623863636363636,0.549375,0.5775568181818183,0.25579545454545455,0.5618590909090909,0.6011363636363637,0.49568181818181817
MCQ,MMLU-HUMANITIES,Falcon,Falcon3-10B-Instruct,Falcon3-3B-Base,Cross,fewshot,500,0.6156818181818182,0.6154545454545455,0.6161363636363636,0.058863636363636354,0.6157113636363637,0.6165909090909091,0.615
MCQ,MMLU-HUMANITIES,Falcon,Falcon3-10B-Instruct,Falcon3-3B-Instruct,Cross,fewshot,500,0.6168181818181818,0.615909090909091,0.6175,0.05977272727272727,0.6167340909090909,0.6190909090909091,0.6138636363636364
MCQ,MMLU-HUMANITIES,Falcon,Falcon3-10B-Instruct,Falcon3-10B-Base,Cross,fewshot,500,0.6134090909090909,0.6129545454545454,0.6138636363636364,0.07022727272727272,0.613434090909091,0.6154545454545455,0.6120454545454546
MCQ,MMLU-HUMANITIES,Gemma3,gemma-3-27b-pt,gemma-3-27b-pt,Same,fewshot,500,0.6409090909090909,0.6381818181818182,0.6422159090909091,0.08079545454545456,0.6402090015663888,0.6479545454545454,0.6186152099886493
MCQ,MMLU-HUMANITIES,Gemma3,gemma-3-27b-it,gemma-3-27b-it,Same,fewshot,500,0.6792343363989288,0.678409090909091,0.6799431818181818,0.023319211817560713,0.6793635882909277,0.6923076923076923,0.6753688989784336
MCQ,MMLU-HUMANITIES,Gemma3,gemma-3-12b-pt,gemma-3-12b-pt,Same,fewshot,500,0.6037735644301129,0.6022727272727273,0.6056250000000001,0.05568181818181819,0.6037142983614238,0.6093181818181819,0.5968181818181818
MCQ,MMLU-HUMANITIES,Gemma3,gemma-3-12b-it,gemma-3-12b-it,Same,fewshot,500,0.6102272727272727,0.6097727272727272,0.6108609503976751,0.11102272727272727,0.6104786325308075,0.6211538461538462,0.6053161498187676
MCQ,MMLU-HUMANITIES,Gemma3,gemma-3-27b-pt,gemma-3-27b-it,Cross,fewshot,500,0.5013636363636363,0.4690340909090909,0.526875,0.4409090909090909,0.49730454545454533,0.5695454545454546,0.4018181818181818
MCQ,MMLU-HUMANITIES,Gemma3,gemma-3-27b-pt,gemma-3-12b-pt,Cross,fewshot,500,0.6240909090909091,0.6198863636363636,0.630284090909091,0.11431818181818182,0.6248636363636364,0.6384090909090909,0.6045454545454545
MCQ,MMLU-HUMANITIES,Gemma3,gemma-3-27b-pt,gemma-3-12b-it,Cross,fewshot,500,0.5848863636363637,0.5767613636363635,0.5943181818181819,0.28556818181818183,0.5833704545454546,0.6115909090909091,0.5327272727272727
MCQ,MMLU-HUMANITIES,Gemma3,gemma-3-27b-it,gemma-3-27b-pt,Cross,fewshot,500,0.6795454545454546,0.6790909090909091,0.68,0.049545454545454524,0.6797522727272728,0.6820454545454545,0.6786363636363636
MCQ,MMLU-HUMANITIES,Gemma3,gemma-3-27b-it,gemma-3-12b-pt,Cross,fewshot,500,0.6793181818181818,0.6790340909090908,0.6797727272727273,0.048863636363636345,0.6792772727272726,0.6809090909090909,0.6777272727272727
MCQ,MMLU-HUMANITIES,Gemma3,gemma-3-27b-it,gemma-3-12b-it,Cross,fewshot,500,0.6790909090909091,0.6781818181818182,0.6796022727272728,0.0359090909090909,0.6788022727272726,0.6811363636363637,0.6731818181818182
MCQ,MMLU-HUMANITIES,Gemma3,gemma-3-12b-pt,gemma-3-27b-pt,Cross,fewshot,500,0.6040909090909091,0.5956818181818182,0.6066477272727273,0.0965909090909091,0.6019772727272727,0.6097727272727272,0.5859090909090909
MCQ,MMLU-HUMANITIES,Gemma3,gemma-3-12b-pt,gemma-3-27b-it,Cross,fewshot,500,0.4878409090909091,0.4600568181818182,0.5140909090909092,0.4663636363636363,0.486475,0.5618181818181818,0.4088636363636364
MCQ,MMLU-HUMANITIES,Gemma3,gemma-3-12b-pt,gemma-3-12b-it,Cross,fewshot,500,0.5654545454545454,0.5517045454545454,0.5723863636363636,0.3220454545454545,0.5618045454545455,0.5929545454545454,0.5179545454545454
MCQ,MMLU-HUMANITIES,Gemma3,gemma-3-12b-it,gemma-3-27b-pt,Cross,fewshot,500,0.6095454545454545,0.6093181818181819,0.6097727272727272,0.115,0.609615909090909,0.6104545454545455,0.6088636363636364
MCQ,MMLU-HUMANITIES,Gemma3,gemma-3-12b-it,gemma-3-27b-it,Cross,fewshot,500,0.6093181818181819,0.6081818181818182,0.6102272727272727,0.1159090909090909,0.6091613636363636,0.6125,0.6052272727272727
MCQ,MMLU-HUMANITIES,Gemma3,gemma-3-12b-it,gemma-3-12b-pt,Cross,fewshot,500,0.61,0.6097727272727272,0.61,0.11613636363636363,0.6099113636363636,0.6106818181818182,0.6088636363636364
MCQ,MMLU-HUMANITIES,Llama3,Llama-3.1-8B,Llama-3.1-8B,Same,fewshot,500,0.5164772727272727,0.5152272727272728,0.518125,0.05295454545454547,0.5175080964713128,0.5346153846153846,0.5129545454545454
MCQ,MMLU-HUMANITIES,Llama3,Llama-3.1-8B-Instruct,Llama-3.1-8B-Instruct,Same,fewshot,500,0.5752272727272727,0.5738636363636364,0.5765340909090909,0.040795454545454544,0.5754684532694672,0.5865736124958458,0.571590909090909
MCQ,MMLU-HUMANITIES,Llama3,Llama-3.1-70B,Llama-3.1-70B,Same,fewshot,500,0.6043619362509909,0.6029545454545454,0.6056818181818182,0.07954545454545453,0.6042279217216058,0.6100464576074333,0.599275070479259
MCQ,MMLU-HUMANITIES,Llama3,Llama-3.1-70B-Instruct,Llama-3.1-70B-Instruct,Same,fewshot,500,0.7518181818181818,0.7509090909090909,0.7529545454545454,0.045909090909090906,0.7524001414102117,0.7846153846153846,0.7479545454545454
MCQ,MMLU-HUMANITIES,Llama3,Llama-3.1-8B,Llama-3.1-8B-Instruct,Cross,fewshot,500,0.47875,0.46823863636363633,0.48801136363636366,0.41602272727272727,0.47723636363636374,0.5079545454545454,0.44022727272727274
MCQ,MMLU-HUMANITIES,Llama3,Llama-3.1-8B,Llama-3.1-70B,Cross,fewshot,500,0.5054545454545455,0.5017613636363636,0.5093181818181818,0.27386363636363636,0.5051659090909092,0.5170454545454546,0.49272727272727274
MCQ,MMLU-HUMANITIES,Llama3,Llama-3.1-8B,Llama-3.1-70B-Instruct,Cross,fewshot,500,0.4865909090909091,0.4808522727272727,0.4925568181818182,0.2818181818181818,0.48538409090909096,0.5040909090909091,0.4475
MCQ,MMLU-HUMANITIES,Llama3,Llama-3.1-8B-Instruct,Llama-3.1-8B,Cross,fewshot,500,0.5768181818181818,0.5759090909090909,0.5775,0.06102272727272726,0.5765840909090909,0.5790909090909091,0.5743181818181818
MCQ,MMLU-HUMANITIES,Llama3,Llama-3.1-8B-Instruct,Llama-3.1-70B,Cross,fewshot,500,0.576590909090909,0.5756818181818182,0.5772727272727273,0.0680681818181818,0.5763409090909092,0.5790909090909091,0.5718181818181818
MCQ,MMLU-HUMANITIES,Llama3,Llama-3.1-8B-Instruct,Llama-3.1-70B-Instruct,Cross,fewshot,500,0.5677272727272727,0.5647159090909091,0.5704545454545454,0.10136363636363636,0.5673931818181819,0.5743181818181818,0.5575
MCQ,MMLU-HUMANITIES,Llama3,Llama-3.1-70B,Llama-3.1-8B,Cross,fewshot,500,0.6202272727272727,0.618125,0.6209090909090909,0.07454545454545453,0.6194999999999999,0.6213636363636363,0.6120454545454546
MCQ,MMLU-HUMANITIES,Llama3,Llama-3.1-70B,Llama-3.1-8B-Instruct,Cross,fewshot,500,0.5872727272727273,0.5843181818181818,0.5947727272727272,0.13090909090909092,0.5887977272727273,0.6065909090909091,0.5690909090909091
MCQ,MMLU-HUMANITIES,Llama3,Llama-3.1-70B,Llama-3.1-70B-Instruct,Cross,fewshot,500,0.5878409090909091,0.5826704545454546,0.5936931818181819,0.15954545454545455,0.5875750000000001,0.605909090909091,0.5609090909090909
MCQ,MMLU-HUMANITIES,Llama3,Llama-3.1-70B-Instruct,Llama-3.1-8B,Cross,fewshot,500,0.7509090909090909,0.7503977272727274,0.7513636363636363,0.03193181818181818,0.7507522727272726,0.7529545454545454,0.7486363636363637
MCQ,MMLU-HUMANITIES,Llama3,Llama-3.1-70B-Instruct,Llama-3.1-8B-Instruct,Cross,fewshot,500,0.7572727272727273,0.7561363636363636,0.7580113636363637,0.018863636363636367,0.7570454545454547,0.7593181818181818,0.7534090909090909
MCQ,MMLU-HUMANITIES,Llama3,Llama-3.1-70B-Instruct,Llama-3.1-70B,Cross,fewshot,500,0.7518181818181818,0.7506250000000001,0.7525568181818181,0.027954545454545454,0.7516840909090908,0.755,0.7486363636363637
MCQ,MMLU-SOCIAL_SCI,Falcon,Falcon3-3B-Base,Falcon3-3B-Base,Same,zeroshot,500,0.53,0.52875,0.53125,0.050416666666666665,0.5298442226621303,0.535,0.5252820727120769
MCQ,MMLU-SOCIAL_SCI,Falcon,Falcon3-3B-Instruct,Falcon3-3B-Instruct,Same,zeroshot,500,0.6020833333333333,0.6007685738684885,0.6033333333333334,0.01625,0.601938667771196,0.6070833333333333,0.5968763191219923
MCQ,MMLU-SOCIAL_SCI,Falcon,Falcon3-10B-Base,Falcon3-10B-Base,Same,zeroshot,500,0.6529166666666667,0.65125,0.6545833333333333,0.02500000000000001,0.6529392175171275,0.6579846285226302,0.6475
MCQ,MMLU-SOCIAL_SCI,Falcon,Falcon3-10B-Instruct,Falcon3-10B-Instruct,Same,zeroshot,500,0.4705390722941914,0.4691666666666667,0.4725,0.03291666666666665,0.4708566755707313,0.47625,0.46458333333333335
MCQ,MMLU-SOCIAL_SCI,Falcon,Falcon3-3B-Base,Falcon3-3B-Instruct,Cross,zeroshot,500,0.49875,0.4890625,0.5084375,0.2635416666666667,0.49842499999999995,0.5233333333333333,0.42541666666666667
MCQ,MMLU-SOCIAL_SCI,Falcon,Falcon3-3B-Base,Falcon3-10B-Base,Cross,zeroshot,500,0.5141666666666667,0.5119791666666667,0.5170833333333333,0.20604166666666668,0.5140666666666667,0.5254166666666666,0.5020833333333333
MCQ,MMLU-SOCIAL_SCI,Falcon,Falcon3-3B-Base,Falcon3-10B-Instruct,Cross,zeroshot,500,0.43625,0.4320833333333333,0.44,0.35833333333333334,0.4355541666666667,0.4508333333333333,0.41083333333333333
MCQ,MMLU-SOCIAL_SCI,Falcon,Falcon3-3B-Instruct,Falcon3-3B-Base,Cross,zeroshot,500,0.5966666666666667,0.59625,0.5970833333333333,0.03791666666666666,0.5965458333333331,0.5983333333333334,0.595
MCQ,MMLU-SOCIAL_SCI,Falcon,Falcon3-3B-Instruct,Falcon3-10B-Base,Cross,zeroshot,500,0.59125,0.59,0.5920833333333333,0.07208333333333333,0.5910541666666669,0.5958333333333333,0.58625
MCQ,MMLU-SOCIAL_SCI,Falcon,Falcon3-3B-Instruct,Falcon3-10B-Instruct,Cross,zeroshot,500,0.5177083333333333,0.5154166666666666,0.5201041666666667,0.21604166666666666,0.5177666666666666,0.5275,0.5041666666666667
MCQ,MMLU-SOCIAL_SCI,Falcon,Falcon3-10B-Base,Falcon3-3B-Base,Cross,zeroshot,500,0.6425,0.64125,0.645,0.10833333333333334,0.6428375,0.65,0.6370833333333333
MCQ,MMLU-SOCIAL_SCI,Falcon,Falcon3-10B-Base,Falcon3-3B-Instruct,Cross,zeroshot,500,0.6025,0.5936458333333333,0.6116666666666667,0.20375,0.6005916666666665,0.6254166666666666,0.515
MCQ,MMLU-SOCIAL_SCI,Falcon,Falcon3-10B-Base,Falcon3-10B-Instruct,Cross,zeroshot,500,0.5308333333333334,0.5279166666666667,0.5342708333333334,0.260625,0.5304875,0.5395833333333333,0.5133333333333333
MCQ,MMLU-SOCIAL_SCI,Falcon,Falcon3-10B-Instruct,Falcon3-3B-Base,Cross,zeroshot,500,0.325,0.32375,0.32625,0.6349999999999999,0.32482083333333334,0.3275,0.31916666666666665
MCQ,MMLU-SOCIAL_SCI,Falcon,Falcon3-10B-Instruct,Falcon3-3B-Instruct,Cross,zeroshot,500,0.3095833333333333,0.3040625,0.3145833333333333,0.6595833333333334,0.3092833333333333,0.3283333333333333,0.29333333333333333
MCQ,MMLU-SOCIAL_SCI,Falcon,Falcon3-10B-Instruct,Falcon3-10B-Base,Cross,zeroshot,500,0.33416666666666667,0.3329166666666667,0.3358333333333333,0.62,0.33413333333333334,0.3425,0.32458333333333333
MCQ,MMLU-SOCIAL_SCI,Gemma3,gemma-3-27b-pt,gemma-3-27b-pt,Same,zeroshot,500,0.819891349770163,0.8183333333333334,0.82125,0.019166666666666665,0.819887011395178,0.8241666666666667,0.815
MCQ,MMLU-SOCIAL_SCI,Gemma3,gemma-3-27b-it,gemma-3-27b-it,Same,zeroshot,500,0.8283333333333334,0.8279166666666666,0.8295833333333333,0.05374999999999998,0.8285537841697038,0.8334149926506614,0.8241666666666667
MCQ,MMLU-SOCIAL_SCI,Gemma3,gemma-3-12b-pt,gemma-3-12b-pt,Same,zeroshot,500,0.7680555555555556,0.7666666666666667,0.7695833333333333,0.04625,0.7679383920047683,0.7725,0.7608333333333334
MCQ,MMLU-SOCIAL_SCI,Gemma3,gemma-3-12b-it,gemma-3-12b-it,Same,zeroshot,500,0.7983333333333333,0.7973255328040117,0.7991666666666667,0.036773923944839124,0.7985163712453871,0.8064814814814815,0.7954166666666667
MCQ,MMLU-SOCIAL_SCI,Gemma3,gemma-3-27b-pt,gemma-3-27b-it,Cross,zeroshot,500,0.6793750000000001,0.6727083333333334,0.68625,0.24458333333333335,0.6795791666666665,0.7075,0.6475
MCQ,MMLU-SOCIAL_SCI,Gemma3,gemma-3-27b-pt,gemma-3-12b-pt,Cross,zeroshot,500,0.8170833333333334,0.81625,0.8183333333333334,0.02625000000000001,0.8174916666666665,0.8229166666666666,0.81375
MCQ,MMLU-SOCIAL_SCI,Gemma3,gemma-3-27b-pt,gemma-3-12b-it,Cross,zeroshot,500,0.8025,0.7991666666666667,0.8058333333333333,0.08583333333333334,0.8025958333333333,0.8154166666666667,0.7920833333333334
MCQ,MMLU-SOCIAL_SCI,Gemma3,gemma-3-27b-it,gemma-3-27b-pt,Cross,zeroshot,500,0.83,0.8295833333333333,0.8304166666666667,0.02833333333333332,0.8299499999999999,0.8316666666666667,0.8270833333333333
MCQ,MMLU-SOCIAL_SCI,Gemma3,gemma-3-27b-it,gemma-3-12b-pt,Cross,zeroshot,500,0.82875,0.8279166666666666,0.8291666666666667,0.03249999999999999,0.8285874999999998,0.8304166666666667,0.8258333333333333
MCQ,MMLU-SOCIAL_SCI,Gemma3,gemma-3-27b-it,gemma-3-12b-it,Cross,zeroshot,500,0.83625,0.8345833333333333,0.8375,0.027708333333333328,0.8358833333333334,0.84,0.8304166666666667
MCQ,MMLU-SOCIAL_SCI,Gemma3,gemma-3-12b-pt,gemma-3-27b-pt,Cross,zeroshot,500,0.7641666666666667,0.76125,0.7663541666666667,0.06833333333333336,0.7636208333333334,0.7708333333333334,0.7491666666666666
MCQ,MMLU-SOCIAL_SCI,Gemma3,gemma-3-12b-pt,gemma-3-27b-it,Cross,zeroshot,500,0.6191666666666666,0.6120833333333333,0.6254166666666666,0.28500000000000003,0.6184958333333334,0.6479166666666667,0.5879166666666666
MCQ,MMLU-SOCIAL_SCI,Gemma3,gemma-3-12b-pt,gemma-3-12b-it,Cross,zeroshot,500,0.7410416666666666,0.73625,0.7438541666666667,0.10833333333333334,0.7402458333333333,0.7516666666666667,0.7283333333333334
MCQ,MMLU-SOCIAL_SCI,Gemma3,gemma-3-12b-it,gemma-3-27b-pt,Cross,zeroshot,500,0.8016666666666666,0.8015625,0.8020833333333334,0.026666666666666672,0.8018333333333331,0.8033333333333333,0.8008333333333333
MCQ,MMLU-SOCIAL_SCI,Gemma3,gemma-3-12b-it,gemma-3-27b-it,Cross,zeroshot,500,0.785,0.7840625,0.7858333333333334,0.06958333333333333,0.7843916666666666,0.7875,0.7783333333333333
MCQ,MMLU-SOCIAL_SCI,Gemma3,gemma-3-12b-it,gemma-3-12b-pt,Cross,zeroshot,500,0.8016666666666666,0.8015625,0.8020833333333334,0.02541666666666665,0.8016625,0.8029166666666666,0.8004166666666667
MCQ,MMLU-SOCIAL_SCI,Llama3,Llama-3.1-8B,Llama-3.1-8B,Same,zeroshot,500,0.5595833333333333,0.5579166666666666,0.5608333333333333,0.08541666666666665,0.5592370883863561,0.5633333333333334,0.5502204801567859
MCQ,MMLU-SOCIAL_SCI,Llama3,Llama-3.1-8B-Instruct,Llama-3.1-8B-Instruct,Same,zeroshot,500,0.7045833333333333,0.7029166666666666,0.7058333333333333,0.06166666666666669,0.7044938722109854,0.7125,0.69875
MCQ,MMLU-SOCIAL_SCI,Llama3,Llama-3.1-70B,Llama-3.1-70B,Same,zeroshot,500,0.7258333333333333,0.7241666666666666,0.7275,0.07416666666666666,0.7257855492263652,0.7308333333333333,0.7195121951219512
MCQ,MMLU-SOCIAL_SCI,Llama3,Llama-3.1-70B-Instruct,Llama-3.1-70B-Instruct,Same,zeroshot,500,0.83375,0.8325,0.8354166666666667,0.05916666666666666,0.8340964107770968,0.84323358642251,0.83
MCQ,MMLU-SOCIAL_SCI,Llama3,Llama-3.1-8B,Llama-3.1-8B-Instruct,Cross,zeroshot,500,0.5208333333333334,0.5179166666666667,0.5281250000000001,0.2375,0.5230333333333332,0.54,0.49875
MCQ,MMLU-SOCIAL_SCI,Llama3,Llama-3.1-8B,Llama-3.1-70B,Cross,zeroshot,500,0.549375,0.5466666666666666,0.55125,0.13895833333333332,0.5491458333333334,0.5570833333333334,0.5375
MCQ,MMLU-SOCIAL_SCI,Llama3,Llama-3.1-8B,Llama-3.1-70B-Instruct,Cross,zeroshot,500,0.549375,0.5461458333333333,0.5516666666666666,0.08645833333333333,0.5485958333333333,0.5558333333333333,0.5354166666666667
MCQ,MMLU-SOCIAL_SCI,Llama3,Llama-3.1-8B-Instruct,Llama-3.1-8B,Cross,zeroshot,500,0.6920833333333334,0.6904166666666667,0.6933333333333334,0.10395833333333332,0.6918208333333332,0.6958333333333333,0.6870833333333334
MCQ,MMLU-SOCIAL_SCI,Llama3,Llama-3.1-8B-Instruct,Llama-3.1-70B,Cross,zeroshot,500,0.695,0.6929166666666666,0.6975,0.10062499999999999,0.6949999999999998,0.6995833333333333,0.68875
MCQ,MMLU-SOCIAL_SCI,Llama3,Llama-3.1-8B-Instruct,Llama-3.1-70B-Instruct,Cross,zeroshot,500,0.68375,0.6804166666666667,0.68625,0.13166666666666665,0.6838208333333335,0.6958333333333333,0.6741666666666667
MCQ,MMLU-SOCIAL_SCI,Llama3,Llama-3.1-70B,Llama-3.1-8B,Cross,zeroshot,500,0.7208333333333333,0.7191666666666666,0.7238541666666667,0.111875,0.7216333333333335,0.73125,0.7095833333333333
MCQ,MMLU-SOCIAL_SCI,Llama3,Llama-3.1-70B,Llama-3.1-8B-Instruct,Cross,zeroshot,500,0.6866666666666666,0.6819791666666667,0.6909375,0.1708333333333333,0.6864374999999998,0.7016666666666667,0.6741666666666667
MCQ,MMLU-SOCIAL_SCI,Llama3,Llama-3.1-70B,Llama-3.1-70B-Instruct,Cross,zeroshot,500,0.7266666666666667,0.7223958333333333,0.7291666666666666,0.07958333333333334,0.7250416666666666,0.7341666666666666,0.6916666666666667
MCQ,MMLU-SOCIAL_SCI,Llama3,Llama-3.1-70B-Instruct,Llama-3.1-8B,Cross,zeroshot,500,0.8425,0.8416666666666667,0.8430208333333333,0.039999999999999994,0.8423291666666668,0.845,0.8379166666666666
MCQ,MMLU-SOCIAL_SCI,Llama3,Llama-3.1-70B-Instruct,Llama-3.1-8B-Instruct,Cross,zeroshot,500,0.8333333333333334,0.8304166666666667,0.8363541666666667,0.062083333333333324,0.8335458333333334,0.8420833333333333,0.8270833333333333
MCQ,MMLU-SOCIAL_SCI,Llama3,Llama-3.1-70B-Instruct,Llama-3.1-70B,Cross,zeroshot,500,0.8395833333333333,0.8379166666666666,0.8408333333333333,0.047500000000000014,0.8392875000000001,0.8441666666666666,0.8325
MCQ,MMLU-SOCIAL_SCI,Falcon,Falcon3-3B-Base,Falcon3-3B-Base,Same,instronly,500,0.5604166666666667,0.5591666666666667,0.56125,0.012083333333333335,0.5600148867675039,0.5633389261744967,0.5541161721688257
MCQ,MMLU-SOCIAL_SCI,Falcon,Falcon3-3B-Instruct,Falcon3-3B-Instruct,Same,instronly,500,0.61125,0.6104166666666667,0.6120833333333333,0.020416666666666652,0.6111804495563599,0.61625,0.6079166666666667
MCQ,MMLU-SOCIAL_SCI,Falcon,Falcon3-10B-Base,Falcon3-10B-Base,Same,instronly,500,0.7616666666666667,0.76,0.7633333333333333,0.02775405636208368,0.7618969020503475,0.7670833333333333,0.7584517393434591
MCQ,MMLU-SOCIAL_SCI,Falcon,Falcon3-10B-Instruct,Falcon3-10B-Instruct,Same,instronly,500,0.7566666666666667,0.755,0.7579166666666667,0.03875000000000001,0.7568718899135631,0.7697207251347379,0.7520868113522537
MCQ,MMLU-SOCIAL_SCI,Falcon,Falcon3-3B-Base,Falcon3-3B-Instruct,Cross,instronly,500,0.43833333333333335,0.419375,0.4596875,0.44895833333333335,0.43953749999999997,0.49833333333333335,0.37125
MCQ,MMLU-SOCIAL_SCI,Falcon,Falcon3-3B-Base,Falcon3-10B-Base,Cross,instronly,500,0.5466666666666666,0.5419791666666667,0.5513541666666667,0.13312500000000002,0.5461333333333334,0.5608333333333333,0.5266666666666666
MCQ,MMLU-SOCIAL_SCI,Falcon,Falcon3-3B-Base,Falcon3-10B-Instruct,Cross,instronly,500,0.4841666666666667,0.4741666666666667,0.4925,0.31833333333333336,0.4837291666666667,0.5083333333333333,0.45375
MCQ,MMLU-SOCIAL_SCI,Falcon,Falcon3-3B-Instruct,Falcon3-3B-Base,Cross,instronly,500,0.6079166666666667,0.6075,0.60875,0.051250000000000004,0.6078916666666667,0.6095833333333334,0.6054166666666667
MCQ,MMLU-SOCIAL_SCI,Falcon,Falcon3-3B-Instruct,Falcon3-10B-Base,Cross,instronly,500,0.6066666666666667,0.60625,0.6075,0.06791666666666668,0.6068458333333333,0.61,0.6045833333333334
MCQ,MMLU-SOCIAL_SCI,Falcon,Falcon3-3B-Instruct,Falcon3-10B-Instruct,Cross,instronly,500,0.605,0.6040625,0.60625,0.07375,0.6051208333333333,0.6095833333333334,0.6008333333333333
MCQ,MMLU-SOCIAL_SCI,Falcon,Falcon3-10B-Base,Falcon3-3B-Base,Cross,instronly,500,0.75625,0.7554166666666666,0.7566666666666667,0.06624999999999999,0.756058333333333,0.7591666666666667,0.7516666666666667
MCQ,MMLU-SOCIAL_SCI,Falcon,Falcon3-10B-Base,Falcon3-3B-Instruct,Cross,instronly,500,0.7075,0.7004166666666667,0.7134375000000001,0.18875,0.7064416666666666,0.7283333333333334,0.67875
MCQ,MMLU-SOCIAL_SCI,Falcon,Falcon3-10B-Base,Falcon3-10B-Instruct,Cross,instronly,500,0.69625,0.6903125,0.70375,0.18583333333333335,0.6967,0.7154166666666667,0.67375
MCQ,MMLU-SOCIAL_SCI,Falcon,Falcon3-10B-Instruct,Falcon3-3B-Base,Cross,instronly,500,0.7304166666666667,0.72875,0.7321875,0.06958333333333333,0.7304666666666668,0.7375,0.7245833333333334
MCQ,MMLU-SOCIAL_SCI,Falcon,Falcon3-10B-Instruct,Falcon3-3B-Instruct,Cross,instronly,500,0.739375,0.7354166666666667,0.7426041666666667,0.06666666666666665,0.7383333333333333,0.7470833333333333,0.72125
MCQ,MMLU-SOCIAL_SCI,Falcon,Falcon3-10B-Instruct,Falcon3-10B-Base,Cross,instronly,500,0.7116666666666667,0.7094791666666667,0.7158333333333333,0.09812499999999999,0.7123125,0.7279166666666667,0.6991666666666667
MCQ,MMLU-SOCIAL_SCI,Gemma3,gemma-3-27b-pt,gemma-3-27b-pt,Same,instronly,500,0.8179166666666666,0.81625,0.8195833333333333,0.013749999999999984,0.8178650130284292,0.8245833333333333,0.8125
MCQ,MMLU-SOCIAL_SCI,Gemma3,gemma-3-27b-it,gemma-3-27b-it,Same,instronly,500,0.8175,0.8166666666666667,0.8183333333333334,0.019166666666666665,0.8176080031481845,0.82312591866732,0.8145833333333333
MCQ,MMLU-SOCIAL_SCI,Gemma3,gemma-3-12b-pt,gemma-3-12b-pt,Same,instronly,500,0.7566666666666667,0.755,0.7583333333333333,0.04749999999999999,0.7567821324448377,0.7632871817775793,0.7508333333333334
MCQ,MMLU-SOCIAL_SCI,Gemma3,gemma-3-12b-it,gemma-3-12b-it,Same,instronly,500,0.7770833333333333,0.7766666666666666,0.7775,0.03749999999999999,0.7772575692268499,0.7809564474807856,0.7754166666666666
MCQ,MMLU-SOCIAL_SCI,Gemma3,gemma-3-27b-pt,gemma-3-27b-it,Cross,instronly,500,0.6960416666666667,0.6794791666666666,0.708125,0.26437499999999997,0.6947791666666666,0.7475,0.6325
MCQ,MMLU-SOCIAL_SCI,Gemma3,gemma-3-27b-pt,gemma-3-12b-pt,Cross,instronly,500,0.8183333333333334,0.8165625,0.8216666666666667,0.05916666666666666,0.8188041666666664,0.82625,0.8129166666666666
MCQ,MMLU-SOCIAL_SCI,Gemma3,gemma-3-27b-pt,gemma-3-12b-it,Cross,instronly,500,0.8075,0.8010416666666667,0.8120833333333334,0.06874999999999999,0.806125,0.82125,0.7833333333333333
MCQ,MMLU-SOCIAL_SCI,Gemma3,gemma-3-27b-it,gemma-3-27b-pt,Cross,instronly,500,0.81375,0.8133333333333334,0.81375,0.029999999999999985,0.8135624999999999,0.8141666666666667,0.8125
MCQ,MMLU-SOCIAL_SCI,Gemma3,gemma-3-27b-it,gemma-3-12b-pt,Cross,instronly,500,0.815,0.815,0.8154166666666667,0.02791666666666666,0.8151291666666662,0.8158333333333333,0.815
MCQ,MMLU-SOCIAL_SCI,Gemma3,gemma-3-27b-it,gemma-3-12b-it,Cross,instronly,500,0.8141666666666667,0.81375,0.8145833333333333,0.03666666666666666,0.8142749999999999,0.8158333333333333,0.8125
MCQ,MMLU-SOCIAL_SCI,Gemma3,gemma-3-12b-pt,gemma-3-27b-pt,Cross,instronly,500,0.7541666666666667,0.7520833333333333,0.7554166666666666,0.07916666666666666,0.7536999999999999,0.76,0.7454166666666666
MCQ,MMLU-SOCIAL_SCI,Gemma3,gemma-3-12b-pt,gemma-3-27b-it,Cross,instronly,500,0.6429166666666667,0.6286458333333333,0.6571875,0.26437499999999997,0.64335,0.6904166666666667,0.5929166666666666
MCQ,MMLU-SOCIAL_SCI,Gemma3,gemma-3-12b-pt,gemma-3-12b-it,Cross,instronly,500,0.7477083333333334,0.73625,0.7508333333333334,0.08812500000000001,0.7417333333333334,0.76,0.6879166666666666
MCQ,MMLU-SOCIAL_SCI,Gemma3,gemma-3-12b-it,gemma-3-27b-pt,Cross,instronly,500,0.7766666666666666,0.77625,0.7770833333333333,0.051249999999999976,0.776566666666667,0.7775,0.7754166666666666
MCQ,MMLU-SOCIAL_SCI,Gemma3,gemma-3-12b-it,gemma-3-27b-it,Cross,instronly,500,0.7733333333333333,0.7725,0.7741666666666667,0.044375,0.7734041666666664,0.7758333333333334,0.7708333333333334
MCQ,MMLU-SOCIAL_SCI,Gemma3,gemma-3-12b-it,gemma-3-12b-pt,Cross,instronly,500,0.7741666666666667,0.7741666666666667,0.7745833333333333,0.04541666666666666,0.7743750000000003,0.7758333333333334,0.7733333333333333
MCQ,MMLU-SOCIAL_SCI,Llama3,Llama-3.1-8B,Llama-3.1-8B,Same,instronly,500,0.6375,0.63625,0.6391666666666667,0.07750000000000001,0.6377586149937268,0.6466666666666666,0.6316666666666667
MCQ,MMLU-SOCIAL_SCI,Llama3,Llama-3.1-8B-Instruct,Llama-3.1-8B-Instruct,Same,instronly,500,0.7245833333333334,0.7229166666666667,0.72625,0.042500000000000024,0.7245338280958381,0.7285644292013719,0.7186411149825784
MCQ,MMLU-SOCIAL_SCI,Llama3,Llama-3.1-70B,Llama-3.1-70B,Same,instronly,500,0.7904166666666667,0.7891666666666667,0.79125,0.04625000000000001,0.790337598855846,0.795,0.7843723313407344
MCQ,MMLU-SOCIAL_SCI,Llama3,Llama-3.1-70B-Instruct,Llama-3.1-70B-Instruct,Same,instronly,500,0.8554166666666667,0.8541666666666666,0.8566666666666667,0.04375000000000001,0.8555229243934445,0.8619919606967397,0.85125
MCQ,MMLU-SOCIAL_SCI,Llama3,Llama-3.1-8B,Llama-3.1-8B-Instruct,Cross,instronly,500,0.6183333333333333,0.615,0.6234375,0.1852083333333333,0.61875,0.6375,0.59625
MCQ,MMLU-SOCIAL_SCI,Llama3,Llama-3.1-8B,Llama-3.1-70B,Cross,instronly,500,0.6166666666666667,0.61375,0.6195833333333334,0.18791666666666665,0.6170791666666666,0.63,0.59875
MCQ,MMLU-SOCIAL_SCI,Llama3,Llama-3.1-8B,Llama-3.1-70B-Instruct,Cross,instronly,500,0.5989583333333333,0.5929166666666666,0.6071875,0.25916666666666666,0.5992291666666666,0.6241666666666666,0.57875
MCQ,MMLU-SOCIAL_SCI,Llama3,Llama-3.1-8B-Instruct,Llama-3.1-8B,Cross,instronly,500,0.7270833333333333,0.7258333333333333,0.7283333333333334,0.060208333333333336,0.7269375000000001,0.7304166666666667,0.7220833333333333
MCQ,MMLU-SOCIAL_SCI,Llama3,Llama-3.1-8B-Instruct,Llama-3.1-70B,Cross,instronly,500,0.7247916666666667,0.7233333333333334,0.7258333333333333,0.02916666666666666,0.7246833333333332,0.72875,0.7204166666666667
MCQ,MMLU-SOCIAL_SCI,Llama3,Llama-3.1-8B-Instruct,Llama-3.1-70B-Instruct,Cross,instronly,500,0.7110416666666667,0.70625,0.71375,0.11624999999999999,0.7098833333333334,0.7195833333333334,0.69875
MCQ,MMLU-SOCIAL_SCI,Llama3,Llama-3.1-70B,Llama-3.1-8B,Cross,instronly,500,0.78125,0.7804166666666666,0.7829166666666667,0.06208333333333333,0.7818916666666667,0.7870833333333334,0.77625
MCQ,MMLU-SOCIAL_SCI,Llama3,Llama-3.1-70B,Llama-3.1-8B-Instruct,Cross,instronly,500,0.7858333333333334,0.7833333333333333,0.7883333333333333,0.05833333333333334,0.7857916666666666,0.79125,0.77875
MCQ,MMLU-SOCIAL_SCI,Llama3,Llama-3.1-70B,Llama-3.1-70B-Instruct,Cross,instronly,500,0.7525,0.7478125,0.7575,0.13541666666666663,0.7525208333333334,0.7679166666666667,0.7345833333333334
MCQ,MMLU-SOCIAL_SCI,Llama3,Llama-3.1-70B-Instruct,Llama-3.1-8B,Cross,instronly,500,0.8595833333333334,0.8591666666666666,0.8604166666666667,0.022916666666666675,0.8597583333333333,0.8616666666666667,0.8575
MCQ,MMLU-SOCIAL_SCI,Llama3,Llama-3.1-70B-Instruct,Llama-3.1-8B-Instruct,Cross,instronly,500,0.8608333333333333,0.86,0.8620833333333333,0.028333333333333335,0.8608374999999998,0.86375,0.8575
MCQ,MMLU-SOCIAL_SCI,Llama3,Llama-3.1-70B-Instruct,Llama-3.1-70B,Cross,instronly,500,0.8608333333333333,0.86,0.8617708333333334,0.021875000000000012,0.8608583333333333,0.86375,0.8570833333333333
MCQ,MMLU-SOCIAL_SCI,Falcon,Falcon3-3B-Base,Falcon3-3B-Base,Same,fewshot,500,0.5866666666666667,0.585,0.5883333333333334,0.03916666666666668,0.5865856335315872,0.59125,0.58
MCQ,MMLU-SOCIAL_SCI,Falcon,Falcon3-3B-Instruct,Falcon3-3B-Instruct,Same,fewshot,500,0.615,0.6140939597315436,0.6166666666666667,0.018333333333333326,0.6152220791244857,0.61875,0.6093205574912892
MCQ,MMLU-SOCIAL_SCI,Falcon,Falcon3-10B-Base,Falcon3-10B-Base,Same,fewshot,500,0.7814814814814814,0.78,0.7825,0.038171140939597295,0.7813995892752227,0.78625,0.7754166666666666
MCQ,MMLU-SOCIAL_SCI,Falcon,Falcon3-10B-Instruct,Falcon3-10B-Instruct,Same,fewshot,500,0.7891666666666667,0.7879166666666667,0.79,0.018333333333333326,0.7891693133324084,0.79421852033317,0.7851414098775855
MCQ,MMLU-SOCIAL_SCI,Falcon,Falcon3-3B-Base,Falcon3-3B-Instruct,Cross,fewshot,500,0.568125,0.5586458333333333,0.5759375,0.19937499999999997,0.5674874999999999,0.5916666666666667,0.5379166666666667
MCQ,MMLU-SOCIAL_SCI,Falcon,Falcon3-3B-Base,Falcon3-10B-Base,Cross,fewshot,500,0.5745833333333333,0.5720833333333334,0.5766666666666667,0.14708333333333334,0.5741499999999999,0.5804166666666667,0.56625
MCQ,MMLU-SOCIAL_SCI,Falcon,Falcon3-3B-Base,Falcon3-10B-Instruct,Cross,fewshot,500,0.5841666666666666,0.5816666666666667,0.5875,0.096875,0.5839958333333333,0.5941666666666666,0.5708333333333333
MCQ,MMLU-SOCIAL_SCI,Falcon,Falcon3-3B-Instruct,Falcon3-3B-Base,Cross,fewshot,500,0.6175,0.6170833333333333,0.6180208333333334,0.01874999999999999,0.6174333333333334,0.6191666666666666,0.61375
MCQ,MMLU-SOCIAL_SCI,Falcon,Falcon3-3B-Instruct,Falcon3-10B-Base,Cross,fewshot,500,0.6158333333333333,0.6154166666666666,0.61625,0.033333333333333326,0.6157791666666668,0.6183333333333333,0.6129166666666667
MCQ,MMLU-SOCIAL_SCI,Falcon,Falcon3-3B-Instruct,Falcon3-10B-Instruct,Cross,fewshot,500,0.6170833333333333,0.61625,0.6175,0.022083333333333344,0.6168625,0.61875,0.6145833333333334
MCQ,MMLU-SOCIAL_SCI,Falcon,Falcon3-10B-Base,Falcon3-3B-Base,Cross,fewshot,500,0.7770833333333333,0.77625,0.7779166666666667,0.052083333333333336,0.7770375000000002,0.78125,0.77375
MCQ,MMLU-SOCIAL_SCI,Falcon,Falcon3-10B-Base,Falcon3-3B-Instruct,Cross,fewshot,500,0.7741666666666667,0.7683333333333333,0.7783333333333333,0.05479166666666667,0.7731791666666668,0.7866666666666666,0.75125
MCQ,MMLU-SOCIAL_SCI,Falcon,Falcon3-10B-Base,Falcon3-10B-Instruct,Cross,fewshot,500,0.7770833333333333,0.7711458333333333,0.7816666666666666,0.053125,0.7756291666666667,0.785,0.7533333333333333
MCQ,MMLU-SOCIAL_SCI,Falcon,Falcon3-10B-Instruct,Falcon3-3B-Base,Cross,fewshot,500,0.79,0.7895833333333333,0.7905208333333333,0.020000000000000018,0.7901708333333335,0.7916666666666666,0.7883333333333333
MCQ,MMLU-SOCIAL_SCI,Falcon,Falcon3-10B-Instruct,Falcon3-3B-Instruct,Cross,fewshot,500,0.7875,0.7854166666666667,0.78875,0.02750000000000001,0.7871250000000001,0.7904166666666667,0.7829166666666667
MCQ,MMLU-SOCIAL_SCI,Falcon,Falcon3-10B-Instruct,Falcon3-10B-Base,Cross,fewshot,500,0.7908333333333334,0.7904166666666667,0.7916666666666666,0.022083333333333344,0.7909708333333336,0.7925,0.7866666666666666
MCQ,MMLU-SOCIAL_SCI,Gemma3,gemma-3-27b-pt,gemma-3-27b-pt,Same,fewshot,500,0.84375,0.842237061769616,0.845,0.010016694490818032,0.8436976625692848,0.8479166666666667,0.8391666666666666
MCQ,MMLU-SOCIAL_SCI,Gemma3,gemma-3-27b-it,gemma-3-27b-it,Same,fewshot,500,0.8283333333333334,0.8275,0.8291666666666667,0.014166666666666675,0.8285725473665105,0.8363547280744733,0.8258333333333333
MCQ,MMLU-SOCIAL_SCI,Gemma3,gemma-3-12b-pt,gemma-3-12b-pt,Same,fewshot,500,0.8008333333333333,0.7995833333333333,0.8027003484320557,0.020000000000000004,0.8012086676978958,0.8089171974522293,0.7954166666666667
MCQ,MMLU-SOCIAL_SCI,Gemma3,gemma-3-12b-it,gemma-3-12b-it,Same,fewshot,500,0.7941666666666667,0.79375,0.7948182198077727,0.015000000000000013,0.7944713972710712,0.8012505582849486,0.7920833333333334
MCQ,MMLU-SOCIAL_SCI,Gemma3,gemma-3-27b-pt,gemma-3-27b-it,Cross,fewshot,500,0.8077083333333333,0.7978125,0.8141666666666667,0.12041666666666667,0.8046791666666667,0.8395833333333333,0.75625
MCQ,MMLU-SOCIAL_SCI,Gemma3,gemma-3-27b-pt,gemma-3-12b-pt,Cross,fewshot,500,0.84375,0.8429166666666666,0.8441666666666666,0.018333333333333326,0.8434666666666668,0.8466666666666667,0.84
MCQ,MMLU-SOCIAL_SCI,Gemma3,gemma-3-27b-pt,gemma-3-12b-it,Cross,fewshot,500,0.8202083333333333,0.8152083333333333,0.8233333333333334,0.10208333333333333,0.8187458333333336,0.83375,0.7941666666666667
MCQ,MMLU-SOCIAL_SCI,Gemma3,gemma-3-27b-it,gemma-3-27b-pt,Cross,fewshot,500,0.83,0.8291666666666667,0.83,0.01708333333333334,0.8297041666666667,0.8308333333333333,0.82875
MCQ,MMLU-SOCIAL_SCI,Gemma3,gemma-3-27b-it,gemma-3-12b-pt,Cross,fewshot,500,0.83,0.8295833333333333,0.83,0.018750000000000003,0.8298708333333333,0.8308333333333333,0.8283333333333334
MCQ,MMLU-SOCIAL_SCI,Gemma3,gemma-3-27b-it,gemma-3-12b-it,Cross,fewshot,500,0.8266666666666667,0.82625,0.8275,0.01958333333333334,0.8269166666666666,0.8291666666666667,0.825
MCQ,MMLU-SOCIAL_SCI,Gemma3,gemma-3-12b-pt,gemma-3-27b-pt,Cross,fewshot,500,0.8020833333333334,0.8007291666666666,0.80375,0.01958333333333334,0.8022083333333332,0.8091666666666667,0.7966666666666666
MCQ,MMLU-SOCIAL_SCI,Gemma3,gemma-3-12b-pt,gemma-3-27b-it,Cross,fewshot,500,0.755,0.7395833333333334,0.7642708333333333,0.14645833333333336,0.7509250000000002,0.7945833333333333,0.6991666666666667
MCQ,MMLU-SOCIAL_SCI,Gemma3,gemma-3-12b-pt,gemma-3-12b-it,Cross,fewshot,500,0.774375,0.7669791666666667,0.7783333333333333,0.11812499999999998,0.7721708333333333,0.79125,0.73625
MCQ,MMLU-SOCIAL_SCI,Gemma3,gemma-3-12b-it,gemma-3-27b-pt,Cross,fewshot,500,0.7929166666666667,0.7923958333333333,0.79375,0.017499999999999988,0.7929625000000001,0.7941666666666667,0.79125
MCQ,MMLU-SOCIAL_SCI,Gemma3,gemma-3-12b-it,gemma-3-27b-it,Cross,fewshot,500,0.7970833333333334,0.79625,0.7975,0.00708333333333333,0.7968333333333334,0.79875,0.79375
MCQ,MMLU-SOCIAL_SCI,Gemma3,gemma-3-12b-it,gemma-3-12b-pt,Cross,fewshot,500,0.7925,0.7920833333333334,0.7929166666666667,0.018750000000000017,0.7924875000000001,0.79375,0.79125
MCQ,MMLU-SOCIAL_SCI,Llama3,Llama-3.1-8B,Llama-3.1-8B,Same,fewshot,500,0.6970833333333334,0.695132365499573,0.6983333333333334,0.07583333333333332,0.6968076303372368,0.70125,0.6920833333333334
MCQ,MMLU-SOCIAL_SCI,Llama3,Llama-3.1-8B-Instruct,Llama-3.1-8B-Instruct,Same,fewshot,500,0.73,0.72875,0.7316666666666667,0.01791666666666665,0.730210660170349,0.7358333333333333,0.7229166666666667
MCQ,MMLU-SOCIAL_SCI,Llama3,Llama-3.1-70B,Llama-3.1-70B,Same,fewshot,500,0.8083333333333333,0.8066694807935838,0.81,0.02333333333333333,0.8085723001559117,0.8142027690933452,0.802758044295863
MCQ,MMLU-SOCIAL_SCI,Llama3,Llama-3.1-70B-Instruct,Llama-3.1-70B-Instruct,Same,fewshot,500,0.8529166666666667,0.8520833333333333,0.8541666666666666,0.012916666666666646,0.8531137856836982,0.8569444444444444,0.8495833333333334
MCQ,MMLU-SOCIAL_SCI,Llama3,Llama-3.1-8B,Llama-3.1-8B-Instruct,Cross,fewshot,500,0.6875,0.6845833333333333,0.6920833333333334,0.09624999999999999,0.6876416666666667,0.6975,0.6754166666666667
MCQ,MMLU-SOCIAL_SCI,Llama3,Llama-3.1-8B,Llama-3.1-70B,Cross,fewshot,500,0.6783333333333333,0.6736458333333333,0.6820833333333334,0.13541666666666669,0.6776791666666665,0.6929166666666666,0.65875
MCQ,MMLU-SOCIAL_SCI,Llama3,Llama-3.1-8B,Llama-3.1-70B-Instruct,Cross,fewshot,500,0.6783333333333333,0.6736458333333333,0.6854166666666667,0.1604166666666667,0.6779833333333333,0.7,0.6495833333333333
MCQ,MMLU-SOCIAL_SCI,Llama3,Llama-3.1-8B-Instruct,Llama-3.1-8B,Cross,fewshot,500,0.72875,0.7279166666666667,0.7295833333333334,0.02833333333333332,0.7288458333333335,0.73125,0.7254166666666667
MCQ,MMLU-SOCIAL_SCI,Llama3,Llama-3.1-8B-Instruct,Llama-3.1-70B,Cross,fewshot,500,0.7275,0.72625,0.7291666666666666,0.047499999999999994,0.7275,0.7325,0.7229166666666667
MCQ,MMLU-SOCIAL_SCI,Llama3,Llama-3.1-8B-Instruct,Llama-3.1-70B-Instruct,Cross,fewshot,500,0.7275,0.72625,0.7284375000000001,0.06166666666666669,0.7272124999999999,0.7320833333333333,0.7204166666666667
MCQ,MMLU-SOCIAL_SCI,Llama3,Llama-3.1-70B,Llama-3.1-8B,Cross,fewshot,500,0.80625,0.8054166666666667,0.8070833333333334,0.02041666666666668,0.8062666666666668,0.8091666666666667,0.8025
MCQ,MMLU-SOCIAL_SCI,Llama3,Llama-3.1-70B,Llama-3.1-8B-Instruct,Cross,fewshot,500,0.8008333333333333,0.7991666666666667,0.8029166666666666,0.043333333333333335,0.8009208333333333,0.8079166666666666,0.7941666666666667
MCQ,MMLU-SOCIAL_SCI,Llama3,Llama-3.1-70B,Llama-3.1-70B-Instruct,Cross,fewshot,500,0.8054166666666667,0.8028124999999999,0.8066666666666666,0.04541666666666666,0.8044291666666669,0.81125,0.7908333333333334
MCQ,MMLU-SOCIAL_SCI,Llama3,Llama-3.1-70B-Instruct,Llama-3.1-8B,Cross,fewshot,500,0.8516666666666667,0.85125,0.8529166666666667,0.012916666666666646,0.8519166666666668,0.8541666666666666,0.8495833333333334
MCQ,MMLU-SOCIAL_SCI,Llama3,Llama-3.1-70B-Instruct,Llama-3.1-8B-Instruct,Cross,fewshot,500,0.8495833333333334,0.84875,0.8508333333333333,0.022916666666666655,0.849725,0.8533333333333334,0.8466666666666667
MCQ,MMLU-SOCIAL_SCI,Llama3,Llama-3.1-70B-Instruct,Llama-3.1-70B,Cross,fewshot,500,0.85625,0.8553125,0.8570833333333333,0.0037499999999999895,0.8559375,0.8579166666666667,0.8525
MCQ,MMLU-OTHERS,Falcon,Falcon3-3B-Base,Falcon3-3B-Base,Same,zeroshot,500,0.5014285714285714,0.49910714285714286,0.5026785714285714,0.03857142857142855,0.5010052223880823,0.5092857142857142,0.4923954372623574
MCQ,MMLU-OTHERS,Falcon,Falcon3-3B-Instruct,Falcon3-3B-Instruct,Same,zeroshot,500,0.5621428571428572,0.5610714285714286,0.5633928571428571,0.0392857142857143,0.5623632839092004,0.5698669201520913,0.5582142857142857
MCQ,MMLU-OTHERS,Falcon,Falcon3-10B-Base,Falcon3-10B-Base,Same,zeroshot,500,0.6096428571428572,0.6082142857142857,0.6117857142857143,0.01607142857142857,0.6098899340763272,0.6164285714285714,0.6039285714285715
MCQ,MMLU-OTHERS,Falcon,Falcon3-10B-Instruct,Falcon3-10B-Instruct,Same,zeroshot,500,0.45783997129529963,0.4564285714285714,0.4592857142857143,0.024642857142857147,0.45773475243398964,0.4644284572342126,0.4521428571428571
MCQ,MMLU-OTHERS,Falcon,Falcon3-3B-Base,Falcon3-3B-Instruct,Cross,zeroshot,500,0.465,0.4546428571428571,0.47285714285714286,0.31660714285714286,0.46224642857142845,0.48892857142857143,0.4114285714285714
MCQ,MMLU-OTHERS,Falcon,Falcon3-3B-Base,Falcon3-10B-Base,Cross,zeroshot,500,0.49714285714285716,0.495,0.4992857142857143,0.15357142857142858,0.4969892857142856,0.5046428571428572,0.4903571428571429
MCQ,MMLU-OTHERS,Falcon,Falcon3-3B-Base,Falcon3-10B-Instruct,Cross,zeroshot,500,0.4105357142857143,0.40669642857142857,0.41366071428571427,0.3296428571428571,0.4101000000000001,0.41928571428571426,0.3914285714285714
MCQ,MMLU-OTHERS,Falcon,Falcon3-3B-Instruct,Falcon3-3B-Base,Cross,zeroshot,500,0.5603571428571429,0.56,0.5614285714285714,0.06785714285714285,0.5606142857142857,0.5628571428571428,0.5585714285714286
MCQ,MMLU-OTHERS,Falcon,Falcon3-3B-Instruct,Falcon3-10B-Base,Cross,zeroshot,500,0.5517857142857143,0.5510714285714285,0.5521428571428572,0.10017857142857142,0.5516535714285714,0.5535714285714286,0.5492857142857143
MCQ,MMLU-OTHERS,Falcon,Falcon3-3B-Instruct,Falcon3-10B-Instruct,Cross,zeroshot,500,0.48410714285714285,0.4828571428571429,0.486875,0.2292857142857143,0.48528214285714283,0.49964285714285717,0.4789285714285714
MCQ,MMLU-OTHERS,Falcon,Falcon3-10B-Base,Falcon3-3B-Base,Cross,zeroshot,500,0.6085714285714285,0.6067857142857143,0.6096428571428572,0.12785714285714284,0.6082214285714286,0.6139285714285714,0.6028571428571429
MCQ,MMLU-OTHERS,Falcon,Falcon3-10B-Base,Falcon3-3B-Instruct,Cross,zeroshot,500,0.55125,0.5453571428571429,0.5592857142857143,0.21821428571428572,0.5511642857142857,0.5771428571428572,0.5064285714285715
MCQ,MMLU-OTHERS,Falcon,Falcon3-10B-Base,Falcon3-10B-Instruct,Cross,zeroshot,500,0.5014285714285714,0.49892857142857144,0.5039285714285714,0.24964285714285717,0.5010535714285714,0.5060714285714286,0.48714285714285716
MCQ,MMLU-OTHERS,Falcon,Falcon3-10B-Instruct,Falcon3-3B-Base,Cross,zeroshot,500,0.32107142857142856,0.32071428571428573,0.3221428571428571,0.6089285714285714,0.3214928571428571,0.32571428571428573,0.31785714285714284
MCQ,MMLU-OTHERS,Falcon,Falcon3-10B-Instruct,Falcon3-3B-Instruct,Cross,zeroshot,500,0.31125,0.3070535714285714,0.31785714285714284,0.6208928571428571,0.31175,0.32607142857142857,0.2910714285714286
MCQ,MMLU-OTHERS,Falcon,Falcon3-10B-Instruct,Falcon3-10B-Base,Cross,zeroshot,500,0.32821428571428574,0.3271428571428571,0.32901785714285714,0.5910714285714286,0.32826071428571424,0.3382142857142857,0.32107142857142856
MCQ,MMLU-OTHERS,Gemma3,gemma-3-27b-pt,gemma-3-27b-pt,Same,zeroshot,500,0.78,0.7792857142857142,0.7807142857142857,0.039642857142857146,0.7799846352793733,0.7846958174904943,0.775
MCQ,MMLU-OTHERS,Gemma3,gemma-3-27b-it,gemma-3-27b-it,Same,zeroshot,500,0.7775,0.7767857142857143,0.7789285714285714,0.05357142857142859,0.7778468809411238,0.7851310700472711,0.7743092931467528
MCQ,MMLU-OTHERS,Gemma3,gemma-3-12b-pt,gemma-3-12b-pt,Same,zeroshot,500,0.7442857142857143,0.7425,0.7457142857142857,0.04123328380386329,0.7440397157380326,0.7494628276751182,0.7378571428571429
MCQ,MMLU-OTHERS,Gemma3,gemma-3-12b-it,gemma-3-12b-it,Same,zeroshot,500,0.7588805166846071,0.7578571428571429,0.7596428571428572,0.05821428571428572,0.7588019867691262,0.7633079847908745,0.755
MCQ,MMLU-OTHERS,Gemma3,gemma-3-27b-pt,gemma-3-27b-it,Cross,zeroshot,500,0.6728571428571428,0.6666964285714285,0.6807142857142857,0.21892857142857147,0.6734821428571428,0.6964285714285714,0.6546428571428572
MCQ,MMLU-OTHERS,Gemma3,gemma-3-27b-pt,gemma-3-12b-pt,Cross,zeroshot,500,0.7825,0.7814285714285715,0.7832142857142858,0.030714285714285708,0.7823428571428569,0.7842857142857143,0.7803571428571429
MCQ,MMLU-OTHERS,Gemma3,gemma-3-27b-pt,gemma-3-12b-it,Cross,zeroshot,500,0.7628571428571429,0.7599107142857143,0.7647321428571429,0.10732142857142857,0.7618892857142857,0.7717857142857143,0.7482142857142857
MCQ,MMLU-OTHERS,Gemma3,gemma-3-27b-it,gemma-3-27b-pt,Cross,zeroshot,500,0.7764285714285715,0.7752678571428572,0.7772321428571428,0.041428571428571426,0.776092857142857,0.7782142857142857,0.7703571428571429
MCQ,MMLU-OTHERS,Gemma3,gemma-3-27b-it,gemma-3-12b-pt,Cross,zeroshot,500,0.7746428571428572,0.7714285714285715,0.7753571428571429,0.040892857142857134,0.7735321428571429,0.7760714285714285,0.7678571428571429
MCQ,MMLU-OTHERS,Gemma3,gemma-3-27b-it,gemma-3-12b-it,Cross,zeroshot,500,0.7825,0.7814285714285715,0.7835714285714286,0.03035714285714286,0.7823107142857143,0.785,0.7782142857142857
MCQ,MMLU-OTHERS,Gemma3,gemma-3-12b-pt,gemma-3-27b-pt,Cross,zeroshot,500,0.7292857142857143,0.7259821428571429,0.7321428571428571,0.10285714285714286,0.728757142857143,0.7375,0.7178571428571429
MCQ,MMLU-OTHERS,Gemma3,gemma-3-12b-pt,gemma-3-27b-it,Cross,zeroshot,500,0.6353571428571428,0.6264285714285714,0.641875,0.24267857142857144,0.6341678571428572,0.6546428571428572,0.6125
MCQ,MMLU-OTHERS,Gemma3,gemma-3-12b-pt,gemma-3-12b-it,Cross,zeroshot,500,0.7103571428571429,0.7066964285714286,0.7133035714285714,0.12017857142857141,0.7097428571428571,0.7217857142857143,0.6914285714285714
MCQ,MMLU-OTHERS,Gemma3,gemma-3-12b-it,gemma-3-27b-pt,Cross,zeroshot,500,0.7592857142857142,0.7585714285714286,0.7596428571428572,0.05874999999999998,0.759217857142857,0.7610714285714286,0.7571428571428571
MCQ,MMLU-OTHERS,Gemma3,gemma-3-12b-it,gemma-3-27b-it,Cross,zeroshot,500,0.7460714285714286,0.7453571428571428,0.746875,0.06964285714285713,0.746217857142857,0.7496428571428572,0.7432142857142857
MCQ,MMLU-OTHERS,Gemma3,gemma-3-12b-it,gemma-3-12b-pt,Cross,zeroshot,500,0.7582142857142857,0.7578571428571429,0.7585714285714286,0.04714285714285715,0.7583999999999999,0.76,0.7571428571428571
MCQ,MMLU-OTHERS,Llama3,Llama-3.1-8B,Llama-3.1-8B,Same,zeroshot,500,0.5639285714285714,0.5623214285714286,0.5656367069871893,0.052142857142857144,0.5639222885370537,0.5696428571428571,0.5560714285714285
MCQ,MMLU-OTHERS,Llama3,Llama-3.1-8B-Instruct,Llama-3.1-8B-Instruct,Same,zeroshot,500,0.705199828104856,0.7035714285714286,0.7067857142857142,0.05650929899856938,0.7052637166353798,0.7103571428571429,0.7001912045889102
MCQ,MMLU-OTHERS,Llama3,Llama-3.1-70B,Llama-3.1-70B,Same,zeroshot,500,0.7185714285714285,0.7175,0.7203571428571428,0.04749999999999999,0.7187830527274777,0.7235714285714285,0.7139285714285715
MCQ,MMLU-OTHERS,Llama3,Llama-3.1-70B-Instruct,Llama-3.1-70B-Instruct,Same,zeroshot,500,0.8021428571428572,0.8003571428571429,0.8032142857142858,0.06142857142857143,0.802050197969458,0.811787072243346,0.7967857142857143
MCQ,MMLU-OTHERS,Llama3,Llama-3.1-8B,Llama-3.1-8B-Instruct,Cross,zeroshot,500,0.5544642857142856,0.5492857142857143,0.5578571428571428,0.16875,0.5539928571428571,0.5671428571428572,0.5428571428571428
MCQ,MMLU-OTHERS,Llama3,Llama-3.1-8B,Llama-3.1-70B,Cross,zeroshot,500,0.5607142857142857,0.5592857142857143,0.5625,0.12732142857142859,0.5608285714285715,0.565,0.5528571428571428
MCQ,MMLU-OTHERS,Llama3,Llama-3.1-8B,Llama-3.1-70B-Instruct,Cross,zeroshot,500,0.56,0.5552678571428572,0.5629464285714285,0.12642857142857145,0.558225,0.5703571428571429,0.5332142857142858
MCQ,MMLU-OTHERS,Llama3,Llama-3.1-8B-Instruct,Llama-3.1-8B,Cross,zeroshot,500,0.7028571428571428,0.7021428571428572,0.7035714285714286,0.08107142857142857,0.7028464285714284,0.7071428571428572,0.6992857142857143
MCQ,MMLU-OTHERS,Llama3,Llama-3.1-8B-Instruct,Llama-3.1-70B,Cross,zeroshot,500,0.7046428571428571,0.7032142857142857,0.705,0.07678571428571429,0.7042857142857144,0.7092857142857143,0.7003571428571429
MCQ,MMLU-OTHERS,Llama3,Llama-3.1-8B-Instruct,Llama-3.1-70B-Instruct,Cross,zeroshot,500,0.6953571428571429,0.6925,0.6982142857142857,0.10178571428571431,0.6954107142857143,0.7071428571428572,0.6821428571428572
MCQ,MMLU-OTHERS,Llama3,Llama-3.1-70B,Llama-3.1-8B,Cross,zeroshot,500,0.7039285714285715,0.7025,0.7067857142857142,0.10303571428571429,0.7046464285714287,0.7135714285714285,0.6989285714285715
MCQ,MMLU-OTHERS,Llama3,Llama-3.1-70B,Llama-3.1-8B-Instruct,Cross,zeroshot,500,0.7085714285714285,0.7059821428571429,0.7132142857142857,0.07803571428571429,0.7087785714285713,0.7210714285714286,0.6925
MCQ,MMLU-OTHERS,Llama3,Llama-3.1-70B,Llama-3.1-70B-Instruct,Cross,zeroshot,500,0.7130357142857142,0.7110714285714286,0.7146428571428571,0.07357142857142857,0.712525,0.7239285714285715,0.6896428571428571
MCQ,MMLU-OTHERS,Llama3,Llama-3.1-70B-Instruct,Llama-3.1-8B,Cross,zeroshot,500,0.8028571428571428,0.8014285714285714,0.8032142857142858,0.06714285714285713,0.8025214285714287,0.8067857142857143,0.7978571428571428
MCQ,MMLU-OTHERS,Llama3,Llama-3.1-70B-Instruct,Llama-3.1-8B-Instruct,Cross,zeroshot,500,0.8083928571428571,0.8071428571428572,0.8096428571428571,0.0569642857142857,0.8082892857142858,0.8132142857142857,0.8003571428571429
MCQ,MMLU-OTHERS,Llama3,Llama-3.1-70B-Instruct,Llama-3.1-70B,Cross,zeroshot,500,0.8082142857142857,0.8075,0.8085714285714286,0.05625000000000001,0.8082071428571428,0.8103571428571429,0.8042857142857143
MCQ,MMLU-OTHERS,Falcon,Falcon3-3B-Base,Falcon3-3B-Base,Same,instronly,500,0.5382142857142858,0.5368816031235646,0.54,0.028928571428571442,0.5384047445524935,0.5435651478816946,0.5299429657794676
MCQ,MMLU-OTHERS,Falcon,Falcon3-3B-Instruct,Falcon3-3B-Instruct,Same,instronly,500,0.5873699318263366,0.5864285714285714,0.5885714285714285,0.03214285714285714,0.5873610141389899,0.592326139088729,0.5835714285714285
MCQ,MMLU-OTHERS,Falcon,Falcon3-10B-Base,Falcon3-10B-Base,Same,instronly,500,0.7010714285714286,0.6993019888256702,0.7026785714285715,0.05285714285714284,0.7009776375052771,0.7075,0.6932142857142857
MCQ,MMLU-OTHERS,Falcon,Falcon3-10B-Instruct,Falcon3-10B-Instruct,Same,instronly,500,0.6910714285714286,0.6899570815450644,0.6919642857142858,0.03785714285714284,0.6908195167311121,0.695745595186936,0.6846428571428571
MCQ,MMLU-OTHERS,Falcon,Falcon3-3B-Base,Falcon3-3B-Instruct,Cross,instronly,500,0.44232142857142853,0.42526785714285714,0.45151785714285714,0.42910714285714285,0.4388249999999999,0.48428571428571426,0.3917857142857143
MCQ,MMLU-OTHERS,Falcon,Falcon3-3B-Base,Falcon3-10B-Base,Cross,instronly,500,0.5310714285714285,0.5285714285714286,0.534375,0.08982142857142858,0.531225,0.5410714285714285,0.5178571428571429
MCQ,MMLU-OTHERS,Falcon,Falcon3-3B-Base,Falcon3-10B-Instruct,Cross,instronly,500,0.4480357142857143,0.44142857142857145,0.45723214285714286,0.37535714285714283,0.44811071428571414,0.47214285714285714,0.41285714285714287
MCQ,MMLU-OTHERS,Falcon,Falcon3-3B-Instruct,Falcon3-3B-Base,Cross,instronly,500,0.5771428571428572,0.5764285714285714,0.5775,0.0817857142857143,0.5770107142857144,0.5782142857142857,0.575
MCQ,MMLU-OTHERS,Falcon,Falcon3-3B-Instruct,Falcon3-10B-Base,Cross,instronly,500,0.575,0.5735714285714286,0.5767857142857142,0.08928571428571429,0.5750821428571429,0.5792857142857143,0.5703571428571429
MCQ,MMLU-OTHERS,Falcon,Falcon3-3B-Instruct,Falcon3-10B-Instruct,Cross,instronly,500,0.5775,0.5764285714285714,0.5785714285714286,0.0855357142857143,0.5773285714285714,0.5810714285714286,0.5728571428571428
MCQ,MMLU-OTHERS,Falcon,Falcon3-10B-Base,Falcon3-3B-Base,Cross,instronly,500,0.6996428571428571,0.6985714285714286,0.7007142857142857,0.06535714285714285,0.6995714285714285,0.7035714285714286,0.6964285714285714
MCQ,MMLU-OTHERS,Falcon,Falcon3-10B-Base,Falcon3-3B-Instruct,Cross,instronly,500,0.6596428571428572,0.6553571428571429,0.6636607142857143,0.19624999999999998,0.6597428571428572,0.6764285714285714,0.64
MCQ,MMLU-OTHERS,Falcon,Falcon3-10B-Base,Falcon3-10B-Instruct,Cross,instronly,500,0.6555357142857143,0.6496428571428572,0.66,0.18321428571428572,0.6548464285714285,0.67,0.6346428571428572
MCQ,MMLU-OTHERS,Falcon,Falcon3-10B-Instruct,Falcon3-3B-Base,Cross,instronly,500,0.6757142857142857,0.6746428571428571,0.6764285714285714,0.09499999999999999,0.6754035714285717,0.6792857142857143,0.6707142857142857
MCQ,MMLU-OTHERS,Falcon,Falcon3-10B-Instruct,Falcon3-3B-Instruct,Cross,instronly,500,0.6792857142857143,0.6766964285714285,0.6821428571428572,0.09607142857142857,0.6791321428571427,0.6892857142857143,0.6685714285714286
MCQ,MMLU-OTHERS,Falcon,Falcon3-10B-Instruct,Falcon3-10B-Base,Cross,instronly,500,0.6644642857142857,0.6609821428571429,0.6689285714285714,0.12035714285714288,0.6651142857142857,0.6778571428571428,0.6539285714285714
MCQ,MMLU-OTHERS,Gemma3,gemma-3-27b-pt,gemma-3-27b-pt,Same,instronly,500,0.7821428571428571,0.7810714285714285,0.7829153819801302,0.017973231357552577,0.7822429041535106,0.7889987107864203,0.7777777777777778
MCQ,MMLU-OTHERS,Gemma3,gemma-3-27b-it,gemma-3-27b-it,Same,instronly,500,0.7810714285714285,0.7803571428571429,0.7817857142857143,0.026785714285714288,0.7811367150036095,0.785990545767082,0.7789285714285714
MCQ,MMLU-OTHERS,Gemma3,gemma-3-12b-pt,gemma-3-12b-pt,Same,instronly,500,0.7357142857142858,0.7344642857142858,0.7366071428571428,0.058928571428571414,0.7355313319667757,0.7425870219166308,0.73
MCQ,MMLU-OTHERS,Gemma3,gemma-3-12b-it,gemma-3-12b-it,Same,instronly,500,0.7453571428571428,0.7446428571428572,0.7461968194166795,0.05750000000000001,0.7453977984137351,0.75118177911474,0.7421428571428571
MCQ,MMLU-OTHERS,Gemma3,gemma-3-27b-pt,gemma-3-27b-it,Cross,instronly,500,0.6619642857142858,0.6447321428571429,0.6750892857142857,0.2996428571428571,0.6596357142857143,0.6971428571428572,0.5964285714285714
MCQ,MMLU-OTHERS,Gemma3,gemma-3-27b-pt,gemma-3-12b-pt,Cross,instronly,500,0.7635714285714286,0.7617857142857143,0.7650892857142857,0.11607142857142856,0.763275,0.7689285714285714,0.7567857142857143
MCQ,MMLU-OTHERS,Gemma3,gemma-3-27b-pt,gemma-3-12b-it,Cross,instronly,500,0.745,0.7364285714285714,0.751875,0.13107142857142856,0.7435964285714285,0.7632142857142857,0.7092857142857143
MCQ,MMLU-OTHERS,Gemma3,gemma-3-27b-it,gemma-3-27b-pt,Cross,instronly,500,0.7814285714285715,0.7810714285714285,0.7814285714285715,0.04107142857142858,0.7814035714285714,0.7825,0.7807142857142857
MCQ,MMLU-OTHERS,Gemma3,gemma-3-27b-it,gemma-3-12b-pt,Cross,instronly,500,0.7807142857142857,0.7807142857142857,0.7814285714285715,0.03321428571428571,0.7809535714285712,0.7821428571428571,0.7796428571428572
MCQ,MMLU-OTHERS,Gemma3,gemma-3-27b-it,gemma-3-12b-it,Cross,instronly,500,0.7814285714285715,0.7807142857142857,0.781875,0.03178571428571429,0.7814357142857142,0.7839285714285714,0.7796428571428572
MCQ,MMLU-OTHERS,Gemma3,gemma-3-12b-pt,gemma-3-27b-pt,Cross,instronly,500,0.7144642857142858,0.7120535714285714,0.7183928571428572,0.09767857142857142,0.7149107142857144,0.7253571428571428,0.7071428571428572
MCQ,MMLU-OTHERS,Gemma3,gemma-3-12b-pt,gemma-3-27b-it,Cross,instronly,500,0.6230357142857142,0.6033035714285715,0.638125,0.3042857142857143,0.6215642857142858,0.6642857142857143,0.5532142857142858
MCQ,MMLU-OTHERS,Gemma3,gemma-3-12b-pt,gemma-3-12b-it,Cross,instronly,500,0.7182142857142857,0.70625,0.7259821428571429,0.11232142857142857,0.7123285714285714,0.7432142857142857,0.635
MCQ,MMLU-OTHERS,Gemma3,gemma-3-12b-it,gemma-3-27b-pt,Cross,instronly,500,0.7403571428571428,0.74,0.7407142857142858,0.0775,0.7402714285714288,0.7421428571428571,0.7378571428571429
MCQ,MMLU-OTHERS,Gemma3,gemma-3-12b-it,gemma-3-27b-it,Cross,instronly,500,0.7442857142857143,0.7428571428571429,0.7453571428571428,0.06178571428571428,0.7440571428571431,0.7464285714285714,0.7403571428571428
MCQ,MMLU-OTHERS,Gemma3,gemma-3-12b-it,gemma-3-12b-pt,Cross,instronly,500,0.7446428571428572,0.7439285714285714,0.7446428571428572,0.0725,0.7444464285714286,0.7457142857142857,0.7435714285714285
MCQ,MMLU-OTHERS,Llama3,Llama-3.1-8B,Llama-3.1-8B,Same,instronly,500,0.6462715105162524,0.6442857142857142,0.6474869985141158,0.03967119370979272,0.64617052011616,0.6540404040404041,0.6410714285714286
MCQ,MMLU-OTHERS,Llama3,Llama-3.1-8B-Instruct,Llama-3.1-8B-Instruct,Same,instronly,500,0.7128571428571429,0.7117583793173922,0.7142857142857143,0.045714285714285735,0.712966517210522,0.7182142857142857,0.7067857142857142
MCQ,MMLU-OTHERS,Llama3,Llama-3.1-70B,Llama-3.1-70B,Same,instronly,500,0.7610714285714286,0.7592857142857142,0.7631078857991933,0.05672539750752041,0.7611137486053402,0.7657142857142857,0.7563688554000718
MCQ,MMLU-OTHERS,Llama3,Llama-3.1-70B-Instruct,Llama-3.1-70B-Instruct,Same,instronly,500,0.8125,0.8114285714285714,0.8139285714285714,0.05357142857142859,0.8130105205872589,0.8221422861710631,0.8071428571428572
MCQ,MMLU-OTHERS,Llama3,Llama-3.1-8B,Llama-3.1-8B-Instruct,Cross,instronly,500,0.6321428571428571,0.6275,0.6361607142857143,0.15089285714285713,0.6314071428571428,0.6414285714285715,0.6153571428571428
MCQ,MMLU-OTHERS,Llama3,Llama-3.1-8B,Llama-3.1-70B,Cross,instronly,500,0.6128571428571429,0.6053571428571428,0.6190178571428571,0.20642857142857146,0.6124142857142858,0.6314285714285715,0.5914285714285714
MCQ,MMLU-OTHERS,Llama3,Llama-3.1-8B,Llama-3.1-70B-Instruct,Cross,instronly,500,0.6012500000000001,0.5923214285714286,0.6101785714285715,0.22464285714285714,0.6019857142857142,0.6353571428571428,0.5689285714285715
MCQ,MMLU-OTHERS,Llama3,Llama-3.1-8B-Instruct,Llama-3.1-8B,Cross,instronly,500,0.7058928571428571,0.7053571428571429,0.7068749999999999,0.07428571428571429,0.7060035714285716,0.7092857142857143,0.7025
MCQ,MMLU-OTHERS,Llama3,Llama-3.1-8B-Instruct,Llama-3.1-70B,Cross,instronly,500,0.7151785714285714,0.7135714285714285,0.7167857142857142,0.04749999999999999,0.7152214285714286,0.7192857142857143,0.7103571428571429
MCQ,MMLU-OTHERS,Llama3,Llama-3.1-8B-Instruct,Llama-3.1-70B-Instruct,Cross,instronly,500,0.6958928571428571,0.6925,0.6985714285714286,0.1142857142857143,0.6954249999999998,0.7053571428571429,0.6803571428571429
MCQ,MMLU-OTHERS,Llama3,Llama-3.1-70B,Llama-3.1-8B,Cross,instronly,500,0.755,0.7542857142857143,0.7558035714285714,0.07928571428571426,0.7549678571428572,0.7578571428571429,0.7482142857142857
MCQ,MMLU-OTHERS,Llama3,Llama-3.1-70B,Llama-3.1-8B-Instruct,Cross,instronly,500,0.7625,0.7607142857142857,0.7635714285714286,0.04357142857142858,0.7619535714285715,0.7671428571428571,0.7539285714285714
MCQ,MMLU-OTHERS,Llama3,Llama-3.1-70B,Llama-3.1-70B-Instruct,Cross,instronly,500,0.7335714285714285,0.7282142857142857,0.7386607142857142,0.13624999999999998,0.7332999999999998,0.7467857142857143,0.7096428571428571
MCQ,MMLU-OTHERS,Llama3,Llama-3.1-70B-Instruct,Llama-3.1-8B,Cross,instronly,500,0.8189285714285715,0.8182142857142857,0.8196428571428571,0.03392857142857142,0.8187964285714285,0.8207142857142857,0.8153571428571429
MCQ,MMLU-OTHERS,Llama3,Llama-3.1-70B-Instruct,Llama-3.1-8B-Instruct,Cross,instronly,500,0.8171428571428572,0.8160714285714286,0.8182142857142857,0.03571428571428571,0.8172,0.8221428571428572,0.8121428571428572
MCQ,MMLU-OTHERS,Llama3,Llama-3.1-70B-Instruct,Llama-3.1-70B,Cross,instronly,500,0.8189285714285715,0.8178571428571428,0.8200892857142856,0.02857142857142856,0.8189964285714284,0.8242857142857143,0.8142857142857143
MCQ,MMLU-OTHERS,Falcon,Falcon3-3B-Base,Falcon3-3B-Base,Same,fewshot,500,0.5889285714285715,0.5869642857142857,0.5896428571428571,0.035357142857142865,0.588583864123375,0.5946428571428571,0.5828571428571429
MCQ,MMLU-OTHERS,Falcon,Falcon3-3B-Instruct,Falcon3-3B-Instruct,Same,fewshot,500,0.5846428571428571,0.5834972320467476,0.5864285714285714,0.03249999999999999,0.5849474950807957,0.594106463878327,0.5789285714285715
MCQ,MMLU-OTHERS,Falcon,Falcon3-10B-Base,Falcon3-10B-Base,Same,fewshot,500,0.7285714285714285,0.7274026731252243,0.7296428571428571,0.037142857142857144,0.728552896050049,0.7352814782982381,0.7238912732474965
MCQ,MMLU-OTHERS,Falcon,Falcon3-10B-Instruct,Falcon3-10B-Instruct,Same,fewshot,500,0.7275,0.7267857142857143,0.7285714285714285,0.007500000000000007,0.7275970043286761,0.7352814782982381,0.7246428571428571
MCQ,MMLU-OTHERS,Falcon,Falcon3-3B-Base,Falcon3-3B-Instruct,Cross,fewshot,500,0.5646428571428571,0.5513392857142857,0.57375,0.1880357142857143,0.5628821428571428,0.5921428571428572,0.5282142857142857
MCQ,MMLU-OTHERS,Falcon,Falcon3-3B-Base,Falcon3-10B-Base,Cross,fewshot,500,0.57,0.5682142857142857,0.5732142857142857,0.1771428571428571,0.5706357142857142,0.5810714285714286,0.56
MCQ,MMLU-OTHERS,Falcon,Falcon3-3B-Base,Falcon3-10B-Instruct,Cross,fewshot,500,0.5764285714285714,0.5705357142857143,0.5807142857142857,0.16571428571428573,0.5753571428571429,0.59,0.5528571428571428
MCQ,MMLU-OTHERS,Falcon,Falcon3-3B-Instruct,Falcon3-3B-Base,Cross,fewshot,500,0.5842857142857143,0.5835714285714285,0.5846428571428571,0.027142857142857163,0.5841821428571429,0.5860714285714286,0.5821428571428572
MCQ,MMLU-OTHERS,Falcon,Falcon3-3B-Instruct,Falcon3-10B-Base,Cross,fewshot,500,0.5846428571428571,0.5835714285714285,0.585,0.039999999999999994,0.5844428571428572,0.5875,0.5825
MCQ,MMLU-OTHERS,Falcon,Falcon3-3B-Instruct,Falcon3-10B-Instruct,Cross,fewshot,500,0.5842857142857143,0.5835714285714285,0.585,0.03750000000000002,0.5844571428571429,0.5878571428571429,0.5821428571428572
MCQ,MMLU-OTHERS,Falcon,Falcon3-10B-Base,Falcon3-3B-Base,Cross,fewshot,500,0.725,0.7242857142857143,0.7264285714285714,0.07928571428571429,0.7249714285714285,0.7285714285714285,0.7175
MCQ,MMLU-OTHERS,Falcon,Falcon3-10B-Base,Falcon3-3B-Instruct,Cross,fewshot,500,0.7226785714285715,0.7166964285714286,0.7283035714285714,0.07125000000000001,0.7221321428571429,0.7346428571428572,0.7010714285714286
MCQ,MMLU-OTHERS,Falcon,Falcon3-10B-Base,Falcon3-10B-Instruct,Cross,fewshot,500,0.73,0.7270535714285714,0.7321428571428571,0.045178571428571436,0.7293285714285714,0.7367857142857143,0.7078571428571429
MCQ,MMLU-OTHERS,Falcon,Falcon3-10B-Instruct,Falcon3-3B-Base,Cross,fewshot,500,0.7267857142857143,0.7266964285714286,0.7271428571428571,0.019285714285714295,0.7269678571428573,0.7285714285714285,0.7260714285714286
MCQ,MMLU-OTHERS,Falcon,Falcon3-10B-Instruct,Falcon3-3B-Instruct,Cross,fewshot,500,0.7264285714285714,0.7253571428571428,0.7282142857142857,0.0207142857142857,0.7266357142857142,0.7307142857142858,0.7228571428571429
MCQ,MMLU-OTHERS,Falcon,Falcon3-10B-Instruct,Falcon3-10B-Base,Cross,fewshot,500,0.7278571428571429,0.7271428571428571,0.7285714285714285,0.009642857142857161,0.7278142857142856,0.7296428571428571,0.7257142857142858
MCQ,MMLU-OTHERS,Gemma3,gemma-3-27b-pt,gemma-3-27b-pt,Same,fewshot,500,0.8182142857142857,0.8167857142857143,0.8192857142857143,0.008928571428571438,0.8183894507664032,0.8241517694272164,0.8143776824034334
MCQ,MMLU-OTHERS,Gemma3,gemma-3-27b-it,gemma-3-27b-it,Same,fewshot,500,0.7982142857142858,0.7975,0.7989285714285714,0.00785714285714284,0.7981923766410948,0.8044692737430168,0.795
MCQ,MMLU-OTHERS,Gemma3,gemma-3-12b-pt,gemma-3-12b-pt,Same,fewshot,500,0.7728571428571429,0.7711683089962218,0.7742975037162335,0.020714285714285727,0.77281384831258,0.778041825095057,0.7689285714285714
MCQ,MMLU-OTHERS,Gemma3,gemma-3-12b-it,gemma-3-12b-it,Same,fewshot,500,0.7628571428571429,0.7625,0.7635714285714286,0.02607142857142858,0.7631095520130988,0.7726686721100129,0.7610714285714286
MCQ,MMLU-OTHERS,Gemma3,gemma-3-27b-pt,gemma-3-27b-it,Cross,fewshot,500,0.7771428571428571,0.7685714285714286,0.7840178571428571,0.135,0.7767928571428571,0.8092857142857143,0.7389285714285714
MCQ,MMLU-OTHERS,Gemma3,gemma-3-27b-pt,gemma-3-12b-pt,Cross,fewshot,500,0.8171428571428572,0.8164285714285714,0.8178571428571428,0.021071428571428574,0.8170857142857142,0.8192857142857143,0.8135714285714286
MCQ,MMLU-OTHERS,Gemma3,gemma-3-27b-pt,gemma-3-12b-it,Cross,fewshot,500,0.7860714285714285,0.7817857142857143,0.7896428571428571,0.11392857142857143,0.7853892857142857,0.7978571428571428,0.7617857142857143
MCQ,MMLU-OTHERS,Gemma3,gemma-3-27b-it,gemma-3-27b-pt,Cross,fewshot,500,0.795,0.7946428571428571,0.7957142857142857,0.022857142857142854,0.7951035714285714,0.7967857142857143,0.7932142857142858
MCQ,MMLU-OTHERS,Gemma3,gemma-3-27b-it,gemma-3-12b-pt,Cross,fewshot,500,0.7957142857142857,0.7953571428571429,0.7967857142857143,0.018214285714285725,0.7959535714285714,0.7978571428571428,0.7939285714285714
MCQ,MMLU-OTHERS,Gemma3,gemma-3-27b-it,gemma-3-12b-it,Cross,fewshot,500,0.7971428571428572,0.7967857142857143,0.7975,0.010000000000000009,0.7971214285714286,0.7996428571428571,0.7957142857142857
MCQ,MMLU-OTHERS,Gemma3,gemma-3-12b-pt,gemma-3-27b-pt,Cross,fewshot,500,0.7742857142857142,0.7728571428571429,0.7754464285714285,0.04553571428571429,0.7741821428571427,0.7789285714285714,0.7671428571428571
MCQ,MMLU-OTHERS,Gemma3,gemma-3-12b-pt,gemma-3-27b-it,Cross,fewshot,500,0.7264285714285714,0.7188392857142858,0.7317857142857143,0.16535714285714284,0.7253428571428573,0.7585714285714286,0.6807142857142857
MCQ,MMLU-OTHERS,Gemma3,gemma-3-12b-pt,gemma-3-12b-it,Cross,fewshot,500,0.7392857142857143,0.7352678571428571,0.7428571428571429,0.13660714285714287,0.7384535714285715,0.7467857142857143,0.7175
MCQ,MMLU-OTHERS,Gemma3,gemma-3-12b-it,gemma-3-27b-pt,Cross,fewshot,500,0.7642857142857142,0.7639285714285714,0.7642857142857142,0.04017857142857143,0.7641571428571425,0.7653571428571428,0.7632142857142857
MCQ,MMLU-OTHERS,Gemma3,gemma-3-12b-it,gemma-3-27b-it,Cross,fewshot,500,0.7633928571428572,0.7628571428571429,0.7639285714285714,0.024642857142857133,0.7633642857142856,0.7657142857142857,0.7610714285714286
MCQ,MMLU-OTHERS,Gemma3,gemma-3-12b-it,gemma-3-12b-pt,Cross,fewshot,500,0.7642857142857142,0.7639285714285714,0.7642857142857142,0.0382142857142857,0.764092857142857,0.765,0.7635714285714286
MCQ,MMLU-OTHERS,Llama3,Llama-3.1-8B,Llama-3.1-8B,Same,fewshot,500,0.6814285714285714,0.6796428571428571,0.6832142857142857,0.07285714285714284,0.681363325841498,0.6875,0.6763307984790875
MCQ,MMLU-OTHERS,Llama3,Llama-3.1-8B-Instruct,Llama-3.1-8B-Instruct,Same,fewshot,500,0.7175,0.7164285714285714,0.7189285714285715,0.03252323087919941,0.7175993221523763,0.7253975075204125,0.7131616595135909
MCQ,MMLU-OTHERS,Llama3,Llama-3.1-70B,Llama-3.1-70B,Same,fewshot,500,0.7728571428571429,0.7717857142857143,0.7740840575774035,0.045357142857142846,0.7729643616516401,0.7773409578270193,0.7692857142857142
MCQ,MMLU-OTHERS,Llama3,Llama-3.1-70B-Instruct,Llama-3.1-70B-Instruct,Same,fewshot,500,0.825780089153046,0.8246428571428571,0.8270192111179235,0.026804860614724813,0.8259656765701541,0.8306832831972497,0.8221428571428572
MCQ,MMLU-OTHERS,Llama3,Llama-3.1-8B,Llama-3.1-8B-Instruct,Cross,fewshot,500,0.6767857142857143,0.6724107142857143,0.6814285714285714,0.12535714285714286,0.6768678571428572,0.6896428571428571,0.6617857142857143
MCQ,MMLU-OTHERS,Llama3,Llama-3.1-8B,Llama-3.1-70B,Cross,fewshot,500,0.6689285714285714,0.6664285714285715,0.6714285714285714,0.14,0.6686,0.6767857142857143,0.6567857142857143
MCQ,MMLU-OTHERS,Llama3,Llama-3.1-8B,Llama-3.1-70B-Instruct,Cross,fewshot,500,0.6669642857142857,0.6620535714285715,0.6728571428571428,0.15053571428571427,0.6668107142857143,0.6857142857142857,0.6489285714285714
MCQ,MMLU-OTHERS,Llama3,Llama-3.1-8B-Instruct,Llama-3.1-8B,Cross,fewshot,500,0.7164285714285714,0.7157142857142857,0.7171428571428572,0.04285714285714286,0.7163607142857142,0.7185714285714285,0.7139285714285715
MCQ,MMLU-OTHERS,Llama3,Llama-3.1-8B-Instruct,Llama-3.1-70B,Cross,fewshot,500,0.7146428571428571,0.7139285714285715,0.7153571428571428,0.06053571428571428,0.7147749999999999,0.7185714285714285,0.7121428571428572
MCQ,MMLU-OTHERS,Llama3,Llama-3.1-8B-Instruct,Llama-3.1-70B-Instruct,Cross,fewshot,500,0.7157142857142857,0.7142857142857143,0.7171428571428572,0.07464285714285714,0.7156714285714285,0.7189285714285715,0.7075
MCQ,MMLU-OTHERS,Llama3,Llama-3.1-70B,Llama-3.1-8B,Cross,fewshot,500,0.775,0.7741964285714286,0.7760714285714285,0.020714285714285727,0.7747857142857143,0.7782142857142857,0.7660714285714286
MCQ,MMLU-OTHERS,Llama3,Llama-3.1-70B,Llama-3.1-8B-Instruct,Cross,fewshot,500,0.7714285714285715,0.7688392857142857,0.7742857142857142,0.05946428571428571,0.7712607142857141,0.7782142857142857,0.7610714285714286
MCQ,MMLU-OTHERS,Llama3,Llama-3.1-70B,Llama-3.1-70B-Instruct,Cross,fewshot,500,0.7689285714285714,0.7657142857142857,0.7711607142857142,0.06660714285714286,0.7688142857142857,0.7789285714285714,0.7571428571428571
MCQ,MMLU-OTHERS,Llama3,Llama-3.1-70B-Instruct,Llama-3.1-8B,Cross,fewshot,500,0.8257142857142857,0.8253571428571429,0.8260714285714286,0.015357142857142854,0.8256321428571427,0.8275,0.8228571428571428
MCQ,MMLU-OTHERS,Llama3,Llama-3.1-70B-Instruct,Llama-3.1-8B-Instruct,Cross,fewshot,500,0.8242857142857143,0.823125,0.8253571428571429,0.035892857142857136,0.8242107142857144,0.8278571428571428,0.8207142857142857
MCQ,MMLU-OTHERS,Llama3,Llama-3.1-70B-Instruct,Llama-3.1-70B,Cross,fewshot,500,0.8253571428571429,0.8242857142857143,0.8264285714285714,0.03089285714285714,0.8253107142857143,0.8278571428571428,0.8210714285714286
